ISO-10303-21;
HEADER;
/* Generated by software containing ST-Developer
 * from STEP Tools, Inc. (www.steptools.com) 
 */

FILE_DESCRIPTION(
/* description */ (''),
/* implementation_level */ '2;1');

FILE_NAME(
/* name */ 'zpos_4.step',
/* time_stamp */ '2025-08-04T21:12:11+01:00',
/* author */ (''),
/* organization */ (''),
/* preprocessor_version */ 'ST-DEVELOPER v20.1',
/* originating_system */ 'Autodesk Translation Framework v14.10.0.0',
/* authorisation */ '');

FILE_SCHEMA (('AUTOMOTIVE_DESIGN { 1 0 10303 214 3 1 1 }'));
ENDSEC;

DATA;
#10=MECHANICAL_DESIGN_GEOMETRIC_PRESENTATION_REPRESENTATION('',(#17),#10546);
#11=ITEM_DEFINED_TRANSFORMATION($,$,#2758,#2981);
#12=(
REPRESENTATION_RELATIONSHIP($,$,#10557,#10556)
REPRESENTATION_RELATIONSHIP_WITH_TRANSFORMATION(#11)
SHAPE_REPRESENTATION_RELATIONSHIP()
);
#13=CONTEXT_DEPENDENT_SHAPE_REPRESENTATION(#12,#10555);
#14=NEXT_ASSEMBLY_USAGE_OCCURRENCE('Spur Gear (12 teeth):1',
'Spur Gear (12 teeth):1','Spur Gear (12 teeth):1',#10559,#10560,
'Spur Gear (12 teeth):1');
#15=SHAPE_REPRESENTATION_RELATIONSHIP('SRR','None',#10557,#16);
#16=ADVANCED_BREP_SHAPE_REPRESENTATION('',(#18),#10545);
#17=STYLED_ITEM('',(#10571),#18);
#18=MANIFOLD_SOLID_BREP('Body1',#2744);
#19=(
BOUNDED_SURFACE()
B_SPLINE_SURFACE(5,1,((#4992,#4993),(#4994,#4995),(#4996,#4997),(#4998,
#4999),(#5000,#5001),(#5002,#5003),(#5004,#5005),(#5006,#5007),(#5008,#5009),
(#5010,#5011),(#5012,#5013),(#5014,#5015),(#5016,#5017),(#5018,#5019),(#5020,
#5021),(#5022,#5023),(#5024,#5025),(#5026,#5027),(#5028,#5029),(#5030,#5031),
(#5032,#5033),(#5034,#5035),(#5036,#5037),(#5038,#5039),(#5040,#5041),(#5042,
#5043),(#5044,#5045),(#5046,#5047),(#5048,#5049),(#5050,#5051),(#5052,#5053),
(#5054,#5055),(#5056,#5057),(#5058,#5059),(#5060,#5061),(#5062,#5063),(#5064,
#5065),(#5066,#5067),(#5068,#5069),(#5070,#5071),(#5072,#5073),(#5074,#5075),
(#5076,#5077),(#5078,#5079),(#5080,#5081),(#5082,#5083),(#5084,#5085),(#5086,
#5087),(#5088,#5089),(#5090,#5091),(#5092,#5093),(#5094,#5095),(#5096,#5097),
(#5098,#5099),(#5100,#5101),(#5102,#5103),(#5104,#5105),(#5106,#5107),(#5108,
#5109),(#5110,#5111),(#5112,#5113),(#5114,#5115),(#5116,#5117),(#5118,#5119),
(#5120,#5121),(#5122,#5123),(#5124,#5125),(#5126,#5127),(#5128,#5129),(#5130,
#5131),(#5132,#5133),(#5134,#5135),(#5136,#5137),(#5138,#5139),(#5140,#5141)),
 .UNSPECIFIED.,.F.,.F.,.F.)
B_SPLINE_SURFACE_WITH_KNOTS((6,1,1,1,1,1,1,1,1,1,1,1,1,1,1,1,1,1,1,1,1,
1,1,1,1,1,1,1,1,1,1,1,1,1,1,1,1,1,1,1,1,1,1,1,1,1,1,1,1,1,1,1,1,1,1,1,1,
1,1,1,1,1,1,1,1,1,1,1,1,1,6),(2,2),(-1.,-0.985714285714284,-0.97142857142857,
-0.957142857142856,-0.942857142857141,-0.928571428571427,-0.914285714285713,
-0.899999999999999,-0.885714285714284,-0.87142857142857,-0.857142857142856,
-0.842857142857142,-0.828571428571428,-0.814285714285713,-0.799999999999999,
-0.785714285714285,-0.771428571428571,-0.757142857142856,-0.742857142857142,
-0.728571428571428,-0.714285714285714,-0.699999999999999,-0.685714285714285,
-0.671428571428571,-0.657142857142857,-0.642857142857142,-0.628571428571428,
-0.614285714285714,-0.6,-0.585714285714286,-0.571428571428571,-0.557142857142857,
-0.542857142857143,-0.528571428571429,-0.514285714285714,-0.5,-0.485714285714286,
-0.471428571428572,-0.457142857142857,-0.442857142857143,-0.428571428571429,
-0.414285714285714,-0.4,-0.385714285714286,-0.371428571428571,-0.357142857142857,
-0.342857142857143,-0.328571428571429,-0.314285714285714,-0.3,-0.285714285714286,
-0.271428571428571,-0.257142857142857,-0.242857142857143,-0.228571428571429,
-0.214285714285714,-0.2,-0.185714285714286,-0.171428571428571,-0.157142857142857,
-0.142857142857143,-0.128571428571429,-0.114285714285714,-0.1,-0.0857142857142857,
-0.0714285714285714,-0.0571428571428571,-0.0428571428571429,-0.0285714285714286,
-0.0142857142857143,0.),(-2.75,1.15),.UNSPECIFIED.)
GEOMETRIC_REPRESENTATION_ITEM()
RATIONAL_B_SPLINE_SURFACE(((1.,1.),(1.,1.),(1.,1.),(1.,1.),(1.,1.),(1.,
1.),(1.,1.),(1.,1.),(1.,1.),(1.,1.),(1.,1.),(1.,1.),(1.,1.),(1.,1.),(1.,
1.),(1.,1.),(1.,1.),(1.,1.),(1.,1.),(1.,1.),(1.,1.),(1.,1.),(1.,1.),(1.,
1.),(1.,1.),(1.,1.),(1.,1.),(1.,1.),(1.,1.),(1.,1.),(1.,1.),(1.,1.),(1.,
1.),(1.,1.),(1.,1.),(1.,1.),(1.,1.),(1.,1.),(1.,1.),(1.,1.),(1.,1.),(1.,
1.),(1.,1.),(1.,1.),(1.,1.),(1.,1.),(1.,1.),(1.,1.),(1.,1.),(1.,1.),(1.,
1.),(1.,1.),(1.,1.),(1.,1.),(1.,1.),(1.,1.),(1.,1.),(1.,1.),(1.,1.),(1.,
1.),(1.,1.),(1.,1.),(1.,1.),(1.,1.),(1.,1.),(1.,1.),(1.,1.),(1.,1.),(1.,
1.),(1.,1.),(1.,1.),(1.,1.),(1.,1.),(1.,1.),(1.,1.)))
REPRESENTATION_ITEM('')
SURFACE()
);
#20=(
BOUNDED_SURFACE()
B_SPLINE_SURFACE(5,1,((#5224,#5225),(#5226,#5227),(#5228,#5229),(#5230,
#5231),(#5232,#5233),(#5234,#5235),(#5236,#5237),(#5238,#5239),(#5240,#5241),
(#5242,#5243),(#5244,#5245),(#5246,#5247),(#5248,#5249),(#5250,#5251),(#5252,
#5253),(#5254,#5255),(#5256,#5257),(#5258,#5259),(#5260,#5261),(#5262,#5263),
(#5264,#5265),(#5266,#5267),(#5268,#5269),(#5270,#5271),(#5272,#5273),(#5274,
#5275),(#5276,#5277),(#5278,#5279),(#5280,#5281),(#5282,#5283),(#5284,#5285),
(#5286,#5287),(#5288,#5289),(#5290,#5291),(#5292,#5293),(#5294,#5295),(#5296,
#5297),(#5298,#5299),(#5300,#5301),(#5302,#5303),(#5304,#5305),(#5306,#5307),
(#5308,#5309),(#5310,#5311),(#5312,#5313),(#5314,#5315),(#5316,#5317),(#5318,
#5319),(#5320,#5321),(#5322,#5323),(#5324,#5325),(#5326,#5327),(#5328,#5329),
(#5330,#5331),(#5332,#5333),(#5334,#5335),(#5336,#5337),(#5338,#5339),(#5340,
#5341),(#5342,#5343),(#5344,#5345),(#5346,#5347),(#5348,#5349),(#5350,#5351),
(#5352,#5353),(#5354,#5355),(#5356,#5357),(#5358,#5359),(#5360,#5361),(#5362,
#5363),(#5364,#5365),(#5366,#5367),(#5368,#5369),(#5370,#5371),(#5372,#5373)),
 .UNSPECIFIED.,.F.,.F.,.F.)
B_SPLINE_SURFACE_WITH_KNOTS((6,1,1,1,1,1,1,1,1,1,1,1,1,1,1,1,1,1,1,1,1,
1,1,1,1,1,1,1,1,1,1,1,1,1,1,1,1,1,1,1,1,1,1,1,1,1,1,1,1,1,1,1,1,1,1,1,1,
1,1,1,1,1,1,1,1,1,1,1,1,1,6),(2,2),(0.,0.0142857142857143,0.0285714285714286,
0.0428571428571429,0.0571428571428571,0.0714285714285714,0.0857142857142857,
0.1,0.114285714285714,0.128571428571429,0.142857142857143,0.157142857142857,
0.171428571428571,0.185714285714286,0.2,0.214285714285714,0.228571428571429,
0.242857142857143,0.257142857142857,0.271428571428571,0.285714285714286,
0.3,0.314285714285714,0.328571428571429,0.342857142857143,0.357142857142857,
0.371428571428571,0.385714285714286,0.4,0.414285714285714,0.428571428571429,
0.442857142857143,0.457142857142857,0.471428571428572,0.485714285714286,
0.5,0.514285714285714,0.528571428571429,0.542857142857143,0.557142857142857,
0.571428571428571,0.585714285714286,0.6,0.614285714285714,0.628571428571428,
0.642857142857142,0.657142857142857,0.671428571428571,0.685714285714285,
0.699999999999999,0.714285714285714,0.728571428571428,0.742857142857142,
0.757142857142856,0.771428571428571,0.785714285714285,0.799999999999999,
0.814285714285713,0.828571428571428,0.842857142857142,0.857142857142856,
0.87142857142857,0.885714285714284,0.899999999999999,0.914285714285713,
0.928571428571427,0.942857142857141,0.957142857142856,0.97142857142857,
0.985714285714284,1.),(-2.75,1.15),.UNSPECIFIED.)
GEOMETRIC_REPRESENTATION_ITEM()
RATIONAL_B_SPLINE_SURFACE(((1.,1.),(1.,1.),(1.,1.),(1.,1.),(1.,1.),(1.,
1.),(1.,1.),(1.,1.),(1.,1.),(1.,1.),(1.,1.),(1.,1.),(1.,1.),(1.,1.),(1.,
1.),(1.,1.),(1.,1.),(1.,1.),(1.,1.),(1.,1.),(1.,1.),(1.,1.),(1.,1.),(1.,
1.),(1.,1.),(1.,1.),(1.,1.),(1.,1.),(1.,1.),(1.,1.),(1.,1.),(1.,1.),(1.,
1.),(1.,1.),(1.,1.),(1.,1.),(1.,1.),(1.,1.),(1.,1.),(1.,1.),(1.,1.),(1.,
1.),(1.,1.),(1.,1.),(1.,1.),(1.,1.),(1.,1.),(1.,1.),(1.,1.),(1.,1.),(1.,
1.),(1.,1.),(1.,1.),(1.,1.),(1.,1.),(1.,1.),(1.,1.),(1.,1.),(1.,1.),(1.,
1.),(1.,1.),(1.,1.),(1.,1.),(1.,1.),(1.,1.),(1.,1.),(1.,1.),(1.,1.),(1.,
1.),(1.,1.),(1.,1.),(1.,1.),(1.,1.),(1.,1.),(1.,1.)))
REPRESENTATION_ITEM('')
SURFACE()
);
#21=(
BOUNDED_SURFACE()
B_SPLINE_SURFACE(5,1,((#5450,#5451),(#5452,#5453),(#5454,#5455),(#5456,
#5457),(#5458,#5459),(#5460,#5461),(#5462,#5463),(#5464,#5465),(#5466,#5467),
(#5468,#5469),(#5470,#5471),(#5472,#5473),(#5474,#5475),(#5476,#5477),(#5478,
#5479),(#5480,#5481),(#5482,#5483),(#5484,#5485),(#5486,#5487),(#5488,#5489),
(#5490,#5491),(#5492,#5493),(#5494,#5495),(#5496,#5497),(#5498,#5499),(#5500,
#5501),(#5502,#5503),(#5504,#5505),(#5506,#5507),(#5508,#5509),(#5510,#5511),
(#5512,#5513),(#5514,#5515),(#5516,#5517),(#5518,#5519),(#5520,#5521),(#5522,
#5523),(#5524,#5525),(#5526,#5527),(#5528,#5529),(#5530,#5531),(#5532,#5533),
(#5534,#5535),(#5536,#5537),(#5538,#5539),(#5540,#5541),(#5542,#5543),(#5544,
#5545),(#5546,#5547),(#5548,#5549),(#5550,#5551),(#5552,#5553),(#5554,#5555),
(#5556,#5557),(#5558,#5559),(#5560,#5561),(#5562,#5563),(#5564,#5565),(#5566,
#5567),(#5568,#5569),(#5570,#5571),(#5572,#5573),(#5574,#5575),(#5576,#5577),
(#5578,#5579),(#5580,#5581),(#5582,#5583),(#5584,#5585),(#5586,#5587),(#5588,
#5589),(#5590,#5591),(#5592,#5593),(#5594,#5595),(#5596,#5597),(#5598,#5599)),
 .UNSPECIFIED.,.F.,.F.,.F.)
B_SPLINE_SURFACE_WITH_KNOTS((6,1,1,1,1,1,1,1,1,1,1,1,1,1,1,1,1,1,1,1,1,
1,1,1,1,1,1,1,1,1,1,1,1,1,1,1,1,1,1,1,1,1,1,1,1,1,1,1,1,1,1,1,1,1,1,1,1,
1,1,1,1,1,1,1,1,1,1,1,1,1,6),(2,2),(-1.,-0.985714285714284,-0.97142857142857,
-0.957142857142856,-0.942857142857141,-0.928571428571427,-0.914285714285713,
-0.899999999999999,-0.885714285714284,-0.87142857142857,-0.857142857142856,
-0.842857142857142,-0.828571428571428,-0.814285714285713,-0.799999999999999,
-0.785714285714285,-0.771428571428571,-0.757142857142856,-0.742857142857142,
-0.728571428571428,-0.714285714285714,-0.699999999999999,-0.685714285714285,
-0.671428571428571,-0.657142857142857,-0.642857142857142,-0.628571428571428,
-0.614285714285714,-0.6,-0.585714285714286,-0.571428571428571,-0.557142857142857,
-0.542857142857143,-0.528571428571429,-0.514285714285714,-0.5,-0.485714285714286,
-0.471428571428572,-0.457142857142857,-0.442857142857143,-0.428571428571429,
-0.414285714285714,-0.4,-0.385714285714286,-0.371428571428571,-0.357142857142857,
-0.342857142857143,-0.328571428571429,-0.314285714285714,-0.3,-0.285714285714286,
-0.271428571428571,-0.257142857142857,-0.242857142857143,-0.228571428571429,
-0.214285714285714,-0.2,-0.185714285714286,-0.171428571428571,-0.157142857142857,
-0.142857142857143,-0.128571428571429,-0.114285714285714,-0.1,-0.0857142857142857,
-0.0714285714285714,-0.0571428571428571,-0.0428571428571429,-0.0285714285714286,
-0.0142857142857143,0.),(-2.75,1.15),.UNSPECIFIED.)
GEOMETRIC_REPRESENTATION_ITEM()
RATIONAL_B_SPLINE_SURFACE(((1.,1.),(1.,1.),(1.,1.),(1.,1.),(1.,1.),(1.,
1.),(1.,1.),(1.,1.),(1.,1.),(1.,1.),(1.,1.),(1.,1.),(1.,1.),(1.,1.),(1.,
1.),(1.,1.),(1.,1.),(1.,1.),(1.,1.),(1.,1.),(1.,1.),(1.,1.),(1.,1.),(1.,
1.),(1.,1.),(1.,1.),(1.,1.),(1.,1.),(1.,1.),(1.,1.),(1.,1.),(1.,1.),(1.,
1.),(1.,1.),(1.,1.),(1.,1.),(1.,1.),(1.,1.),(1.,1.),(1.,1.),(1.,1.),(1.,
1.),(1.,1.),(1.,1.),(1.,1.),(1.,1.),(1.,1.),(1.,1.),(1.,1.),(1.,1.),(1.,
1.),(1.,1.),(1.,1.),(1.,1.),(1.,1.),(1.,1.),(1.,1.),(1.,1.),(1.,1.),(1.,
1.),(1.,1.),(1.,1.),(1.,1.),(1.,1.),(1.,1.),(1.,1.),(1.,1.),(1.,1.),(1.,
1.),(1.,1.),(1.,1.),(1.,1.),(1.,1.),(1.,1.),(1.,1.)))
REPRESENTATION_ITEM('')
SURFACE()
);
#22=(
BOUNDED_SURFACE()
B_SPLINE_SURFACE(5,1,((#5682,#5683),(#5684,#5685),(#5686,#5687),(#5688,
#5689),(#5690,#5691),(#5692,#5693),(#5694,#5695),(#5696,#5697),(#5698,#5699),
(#5700,#5701),(#5702,#5703),(#5704,#5705),(#5706,#5707),(#5708,#5709),(#5710,
#5711),(#5712,#5713),(#5714,#5715),(#5716,#5717),(#5718,#5719),(#5720,#5721),
(#5722,#5723),(#5724,#5725),(#5726,#5727),(#5728,#5729),(#5730,#5731),(#5732,
#5733),(#5734,#5735),(#5736,#5737),(#5738,#5739),(#5740,#5741),(#5742,#5743),
(#5744,#5745),(#5746,#5747),(#5748,#5749),(#5750,#5751),(#5752,#5753),(#5754,
#5755),(#5756,#5757),(#5758,#5759),(#5760,#5761),(#5762,#5763),(#5764,#5765),
(#5766,#5767),(#5768,#5769),(#5770,#5771),(#5772,#5773),(#5774,#5775),(#5776,
#5777),(#5778,#5779),(#5780,#5781),(#5782,#5783),(#5784,#5785),(#5786,#5787),
(#5788,#5789),(#5790,#5791),(#5792,#5793),(#5794,#5795),(#5796,#5797),(#5798,
#5799),(#5800,#5801),(#5802,#5803),(#5804,#5805),(#5806,#5807),(#5808,#5809),
(#5810,#5811),(#5812,#5813),(#5814,#5815),(#5816,#5817),(#5818,#5819),(#5820,
#5821),(#5822,#5823),(#5824,#5825),(#5826,#5827),(#5828,#5829),(#5830,#5831)),
 .UNSPECIFIED.,.F.,.F.,.F.)
B_SPLINE_SURFACE_WITH_KNOTS((6,1,1,1,1,1,1,1,1,1,1,1,1,1,1,1,1,1,1,1,1,
1,1,1,1,1,1,1,1,1,1,1,1,1,1,1,1,1,1,1,1,1,1,1,1,1,1,1,1,1,1,1,1,1,1,1,1,
1,1,1,1,1,1,1,1,1,1,1,1,1,6),(2,2),(0.,0.0142857142857143,0.0285714285714286,
0.0428571428571429,0.0571428571428571,0.0714285714285714,0.0857142857142857,
0.1,0.114285714285714,0.128571428571429,0.142857142857143,0.157142857142857,
0.171428571428571,0.185714285714286,0.2,0.214285714285714,0.228571428571429,
0.242857142857143,0.257142857142857,0.271428571428571,0.285714285714286,
0.3,0.314285714285714,0.328571428571429,0.342857142857143,0.357142857142857,
0.371428571428571,0.385714285714286,0.4,0.414285714285714,0.428571428571429,
0.442857142857143,0.457142857142857,0.471428571428572,0.485714285714286,
0.5,0.514285714285714,0.528571428571429,0.542857142857143,0.557142857142857,
0.571428571428571,0.585714285714286,0.6,0.614285714285714,0.628571428571428,
0.642857142857142,0.657142857142857,0.671428571428571,0.685714285714285,
0.699999999999999,0.714285714285714,0.728571428571428,0.742857142857142,
0.757142857142856,0.771428571428571,0.785714285714285,0.799999999999999,
0.814285714285713,0.828571428571428,0.842857142857142,0.857142857142856,
0.87142857142857,0.885714285714284,0.899999999999999,0.914285714285713,
0.928571428571427,0.942857142857141,0.957142857142856,0.97142857142857,
0.985714285714284,1.),(-2.75,1.15),.UNSPECIFIED.)
GEOMETRIC_REPRESENTATION_ITEM()
RATIONAL_B_SPLINE_SURFACE(((1.,1.),(1.,1.),(1.,1.),(1.,1.),(1.,1.),(1.,
1.),(1.,1.),(1.,1.),(1.,1.),(1.,1.),(1.,1.),(1.,1.),(1.,1.),(1.,1.),(1.,
1.),(1.,1.),(1.,1.),(1.,1.),(1.,1.),(1.,1.),(1.,1.),(1.,1.),(1.,1.),(1.,
1.),(1.,1.),(1.,1.),(1.,1.),(1.,1.),(1.,1.),(1.,1.),(1.,1.),(1.,1.),(1.,
1.),(1.,1.),(1.,1.),(1.,1.),(1.,1.),(1.,1.),(1.,1.),(1.,1.),(1.,1.),(1.,
1.),(1.,1.),(1.,1.),(1.,1.),(1.,1.),(1.,1.),(1.,1.),(1.,1.),(1.,1.),(1.,
1.),(1.,1.),(1.,1.),(1.,1.),(1.,1.),(1.,1.),(1.,1.),(1.,1.),(1.,1.),(1.,
1.),(1.,1.),(1.,1.),(1.,1.),(1.,1.),(1.,1.),(1.,1.),(1.,1.),(1.,1.),(1.,
1.),(1.,1.),(1.,1.),(1.,1.),(1.,1.),(1.,1.),(1.,1.)))
REPRESENTATION_ITEM('')
SURFACE()
);
#23=(
BOUNDED_SURFACE()
B_SPLINE_SURFACE(5,1,((#5908,#5909),(#5910,#5911),(#5912,#5913),(#5914,
#5915),(#5916,#5917),(#5918,#5919),(#5920,#5921),(#5922,#5923),(#5924,#5925),
(#5926,#5927),(#5928,#5929),(#5930,#5931),(#5932,#5933),(#5934,#5935),(#5936,
#5937),(#5938,#5939),(#5940,#5941),(#5942,#5943),(#5944,#5945),(#5946,#5947),
(#5948,#5949),(#5950,#5951),(#5952,#5953),(#5954,#5955),(#5956,#5957),(#5958,
#5959),(#5960,#5961),(#5962,#5963),(#5964,#5965),(#5966,#5967),(#5968,#5969),
(#5970,#5971),(#5972,#5973),(#5974,#5975),(#5976,#5977),(#5978,#5979),(#5980,
#5981),(#5982,#5983),(#5984,#5985),(#5986,#5987),(#5988,#5989),(#5990,#5991),
(#5992,#5993),(#5994,#5995),(#5996,#5997),(#5998,#5999),(#6000,#6001),(#6002,
#6003),(#6004,#6005),(#6006,#6007),(#6008,#6009),(#6010,#6011),(#6012,#6013),
(#6014,#6015),(#6016,#6017),(#6018,#6019),(#6020,#6021),(#6022,#6023),(#6024,
#6025),(#6026,#6027),(#6028,#6029),(#6030,#6031),(#6032,#6033),(#6034,#6035),
(#6036,#6037),(#6038,#6039),(#6040,#6041),(#6042,#6043),(#6044,#6045),(#6046,
#6047),(#6048,#6049),(#6050,#6051),(#6052,#6053),(#6054,#6055),(#6056,#6057)),
 .UNSPECIFIED.,.F.,.F.,.F.)
B_SPLINE_SURFACE_WITH_KNOTS((6,1,1,1,1,1,1,1,1,1,1,1,1,1,1,1,1,1,1,1,1,
1,1,1,1,1,1,1,1,1,1,1,1,1,1,1,1,1,1,1,1,1,1,1,1,1,1,1,1,1,1,1,1,1,1,1,1,
1,1,1,1,1,1,1,1,1,1,1,1,1,6),(2,2),(-1.,-0.985714285714284,-0.97142857142857,
-0.957142857142856,-0.942857142857141,-0.928571428571427,-0.914285714285713,
-0.899999999999999,-0.885714285714284,-0.87142857142857,-0.857142857142856,
-0.842857142857142,-0.828571428571428,-0.814285714285713,-0.799999999999999,
-0.785714285714285,-0.771428571428571,-0.757142857142856,-0.742857142857142,
-0.728571428571428,-0.714285714285714,-0.699999999999999,-0.685714285714285,
-0.671428571428571,-0.657142857142857,-0.642857142857142,-0.628571428571428,
-0.614285714285714,-0.6,-0.585714285714286,-0.571428571428571,-0.557142857142857,
-0.542857142857143,-0.528571428571429,-0.514285714285714,-0.5,-0.485714285714286,
-0.471428571428572,-0.457142857142857,-0.442857142857143,-0.428571428571429,
-0.414285714285714,-0.4,-0.385714285714286,-0.371428571428571,-0.357142857142857,
-0.342857142857143,-0.328571428571429,-0.314285714285714,-0.3,-0.285714285714286,
-0.271428571428571,-0.257142857142857,-0.242857142857143,-0.228571428571429,
-0.214285714285714,-0.2,-0.185714285714286,-0.171428571428571,-0.157142857142857,
-0.142857142857143,-0.128571428571429,-0.114285714285714,-0.1,-0.0857142857142857,
-0.0714285714285714,-0.0571428571428571,-0.0428571428571429,-0.0285714285714286,
-0.0142857142857143,0.),(-2.75,1.15),.UNSPECIFIED.)
GEOMETRIC_REPRESENTATION_ITEM()
RATIONAL_B_SPLINE_SURFACE(((1.,1.),(1.,1.),(1.,1.),(1.,1.),(1.,1.),(1.,
1.),(1.,1.),(1.,1.),(1.,1.),(1.,1.),(1.,1.),(1.,1.),(1.,1.),(1.,1.),(1.,
1.),(1.,1.),(1.,1.),(1.,1.),(1.,1.),(1.,1.),(1.,1.),(1.,1.),(1.,1.),(1.,
1.),(1.,1.),(1.,1.),(1.,1.),(1.,1.),(1.,1.),(1.,1.),(1.,1.),(1.,1.),(1.,
1.),(1.,1.),(1.,1.),(1.,1.),(1.,1.),(1.,1.),(1.,1.),(1.,1.),(1.,1.),(1.,
1.),(1.,1.),(1.,1.),(1.,1.),(1.,1.),(1.,1.),(1.,1.),(1.,1.),(1.,1.),(1.,
1.),(1.,1.),(1.,1.),(1.,1.),(1.,1.),(1.,1.),(1.,1.),(1.,1.),(1.,1.),(1.,
1.),(1.,1.),(1.,1.),(1.,1.),(1.,1.),(1.,1.),(1.,1.),(1.,1.),(1.,1.),(1.,
1.),(1.,1.),(1.,1.),(1.,1.),(1.,1.),(1.,1.),(1.,1.)))
REPRESENTATION_ITEM('')
SURFACE()
);
#24=(
BOUNDED_SURFACE()
B_SPLINE_SURFACE(5,1,((#6140,#6141),(#6142,#6143),(#6144,#6145),(#6146,
#6147),(#6148,#6149),(#6150,#6151),(#6152,#6153),(#6154,#6155),(#6156,#6157),
(#6158,#6159),(#6160,#6161),(#6162,#6163),(#6164,#6165),(#6166,#6167),(#6168,
#6169),(#6170,#6171),(#6172,#6173),(#6174,#6175),(#6176,#6177),(#6178,#6179),
(#6180,#6181),(#6182,#6183),(#6184,#6185),(#6186,#6187),(#6188,#6189),(#6190,
#6191),(#6192,#6193),(#6194,#6195),(#6196,#6197),(#6198,#6199),(#6200,#6201),
(#6202,#6203),(#6204,#6205),(#6206,#6207),(#6208,#6209),(#6210,#6211),(#6212,
#6213),(#6214,#6215),(#6216,#6217),(#6218,#6219),(#6220,#6221),(#6222,#6223),
(#6224,#6225),(#6226,#6227),(#6228,#6229),(#6230,#6231),(#6232,#6233),(#6234,
#6235),(#6236,#6237),(#6238,#6239),(#6240,#6241),(#6242,#6243),(#6244,#6245),
(#6246,#6247),(#6248,#6249),(#6250,#6251),(#6252,#6253),(#6254,#6255),(#6256,
#6257),(#6258,#6259),(#6260,#6261),(#6262,#6263),(#6264,#6265),(#6266,#6267),
(#6268,#6269),(#6270,#6271),(#6272,#6273),(#6274,#6275),(#6276,#6277),(#6278,
#6279),(#6280,#6281),(#6282,#6283),(#6284,#6285),(#6286,#6287),(#6288,#6289)),
 .UNSPECIFIED.,.F.,.F.,.F.)
B_SPLINE_SURFACE_WITH_KNOTS((6,1,1,1,1,1,1,1,1,1,1,1,1,1,1,1,1,1,1,1,1,
1,1,1,1,1,1,1,1,1,1,1,1,1,1,1,1,1,1,1,1,1,1,1,1,1,1,1,1,1,1,1,1,1,1,1,1,
1,1,1,1,1,1,1,1,1,1,1,1,1,6),(2,2),(0.,0.0142857142857143,0.0285714285714286,
0.0428571428571429,0.0571428571428571,0.0714285714285714,0.0857142857142857,
0.1,0.114285714285714,0.128571428571429,0.142857142857143,0.157142857142857,
0.171428571428571,0.185714285714286,0.2,0.214285714285714,0.228571428571429,
0.242857142857143,0.257142857142857,0.271428571428571,0.285714285714286,
0.3,0.314285714285714,0.328571428571429,0.342857142857143,0.357142857142857,
0.371428571428571,0.385714285714286,0.4,0.414285714285714,0.428571428571429,
0.442857142857143,0.457142857142857,0.471428571428572,0.485714285714286,
0.5,0.514285714285714,0.528571428571429,0.542857142857143,0.557142857142857,
0.571428571428571,0.585714285714286,0.6,0.614285714285714,0.628571428571428,
0.642857142857142,0.657142857142857,0.671428571428571,0.685714285714285,
0.699999999999999,0.714285714285714,0.728571428571428,0.742857142857142,
0.757142857142856,0.771428571428571,0.785714285714285,0.799999999999999,
0.814285714285713,0.828571428571428,0.842857142857142,0.857142857142856,
0.87142857142857,0.885714285714284,0.899999999999999,0.914285714285713,
0.928571428571427,0.942857142857141,0.957142857142856,0.97142857142857,
0.985714285714284,1.),(-2.75,1.15),.UNSPECIFIED.)
GEOMETRIC_REPRESENTATION_ITEM()
RATIONAL_B_SPLINE_SURFACE(((1.,1.),(1.,1.),(1.,1.),(1.,1.),(1.,1.),(1.,
1.),(1.,1.),(1.,1.),(1.,1.),(1.,1.),(1.,1.),(1.,1.),(1.,1.),(1.,1.),(1.,
1.),(1.,1.),(1.,1.),(1.,1.),(1.,1.),(1.,1.),(1.,1.),(1.,1.),(1.,1.),(1.,
1.),(1.,1.),(1.,1.),(1.,1.),(1.,1.),(1.,1.),(1.,1.),(1.,1.),(1.,1.),(1.,
1.),(1.,1.),(1.,1.),(1.,1.),(1.,1.),(1.,1.),(1.,1.),(1.,1.),(1.,1.),(1.,
1.),(1.,1.),(1.,1.),(1.,1.),(1.,1.),(1.,1.),(1.,1.),(1.,1.),(1.,1.),(1.,
1.),(1.,1.),(1.,1.),(1.,1.),(1.,1.),(1.,1.),(1.,1.),(1.,1.),(1.,1.),(1.,
1.),(1.,1.),(1.,1.),(1.,1.),(1.,1.),(1.,1.),(1.,1.),(1.,1.),(1.,1.),(1.,
1.),(1.,1.),(1.,1.),(1.,1.),(1.,1.),(1.,1.),(1.,1.)))
REPRESENTATION_ITEM('')
SURFACE()
);
#25=(
BOUNDED_SURFACE()
B_SPLINE_SURFACE(5,1,((#6366,#6367),(#6368,#6369),(#6370,#6371),(#6372,
#6373),(#6374,#6375),(#6376,#6377),(#6378,#6379),(#6380,#6381),(#6382,#6383),
(#6384,#6385),(#6386,#6387),(#6388,#6389),(#6390,#6391),(#6392,#6393),(#6394,
#6395),(#6396,#6397),(#6398,#6399),(#6400,#6401),(#6402,#6403),(#6404,#6405),
(#6406,#6407),(#6408,#6409),(#6410,#6411),(#6412,#6413),(#6414,#6415),(#6416,
#6417),(#6418,#6419),(#6420,#6421),(#6422,#6423),(#6424,#6425),(#6426,#6427),
(#6428,#6429),(#6430,#6431),(#6432,#6433),(#6434,#6435),(#6436,#6437),(#6438,
#6439),(#6440,#6441),(#6442,#6443),(#6444,#6445),(#6446,#6447),(#6448,#6449),
(#6450,#6451),(#6452,#6453),(#6454,#6455),(#6456,#6457),(#6458,#6459),(#6460,
#6461),(#6462,#6463),(#6464,#6465),(#6466,#6467),(#6468,#6469),(#6470,#6471),
(#6472,#6473),(#6474,#6475),(#6476,#6477),(#6478,#6479),(#6480,#6481),(#6482,
#6483),(#6484,#6485),(#6486,#6487),(#6488,#6489),(#6490,#6491),(#6492,#6493),
(#6494,#6495),(#6496,#6497),(#6498,#6499),(#6500,#6501),(#6502,#6503),(#6504,
#6505),(#6506,#6507),(#6508,#6509),(#6510,#6511),(#6512,#6513),(#6514,#6515)),
 .UNSPECIFIED.,.F.,.F.,.F.)
B_SPLINE_SURFACE_WITH_KNOTS((6,1,1,1,1,1,1,1,1,1,1,1,1,1,1,1,1,1,1,1,1,
1,1,1,1,1,1,1,1,1,1,1,1,1,1,1,1,1,1,1,1,1,1,1,1,1,1,1,1,1,1,1,1,1,1,1,1,
1,1,1,1,1,1,1,1,1,1,1,1,1,6),(2,2),(-1.,-0.985714285714284,-0.97142857142857,
-0.957142857142856,-0.942857142857141,-0.928571428571427,-0.914285714285713,
-0.899999999999999,-0.885714285714284,-0.87142857142857,-0.857142857142856,
-0.842857142857142,-0.828571428571428,-0.814285714285713,-0.799999999999999,
-0.785714285714285,-0.771428571428571,-0.757142857142856,-0.742857142857142,
-0.728571428571428,-0.714285714285714,-0.699999999999999,-0.685714285714285,
-0.671428571428571,-0.657142857142857,-0.642857142857142,-0.628571428571428,
-0.614285714285714,-0.6,-0.585714285714286,-0.571428571428571,-0.557142857142857,
-0.542857142857143,-0.528571428571429,-0.514285714285714,-0.5,-0.485714285714286,
-0.471428571428572,-0.457142857142857,-0.442857142857143,-0.428571428571429,
-0.414285714285714,-0.4,-0.385714285714286,-0.371428571428571,-0.357142857142857,
-0.342857142857143,-0.328571428571429,-0.314285714285714,-0.3,-0.285714285714286,
-0.271428571428571,-0.257142857142857,-0.242857142857143,-0.228571428571429,
-0.214285714285714,-0.2,-0.185714285714286,-0.171428571428571,-0.157142857142857,
-0.142857142857143,-0.128571428571429,-0.114285714285714,-0.1,-0.0857142857142857,
-0.0714285714285714,-0.0571428571428571,-0.0428571428571429,-0.0285714285714286,
-0.0142857142857143,0.),(-2.75,1.15),.UNSPECIFIED.)
GEOMETRIC_REPRESENTATION_ITEM()
RATIONAL_B_SPLINE_SURFACE(((1.,1.),(1.,1.),(1.,1.),(1.,1.),(1.,1.),(1.,
1.),(1.,1.),(1.,1.),(1.,1.),(1.,1.),(1.,1.),(1.,1.),(1.,1.),(1.,1.),(1.,
1.),(1.,1.),(1.,1.),(1.,1.),(1.,1.),(1.,1.),(1.,1.),(1.,1.),(1.,1.),(1.,
1.),(1.,1.),(1.,1.),(1.,1.),(1.,1.),(1.,1.),(1.,1.),(1.,1.),(1.,1.),(1.,
1.),(1.,1.),(1.,1.),(1.,1.),(1.,1.),(1.,1.),(1.,1.),(1.,1.),(1.,1.),(1.,
1.),(1.,1.),(1.,1.),(1.,1.),(1.,1.),(1.,1.),(1.,1.),(1.,1.),(1.,1.),(1.,
1.),(1.,1.),(1.,1.),(1.,1.),(1.,1.),(1.,1.),(1.,1.),(1.,1.),(1.,1.),(1.,
1.),(1.,1.),(1.,1.),(1.,1.),(1.,1.),(1.,1.),(1.,1.),(1.,1.),(1.,1.),(1.,
1.),(1.,1.),(1.,1.),(1.,1.),(1.,1.),(1.,1.),(1.,1.)))
REPRESENTATION_ITEM('')
SURFACE()
);
#26=(
BOUNDED_SURFACE()
B_SPLINE_SURFACE(5,1,((#6598,#6599),(#6600,#6601),(#6602,#6603),(#6604,
#6605),(#6606,#6607),(#6608,#6609),(#6610,#6611),(#6612,#6613),(#6614,#6615),
(#6616,#6617),(#6618,#6619),(#6620,#6621),(#6622,#6623),(#6624,#6625),(#6626,
#6627),(#6628,#6629),(#6630,#6631),(#6632,#6633),(#6634,#6635),(#6636,#6637),
(#6638,#6639),(#6640,#6641),(#6642,#6643),(#6644,#6645),(#6646,#6647),(#6648,
#6649),(#6650,#6651),(#6652,#6653),(#6654,#6655),(#6656,#6657),(#6658,#6659),
(#6660,#6661),(#6662,#6663),(#6664,#6665),(#6666,#6667),(#6668,#6669),(#6670,
#6671),(#6672,#6673),(#6674,#6675),(#6676,#6677),(#6678,#6679),(#6680,#6681),
(#6682,#6683),(#6684,#6685),(#6686,#6687),(#6688,#6689),(#6690,#6691),(#6692,
#6693),(#6694,#6695),(#6696,#6697),(#6698,#6699),(#6700,#6701),(#6702,#6703),
(#6704,#6705),(#6706,#6707),(#6708,#6709),(#6710,#6711),(#6712,#6713),(#6714,
#6715),(#6716,#6717),(#6718,#6719),(#6720,#6721),(#6722,#6723),(#6724,#6725),
(#6726,#6727),(#6728,#6729),(#6730,#6731),(#6732,#6733),(#6734,#6735),(#6736,
#6737),(#6738,#6739),(#6740,#6741),(#6742,#6743),(#6744,#6745),(#6746,#6747)),
 .UNSPECIFIED.,.F.,.F.,.F.)
B_SPLINE_SURFACE_WITH_KNOTS((6,1,1,1,1,1,1,1,1,1,1,1,1,1,1,1,1,1,1,1,1,
1,1,1,1,1,1,1,1,1,1,1,1,1,1,1,1,1,1,1,1,1,1,1,1,1,1,1,1,1,1,1,1,1,1,1,1,
1,1,1,1,1,1,1,1,1,1,1,1,1,6),(2,2),(0.,0.0142857142857143,0.0285714285714286,
0.0428571428571429,0.0571428571428571,0.0714285714285714,0.0857142857142857,
0.1,0.114285714285714,0.128571428571429,0.142857142857143,0.157142857142857,
0.171428571428571,0.185714285714286,0.2,0.214285714285714,0.228571428571429,
0.242857142857143,0.257142857142857,0.271428571428571,0.285714285714286,
0.3,0.314285714285714,0.328571428571429,0.342857142857143,0.357142857142857,
0.371428571428571,0.385714285714286,0.4,0.414285714285714,0.428571428571429,
0.442857142857143,0.457142857142857,0.471428571428572,0.485714285714286,
0.5,0.514285714285714,0.528571428571429,0.542857142857143,0.557142857142857,
0.571428571428571,0.585714285714286,0.6,0.614285714285714,0.628571428571428,
0.642857142857142,0.657142857142857,0.671428571428571,0.685714285714285,
0.699999999999999,0.714285714285714,0.728571428571428,0.742857142857142,
0.757142857142856,0.771428571428571,0.785714285714285,0.799999999999999,
0.814285714285713,0.828571428571428,0.842857142857142,0.857142857142856,
0.87142857142857,0.885714285714284,0.899999999999999,0.914285714285713,
0.928571428571427,0.942857142857141,0.957142857142856,0.97142857142857,
0.985714285714284,1.),(-2.75,1.15),.UNSPECIFIED.)
GEOMETRIC_REPRESENTATION_ITEM()
RATIONAL_B_SPLINE_SURFACE(((1.,1.),(1.,1.),(1.,1.),(1.,1.),(1.,1.),(1.,
1.),(1.,1.),(1.,1.),(1.,1.),(1.,1.),(1.,1.),(1.,1.),(1.,1.),(1.,1.),(1.,
1.),(1.,1.),(1.,1.),(1.,1.),(1.,1.),(1.,1.),(1.,1.),(1.,1.),(1.,1.),(1.,
1.),(1.,1.),(1.,1.),(1.,1.),(1.,1.),(1.,1.),(1.,1.),(1.,1.),(1.,1.),(1.,
1.),(1.,1.),(1.,1.),(1.,1.),(1.,1.),(1.,1.),(1.,1.),(1.,1.),(1.,1.),(1.,
1.),(1.,1.),(1.,1.),(1.,1.),(1.,1.),(1.,1.),(1.,1.),(1.,1.),(1.,1.),(1.,
1.),(1.,1.),(1.,1.),(1.,1.),(1.,1.),(1.,1.),(1.,1.),(1.,1.),(1.,1.),(1.,
1.),(1.,1.),(1.,1.),(1.,1.),(1.,1.),(1.,1.),(1.,1.),(1.,1.),(1.,1.),(1.,
1.),(1.,1.),(1.,1.),(1.,1.),(1.,1.),(1.,1.),(1.,1.)))
REPRESENTATION_ITEM('')
SURFACE()
);
#27=(
BOUNDED_SURFACE()
B_SPLINE_SURFACE(5,1,((#6824,#6825),(#6826,#6827),(#6828,#6829),(#6830,
#6831),(#6832,#6833),(#6834,#6835),(#6836,#6837),(#6838,#6839),(#6840,#6841),
(#6842,#6843),(#6844,#6845),(#6846,#6847),(#6848,#6849),(#6850,#6851),(#6852,
#6853),(#6854,#6855),(#6856,#6857),(#6858,#6859),(#6860,#6861),(#6862,#6863),
(#6864,#6865),(#6866,#6867),(#6868,#6869),(#6870,#6871),(#6872,#6873),(#6874,
#6875),(#6876,#6877),(#6878,#6879),(#6880,#6881),(#6882,#6883),(#6884,#6885),
(#6886,#6887),(#6888,#6889),(#6890,#6891),(#6892,#6893),(#6894,#6895),(#6896,
#6897),(#6898,#6899),(#6900,#6901),(#6902,#6903),(#6904,#6905),(#6906,#6907),
(#6908,#6909),(#6910,#6911),(#6912,#6913),(#6914,#6915),(#6916,#6917),(#6918,
#6919),(#6920,#6921),(#6922,#6923),(#6924,#6925),(#6926,#6927),(#6928,#6929),
(#6930,#6931),(#6932,#6933),(#6934,#6935),(#6936,#6937),(#6938,#6939),(#6940,
#6941),(#6942,#6943),(#6944,#6945),(#6946,#6947),(#6948,#6949),(#6950,#6951),
(#6952,#6953),(#6954,#6955),(#6956,#6957),(#6958,#6959),(#6960,#6961),(#6962,
#6963),(#6964,#6965),(#6966,#6967),(#6968,#6969),(#6970,#6971),(#6972,#6973)),
 .UNSPECIFIED.,.F.,.F.,.F.)
B_SPLINE_SURFACE_WITH_KNOTS((6,1,1,1,1,1,1,1,1,1,1,1,1,1,1,1,1,1,1,1,1,
1,1,1,1,1,1,1,1,1,1,1,1,1,1,1,1,1,1,1,1,1,1,1,1,1,1,1,1,1,1,1,1,1,1,1,1,
1,1,1,1,1,1,1,1,1,1,1,1,1,6),(2,2),(-1.,-0.985714285714284,-0.97142857142857,
-0.957142857142856,-0.942857142857141,-0.928571428571427,-0.914285714285713,
-0.899999999999999,-0.885714285714284,-0.87142857142857,-0.857142857142856,
-0.842857142857142,-0.828571428571428,-0.814285714285713,-0.799999999999999,
-0.785714285714285,-0.771428571428571,-0.757142857142856,-0.742857142857142,
-0.728571428571428,-0.714285714285714,-0.699999999999999,-0.685714285714285,
-0.671428571428571,-0.657142857142857,-0.642857142857142,-0.628571428571428,
-0.614285714285714,-0.6,-0.585714285714286,-0.571428571428571,-0.557142857142857,
-0.542857142857143,-0.528571428571429,-0.514285714285714,-0.5,-0.485714285714286,
-0.471428571428572,-0.457142857142857,-0.442857142857143,-0.428571428571429,
-0.414285714285714,-0.4,-0.385714285714286,-0.371428571428571,-0.357142857142857,
-0.342857142857143,-0.328571428571429,-0.314285714285714,-0.3,-0.285714285714286,
-0.271428571428571,-0.257142857142857,-0.242857142857143,-0.228571428571429,
-0.214285714285714,-0.2,-0.185714285714286,-0.171428571428571,-0.157142857142857,
-0.142857142857143,-0.128571428571429,-0.114285714285714,-0.1,-0.0857142857142857,
-0.0714285714285714,-0.0571428571428571,-0.0428571428571429,-0.0285714285714286,
-0.0142857142857143,0.),(-2.75,1.15),.UNSPECIFIED.)
GEOMETRIC_REPRESENTATION_ITEM()
RATIONAL_B_SPLINE_SURFACE(((1.,1.),(1.,1.),(1.,1.),(1.,1.),(1.,1.),(1.,
1.),(1.,1.),(1.,1.),(1.,1.),(1.,1.),(1.,1.),(1.,1.),(1.,1.),(1.,1.),(1.,
1.),(1.,1.),(1.,1.),(1.,1.),(1.,1.),(1.,1.),(1.,1.),(1.,1.),(1.,1.),(1.,
1.),(1.,1.),(1.,1.),(1.,1.),(1.,1.),(1.,1.),(1.,1.),(1.,1.),(1.,1.),(1.,
1.),(1.,1.),(1.,1.),(1.,1.),(1.,1.),(1.,1.),(1.,1.),(1.,1.),(1.,1.),(1.,
1.),(1.,1.),(1.,1.),(1.,1.),(1.,1.),(1.,1.),(1.,1.),(1.,1.),(1.,1.),(1.,
1.),(1.,1.),(1.,1.),(1.,1.),(1.,1.),(1.,1.),(1.,1.),(1.,1.),(1.,1.),(1.,
1.),(1.,1.),(1.,1.),(1.,1.),(1.,1.),(1.,1.),(1.,1.),(1.,1.),(1.,1.),(1.,
1.),(1.,1.),(1.,1.),(1.,1.),(1.,1.),(1.,1.),(1.,1.)))
REPRESENTATION_ITEM('')
SURFACE()
);
#28=(
BOUNDED_SURFACE()
B_SPLINE_SURFACE(5,1,((#7056,#7057),(#7058,#7059),(#7060,#7061),(#7062,
#7063),(#7064,#7065),(#7066,#7067),(#7068,#7069),(#7070,#7071),(#7072,#7073),
(#7074,#7075),(#7076,#7077),(#7078,#7079),(#7080,#7081),(#7082,#7083),(#7084,
#7085),(#7086,#7087),(#7088,#7089),(#7090,#7091),(#7092,#7093),(#7094,#7095),
(#7096,#7097),(#7098,#7099),(#7100,#7101),(#7102,#7103),(#7104,#7105),(#7106,
#7107),(#7108,#7109),(#7110,#7111),(#7112,#7113),(#7114,#7115),(#7116,#7117),
(#7118,#7119),(#7120,#7121),(#7122,#7123),(#7124,#7125),(#7126,#7127),(#7128,
#7129),(#7130,#7131),(#7132,#7133),(#7134,#7135),(#7136,#7137),(#7138,#7139),
(#7140,#7141),(#7142,#7143),(#7144,#7145),(#7146,#7147),(#7148,#7149),(#7150,
#7151),(#7152,#7153),(#7154,#7155),(#7156,#7157),(#7158,#7159),(#7160,#7161),
(#7162,#7163),(#7164,#7165),(#7166,#7167),(#7168,#7169),(#7170,#7171),(#7172,
#7173),(#7174,#7175),(#7176,#7177),(#7178,#7179),(#7180,#7181),(#7182,#7183),
(#7184,#7185),(#7186,#7187),(#7188,#7189),(#7190,#7191),(#7192,#7193),(#7194,
#7195),(#7196,#7197),(#7198,#7199),(#7200,#7201),(#7202,#7203),(#7204,#7205)),
 .UNSPECIFIED.,.F.,.F.,.F.)
B_SPLINE_SURFACE_WITH_KNOTS((6,1,1,1,1,1,1,1,1,1,1,1,1,1,1,1,1,1,1,1,1,
1,1,1,1,1,1,1,1,1,1,1,1,1,1,1,1,1,1,1,1,1,1,1,1,1,1,1,1,1,1,1,1,1,1,1,1,
1,1,1,1,1,1,1,1,1,1,1,1,1,6),(2,2),(0.,0.0142857142857143,0.0285714285714286,
0.0428571428571429,0.0571428571428571,0.0714285714285714,0.0857142857142857,
0.1,0.114285714285714,0.128571428571429,0.142857142857143,0.157142857142857,
0.171428571428571,0.185714285714286,0.2,0.214285714285714,0.228571428571429,
0.242857142857143,0.257142857142857,0.271428571428571,0.285714285714286,
0.3,0.314285714285714,0.328571428571429,0.342857142857143,0.357142857142857,
0.371428571428571,0.385714285714286,0.4,0.414285714285714,0.428571428571429,
0.442857142857143,0.457142857142857,0.471428571428572,0.485714285714286,
0.5,0.514285714285714,0.528571428571429,0.542857142857143,0.557142857142857,
0.571428571428571,0.585714285714286,0.6,0.614285714285714,0.628571428571428,
0.642857142857142,0.657142857142857,0.671428571428571,0.685714285714285,
0.699999999999999,0.714285714285714,0.728571428571428,0.742857142857142,
0.757142857142856,0.771428571428571,0.785714285714285,0.799999999999999,
0.814285714285713,0.828571428571428,0.842857142857142,0.857142857142856,
0.87142857142857,0.885714285714284,0.899999999999999,0.914285714285713,
0.928571428571427,0.942857142857141,0.957142857142856,0.97142857142857,
0.985714285714284,1.),(-2.75,1.15),.UNSPECIFIED.)
GEOMETRIC_REPRESENTATION_ITEM()
RATIONAL_B_SPLINE_SURFACE(((1.,1.),(1.,1.),(1.,1.),(1.,1.),(1.,1.),(1.,
1.),(1.,1.),(1.,1.),(1.,1.),(1.,1.),(1.,1.),(1.,1.),(1.,1.),(1.,1.),(1.,
1.),(1.,1.),(1.,1.),(1.,1.),(1.,1.),(1.,1.),(1.,1.),(1.,1.),(1.,1.),(1.,
1.),(1.,1.),(1.,1.),(1.,1.),(1.,1.),(1.,1.),(1.,1.),(1.,1.),(1.,1.),(1.,
1.),(1.,1.),(1.,1.),(1.,1.),(1.,1.),(1.,1.),(1.,1.),(1.,1.),(1.,1.),(1.,
1.),(1.,1.),(1.,1.),(1.,1.),(1.,1.),(1.,1.),(1.,1.),(1.,1.),(1.,1.),(1.,
1.),(1.,1.),(1.,1.),(1.,1.),(1.,1.),(1.,1.),(1.,1.),(1.,1.),(1.,1.),(1.,
1.),(1.,1.),(1.,1.),(1.,1.),(1.,1.),(1.,1.),(1.,1.),(1.,1.),(1.,1.),(1.,
1.),(1.,1.),(1.,1.),(1.,1.),(1.,1.),(1.,1.),(1.,1.)))
REPRESENTATION_ITEM('')
SURFACE()
);
#29=(
BOUNDED_SURFACE()
B_SPLINE_SURFACE(5,1,((#7282,#7283),(#7284,#7285),(#7286,#7287),(#7288,
#7289),(#7290,#7291),(#7292,#7293),(#7294,#7295),(#7296,#7297),(#7298,#7299),
(#7300,#7301),(#7302,#7303),(#7304,#7305),(#7306,#7307),(#7308,#7309),(#7310,
#7311),(#7312,#7313),(#7314,#7315),(#7316,#7317),(#7318,#7319),(#7320,#7321),
(#7322,#7323),(#7324,#7325),(#7326,#7327),(#7328,#7329),(#7330,#7331),(#7332,
#7333),(#7334,#7335),(#7336,#7337),(#7338,#7339),(#7340,#7341),(#7342,#7343),
(#7344,#7345),(#7346,#7347),(#7348,#7349),(#7350,#7351),(#7352,#7353),(#7354,
#7355),(#7356,#7357),(#7358,#7359),(#7360,#7361),(#7362,#7363),(#7364,#7365),
(#7366,#7367),(#7368,#7369),(#7370,#7371),(#7372,#7373),(#7374,#7375),(#7376,
#7377),(#7378,#7379),(#7380,#7381),(#7382,#7383),(#7384,#7385),(#7386,#7387),
(#7388,#7389),(#7390,#7391),(#7392,#7393),(#7394,#7395),(#7396,#7397),(#7398,
#7399),(#7400,#7401),(#7402,#7403),(#7404,#7405),(#7406,#7407),(#7408,#7409),
(#7410,#7411),(#7412,#7413),(#7414,#7415),(#7416,#7417),(#7418,#7419),(#7420,
#7421),(#7422,#7423),(#7424,#7425),(#7426,#7427),(#7428,#7429),(#7430,#7431)),
 .UNSPECIFIED.,.F.,.F.,.F.)
B_SPLINE_SURFACE_WITH_KNOTS((6,1,1,1,1,1,1,1,1,1,1,1,1,1,1,1,1,1,1,1,1,
1,1,1,1,1,1,1,1,1,1,1,1,1,1,1,1,1,1,1,1,1,1,1,1,1,1,1,1,1,1,1,1,1,1,1,1,
1,1,1,1,1,1,1,1,1,1,1,1,1,6),(2,2),(-1.,-0.985714285714284,-0.97142857142857,
-0.957142857142856,-0.942857142857141,-0.928571428571427,-0.914285714285713,
-0.899999999999999,-0.885714285714284,-0.87142857142857,-0.857142857142856,
-0.842857142857142,-0.828571428571428,-0.814285714285713,-0.799999999999999,
-0.785714285714285,-0.771428571428571,-0.757142857142856,-0.742857142857142,
-0.728571428571428,-0.714285714285714,-0.699999999999999,-0.685714285714285,
-0.671428571428571,-0.657142857142857,-0.642857142857142,-0.628571428571428,
-0.614285714285714,-0.6,-0.585714285714286,-0.571428571428571,-0.557142857142857,
-0.542857142857143,-0.528571428571429,-0.514285714285714,-0.5,-0.485714285714286,
-0.471428571428572,-0.457142857142857,-0.442857142857143,-0.428571428571429,
-0.414285714285714,-0.4,-0.385714285714286,-0.371428571428571,-0.357142857142857,
-0.342857142857143,-0.328571428571429,-0.314285714285714,-0.3,-0.285714285714286,
-0.271428571428571,-0.257142857142857,-0.242857142857143,-0.228571428571429,
-0.214285714285714,-0.2,-0.185714285714286,-0.171428571428571,-0.157142857142857,
-0.142857142857143,-0.128571428571429,-0.114285714285714,-0.1,-0.0857142857142857,
-0.0714285714285714,-0.0571428571428571,-0.0428571428571429,-0.0285714285714286,
-0.0142857142857143,0.),(-2.75,1.15),.UNSPECIFIED.)
GEOMETRIC_REPRESENTATION_ITEM()
RATIONAL_B_SPLINE_SURFACE(((1.,1.),(1.,1.),(1.,1.),(1.,1.),(1.,1.),(1.,
1.),(1.,1.),(1.,1.),(1.,1.),(1.,1.),(1.,1.),(1.,1.),(1.,1.),(1.,1.),(1.,
1.),(1.,1.),(1.,1.),(1.,1.),(1.,1.),(1.,1.),(1.,1.),(1.,1.),(1.,1.),(1.,
1.),(1.,1.),(1.,1.),(1.,1.),(1.,1.),(1.,1.),(1.,1.),(1.,1.),(1.,1.),(1.,
1.),(1.,1.),(1.,1.),(1.,1.),(1.,1.),(1.,1.),(1.,1.),(1.,1.),(1.,1.),(1.,
1.),(1.,1.),(1.,1.),(1.,1.),(1.,1.),(1.,1.),(1.,1.),(1.,1.),(1.,1.),(1.,
1.),(1.,1.),(1.,1.),(1.,1.),(1.,1.),(1.,1.),(1.,1.),(1.,1.),(1.,1.),(1.,
1.),(1.,1.),(1.,1.),(1.,1.),(1.,1.),(1.,1.),(1.,1.),(1.,1.),(1.,1.),(1.,
1.),(1.,1.),(1.,1.),(1.,1.),(1.,1.),(1.,1.),(1.,1.)))
REPRESENTATION_ITEM('')
SURFACE()
);
#30=(
BOUNDED_SURFACE()
B_SPLINE_SURFACE(5,1,((#7514,#7515),(#7516,#7517),(#7518,#7519),(#7520,
#7521),(#7522,#7523),(#7524,#7525),(#7526,#7527),(#7528,#7529),(#7530,#7531),
(#7532,#7533),(#7534,#7535),(#7536,#7537),(#7538,#7539),(#7540,#7541),(#7542,
#7543),(#7544,#7545),(#7546,#7547),(#7548,#7549),(#7550,#7551),(#7552,#7553),
(#7554,#7555),(#7556,#7557),(#7558,#7559),(#7560,#7561),(#7562,#7563),(#7564,
#7565),(#7566,#7567),(#7568,#7569),(#7570,#7571),(#7572,#7573),(#7574,#7575),
(#7576,#7577),(#7578,#7579),(#7580,#7581),(#7582,#7583),(#7584,#7585),(#7586,
#7587),(#7588,#7589),(#7590,#7591),(#7592,#7593),(#7594,#7595),(#7596,#7597),
(#7598,#7599),(#7600,#7601),(#7602,#7603),(#7604,#7605),(#7606,#7607),(#7608,
#7609),(#7610,#7611),(#7612,#7613),(#7614,#7615),(#7616,#7617),(#7618,#7619),
(#7620,#7621),(#7622,#7623),(#7624,#7625),(#7626,#7627),(#7628,#7629),(#7630,
#7631),(#7632,#7633),(#7634,#7635),(#7636,#7637),(#7638,#7639),(#7640,#7641),
(#7642,#7643),(#7644,#7645),(#7646,#7647),(#7648,#7649),(#7650,#7651),(#7652,
#7653),(#7654,#7655),(#7656,#7657),(#7658,#7659),(#7660,#7661),(#7662,#7663)),
 .UNSPECIFIED.,.F.,.F.,.F.)
B_SPLINE_SURFACE_WITH_KNOTS((6,1,1,1,1,1,1,1,1,1,1,1,1,1,1,1,1,1,1,1,1,
1,1,1,1,1,1,1,1,1,1,1,1,1,1,1,1,1,1,1,1,1,1,1,1,1,1,1,1,1,1,1,1,1,1,1,1,
1,1,1,1,1,1,1,1,1,1,1,1,1,6),(2,2),(0.,0.0142857142857143,0.0285714285714286,
0.0428571428571429,0.0571428571428571,0.0714285714285714,0.0857142857142857,
0.1,0.114285714285714,0.128571428571429,0.142857142857143,0.157142857142857,
0.171428571428571,0.185714285714286,0.2,0.214285714285714,0.228571428571429,
0.242857142857143,0.257142857142857,0.271428571428571,0.285714285714286,
0.3,0.314285714285714,0.328571428571429,0.342857142857143,0.357142857142857,
0.371428571428571,0.385714285714286,0.4,0.414285714285714,0.428571428571429,
0.442857142857143,0.457142857142857,0.471428571428572,0.485714285714286,
0.5,0.514285714285714,0.528571428571429,0.542857142857143,0.557142857142857,
0.571428571428571,0.585714285714286,0.6,0.614285714285714,0.628571428571428,
0.642857142857142,0.657142857142857,0.671428571428571,0.685714285714285,
0.699999999999999,0.714285714285714,0.728571428571428,0.742857142857142,
0.757142857142856,0.771428571428571,0.785714285714285,0.799999999999999,
0.814285714285713,0.828571428571428,0.842857142857142,0.857142857142856,
0.87142857142857,0.885714285714284,0.899999999999999,0.914285714285713,
0.928571428571427,0.942857142857141,0.957142857142856,0.97142857142857,
0.985714285714284,1.),(-2.75,1.15),.UNSPECIFIED.)
GEOMETRIC_REPRESENTATION_ITEM()
RATIONAL_B_SPLINE_SURFACE(((1.,1.),(1.,1.),(1.,1.),(1.,1.),(1.,1.),(1.,
1.),(1.,1.),(1.,1.),(1.,1.),(1.,1.),(1.,1.),(1.,1.),(1.,1.),(1.,1.),(1.,
1.),(1.,1.),(1.,1.),(1.,1.),(1.,1.),(1.,1.),(1.,1.),(1.,1.),(1.,1.),(1.,
1.),(1.,1.),(1.,1.),(1.,1.),(1.,1.),(1.,1.),(1.,1.),(1.,1.),(1.,1.),(1.,
1.),(1.,1.),(1.,1.),(1.,1.),(1.,1.),(1.,1.),(1.,1.),(1.,1.),(1.,1.),(1.,
1.),(1.,1.),(1.,1.),(1.,1.),(1.,1.),(1.,1.),(1.,1.),(1.,1.),(1.,1.),(1.,
1.),(1.,1.),(1.,1.),(1.,1.),(1.,1.),(1.,1.),(1.,1.),(1.,1.),(1.,1.),(1.,
1.),(1.,1.),(1.,1.),(1.,1.),(1.,1.),(1.,1.),(1.,1.),(1.,1.),(1.,1.),(1.,
1.),(1.,1.),(1.,1.),(1.,1.),(1.,1.),(1.,1.),(1.,1.)))
REPRESENTATION_ITEM('')
SURFACE()
);
#31=(
BOUNDED_SURFACE()
B_SPLINE_SURFACE(5,1,((#7740,#7741),(#7742,#7743),(#7744,#7745),(#7746,
#7747),(#7748,#7749),(#7750,#7751),(#7752,#7753),(#7754,#7755),(#7756,#7757),
(#7758,#7759),(#7760,#7761),(#7762,#7763),(#7764,#7765),(#7766,#7767),(#7768,
#7769),(#7770,#7771),(#7772,#7773),(#7774,#7775),(#7776,#7777),(#7778,#7779),
(#7780,#7781),(#7782,#7783),(#7784,#7785),(#7786,#7787),(#7788,#7789),(#7790,
#7791),(#7792,#7793),(#7794,#7795),(#7796,#7797),(#7798,#7799),(#7800,#7801),
(#7802,#7803),(#7804,#7805),(#7806,#7807),(#7808,#7809),(#7810,#7811),(#7812,
#7813),(#7814,#7815),(#7816,#7817),(#7818,#7819),(#7820,#7821),(#7822,#7823),
(#7824,#7825),(#7826,#7827),(#7828,#7829),(#7830,#7831),(#7832,#7833),(#7834,
#7835),(#7836,#7837),(#7838,#7839),(#7840,#7841),(#7842,#7843),(#7844,#7845),
(#7846,#7847),(#7848,#7849),(#7850,#7851),(#7852,#7853),(#7854,#7855),(#7856,
#7857),(#7858,#7859),(#7860,#7861),(#7862,#7863),(#7864,#7865),(#7866,#7867),
(#7868,#7869),(#7870,#7871),(#7872,#7873),(#7874,#7875),(#7876,#7877),(#7878,
#7879),(#7880,#7881),(#7882,#7883),(#7884,#7885),(#7886,#7887),(#7888,#7889)),
 .UNSPECIFIED.,.F.,.F.,.F.)
B_SPLINE_SURFACE_WITH_KNOTS((6,1,1,1,1,1,1,1,1,1,1,1,1,1,1,1,1,1,1,1,1,
1,1,1,1,1,1,1,1,1,1,1,1,1,1,1,1,1,1,1,1,1,1,1,1,1,1,1,1,1,1,1,1,1,1,1,1,
1,1,1,1,1,1,1,1,1,1,1,1,1,6),(2,2),(-1.,-0.985714285714284,-0.97142857142857,
-0.957142857142856,-0.942857142857141,-0.928571428571427,-0.914285714285713,
-0.899999999999999,-0.885714285714284,-0.87142857142857,-0.857142857142856,
-0.842857142857142,-0.828571428571428,-0.814285714285713,-0.799999999999999,
-0.785714285714285,-0.771428571428571,-0.757142857142856,-0.742857142857142,
-0.728571428571428,-0.714285714285714,-0.699999999999999,-0.685714285714285,
-0.671428571428571,-0.657142857142857,-0.642857142857142,-0.628571428571428,
-0.614285714285714,-0.6,-0.585714285714286,-0.571428571428571,-0.557142857142857,
-0.542857142857143,-0.528571428571429,-0.514285714285714,-0.5,-0.485714285714286,
-0.471428571428572,-0.457142857142857,-0.442857142857143,-0.428571428571429,
-0.414285714285714,-0.4,-0.385714285714286,-0.371428571428571,-0.357142857142857,
-0.342857142857143,-0.328571428571429,-0.314285714285714,-0.3,-0.285714285714286,
-0.271428571428571,-0.257142857142857,-0.242857142857143,-0.228571428571429,
-0.214285714285714,-0.2,-0.185714285714286,-0.171428571428571,-0.157142857142857,
-0.142857142857143,-0.128571428571429,-0.114285714285714,-0.1,-0.0857142857142857,
-0.0714285714285714,-0.0571428571428571,-0.0428571428571429,-0.0285714285714286,
-0.0142857142857143,0.),(-2.75,1.15),.UNSPECIFIED.)
GEOMETRIC_REPRESENTATION_ITEM()
RATIONAL_B_SPLINE_SURFACE(((1.,1.),(1.,1.),(1.,1.),(1.,1.),(1.,1.),(1.,
1.),(1.,1.),(1.,1.),(1.,1.),(1.,1.),(1.,1.),(1.,1.),(1.,1.),(1.,1.),(1.,
1.),(1.,1.),(1.,1.),(1.,1.),(1.,1.),(1.,1.),(1.,1.),(1.,1.),(1.,1.),(1.,
1.),(1.,1.),(1.,1.),(1.,1.),(1.,1.),(1.,1.),(1.,1.),(1.,1.),(1.,1.),(1.,
1.),(1.,1.),(1.,1.),(1.,1.),(1.,1.),(1.,1.),(1.,1.),(1.,1.),(1.,1.),(1.,
1.),(1.,1.),(1.,1.),(1.,1.),(1.,1.),(1.,1.),(1.,1.),(1.,1.),(1.,1.),(1.,
1.),(1.,1.),(1.,1.),(1.,1.),(1.,1.),(1.,1.),(1.,1.),(1.,1.),(1.,1.),(1.,
1.),(1.,1.),(1.,1.),(1.,1.),(1.,1.),(1.,1.),(1.,1.),(1.,1.),(1.,1.),(1.,
1.),(1.,1.),(1.,1.),(1.,1.),(1.,1.),(1.,1.),(1.,1.)))
REPRESENTATION_ITEM('')
SURFACE()
);
#32=(
BOUNDED_SURFACE()
B_SPLINE_SURFACE(5,1,((#7972,#7973),(#7974,#7975),(#7976,#7977),(#7978,
#7979),(#7980,#7981),(#7982,#7983),(#7984,#7985),(#7986,#7987),(#7988,#7989),
(#7990,#7991),(#7992,#7993),(#7994,#7995),(#7996,#7997),(#7998,#7999),(#8000,
#8001),(#8002,#8003),(#8004,#8005),(#8006,#8007),(#8008,#8009),(#8010,#8011),
(#8012,#8013),(#8014,#8015),(#8016,#8017),(#8018,#8019),(#8020,#8021),(#8022,
#8023),(#8024,#8025),(#8026,#8027),(#8028,#8029),(#8030,#8031),(#8032,#8033),
(#8034,#8035),(#8036,#8037),(#8038,#8039),(#8040,#8041),(#8042,#8043),(#8044,
#8045),(#8046,#8047),(#8048,#8049),(#8050,#8051),(#8052,#8053),(#8054,#8055),
(#8056,#8057),(#8058,#8059),(#8060,#8061),(#8062,#8063),(#8064,#8065),(#8066,
#8067),(#8068,#8069),(#8070,#8071),(#8072,#8073),(#8074,#8075),(#8076,#8077),
(#8078,#8079),(#8080,#8081),(#8082,#8083),(#8084,#8085),(#8086,#8087),(#8088,
#8089),(#8090,#8091),(#8092,#8093),(#8094,#8095),(#8096,#8097),(#8098,#8099),
(#8100,#8101),(#8102,#8103),(#8104,#8105),(#8106,#8107),(#8108,#8109),(#8110,
#8111),(#8112,#8113),(#8114,#8115),(#8116,#8117),(#8118,#8119),(#8120,#8121)),
 .UNSPECIFIED.,.F.,.F.,.F.)
B_SPLINE_SURFACE_WITH_KNOTS((6,1,1,1,1,1,1,1,1,1,1,1,1,1,1,1,1,1,1,1,1,
1,1,1,1,1,1,1,1,1,1,1,1,1,1,1,1,1,1,1,1,1,1,1,1,1,1,1,1,1,1,1,1,1,1,1,1,
1,1,1,1,1,1,1,1,1,1,1,1,1,6),(2,2),(0.,0.0142857142857143,0.0285714285714286,
0.0428571428571429,0.0571428571428571,0.0714285714285714,0.0857142857142857,
0.1,0.114285714285714,0.128571428571429,0.142857142857143,0.157142857142857,
0.171428571428571,0.185714285714286,0.2,0.214285714285714,0.228571428571429,
0.242857142857143,0.257142857142857,0.271428571428571,0.285714285714286,
0.3,0.314285714285714,0.328571428571429,0.342857142857143,0.357142857142857,
0.371428571428571,0.385714285714286,0.4,0.414285714285714,0.428571428571429,
0.442857142857143,0.457142857142857,0.471428571428572,0.485714285714286,
0.5,0.514285714285714,0.528571428571429,0.542857142857143,0.557142857142857,
0.571428571428571,0.585714285714286,0.6,0.614285714285714,0.628571428571428,
0.642857142857142,0.657142857142857,0.671428571428571,0.685714285714285,
0.699999999999999,0.714285714285714,0.728571428571428,0.742857142857142,
0.757142857142856,0.771428571428571,0.785714285714285,0.799999999999999,
0.814285714285713,0.828571428571428,0.842857142857142,0.857142857142856,
0.87142857142857,0.885714285714284,0.899999999999999,0.914285714285713,
0.928571428571427,0.942857142857141,0.957142857142856,0.97142857142857,
0.985714285714284,1.),(-2.75,1.15),.UNSPECIFIED.)
GEOMETRIC_REPRESENTATION_ITEM()
RATIONAL_B_SPLINE_SURFACE(((1.,1.),(1.,1.),(1.,1.),(1.,1.),(1.,1.),(1.,
1.),(1.,1.),(1.,1.),(1.,1.),(1.,1.),(1.,1.),(1.,1.),(1.,1.),(1.,1.),(1.,
1.),(1.,1.),(1.,1.),(1.,1.),(1.,1.),(1.,1.),(1.,1.),(1.,1.),(1.,1.),(1.,
1.),(1.,1.),(1.,1.),(1.,1.),(1.,1.),(1.,1.),(1.,1.),(1.,1.),(1.,1.),(1.,
1.),(1.,1.),(1.,1.),(1.,1.),(1.,1.),(1.,1.),(1.,1.),(1.,1.),(1.,1.),(1.,
1.),(1.,1.),(1.,1.),(1.,1.),(1.,1.),(1.,1.),(1.,1.),(1.,1.),(1.,1.),(1.,
1.),(1.,1.),(1.,1.),(1.,1.),(1.,1.),(1.,1.),(1.,1.),(1.,1.),(1.,1.),(1.,
1.),(1.,1.),(1.,1.),(1.,1.),(1.,1.),(1.,1.),(1.,1.),(1.,1.),(1.,1.),(1.,
1.),(1.,1.),(1.,1.),(1.,1.),(1.,1.),(1.,1.),(1.,1.)))
REPRESENTATION_ITEM('')
SURFACE()
);
#33=(
BOUNDED_SURFACE()
B_SPLINE_SURFACE(5,1,((#8198,#8199),(#8200,#8201),(#8202,#8203),(#8204,
#8205),(#8206,#8207),(#8208,#8209),(#8210,#8211),(#8212,#8213),(#8214,#8215),
(#8216,#8217),(#8218,#8219),(#8220,#8221),(#8222,#8223),(#8224,#8225),(#8226,
#8227),(#8228,#8229),(#8230,#8231),(#8232,#8233),(#8234,#8235),(#8236,#8237),
(#8238,#8239),(#8240,#8241),(#8242,#8243),(#8244,#8245),(#8246,#8247),(#8248,
#8249),(#8250,#8251),(#8252,#8253),(#8254,#8255),(#8256,#8257),(#8258,#8259),
(#8260,#8261),(#8262,#8263),(#8264,#8265),(#8266,#8267),(#8268,#8269),(#8270,
#8271),(#8272,#8273),(#8274,#8275),(#8276,#8277),(#8278,#8279),(#8280,#8281),
(#8282,#8283),(#8284,#8285),(#8286,#8287),(#8288,#8289),(#8290,#8291),(#8292,
#8293),(#8294,#8295),(#8296,#8297),(#8298,#8299),(#8300,#8301),(#8302,#8303),
(#8304,#8305),(#8306,#8307),(#8308,#8309),(#8310,#8311),(#8312,#8313),(#8314,
#8315),(#8316,#8317),(#8318,#8319),(#8320,#8321),(#8322,#8323),(#8324,#8325),
(#8326,#8327),(#8328,#8329),(#8330,#8331),(#8332,#8333),(#8334,#8335),(#8336,
#8337),(#8338,#8339),(#8340,#8341),(#8342,#8343),(#8344,#8345),(#8346,#8347)),
 .UNSPECIFIED.,.F.,.F.,.F.)
B_SPLINE_SURFACE_WITH_KNOTS((6,1,1,1,1,1,1,1,1,1,1,1,1,1,1,1,1,1,1,1,1,
1,1,1,1,1,1,1,1,1,1,1,1,1,1,1,1,1,1,1,1,1,1,1,1,1,1,1,1,1,1,1,1,1,1,1,1,
1,1,1,1,1,1,1,1,1,1,1,1,1,6),(2,2),(-1.,-0.985714285714284,-0.97142857142857,
-0.957142857142856,-0.942857142857141,-0.928571428571427,-0.914285714285713,
-0.899999999999999,-0.885714285714284,-0.87142857142857,-0.857142857142856,
-0.842857142857142,-0.828571428571428,-0.814285714285713,-0.799999999999999,
-0.785714285714285,-0.771428571428571,-0.757142857142856,-0.742857142857142,
-0.728571428571428,-0.714285714285714,-0.699999999999999,-0.685714285714285,
-0.671428571428571,-0.657142857142857,-0.642857142857142,-0.628571428571428,
-0.614285714285714,-0.6,-0.585714285714286,-0.571428571428571,-0.557142857142857,
-0.542857142857143,-0.528571428571429,-0.514285714285714,-0.5,-0.485714285714286,
-0.471428571428572,-0.457142857142857,-0.442857142857143,-0.428571428571429,
-0.414285714285714,-0.4,-0.385714285714286,-0.371428571428571,-0.357142857142857,
-0.342857142857143,-0.328571428571429,-0.314285714285714,-0.3,-0.285714285714286,
-0.271428571428571,-0.257142857142857,-0.242857142857143,-0.228571428571429,
-0.214285714285714,-0.2,-0.185714285714286,-0.171428571428571,-0.157142857142857,
-0.142857142857143,-0.128571428571429,-0.114285714285714,-0.1,-0.0857142857142857,
-0.0714285714285714,-0.0571428571428571,-0.0428571428571429,-0.0285714285714286,
-0.0142857142857143,0.),(-2.75,1.15),.UNSPECIFIED.)
GEOMETRIC_REPRESENTATION_ITEM()
RATIONAL_B_SPLINE_SURFACE(((1.,1.),(1.,1.),(1.,1.),(1.,1.),(1.,1.),(1.,
1.),(1.,1.),(1.,1.),(1.,1.),(1.,1.),(1.,1.),(1.,1.),(1.,1.),(1.,1.),(1.,
1.),(1.,1.),(1.,1.),(1.,1.),(1.,1.),(1.,1.),(1.,1.),(1.,1.),(1.,1.),(1.,
1.),(1.,1.),(1.,1.),(1.,1.),(1.,1.),(1.,1.),(1.,1.),(1.,1.),(1.,1.),(1.,
1.),(1.,1.),(1.,1.),(1.,1.),(1.,1.),(1.,1.),(1.,1.),(1.,1.),(1.,1.),(1.,
1.),(1.,1.),(1.,1.),(1.,1.),(1.,1.),(1.,1.),(1.,1.),(1.,1.),(1.,1.),(1.,
1.),(1.,1.),(1.,1.),(1.,1.),(1.,1.),(1.,1.),(1.,1.),(1.,1.),(1.,1.),(1.,
1.),(1.,1.),(1.,1.),(1.,1.),(1.,1.),(1.,1.),(1.,1.),(1.,1.),(1.,1.),(1.,
1.),(1.,1.),(1.,1.),(1.,1.),(1.,1.),(1.,1.),(1.,1.)))
REPRESENTATION_ITEM('')
SURFACE()
);
#34=(
BOUNDED_SURFACE()
B_SPLINE_SURFACE(5,1,((#8430,#8431),(#8432,#8433),(#8434,#8435),(#8436,
#8437),(#8438,#8439),(#8440,#8441),(#8442,#8443),(#8444,#8445),(#8446,#8447),
(#8448,#8449),(#8450,#8451),(#8452,#8453),(#8454,#8455),(#8456,#8457),(#8458,
#8459),(#8460,#8461),(#8462,#8463),(#8464,#8465),(#8466,#8467),(#8468,#8469),
(#8470,#8471),(#8472,#8473),(#8474,#8475),(#8476,#8477),(#8478,#8479),(#8480,
#8481),(#8482,#8483),(#8484,#8485),(#8486,#8487),(#8488,#8489),(#8490,#8491),
(#8492,#8493),(#8494,#8495),(#8496,#8497),(#8498,#8499),(#8500,#8501),(#8502,
#8503),(#8504,#8505),(#8506,#8507),(#8508,#8509),(#8510,#8511),(#8512,#8513),
(#8514,#8515),(#8516,#8517),(#8518,#8519),(#8520,#8521),(#8522,#8523),(#8524,
#8525),(#8526,#8527),(#8528,#8529),(#8530,#8531),(#8532,#8533),(#8534,#8535),
(#8536,#8537),(#8538,#8539),(#8540,#8541),(#8542,#8543),(#8544,#8545),(#8546,
#8547),(#8548,#8549),(#8550,#8551),(#8552,#8553),(#8554,#8555),(#8556,#8557),
(#8558,#8559),(#8560,#8561),(#8562,#8563),(#8564,#8565),(#8566,#8567),(#8568,
#8569),(#8570,#8571),(#8572,#8573),(#8574,#8575),(#8576,#8577),(#8578,#8579)),
 .UNSPECIFIED.,.F.,.F.,.F.)
B_SPLINE_SURFACE_WITH_KNOTS((6,1,1,1,1,1,1,1,1,1,1,1,1,1,1,1,1,1,1,1,1,
1,1,1,1,1,1,1,1,1,1,1,1,1,1,1,1,1,1,1,1,1,1,1,1,1,1,1,1,1,1,1,1,1,1,1,1,
1,1,1,1,1,1,1,1,1,1,1,1,1,6),(2,2),(0.,0.0142857142857143,0.0285714285714286,
0.0428571428571429,0.0571428571428571,0.0714285714285714,0.0857142857142857,
0.1,0.114285714285714,0.128571428571429,0.142857142857143,0.157142857142857,
0.171428571428571,0.185714285714286,0.2,0.214285714285714,0.228571428571429,
0.242857142857143,0.257142857142857,0.271428571428571,0.285714285714286,
0.3,0.314285714285714,0.328571428571429,0.342857142857143,0.357142857142857,
0.371428571428571,0.385714285714286,0.4,0.414285714285714,0.428571428571429,
0.442857142857143,0.457142857142857,0.471428571428572,0.485714285714286,
0.5,0.514285714285714,0.528571428571429,0.542857142857143,0.557142857142857,
0.571428571428571,0.585714285714286,0.6,0.614285714285714,0.628571428571428,
0.642857142857142,0.657142857142857,0.671428571428571,0.685714285714285,
0.699999999999999,0.714285714285714,0.728571428571428,0.742857142857142,
0.757142857142856,0.771428571428571,0.785714285714285,0.799999999999999,
0.814285714285713,0.828571428571428,0.842857142857142,0.857142857142856,
0.87142857142857,0.885714285714284,0.899999999999999,0.914285714285713,
0.928571428571427,0.942857142857141,0.957142857142856,0.97142857142857,
0.985714285714284,1.),(-2.75,1.15),.UNSPECIFIED.)
GEOMETRIC_REPRESENTATION_ITEM()
RATIONAL_B_SPLINE_SURFACE(((1.,1.),(1.,1.),(1.,1.),(1.,1.),(1.,1.),(1.,
1.),(1.,1.),(1.,1.),(1.,1.),(1.,1.),(1.,1.),(1.,1.),(1.,1.),(1.,1.),(1.,
1.),(1.,1.),(1.,1.),(1.,1.),(1.,1.),(1.,1.),(1.,1.),(1.,1.),(1.,1.),(1.,
1.),(1.,1.),(1.,1.),(1.,1.),(1.,1.),(1.,1.),(1.,1.),(1.,1.),(1.,1.),(1.,
1.),(1.,1.),(1.,1.),(1.,1.),(1.,1.),(1.,1.),(1.,1.),(1.,1.),(1.,1.),(1.,
1.),(1.,1.),(1.,1.),(1.,1.),(1.,1.),(1.,1.),(1.,1.),(1.,1.),(1.,1.),(1.,
1.),(1.,1.),(1.,1.),(1.,1.),(1.,1.),(1.,1.),(1.,1.),(1.,1.),(1.,1.),(1.,
1.),(1.,1.),(1.,1.),(1.,1.),(1.,1.),(1.,1.),(1.,1.),(1.,1.),(1.,1.),(1.,
1.),(1.,1.),(1.,1.),(1.,1.),(1.,1.),(1.,1.),(1.,1.)))
REPRESENTATION_ITEM('')
SURFACE()
);
#35=(
BOUNDED_SURFACE()
B_SPLINE_SURFACE(5,1,((#8656,#8657),(#8658,#8659),(#8660,#8661),(#8662,
#8663),(#8664,#8665),(#8666,#8667),(#8668,#8669),(#8670,#8671),(#8672,#8673),
(#8674,#8675),(#8676,#8677),(#8678,#8679),(#8680,#8681),(#8682,#8683),(#8684,
#8685),(#8686,#8687),(#8688,#8689),(#8690,#8691),(#8692,#8693),(#8694,#8695),
(#8696,#8697),(#8698,#8699),(#8700,#8701),(#8702,#8703),(#8704,#8705),(#8706,
#8707),(#8708,#8709),(#8710,#8711),(#8712,#8713),(#8714,#8715),(#8716,#8717),
(#8718,#8719),(#8720,#8721),(#8722,#8723),(#8724,#8725),(#8726,#8727),(#8728,
#8729),(#8730,#8731),(#8732,#8733),(#8734,#8735),(#8736,#8737),(#8738,#8739),
(#8740,#8741),(#8742,#8743),(#8744,#8745),(#8746,#8747),(#8748,#8749),(#8750,
#8751),(#8752,#8753),(#8754,#8755),(#8756,#8757),(#8758,#8759),(#8760,#8761),
(#8762,#8763),(#8764,#8765),(#8766,#8767),(#8768,#8769),(#8770,#8771),(#8772,
#8773),(#8774,#8775),(#8776,#8777),(#8778,#8779),(#8780,#8781),(#8782,#8783),
(#8784,#8785),(#8786,#8787),(#8788,#8789),(#8790,#8791),(#8792,#8793),(#8794,
#8795),(#8796,#8797),(#8798,#8799),(#8800,#8801),(#8802,#8803),(#8804,#8805)),
 .UNSPECIFIED.,.F.,.F.,.F.)
B_SPLINE_SURFACE_WITH_KNOTS((6,1,1,1,1,1,1,1,1,1,1,1,1,1,1,1,1,1,1,1,1,
1,1,1,1,1,1,1,1,1,1,1,1,1,1,1,1,1,1,1,1,1,1,1,1,1,1,1,1,1,1,1,1,1,1,1,1,
1,1,1,1,1,1,1,1,1,1,1,1,1,6),(2,2),(-1.,-0.985714285714284,-0.97142857142857,
-0.957142857142856,-0.942857142857141,-0.928571428571427,-0.914285714285713,
-0.899999999999999,-0.885714285714284,-0.87142857142857,-0.857142857142856,
-0.842857142857142,-0.828571428571428,-0.814285714285713,-0.799999999999999,
-0.785714285714285,-0.771428571428571,-0.757142857142856,-0.742857142857142,
-0.728571428571428,-0.714285714285714,-0.699999999999999,-0.685714285714285,
-0.671428571428571,-0.657142857142857,-0.642857142857142,-0.628571428571428,
-0.614285714285714,-0.6,-0.585714285714286,-0.571428571428571,-0.557142857142857,
-0.542857142857143,-0.528571428571429,-0.514285714285714,-0.5,-0.485714285714286,
-0.471428571428572,-0.457142857142857,-0.442857142857143,-0.428571428571429,
-0.414285714285714,-0.4,-0.385714285714286,-0.371428571428571,-0.357142857142857,
-0.342857142857143,-0.328571428571429,-0.314285714285714,-0.3,-0.285714285714286,
-0.271428571428571,-0.257142857142857,-0.242857142857143,-0.228571428571429,
-0.214285714285714,-0.2,-0.185714285714286,-0.171428571428571,-0.157142857142857,
-0.142857142857143,-0.128571428571429,-0.114285714285714,-0.1,-0.0857142857142857,
-0.0714285714285714,-0.0571428571428571,-0.0428571428571429,-0.0285714285714286,
-0.0142857142857143,0.),(-2.75,1.15),.UNSPECIFIED.)
GEOMETRIC_REPRESENTATION_ITEM()
RATIONAL_B_SPLINE_SURFACE(((1.,1.),(1.,1.),(1.,1.),(1.,1.),(1.,1.),(1.,
1.),(1.,1.),(1.,1.),(1.,1.),(1.,1.),(1.,1.),(1.,1.),(1.,1.),(1.,1.),(1.,
1.),(1.,1.),(1.,1.),(1.,1.),(1.,1.),(1.,1.),(1.,1.),(1.,1.),(1.,1.),(1.,
1.),(1.,1.),(1.,1.),(1.,1.),(1.,1.),(1.,1.),(1.,1.),(1.,1.),(1.,1.),(1.,
1.),(1.,1.),(1.,1.),(1.,1.),(1.,1.),(1.,1.),(1.,1.),(1.,1.),(1.,1.),(1.,
1.),(1.,1.),(1.,1.),(1.,1.),(1.,1.),(1.,1.),(1.,1.),(1.,1.),(1.,1.),(1.,
1.),(1.,1.),(1.,1.),(1.,1.),(1.,1.),(1.,1.),(1.,1.),(1.,1.),(1.,1.),(1.,
1.),(1.,1.),(1.,1.),(1.,1.),(1.,1.),(1.,1.),(1.,1.),(1.,1.),(1.,1.),(1.,
1.),(1.,1.),(1.,1.),(1.,1.),(1.,1.),(1.,1.),(1.,1.)))
REPRESENTATION_ITEM('')
SURFACE()
);
#36=(
BOUNDED_SURFACE()
B_SPLINE_SURFACE(5,1,((#8888,#8889),(#8890,#8891),(#8892,#8893),(#8894,
#8895),(#8896,#8897),(#8898,#8899),(#8900,#8901),(#8902,#8903),(#8904,#8905),
(#8906,#8907),(#8908,#8909),(#8910,#8911),(#8912,#8913),(#8914,#8915),(#8916,
#8917),(#8918,#8919),(#8920,#8921),(#8922,#8923),(#8924,#8925),(#8926,#8927),
(#8928,#8929),(#8930,#8931),(#8932,#8933),(#8934,#8935),(#8936,#8937),(#8938,
#8939),(#8940,#8941),(#8942,#8943),(#8944,#8945),(#8946,#8947),(#8948,#8949),
(#8950,#8951),(#8952,#8953),(#8954,#8955),(#8956,#8957),(#8958,#8959),(#8960,
#8961),(#8962,#8963),(#8964,#8965),(#8966,#8967),(#8968,#8969),(#8970,#8971),
(#8972,#8973),(#8974,#8975),(#8976,#8977),(#8978,#8979),(#8980,#8981),(#8982,
#8983),(#8984,#8985),(#8986,#8987),(#8988,#8989),(#8990,#8991),(#8992,#8993),
(#8994,#8995),(#8996,#8997),(#8998,#8999),(#9000,#9001),(#9002,#9003),(#9004,
#9005),(#9006,#9007),(#9008,#9009),(#9010,#9011),(#9012,#9013),(#9014,#9015),
(#9016,#9017),(#9018,#9019),(#9020,#9021),(#9022,#9023),(#9024,#9025),(#9026,
#9027),(#9028,#9029),(#9030,#9031),(#9032,#9033),(#9034,#9035),(#9036,#9037)),
 .UNSPECIFIED.,.F.,.F.,.F.)
B_SPLINE_SURFACE_WITH_KNOTS((6,1,1,1,1,1,1,1,1,1,1,1,1,1,1,1,1,1,1,1,1,
1,1,1,1,1,1,1,1,1,1,1,1,1,1,1,1,1,1,1,1,1,1,1,1,1,1,1,1,1,1,1,1,1,1,1,1,
1,1,1,1,1,1,1,1,1,1,1,1,1,6),(2,2),(0.,0.0142857142857143,0.0285714285714286,
0.0428571428571429,0.0571428571428571,0.0714285714285714,0.0857142857142857,
0.1,0.114285714285714,0.128571428571429,0.142857142857143,0.157142857142857,
0.171428571428571,0.185714285714286,0.2,0.214285714285714,0.228571428571429,
0.242857142857143,0.257142857142857,0.271428571428571,0.285714285714286,
0.3,0.314285714285714,0.328571428571429,0.342857142857143,0.357142857142857,
0.371428571428571,0.385714285714286,0.4,0.414285714285714,0.428571428571429,
0.442857142857143,0.457142857142857,0.471428571428572,0.485714285714286,
0.5,0.514285714285714,0.528571428571429,0.542857142857143,0.557142857142857,
0.571428571428571,0.585714285714286,0.6,0.614285714285714,0.628571428571428,
0.642857142857142,0.657142857142857,0.671428571428571,0.685714285714285,
0.699999999999999,0.714285714285714,0.728571428571428,0.742857142857142,
0.757142857142856,0.771428571428571,0.785714285714285,0.799999999999999,
0.814285714285713,0.828571428571428,0.842857142857142,0.857142857142856,
0.87142857142857,0.885714285714284,0.899999999999999,0.914285714285713,
0.928571428571427,0.942857142857141,0.957142857142856,0.97142857142857,
0.985714285714284,1.),(-2.75,1.15),.UNSPECIFIED.)
GEOMETRIC_REPRESENTATION_ITEM()
RATIONAL_B_SPLINE_SURFACE(((1.,1.),(1.,1.),(1.,1.),(1.,1.),(1.,1.),(1.,
1.),(1.,1.),(1.,1.),(1.,1.),(1.,1.),(1.,1.),(1.,1.),(1.,1.),(1.,1.),(1.,
1.),(1.,1.),(1.,1.),(1.,1.),(1.,1.),(1.,1.),(1.,1.),(1.,1.),(1.,1.),(1.,
1.),(1.,1.),(1.,1.),(1.,1.),(1.,1.),(1.,1.),(1.,1.),(1.,1.),(1.,1.),(1.,
1.),(1.,1.),(1.,1.),(1.,1.),(1.,1.),(1.,1.),(1.,1.),(1.,1.),(1.,1.),(1.,
1.),(1.,1.),(1.,1.),(1.,1.),(1.,1.),(1.,1.),(1.,1.),(1.,1.),(1.,1.),(1.,
1.),(1.,1.),(1.,1.),(1.,1.),(1.,1.),(1.,1.),(1.,1.),(1.,1.),(1.,1.),(1.,
1.),(1.,1.),(1.,1.),(1.,1.),(1.,1.),(1.,1.),(1.,1.),(1.,1.),(1.,1.),(1.,
1.),(1.,1.),(1.,1.),(1.,1.),(1.,1.),(1.,1.),(1.,1.)))
REPRESENTATION_ITEM('')
SURFACE()
);
#37=(
BOUNDED_SURFACE()
B_SPLINE_SURFACE(5,1,((#9114,#9115),(#9116,#9117),(#9118,#9119),(#9120,
#9121),(#9122,#9123),(#9124,#9125),(#9126,#9127),(#9128,#9129),(#9130,#9131),
(#9132,#9133),(#9134,#9135),(#9136,#9137),(#9138,#9139),(#9140,#9141),(#9142,
#9143),(#9144,#9145),(#9146,#9147),(#9148,#9149),(#9150,#9151),(#9152,#9153),
(#9154,#9155),(#9156,#9157),(#9158,#9159),(#9160,#9161),(#9162,#9163),(#9164,
#9165),(#9166,#9167),(#9168,#9169),(#9170,#9171),(#9172,#9173),(#9174,#9175),
(#9176,#9177),(#9178,#9179),(#9180,#9181),(#9182,#9183),(#9184,#9185),(#9186,
#9187),(#9188,#9189),(#9190,#9191),(#9192,#9193),(#9194,#9195),(#9196,#9197),
(#9198,#9199),(#9200,#9201),(#9202,#9203),(#9204,#9205),(#9206,#9207),(#9208,
#9209),(#9210,#9211),(#9212,#9213),(#9214,#9215),(#9216,#9217),(#9218,#9219),
(#9220,#9221),(#9222,#9223),(#9224,#9225),(#9226,#9227),(#9228,#9229),(#9230,
#9231),(#9232,#9233),(#9234,#9235),(#9236,#9237),(#9238,#9239),(#9240,#9241),
(#9242,#9243),(#9244,#9245),(#9246,#9247),(#9248,#9249),(#9250,#9251),(#9252,
#9253),(#9254,#9255),(#9256,#9257),(#9258,#9259),(#9260,#9261),(#9262,#9263)),
 .UNSPECIFIED.,.F.,.F.,.F.)
B_SPLINE_SURFACE_WITH_KNOTS((6,1,1,1,1,1,1,1,1,1,1,1,1,1,1,1,1,1,1,1,1,
1,1,1,1,1,1,1,1,1,1,1,1,1,1,1,1,1,1,1,1,1,1,1,1,1,1,1,1,1,1,1,1,1,1,1,1,
1,1,1,1,1,1,1,1,1,1,1,1,1,6),(2,2),(-1.,-0.985714285714284,-0.97142857142857,
-0.957142857142856,-0.942857142857141,-0.928571428571427,-0.914285714285713,
-0.899999999999999,-0.885714285714284,-0.87142857142857,-0.857142857142856,
-0.842857142857142,-0.828571428571428,-0.814285714285713,-0.799999999999999,
-0.785714285714285,-0.771428571428571,-0.757142857142856,-0.742857142857142,
-0.728571428571428,-0.714285714285714,-0.699999999999999,-0.685714285714285,
-0.671428571428571,-0.657142857142857,-0.642857142857142,-0.628571428571428,
-0.614285714285714,-0.6,-0.585714285714286,-0.571428571428571,-0.557142857142857,
-0.542857142857143,-0.528571428571429,-0.514285714285714,-0.5,-0.485714285714286,
-0.471428571428572,-0.457142857142857,-0.442857142857143,-0.428571428571429,
-0.414285714285714,-0.4,-0.385714285714286,-0.371428571428571,-0.357142857142857,
-0.342857142857143,-0.328571428571429,-0.314285714285714,-0.3,-0.285714285714286,
-0.271428571428571,-0.257142857142857,-0.242857142857143,-0.228571428571429,
-0.214285714285714,-0.2,-0.185714285714286,-0.171428571428571,-0.157142857142857,
-0.142857142857143,-0.128571428571429,-0.114285714285714,-0.1,-0.0857142857142857,
-0.0714285714285714,-0.0571428571428571,-0.0428571428571429,-0.0285714285714286,
-0.0142857142857143,0.),(-2.75,1.15),.UNSPECIFIED.)
GEOMETRIC_REPRESENTATION_ITEM()
RATIONAL_B_SPLINE_SURFACE(((1.,1.),(1.,1.),(1.,1.),(1.,1.),(1.,1.),(1.,
1.),(1.,1.),(1.,1.),(1.,1.),(1.,1.),(1.,1.),(1.,1.),(1.,1.),(1.,1.),(1.,
1.),(1.,1.),(1.,1.),(1.,1.),(1.,1.),(1.,1.),(1.,1.),(1.,1.),(1.,1.),(1.,
1.),(1.,1.),(1.,1.),(1.,1.),(1.,1.),(1.,1.),(1.,1.),(1.,1.),(1.,1.),(1.,
1.),(1.,1.),(1.,1.),(1.,1.),(1.,1.),(1.,1.),(1.,1.),(1.,1.),(1.,1.),(1.,
1.),(1.,1.),(1.,1.),(1.,1.),(1.,1.),(1.,1.),(1.,1.),(1.,1.),(1.,1.),(1.,
1.),(1.,1.),(1.,1.),(1.,1.),(1.,1.),(1.,1.),(1.,1.),(1.,1.),(1.,1.),(1.,
1.),(1.,1.),(1.,1.),(1.,1.),(1.,1.),(1.,1.),(1.,1.),(1.,1.),(1.,1.),(1.,
1.),(1.,1.),(1.,1.),(1.,1.),(1.,1.),(1.,1.),(1.,1.)))
REPRESENTATION_ITEM('')
SURFACE()
);
#38=(
BOUNDED_SURFACE()
B_SPLINE_SURFACE(5,1,((#9346,#9347),(#9348,#9349),(#9350,#9351),(#9352,
#9353),(#9354,#9355),(#9356,#9357),(#9358,#9359),(#9360,#9361),(#9362,#9363),
(#9364,#9365),(#9366,#9367),(#9368,#9369),(#9370,#9371),(#9372,#9373),(#9374,
#9375),(#9376,#9377),(#9378,#9379),(#9380,#9381),(#9382,#9383),(#9384,#9385),
(#9386,#9387),(#9388,#9389),(#9390,#9391),(#9392,#9393),(#9394,#9395),(#9396,
#9397),(#9398,#9399),(#9400,#9401),(#9402,#9403),(#9404,#9405),(#9406,#9407),
(#9408,#9409),(#9410,#9411),(#9412,#9413),(#9414,#9415),(#9416,#9417),(#9418,
#9419),(#9420,#9421),(#9422,#9423),(#9424,#9425),(#9426,#9427),(#9428,#9429),
(#9430,#9431),(#9432,#9433),(#9434,#9435),(#9436,#9437),(#9438,#9439),(#9440,
#9441),(#9442,#9443),(#9444,#9445),(#9446,#9447),(#9448,#9449),(#9450,#9451),
(#9452,#9453),(#9454,#9455),(#9456,#9457),(#9458,#9459),(#9460,#9461),(#9462,
#9463),(#9464,#9465),(#9466,#9467),(#9468,#9469),(#9470,#9471),(#9472,#9473),
(#9474,#9475),(#9476,#9477),(#9478,#9479),(#9480,#9481),(#9482,#9483),(#9484,
#9485),(#9486,#9487),(#9488,#9489),(#9490,#9491),(#9492,#9493),(#9494,#9495)),
 .UNSPECIFIED.,.F.,.F.,.F.)
B_SPLINE_SURFACE_WITH_KNOTS((6,1,1,1,1,1,1,1,1,1,1,1,1,1,1,1,1,1,1,1,1,
1,1,1,1,1,1,1,1,1,1,1,1,1,1,1,1,1,1,1,1,1,1,1,1,1,1,1,1,1,1,1,1,1,1,1,1,
1,1,1,1,1,1,1,1,1,1,1,1,1,6),(2,2),(0.,0.0142857142857143,0.0285714285714286,
0.0428571428571429,0.0571428571428571,0.0714285714285714,0.0857142857142857,
0.1,0.114285714285714,0.128571428571429,0.142857142857143,0.157142857142857,
0.171428571428571,0.185714285714286,0.2,0.214285714285714,0.228571428571429,
0.242857142857143,0.257142857142857,0.271428571428571,0.285714285714286,
0.3,0.314285714285714,0.328571428571429,0.342857142857143,0.357142857142857,
0.371428571428571,0.385714285714286,0.4,0.414285714285714,0.428571428571429,
0.442857142857143,0.457142857142857,0.471428571428572,0.485714285714286,
0.5,0.514285714285714,0.528571428571429,0.542857142857143,0.557142857142857,
0.571428571428571,0.585714285714286,0.6,0.614285714285714,0.628571428571428,
0.642857142857142,0.657142857142857,0.671428571428571,0.685714285714285,
0.699999999999999,0.714285714285714,0.728571428571428,0.742857142857142,
0.757142857142856,0.771428571428571,0.785714285714285,0.799999999999999,
0.814285714285713,0.828571428571428,0.842857142857142,0.857142857142856,
0.87142857142857,0.885714285714284,0.899999999999999,0.914285714285713,
0.928571428571427,0.942857142857141,0.957142857142856,0.97142857142857,
0.985714285714284,1.),(-2.75,1.15),.UNSPECIFIED.)
GEOMETRIC_REPRESENTATION_ITEM()
RATIONAL_B_SPLINE_SURFACE(((1.,1.),(1.,1.),(1.,1.),(1.,1.),(1.,1.),(1.,
1.),(1.,1.),(1.,1.),(1.,1.),(1.,1.),(1.,1.),(1.,1.),(1.,1.),(1.,1.),(1.,
1.),(1.,1.),(1.,1.),(1.,1.),(1.,1.),(1.,1.),(1.,1.),(1.,1.),(1.,1.),(1.,
1.),(1.,1.),(1.,1.),(1.,1.),(1.,1.),(1.,1.),(1.,1.),(1.,1.),(1.,1.),(1.,
1.),(1.,1.),(1.,1.),(1.,1.),(1.,1.),(1.,1.),(1.,1.),(1.,1.),(1.,1.),(1.,
1.),(1.,1.),(1.,1.),(1.,1.),(1.,1.),(1.,1.),(1.,1.),(1.,1.),(1.,1.),(1.,
1.),(1.,1.),(1.,1.),(1.,1.),(1.,1.),(1.,1.),(1.,1.),(1.,1.),(1.,1.),(1.,
1.),(1.,1.),(1.,1.),(1.,1.),(1.,1.),(1.,1.),(1.,1.),(1.,1.),(1.,1.),(1.,
1.),(1.,1.),(1.,1.),(1.,1.),(1.,1.),(1.,1.),(1.,1.)))
REPRESENTATION_ITEM('')
SURFACE()
);
#39=(
BOUNDED_SURFACE()
B_SPLINE_SURFACE(5,1,((#9572,#9573),(#9574,#9575),(#9576,#9577),(#9578,
#9579),(#9580,#9581),(#9582,#9583),(#9584,#9585),(#9586,#9587),(#9588,#9589),
(#9590,#9591),(#9592,#9593),(#9594,#9595),(#9596,#9597),(#9598,#9599),(#9600,
#9601),(#9602,#9603),(#9604,#9605),(#9606,#9607),(#9608,#9609),(#9610,#9611),
(#9612,#9613),(#9614,#9615),(#9616,#9617),(#9618,#9619),(#9620,#9621),(#9622,
#9623),(#9624,#9625),(#9626,#9627),(#9628,#9629),(#9630,#9631),(#9632,#9633),
(#9634,#9635),(#9636,#9637),(#9638,#9639),(#9640,#9641),(#9642,#9643),(#9644,
#9645),(#9646,#9647),(#9648,#9649),(#9650,#9651),(#9652,#9653),(#9654,#9655),
(#9656,#9657),(#9658,#9659),(#9660,#9661),(#9662,#9663),(#9664,#9665),(#9666,
#9667),(#9668,#9669),(#9670,#9671),(#9672,#9673),(#9674,#9675),(#9676,#9677),
(#9678,#9679),(#9680,#9681),(#9682,#9683),(#9684,#9685),(#9686,#9687),(#9688,
#9689),(#9690,#9691),(#9692,#9693),(#9694,#9695),(#9696,#9697),(#9698,#9699),
(#9700,#9701),(#9702,#9703),(#9704,#9705),(#9706,#9707),(#9708,#9709),(#9710,
#9711),(#9712,#9713),(#9714,#9715),(#9716,#9717),(#9718,#9719),(#9720,#9721)),
 .UNSPECIFIED.,.F.,.F.,.F.)
B_SPLINE_SURFACE_WITH_KNOTS((6,1,1,1,1,1,1,1,1,1,1,1,1,1,1,1,1,1,1,1,1,
1,1,1,1,1,1,1,1,1,1,1,1,1,1,1,1,1,1,1,1,1,1,1,1,1,1,1,1,1,1,1,1,1,1,1,1,
1,1,1,1,1,1,1,1,1,1,1,1,1,6),(2,2),(-1.,-0.985714285714284,-0.97142857142857,
-0.957142857142856,-0.942857142857141,-0.928571428571427,-0.914285714285713,
-0.899999999999999,-0.885714285714284,-0.87142857142857,-0.857142857142856,
-0.842857142857142,-0.828571428571428,-0.814285714285713,-0.799999999999999,
-0.785714285714285,-0.771428571428571,-0.757142857142856,-0.742857142857142,
-0.728571428571428,-0.714285714285714,-0.699999999999999,-0.685714285714285,
-0.671428571428571,-0.657142857142857,-0.642857142857142,-0.628571428571428,
-0.614285714285714,-0.6,-0.585714285714286,-0.571428571428571,-0.557142857142857,
-0.542857142857143,-0.528571428571429,-0.514285714285714,-0.5,-0.485714285714286,
-0.471428571428572,-0.457142857142857,-0.442857142857143,-0.428571428571429,
-0.414285714285714,-0.4,-0.385714285714286,-0.371428571428571,-0.357142857142857,
-0.342857142857143,-0.328571428571429,-0.314285714285714,-0.3,-0.285714285714286,
-0.271428571428571,-0.257142857142857,-0.242857142857143,-0.228571428571429,
-0.214285714285714,-0.2,-0.185714285714286,-0.171428571428571,-0.157142857142857,
-0.142857142857143,-0.128571428571429,-0.114285714285714,-0.1,-0.0857142857142857,
-0.0714285714285714,-0.0571428571428571,-0.0428571428571429,-0.0285714285714286,
-0.0142857142857143,0.),(-2.75,1.15),.UNSPECIFIED.)
GEOMETRIC_REPRESENTATION_ITEM()
RATIONAL_B_SPLINE_SURFACE(((1.,1.),(1.,1.),(1.,1.),(1.,1.),(1.,1.),(1.,
1.),(1.,1.),(1.,1.),(1.,1.),(1.,1.),(1.,1.),(1.,1.),(1.,1.),(1.,1.),(1.,
1.),(1.,1.),(1.,1.),(1.,1.),(1.,1.),(1.,1.),(1.,1.),(1.,1.),(1.,1.),(1.,
1.),(1.,1.),(1.,1.),(1.,1.),(1.,1.),(1.,1.),(1.,1.),(1.,1.),(1.,1.),(1.,
1.),(1.,1.),(1.,1.),(1.,1.),(1.,1.),(1.,1.),(1.,1.),(1.,1.),(1.,1.),(1.,
1.),(1.,1.),(1.,1.),(1.,1.),(1.,1.),(1.,1.),(1.,1.),(1.,1.),(1.,1.),(1.,
1.),(1.,1.),(1.,1.),(1.,1.),(1.,1.),(1.,1.),(1.,1.),(1.,1.),(1.,1.),(1.,
1.),(1.,1.),(1.,1.),(1.,1.),(1.,1.),(1.,1.),(1.,1.),(1.,1.),(1.,1.),(1.,
1.),(1.,1.),(1.,1.),(1.,1.),(1.,1.),(1.,1.),(1.,1.)))
REPRESENTATION_ITEM('')
SURFACE()
);
#40=(
BOUNDED_SURFACE()
B_SPLINE_SURFACE(5,1,((#9804,#9805),(#9806,#9807),(#9808,#9809),(#9810,
#9811),(#9812,#9813),(#9814,#9815),(#9816,#9817),(#9818,#9819),(#9820,#9821),
(#9822,#9823),(#9824,#9825),(#9826,#9827),(#9828,#9829),(#9830,#9831),(#9832,
#9833),(#9834,#9835),(#9836,#9837),(#9838,#9839),(#9840,#9841),(#9842,#9843),
(#9844,#9845),(#9846,#9847),(#9848,#9849),(#9850,#9851),(#9852,#9853),(#9854,
#9855),(#9856,#9857),(#9858,#9859),(#9860,#9861),(#9862,#9863),(#9864,#9865),
(#9866,#9867),(#9868,#9869),(#9870,#9871),(#9872,#9873),(#9874,#9875),(#9876,
#9877),(#9878,#9879),(#9880,#9881),(#9882,#9883),(#9884,#9885),(#9886,#9887),
(#9888,#9889),(#9890,#9891),(#9892,#9893),(#9894,#9895),(#9896,#9897),(#9898,
#9899),(#9900,#9901),(#9902,#9903),(#9904,#9905),(#9906,#9907),(#9908,#9909),
(#9910,#9911),(#9912,#9913),(#9914,#9915),(#9916,#9917),(#9918,#9919),(#9920,
#9921),(#9922,#9923),(#9924,#9925),(#9926,#9927),(#9928,#9929),(#9930,#9931),
(#9932,#9933),(#9934,#9935),(#9936,#9937),(#9938,#9939),(#9940,#9941),(#9942,
#9943),(#9944,#9945),(#9946,#9947),(#9948,#9949),(#9950,#9951),(#9952,#9953)),
 .UNSPECIFIED.,.F.,.F.,.F.)
B_SPLINE_SURFACE_WITH_KNOTS((6,1,1,1,1,1,1,1,1,1,1,1,1,1,1,1,1,1,1,1,1,
1,1,1,1,1,1,1,1,1,1,1,1,1,1,1,1,1,1,1,1,1,1,1,1,1,1,1,1,1,1,1,1,1,1,1,1,
1,1,1,1,1,1,1,1,1,1,1,1,1,6),(2,2),(0.,0.0142857142857143,0.0285714285714286,
0.0428571428571429,0.0571428571428571,0.0714285714285714,0.0857142857142857,
0.1,0.114285714285714,0.128571428571429,0.142857142857143,0.157142857142857,
0.171428571428571,0.185714285714286,0.2,0.214285714285714,0.228571428571429,
0.242857142857143,0.257142857142857,0.271428571428571,0.285714285714286,
0.3,0.314285714285714,0.328571428571429,0.342857142857143,0.357142857142857,
0.371428571428571,0.385714285714286,0.4,0.414285714285714,0.428571428571429,
0.442857142857143,0.457142857142857,0.471428571428572,0.485714285714286,
0.5,0.514285714285714,0.528571428571429,0.542857142857143,0.557142857142857,
0.571428571428571,0.585714285714286,0.6,0.614285714285714,0.628571428571428,
0.642857142857142,0.657142857142857,0.671428571428571,0.685714285714285,
0.699999999999999,0.714285714285714,0.728571428571428,0.742857142857142,
0.757142857142856,0.771428571428571,0.785714285714285,0.799999999999999,
0.814285714285713,0.828571428571428,0.842857142857142,0.857142857142856,
0.87142857142857,0.885714285714284,0.899999999999999,0.914285714285713,
0.928571428571427,0.942857142857141,0.957142857142856,0.97142857142857,
0.985714285714284,1.),(-2.75,1.15),.UNSPECIFIED.)
GEOMETRIC_REPRESENTATION_ITEM()
RATIONAL_B_SPLINE_SURFACE(((1.,1.),(1.,1.),(1.,1.),(1.,1.),(1.,1.),(1.,
1.),(1.,1.),(1.,1.),(1.,1.),(1.,1.),(1.,1.),(1.,1.),(1.,1.),(1.,1.),(1.,
1.),(1.,1.),(1.,1.),(1.,1.),(1.,1.),(1.,1.),(1.,1.),(1.,1.),(1.,1.),(1.,
1.),(1.,1.),(1.,1.),(1.,1.),(1.,1.),(1.,1.),(1.,1.),(1.,1.),(1.,1.),(1.,
1.),(1.,1.),(1.,1.),(1.,1.),(1.,1.),(1.,1.),(1.,1.),(1.,1.),(1.,1.),(1.,
1.),(1.,1.),(1.,1.),(1.,1.),(1.,1.),(1.,1.),(1.,1.),(1.,1.),(1.,1.),(1.,
1.),(1.,1.),(1.,1.),(1.,1.),(1.,1.),(1.,1.),(1.,1.),(1.,1.),(1.,1.),(1.,
1.),(1.,1.),(1.,1.),(1.,1.),(1.,1.),(1.,1.),(1.,1.),(1.,1.),(1.,1.),(1.,
1.),(1.,1.),(1.,1.),(1.,1.),(1.,1.),(1.,1.),(1.,1.)))
REPRESENTATION_ITEM('')
SURFACE()
);
#41=(
BOUNDED_SURFACE()
B_SPLINE_SURFACE(5,1,((#10231,#10232),(#10233,#10234),(#10235,#10236),(#10237,
#10238),(#10239,#10240),(#10241,#10242),(#10243,#10244),(#10245,#10246),
(#10247,#10248),(#10249,#10250),(#10251,#10252),(#10253,#10254),(#10255,
#10256),(#10257,#10258),(#10259,#10260),(#10261,#10262),(#10263,#10264),
(#10265,#10266),(#10267,#10268),(#10269,#10270),(#10271,#10272),(#10273,
#10274),(#10275,#10276),(#10277,#10278),(#10279,#10280),(#10281,#10282),
(#10283,#10284),(#10285,#10286),(#10287,#10288),(#10289,#10290),(#10291,
#10292),(#10293,#10294),(#10295,#10296),(#10297,#10298),(#10299,#10300),
(#10301,#10302),(#10303,#10304),(#10305,#10306),(#10307,#10308),(#10309,
#10310),(#10311,#10312),(#10313,#10314),(#10315,#10316),(#10317,#10318),
(#10319,#10320),(#10321,#10322),(#10323,#10324),(#10325,#10326),(#10327,
#10328),(#10329,#10330),(#10331,#10332),(#10333,#10334),(#10335,#10336),
(#10337,#10338),(#10339,#10340),(#10341,#10342),(#10343,#10344),(#10345,
#10346),(#10347,#10348),(#10349,#10350),(#10351,#10352),(#10353,#10354),
(#10355,#10356),(#10357,#10358),(#10359,#10360),(#10361,#10362),(#10363,
#10364),(#10365,#10366),(#10367,#10368),(#10369,#10370),(#10371,#10372),
(#10373,#10374),(#10375,#10376),(#10377,#10378),(#10379,#10380)),
 .UNSPECIFIED.,.F.,.F.,.F.)
B_SPLINE_SURFACE_WITH_KNOTS((6,1,1,1,1,1,1,1,1,1,1,1,1,1,1,1,1,1,1,1,1,
1,1,1,1,1,1,1,1,1,1,1,1,1,1,1,1,1,1,1,1,1,1,1,1,1,1,1,1,1,1,1,1,1,1,1,1,
1,1,1,1,1,1,1,1,1,1,1,1,1,6),(2,2),(-1.,-0.985714285714284,-0.97142857142857,
-0.957142857142856,-0.942857142857141,-0.928571428571427,-0.914285714285713,
-0.899999999999999,-0.885714285714284,-0.87142857142857,-0.857142857142856,
-0.842857142857142,-0.828571428571428,-0.814285714285713,-0.799999999999999,
-0.785714285714285,-0.771428571428571,-0.757142857142856,-0.742857142857142,
-0.728571428571428,-0.714285714285714,-0.699999999999999,-0.685714285714285,
-0.671428571428571,-0.657142857142857,-0.642857142857142,-0.628571428571428,
-0.614285714285714,-0.6,-0.585714285714286,-0.571428571428571,-0.557142857142857,
-0.542857142857143,-0.528571428571429,-0.514285714285714,-0.5,-0.485714285714286,
-0.471428571428572,-0.457142857142857,-0.442857142857143,-0.428571428571429,
-0.414285714285714,-0.4,-0.385714285714286,-0.371428571428571,-0.357142857142857,
-0.342857142857143,-0.328571428571429,-0.314285714285714,-0.3,-0.285714285714286,
-0.271428571428571,-0.257142857142857,-0.242857142857143,-0.228571428571429,
-0.214285714285714,-0.2,-0.185714285714286,-0.171428571428571,-0.157142857142857,
-0.142857142857143,-0.128571428571429,-0.114285714285714,-0.1,-0.0857142857142857,
-0.0714285714285714,-0.0571428571428571,-0.0428571428571429,-0.0285714285714286,
-0.0142857142857143,0.),(-2.75,1.15),.UNSPECIFIED.)
GEOMETRIC_REPRESENTATION_ITEM()
RATIONAL_B_SPLINE_SURFACE(((1.,1.),(1.,1.),(1.,1.),(1.,1.),(1.,1.),(1.,
1.),(1.,1.),(1.,1.),(1.,1.),(1.,1.),(1.,1.),(1.,1.),(1.,1.),(1.,1.),(1.,
1.),(1.,1.),(1.,1.),(1.,1.),(1.,1.),(1.,1.),(1.,1.),(1.,1.),(1.,1.),(1.,
1.),(1.,1.),(1.,1.),(1.,1.),(1.,1.),(1.,1.),(1.,1.),(1.,1.),(1.,1.),(1.,
1.),(1.,1.),(1.,1.),(1.,1.),(1.,1.),(1.,1.),(1.,1.),(1.,1.),(1.,1.),(1.,
1.),(1.,1.),(1.,1.),(1.,1.),(1.,1.),(1.,1.),(1.,1.),(1.,1.),(1.,1.),(1.,
1.),(1.,1.),(1.,1.),(1.,1.),(1.,1.),(1.,1.),(1.,1.),(1.,1.),(1.,1.),(1.,
1.),(1.,1.),(1.,1.),(1.,1.),(1.,1.),(1.,1.),(1.,1.),(1.,1.),(1.,1.),(1.,
1.),(1.,1.),(1.,1.),(1.,1.),(1.,1.),(1.,1.),(1.,1.)))
REPRESENTATION_ITEM('')
SURFACE()
);
#42=(
BOUNDED_SURFACE()
B_SPLINE_SURFACE(5,1,((#10384,#10385),(#10386,#10387),(#10388,#10389),(#10390,
#10391),(#10392,#10393),(#10394,#10395),(#10396,#10397),(#10398,#10399),
(#10400,#10401),(#10402,#10403),(#10404,#10405),(#10406,#10407),(#10408,
#10409),(#10410,#10411),(#10412,#10413),(#10414,#10415),(#10416,#10417),
(#10418,#10419),(#10420,#10421),(#10422,#10423),(#10424,#10425),(#10426,
#10427),(#10428,#10429),(#10430,#10431),(#10432,#10433),(#10434,#10435),
(#10436,#10437),(#10438,#10439),(#10440,#10441),(#10442,#10443),(#10444,
#10445),(#10446,#10447),(#10448,#10449),(#10450,#10451),(#10452,#10453),
(#10454,#10455),(#10456,#10457),(#10458,#10459),(#10460,#10461),(#10462,
#10463),(#10464,#10465),(#10466,#10467),(#10468,#10469),(#10470,#10471),
(#10472,#10473),(#10474,#10475),(#10476,#10477),(#10478,#10479),(#10480,
#10481),(#10482,#10483),(#10484,#10485),(#10486,#10487),(#10488,#10489),
(#10490,#10491),(#10492,#10493),(#10494,#10495),(#10496,#10497),(#10498,
#10499),(#10500,#10501),(#10502,#10503),(#10504,#10505),(#10506,#10507),
(#10508,#10509),(#10510,#10511),(#10512,#10513),(#10514,#10515),(#10516,
#10517),(#10518,#10519),(#10520,#10521),(#10522,#10523),(#10524,#10525),
(#10526,#10527),(#10528,#10529),(#10530,#10531),(#10532,#10533)),
 .UNSPECIFIED.,.F.,.F.,.F.)
B_SPLINE_SURFACE_WITH_KNOTS((6,1,1,1,1,1,1,1,1,1,1,1,1,1,1,1,1,1,1,1,1,
1,1,1,1,1,1,1,1,1,1,1,1,1,1,1,1,1,1,1,1,1,1,1,1,1,1,1,1,1,1,1,1,1,1,1,1,
1,1,1,1,1,1,1,1,1,1,1,1,1,6),(2,2),(0.,0.0142857142857143,0.0285714285714286,
0.0428571428571429,0.0571428571428571,0.0714285714285714,0.0857142857142857,
0.1,0.114285714285714,0.128571428571429,0.142857142857143,0.157142857142857,
0.171428571428571,0.185714285714286,0.2,0.214285714285714,0.228571428571429,
0.242857142857143,0.257142857142857,0.271428571428571,0.285714285714286,
0.3,0.314285714285714,0.328571428571429,0.342857142857143,0.357142857142857,
0.371428571428571,0.385714285714286,0.4,0.414285714285714,0.428571428571429,
0.442857142857143,0.457142857142857,0.471428571428572,0.485714285714286,
0.5,0.514285714285714,0.528571428571429,0.542857142857143,0.557142857142857,
0.571428571428571,0.585714285714286,0.6,0.614285714285714,0.628571428571428,
0.642857142857142,0.657142857142857,0.671428571428571,0.685714285714285,
0.699999999999999,0.714285714285714,0.728571428571428,0.742857142857142,
0.757142857142856,0.771428571428571,0.785714285714285,0.799999999999999,
0.814285714285713,0.828571428571428,0.842857142857142,0.857142857142856,
0.87142857142857,0.885714285714284,0.899999999999999,0.914285714285713,
0.928571428571427,0.942857142857141,0.957142857142856,0.97142857142857,
0.985714285714284,1.),(-2.75,1.15),.UNSPECIFIED.)
GEOMETRIC_REPRESENTATION_ITEM()
RATIONAL_B_SPLINE_SURFACE(((1.,1.),(1.,1.),(1.,1.),(1.,1.),(1.,1.),(1.,
1.),(1.,1.),(1.,1.),(1.,1.),(1.,1.),(1.,1.),(1.,1.),(1.,1.),(1.,1.),(1.,
1.),(1.,1.),(1.,1.),(1.,1.),(1.,1.),(1.,1.),(1.,1.),(1.,1.),(1.,1.),(1.,
1.),(1.,1.),(1.,1.),(1.,1.),(1.,1.),(1.,1.),(1.,1.),(1.,1.),(1.,1.),(1.,
1.),(1.,1.),(1.,1.),(1.,1.),(1.,1.),(1.,1.),(1.,1.),(1.,1.),(1.,1.),(1.,
1.),(1.,1.),(1.,1.),(1.,1.),(1.,1.),(1.,1.),(1.,1.),(1.,1.),(1.,1.),(1.,
1.),(1.,1.),(1.,1.),(1.,1.),(1.,1.),(1.,1.),(1.,1.),(1.,1.),(1.,1.),(1.,
1.),(1.,1.),(1.,1.),(1.,1.),(1.,1.),(1.,1.),(1.,1.),(1.,1.),(1.,1.),(1.,
1.),(1.,1.),(1.,1.),(1.,1.),(1.,1.),(1.,1.),(1.,1.)))
REPRESENTATION_ITEM('')
SURFACE()
);
#43=FACE_BOUND('',#358,.T.);
#44=FACE_BOUND('',#445,.T.);
#45=FACE_BOUND('',#446,.T.);
#46=FACE_BOUND('',#447,.T.);
#47=FACE_BOUND('',#448,.T.);
#48=FACE_BOUND('',#449,.T.);
#49=FACE_BOUND('',#450,.T.);
#50=FACE_BOUND('',#451,.T.);
#51=FACE_BOUND('',#452,.T.);
#52=FACE_BOUND('',#453,.T.);
#53=FACE_BOUND('',#473,.T.);
#54=FACE_BOUND('',#474,.T.);
#55=FACE_BOUND('',#475,.T.);
#56=FACE_BOUND('',#476,.T.);
#57=FACE_BOUND('',#477,.T.);
#58=FACE_BOUND('',#478,.T.);
#59=FACE_BOUND('',#479,.T.);
#60=FACE_BOUND('',#480,.T.);
#61=FACE_BOUND('',#481,.T.);
#62=PLANE('',#2783);
#63=PLANE('',#2858);
#64=PLANE('',#2861);
#65=PLANE('',#2864);
#66=PLANE('',#2867);
#67=PLANE('',#2870);
#68=PLANE('',#2873);
#69=PLANE('',#2876);
#70=PLANE('',#2879);
#71=PLANE('',#2882);
#72=PLANE('',#2885);
#73=PLANE('',#2888);
#74=PLANE('',#2891);
#75=PLANE('',#2894);
#76=PLANE('',#2897);
#77=PLANE('',#2900);
#78=PLANE('',#2903);
#79=PLANE('',#2906);
#80=PLANE('',#2909);
#81=PLANE('',#2912);
#82=PLANE('',#2915);
#83=PLANE('',#2918);
#84=PLANE('',#2921);
#85=PLANE('',#2944);
#86=PLANE('',#2973);
#87=PLANE('',#2975);
#88=PLANE('',#2977);
#89=B_SPLINE_CURVE_WITH_KNOTS('',3,(#3709,#3710,#3711,#3712,#3713,#3714,
#3715,#3716),.UNSPECIFIED.,.F.,.F.,(4,2,2,4),(-0.0924009048234126,-0.067732908612139,
-0.0293756539529214,0.),.UNSPECIFIED.);
#90=B_SPLINE_CURVE_WITH_KNOTS('',3,(#3720,#3721,#3722,#3723,#3724,#3725,
#3726,#3727),.UNSPECIFIED.,.F.,.F.,(4,2,2,4),(-0.0924009048234126,-0.067732908612139,
-0.0293756539529214,0.),.UNSPECIFIED.);
#91=B_SPLINE_CURVE_WITH_KNOTS('',3,(#3747,#3748,#3749,#3750,#3751,#3752,
#3753,#3754),.UNSPECIFIED.,.F.,.F.,(4,2,2,4),(-0.529014468495908,-0.392061704272039,
-0.235752457211804,0.),.UNSPECIFIED.);
#92=B_SPLINE_CURVE_WITH_KNOTS('',3,(#3758,#3759,#3760,#3761,#3762,#3763,
#3764,#3765),.UNSPECIFIED.,.F.,.F.,(4,2,2,4),(-0.529014468495908,-0.392061704272039,
-0.235752457211804,0.),.UNSPECIFIED.);
#93=B_SPLINE_CURVE_WITH_KNOTS('',3,(#3785,#3786,#3787,#3788,#3789,#3790,
#3791,#3792),.UNSPECIFIED.,.F.,.F.,(4,2,2,4),(-0.0924009048625423,-0.0677329086367141,
-0.0293756539563227,0.),.UNSPECIFIED.);
#94=B_SPLINE_CURVE_WITH_KNOTS('',3,(#3796,#3797,#3798,#3799,#3800,#3801,
#3802,#3803),.UNSPECIFIED.,.F.,.F.,(4,2,2,4),(-0.0924009048625423,-0.0677329086367141,
-0.0293756539563227,0.),.UNSPECIFIED.);
#95=B_SPLINE_CURVE_WITH_KNOTS('',3,(#3823,#3824,#3825,#3826,#3827,#3828,
#3829,#3830),.UNSPECIFIED.,.F.,.F.,(4,2,2,4),(-0.529014468367739,-0.392061704310481,
-0.235752457239193,0.),.UNSPECIFIED.);
#96=B_SPLINE_CURVE_WITH_KNOTS('',3,(#3834,#3835,#3836,#3837,#3838,#3839,
#3840,#3841),.UNSPECIFIED.,.F.,.F.,(4,2,2,4),(-0.529014468367739,-0.392061704310481,
-0.235752457239193,0.),.UNSPECIFIED.);
#97=B_SPLINE_CURVE_WITH_KNOTS('',3,(#3861,#3862,#3863,#3864,#3865,#3866,
#3867,#3868),.UNSPECIFIED.,.F.,.F.,(4,2,2,4),(-0.0924009048094717,-0.0677329086051595,
-0.0293756539541035,0.),.UNSPECIFIED.);
#98=B_SPLINE_CURVE_WITH_KNOTS('',3,(#3872,#3873,#3874,#3875,#3876,#3877,
#3878,#3879),.UNSPECIFIED.,.F.,.F.,(4,2,2,4),(-0.0924009048094717,-0.0677329086051595,
-0.0293756539541035,0.),.UNSPECIFIED.);
#99=B_SPLINE_CURVE_WITH_KNOTS('',3,(#3899,#3900,#3901,#3902,#3903,#3904,
#3905,#3906),.UNSPECIFIED.,.F.,.F.,(4,2,2,4),(-0.529014468455026,-0.392061704272929,
-0.235752457213191,0.),.UNSPECIFIED.);
#100=B_SPLINE_CURVE_WITH_KNOTS('',3,(#3910,#3911,#3912,#3913,#3914,#3915,
#3916,#3917),.UNSPECIFIED.,.F.,.F.,(4,2,2,4),(-0.529014468455026,-0.392061704272929,
-0.235752457213191,0.),.UNSPECIFIED.);
#101=B_SPLINE_CURVE_WITH_KNOTS('',3,(#3937,#3938,#3939,#3940,#3941,#3942,
#3943,#3944),.UNSPECIFIED.,.F.,.F.,(4,2,2,4),(-0.0924009048234126,-0.067732908612139,
-0.0293756539529214,0.),.UNSPECIFIED.);
#102=B_SPLINE_CURVE_WITH_KNOTS('',3,(#3948,#3949,#3950,#3951,#3952,#3953,
#3954,#3955),.UNSPECIFIED.,.F.,.F.,(4,2,2,4),(-0.0924009048234126,-0.067732908612139,
-0.0293756539529214,0.),.UNSPECIFIED.);
#103=B_SPLINE_CURVE_WITH_KNOTS('',3,(#3975,#3976,#3977,#3978,#3979,#3980,
#3981,#3982),.UNSPECIFIED.,.F.,.F.,(4,2,2,4),(-0.529014468495908,-0.392061704272039,
-0.235752457211804,0.),.UNSPECIFIED.);
#104=B_SPLINE_CURVE_WITH_KNOTS('',3,(#3986,#3987,#3988,#3989,#3990,#3991,
#3992,#3993),.UNSPECIFIED.,.F.,.F.,(4,2,2,4),(-0.529014468495908,-0.392061704272039,
-0.235752457211804,0.),.UNSPECIFIED.);
#105=B_SPLINE_CURVE_WITH_KNOTS('',3,(#4013,#4014,#4015,#4016,#4017,#4018,
#4019,#4020),.UNSPECIFIED.,.F.,.F.,(4,2,2,4),(-0.0924009047435779,-0.0677329085668827,
-0.0293756539540153,0.),.UNSPECIFIED.);
#106=B_SPLINE_CURVE_WITH_KNOTS('',3,(#4024,#4025,#4026,#4027,#4028,#4029,
#4030,#4031),.UNSPECIFIED.,.F.,.F.,(4,2,2,4),(-0.0924009047435779,-0.0677329085668827,
-0.0293756539540153,0.),.UNSPECIFIED.);
#107=B_SPLINE_CURVE_WITH_KNOTS('',3,(#4051,#4052,#4053,#4054,#4055,#4056,
#4057,#4058),.UNSPECIFIED.,.F.,.F.,(4,2,2,4),(-0.529014468492316,-0.39206170430736,
-0.235752457233655,0.),.UNSPECIFIED.);
#108=B_SPLINE_CURVE_WITH_KNOTS('',3,(#4062,#4063,#4064,#4065,#4066,#4067,
#4068,#4069),.UNSPECIFIED.,.F.,.F.,(4,2,2,4),(-0.529014468492316,-0.39206170430736,
-0.235752457233655,0.),.UNSPECIFIED.);
#109=B_SPLINE_CURVE_WITH_KNOTS('',3,(#4089,#4090,#4091,#4092,#4093,#4094,
#4095,#4096),.UNSPECIFIED.,.F.,.F.,(4,2,2,4),(-0.0924009048218723,-0.0677329086124143,
-0.0293756539546499,0.),.UNSPECIFIED.);
#110=B_SPLINE_CURVE_WITH_KNOTS('',3,(#4100,#4101,#4102,#4103,#4104,#4105,
#4106,#4107),.UNSPECIFIED.,.F.,.F.,(4,2,2,4),(-0.0924009048218723,-0.0677329086124143,
-0.0293756539546499,0.),.UNSPECIFIED.);
#111=B_SPLINE_CURVE_WITH_KNOTS('',3,(#4127,#4128,#4129,#4130,#4131,#4132,
#4133,#4134),.UNSPECIFIED.,.F.,.F.,(4,2,2,4),(-0.529014468522083,-0.392061704274356,
-0.2357524572121,0.),.UNSPECIFIED.);
#112=B_SPLINE_CURVE_WITH_KNOTS('',3,(#4138,#4139,#4140,#4141,#4142,#4143,
#4144,#4145),.UNSPECIFIED.,.F.,.F.,(4,2,2,4),(-0.529014468522083,-0.392061704274356,
-0.2357524572121,0.),.UNSPECIFIED.);
#113=B_SPLINE_CURVE_WITH_KNOTS('',3,(#4165,#4166,#4167,#4168,#4169,#4170,
#4171,#4172),.UNSPECIFIED.,.F.,.F.,(4,2,2,4),(-0.0924009048287864,-0.0677329086154999,
-0.0293756539531915,0.),.UNSPECIFIED.);
#114=B_SPLINE_CURVE_WITH_KNOTS('',3,(#4176,#4177,#4178,#4179,#4180,#4181,
#4182,#4183),.UNSPECIFIED.,.F.,.F.,(4,2,2,4),(-0.0924009048287864,-0.0677329086154999,
-0.0293756539531915,0.),.UNSPECIFIED.);
#115=B_SPLINE_CURVE_WITH_KNOTS('',3,(#4203,#4204,#4205,#4206,#4207,#4208,
#4209,#4210),.UNSPECIFIED.,.F.,.F.,(4,2,2,4),(-0.529014468511093,-0.392061704285454,
-0.235752457219502,0.),.UNSPECIFIED.);
#116=B_SPLINE_CURVE_WITH_KNOTS('',3,(#4214,#4215,#4216,#4217,#4218,#4219,
#4220,#4221),.UNSPECIFIED.,.F.,.F.,(4,2,2,4),(-0.529014468511093,-0.392061704285454,
-0.235752457219502,0.),.UNSPECIFIED.);
#117=B_SPLINE_CURVE_WITH_KNOTS('',3,(#4241,#4242,#4243,#4244,#4245,#4246,
#4247,#4248),.UNSPECIFIED.,.F.,.F.,(4,2,2,4),(-0.0924009048269395,-0.0677329086135149,
-0.0293756539513378,0.),.UNSPECIFIED.);
#118=B_SPLINE_CURVE_WITH_KNOTS('',3,(#4252,#4253,#4254,#4255,#4256,#4257,
#4258,#4259),.UNSPECIFIED.,.F.,.F.,(4,2,2,4),(-0.0924009048269395,-0.0677329086135149,
-0.0293756539513378,0.),.UNSPECIFIED.);
#119=B_SPLINE_CURVE_WITH_KNOTS('',3,(#4279,#4280,#4281,#4282,#4283,#4284,
#4285,#4286),.UNSPECIFIED.,.F.,.F.,(4,2,2,4),(-0.529014468524211,-0.392061704309563,
-0.235752457235055,0.),.UNSPECIFIED.);
#120=B_SPLINE_CURVE_WITH_KNOTS('',3,(#4290,#4291,#4292,#4293,#4294,#4295,
#4296,#4297),.UNSPECIFIED.,.F.,.F.,(4,2,2,4),(-0.529014468524211,-0.392061704309563,
-0.235752457235055,0.),.UNSPECIFIED.);
#121=B_SPLINE_CURVE_WITH_KNOTS('',3,(#4317,#4318,#4319,#4320,#4321,#4322,
#4323,#4324),.UNSPECIFIED.,.F.,.F.,(4,2,2,4),(-0.0924009048144534,-0.0677329086078694,
-0.0293756539541476,0.),.UNSPECIFIED.);
#122=B_SPLINE_CURVE_WITH_KNOTS('',3,(#4328,#4329,#4330,#4331,#4332,#4333,
#4334,#4335),.UNSPECIFIED.,.F.,.F.,(4,2,2,4),(-0.0924009048144534,-0.0677329086078694,
-0.0293756539541476,0.),.UNSPECIFIED.);
#123=B_SPLINE_CURVE_WITH_KNOTS('',3,(#4355,#4356,#4357,#4358,#4359,#4360,
#4361,#4362),.UNSPECIFIED.,.F.,.F.,(4,2,2,4),(-0.529014468465319,-0.392061704272687,
-0.235752457212616,0.),.UNSPECIFIED.);
#124=B_SPLINE_CURVE_WITH_KNOTS('',3,(#4366,#4367,#4368,#4369,#4370,#4371,
#4372,#4373),.UNSPECIFIED.,.F.,.F.,(4,2,2,4),(-0.529014468465319,-0.392061704272687,
-0.235752457212616,0.),.UNSPECIFIED.);
#125=B_SPLINE_CURVE_WITH_KNOTS('',3,(#4393,#4394,#4395,#4396,#4397,#4398,
#4399,#4400),.UNSPECIFIED.,.F.,.F.,(4,2,2,4),(-0.092400904787499,-0.0677329085918183,
-0.0293756539532736,0.),.UNSPECIFIED.);
#126=B_SPLINE_CURVE_WITH_KNOTS('',3,(#4404,#4405,#4406,#4407,#4408,#4409,
#4410,#4411),.UNSPECIFIED.,.F.,.F.,(4,2,2,4),(-0.092400904787499,-0.0677329085918183,
-0.0293756539532736,0.),.UNSPECIFIED.);
#127=B_SPLINE_CURVE_WITH_KNOTS('',3,(#4431,#4432,#4433,#4434,#4435,#4436,
#4437,#4438),.UNSPECIFIED.,.F.,.F.,(4,2,2,4),(-0.529014468623011,-0.392061704295973,
-0.235752457222154,0.),.UNSPECIFIED.);
#128=B_SPLINE_CURVE_WITH_KNOTS('',3,(#4442,#4443,#4444,#4445,#4446,#4447,
#4448,#4449),.UNSPECIFIED.,.F.,.F.,(4,2,2,4),(-0.529014468623011,-0.392061704295973,
-0.235752457222154,0.),.UNSPECIFIED.);
#129=B_SPLINE_CURVE_WITH_KNOTS('',3,(#4469,#4470,#4471,#4472,#4473,#4474,
#4475,#4476),.UNSPECIFIED.,.F.,.F.,(4,2,2,4),(-0.0924009048016524,-0.0677329085995731,
-0.0293756539526401,0.),.UNSPECIFIED.);
#130=B_SPLINE_CURVE_WITH_KNOTS('',3,(#4480,#4481,#4482,#4483,#4484,#4485,
#4486,#4487),.UNSPECIFIED.,.F.,.F.,(4,2,2,4),(-0.0924009048016524,-0.0677329085995731,
-0.0293756539526401,0.),.UNSPECIFIED.);
#131=B_SPLINE_CURVE_WITH_KNOTS('',3,(#4507,#4508,#4509,#4510,#4511,#4512,
#4513,#4514),.UNSPECIFIED.,.F.,.F.,(4,2,2,4),(-0.529014468509926,-0.392061704303192,
-0.23575245723021,0.),.UNSPECIFIED.);
#132=B_SPLINE_CURVE_WITH_KNOTS('',3,(#4518,#4519,#4520,#4521,#4522,#4523,
#4524,#4525),.UNSPECIFIED.,.F.,.F.,(4,2,2,4),(-0.529014468509926,-0.392061704303192,
-0.23575245723021,0.),.UNSPECIFIED.);
#133=B_SPLINE_CURVE_WITH_KNOTS('',3,(#4545,#4546,#4547,#4548,#4549,#4550,
#4551,#4552),.UNSPECIFIED.,.F.,.F.,(4,2,2,4),(-0.0924009048193339,-0.0677329086108906,
-0.0293756539546082,0.),.UNSPECIFIED.);
#134=B_SPLINE_CURVE_WITH_KNOTS('',3,(#4556,#4557,#4558,#4559,#4560,#4561,
#4562,#4563),.UNSPECIFIED.,.F.,.F.,(4,2,2,4),(-0.0924009048193339,-0.0677329086108906,
-0.0293756539546082,0.),.UNSPECIFIED.);
#135=B_SPLINE_CURVE_WITH_KNOTS('',3,(#4583,#4584,#4585,#4586,#4587,#4588,
#4589,#4590),.UNSPECIFIED.,.F.,.F.,(4,2,2,4),(-0.529014468506491,-0.392061704298466,
-0.235752457227737,0.),.UNSPECIFIED.);
#136=B_SPLINE_CURVE_WITH_KNOTS('',3,(#4594,#4595,#4596,#4597,#4598,#4599,
#4600,#4601),.UNSPECIFIED.,.F.,.F.,(4,2,2,4),(-0.529014468506491,-0.392061704298466,
-0.235752457227737,0.),.UNSPECIFIED.);
#137=B_SPLINE_CURVE_WITH_KNOTS('',3,(#5143,#5144,#5145,#5146,#5147,#5148,
#5149,#5150,#5151,#5152,#5153,#5154,#5155,#5156,#5157,#5158,#5159,#5160,
#5161,#5162,#5163,#5164,#5165,#5166,#5167,#5168,#5169,#5170,#5171,#5172,
#5173,#5174,#5175,#5176,#5177,#5178,#5179,#5180,#5181,#5182,#5183,#5184,
#5185,#5186,#5187,#5188,#5189,#5190,#5191,#5192,#5193,#5194,#5195,#5196,
#5197,#5198,#5199,#5200,#5201,#5202,#5203,#5204,#5205,#5206,#5207,#5208,
#5209,#5210,#5211,#5212,#5213,#5214,#5215,#5216,#5217,#5218),
 .UNSPECIFIED.,.F.,.F.,(4,3,3,3,3,3,3,3,3,3,3,3,3,3,3,3,3,3,3,3,3,3,3,3,
3,4),(-0.0924009048234126,-0.0857148054245861,-0.0742058623030619,-0.0649301295151792,
-0.0573736697062234,-0.0502019609929455,-0.0451211722343044,-0.0394810257050164,
-0.0345458974918893,-0.0314121925871223,-0.0274856685137321,-0.0248246267174097,
-0.0217215483777335,-0.0196419426400179,-0.01740278571904,-0.01522743750416,
-0.0134557496823717,-0.0117302194774275,-0.00976201983573789,-0.00829088340153614,
-0.00697402338969383,-0.00566462557016661,-0.00402668895951467,-0.00235939721761433,
-0.00111918868448847,0.),.UNSPECIFIED.);
#138=B_SPLINE_CURVE_WITH_KNOTS('',3,(#5374,#5375,#5376,#5377,#5378,#5379,
#5380,#5381,#5382,#5383,#5384,#5385,#5386,#5387,#5388,#5389,#5390,#5391,
#5392,#5393,#5394,#5395,#5396,#5397,#5398,#5399,#5400,#5401,#5402,#5403,
#5404,#5405,#5406,#5407,#5408,#5409,#5410,#5411,#5412,#5413,#5414,#5415,
#5416,#5417,#5418,#5419,#5420,#5421,#5422,#5423,#5424,#5425,#5426,#5427,
#5428,#5429,#5430,#5431,#5432,#5433,#5434,#5435,#5436,#5437,#5438,#5439,
#5440,#5441,#5442,#5443,#5444,#5445,#5446,#5447,#5448,#5449),
 .UNSPECIFIED.,.F.,.F.,(4,3,3,3,3,3,3,3,3,3,3,3,3,3,3,3,3,3,3,3,3,3,3,3,
3,4),(-0.529014468495908,-0.522190850295141,-0.514454434793741,-0.500938748467018,
-0.493111580522221,-0.48575293642327,-0.477496907733086,-0.467078147246973,
-0.45658477008284,-0.446770130954643,-0.435221457383874,-0.421620786840628,
-0.410012619926054,-0.395420822967751,-0.379818341669622,-0.363403107649698,
-0.340690413421591,-0.319823515992451,-0.295912045517602,-0.26104493042466,
-0.214540412048316,-0.171692274426555,-0.111931505871439,-0.0597691499868478,
-0.0218698065619165,0.),.UNSPECIFIED.);
#139=B_SPLINE_CURVE_WITH_KNOTS('',3,(#5601,#5602,#5603,#5604,#5605,#5606,
#5607,#5608,#5609,#5610,#5611,#5612,#5613,#5614,#5615,#5616,#5617,#5618,
#5619,#5620,#5621,#5622,#5623,#5624,#5625,#5626,#5627,#5628,#5629,#5630,
#5631,#5632,#5633,#5634,#5635,#5636,#5637,#5638,#5639,#5640,#5641,#5642,
#5643,#5644,#5645,#5646,#5647,#5648,#5649,#5650,#5651,#5652,#5653,#5654,
#5655,#5656,#5657,#5658,#5659,#5660,#5661,#5662,#5663,#5664,#5665,#5666,
#5667,#5668,#5669,#5670,#5671,#5672,#5673,#5674,#5675,#5676),
 .UNSPECIFIED.,.F.,.F.,(4,3,3,3,3,3,3,3,3,3,3,3,3,3,3,3,3,3,3,3,3,3,3,3,
3,4),(-0.0924009048625423,-0.085714805476889,-0.0742058623472236,-0.0649301295538207,
-0.0573736697799717,-0.0502019610574752,-0.0451211723102742,-0.0394810257714899,
-0.0345458975500537,-0.0314121926388185,-0.0274856685589662,-0.0248246269087206,
-0.0217215485451306,-0.0196419427871663,-0.017402785900058,-0.0152274376625508,
-0.0134557498128895,-0.0117302196400399,-0.00976201990626248,-0.00829088346297244,
-0.00697402344618773,-0.00566462563022125,-0.00402668905979344,-0.00235939728023029,
-0.00111918874296319,0.),.UNSPECIFIED.);
#140=B_SPLINE_CURVE_WITH_KNOTS('',3,(#5832,#5833,#5834,#5835,#5836,#5837,
#5838,#5839,#5840,#5841,#5842,#5843,#5844,#5845,#5846,#5847,#5848,#5849,
#5850,#5851,#5852,#5853,#5854,#5855,#5856,#5857,#5858,#5859,#5860,#5861,
#5862,#5863,#5864,#5865,#5866,#5867,#5868,#5869,#5870,#5871,#5872,#5873,
#5874,#5875,#5876,#5877,#5878,#5879,#5880,#5881,#5882,#5883,#5884,#5885,
#5886,#5887,#5888,#5889,#5890,#5891,#5892,#5893,#5894,#5895,#5896,#5897,
#5898,#5899,#5900,#5901,#5902,#5903,#5904,#5905,#5906,#5907),
 .UNSPECIFIED.,.F.,.F.,(4,3,3,3,3,3,3,3,3,3,3,3,3,3,3,3,3,3,3,3,3,3,3,3,
3,4),(-0.529014468367739,-0.522190850169032,-0.514454434669941,-0.500938748355782,
-0.493111580412723,-0.485752936318122,-0.477496907631513,-0.467078147155558,
-0.456584769986319,-0.446770130871332,-0.435221457319145,-0.421620786777922,
-0.410012619869626,-0.39542082294345,-0.379818341629993,-0.363403107656766,
-0.340690413428218,-0.319823516095683,-0.295912045604706,-0.261044930146569,
-0.214540412015922,-0.171692274403903,-0.111931506327091,-0.0597691503941498,
-0.0218698070704895,0.),.UNSPECIFIED.);
#141=B_SPLINE_CURVE_WITH_KNOTS('',3,(#6059,#6060,#6061,#6062,#6063,#6064,
#6065,#6066,#6067,#6068,#6069,#6070,#6071,#6072,#6073,#6074,#6075,#6076,
#6077,#6078,#6079,#6080,#6081,#6082,#6083,#6084,#6085,#6086,#6087,#6088,
#6089,#6090,#6091,#6092,#6093,#6094,#6095,#6096,#6097,#6098,#6099,#6100,
#6101,#6102,#6103,#6104,#6105,#6106,#6107,#6108,#6109,#6110,#6111,#6112,
#6113,#6114,#6115,#6116,#6117,#6118,#6119,#6120,#6121,#6122,#6123,#6124,
#6125,#6126,#6127,#6128,#6129,#6130,#6131,#6132,#6133,#6134),
 .UNSPECIFIED.,.F.,.F.,(4,3,3,3,3,3,3,3,3,3,3,3,3,3,3,3,3,3,3,3,3,3,3,3,
3,4),(-0.0924009048094717,-0.0857148054235807,-0.0742058623042704,-0.0649301295162366,
-0.0573736697100364,-0.0502019609962819,-0.0451211722367555,-0.0394810257071611,
-0.0345458974937659,-0.0314121925879737,-0.027485668514477,-0.0248246267386309,
-0.021721548396302,-0.0196419426559911,-0.0174027857404469,-0.0152274375228911,
-0.0134557496974499,-0.0117302194974102,-0.00976201984345236,-0.00829088340837974,
-0.00697402339611813,-0.00566462557740953,-0.00402668897284649,-0.00235939722584827,
-0.00111918869232113,0.),.UNSPECIFIED.);
#142=B_SPLINE_CURVE_WITH_KNOTS('',3,(#6290,#6291,#6292,#6293,#6294,#6295,
#6296,#6297,#6298,#6299,#6300,#6301,#6302,#6303,#6304,#6305,#6306,#6307,
#6308,#6309,#6310,#6311,#6312,#6313,#6314,#6315,#6316,#6317,#6318,#6319,
#6320,#6321,#6322,#6323,#6324,#6325,#6326,#6327,#6328,#6329,#6330,#6331,
#6332,#6333,#6334,#6335,#6336,#6337,#6338,#6339,#6340,#6341,#6342,#6343,
#6344,#6345,#6346,#6347,#6348,#6349,#6350,#6351,#6352,#6353,#6354,#6355,
#6356,#6357,#6358,#6359,#6360,#6361,#6362,#6363,#6364,#6365),
 .UNSPECIFIED.,.F.,.F.,(4,3,3,3,3,3,3,3,3,3,3,3,3,3,3,3,3,3,3,3,3,3,3,3,
3,4),(-0.529014468455026,-0.522190850254362,-0.514454434753935,-0.500938748434922,
-0.493111580490626,-0.485752936395227,-0.477496907706644,-0.467078147226697,
-0.456584770057873,-0.446770130938964,-0.435221457383894,-0.421620786840647,
-0.410012619928129,-0.395420822990001,-0.379818341679231,-0.363403107698409,
-0.340690413467259,-0.319823516113515,-0.295912045629318,-0.261044930243242,
-0.214540411892255,-0.171692274250854,-0.111931506207273,-0.0597691502621213,
-0.0218698068815115,0.),.UNSPECIFIED.);
#143=B_SPLINE_CURVE_WITH_KNOTS('',3,(#6517,#6518,#6519,#6520,#6521,#6522,
#6523,#6524,#6525,#6526,#6527,#6528,#6529,#6530,#6531,#6532,#6533,#6534,
#6535,#6536,#6537,#6538,#6539,#6540,#6541,#6542,#6543,#6544,#6545,#6546,
#6547,#6548,#6549,#6550,#6551,#6552,#6553,#6554,#6555,#6556,#6557,#6558,
#6559,#6560,#6561,#6562,#6563,#6564,#6565,#6566,#6567,#6568,#6569,#6570,
#6571,#6572,#6573,#6574,#6575,#6576,#6577,#6578,#6579,#6580,#6581,#6582,
#6583,#6584,#6585,#6586,#6587,#6588,#6589,#6590,#6591,#6592),
 .UNSPECIFIED.,.F.,.F.,(4,3,3,3,3,3,3,3,3,3,3,3,3,3,3,3,3,3,3,3,3,3,3,3,
3,4),(-0.0924009048234126,-0.0857148054245861,-0.0742058623030619,-0.0649301295151792,
-0.0573736697062234,-0.0502019609929455,-0.0451211722343044,-0.0394810257050164,
-0.0345458974918893,-0.0314121925871223,-0.0274856685137321,-0.0248246267174097,
-0.0217215483777335,-0.0196419426400179,-0.01740278571904,-0.01522743750416,
-0.0134557496823717,-0.0117302194774275,-0.00976201983573789,-0.00829088340153614,
-0.00697402338969383,-0.00566462557016661,-0.00402668895951467,-0.00235939721761433,
-0.00111918868448847,0.),.UNSPECIFIED.);
#144=B_SPLINE_CURVE_WITH_KNOTS('',3,(#6748,#6749,#6750,#6751,#6752,#6753,
#6754,#6755,#6756,#6757,#6758,#6759,#6760,#6761,#6762,#6763,#6764,#6765,
#6766,#6767,#6768,#6769,#6770,#6771,#6772,#6773,#6774,#6775,#6776,#6777,
#6778,#6779,#6780,#6781,#6782,#6783,#6784,#6785,#6786,#6787,#6788,#6789,
#6790,#6791,#6792,#6793,#6794,#6795,#6796,#6797,#6798,#6799,#6800,#6801,
#6802,#6803,#6804,#6805,#6806,#6807,#6808,#6809,#6810,#6811,#6812,#6813,
#6814,#6815,#6816,#6817,#6818,#6819,#6820,#6821,#6822,#6823),
 .UNSPECIFIED.,.F.,.F.,(4,3,3,3,3,3,3,3,3,3,3,3,3,3,3,3,3,3,3,3,3,3,3,3,
3,4),(-0.529014468495908,-0.522190850295141,-0.514454434793741,-0.500938748467018,
-0.493111580522221,-0.48575293642327,-0.477496907733086,-0.467078147246973,
-0.45658477008284,-0.446770130954643,-0.435221457383874,-0.421620786840628,
-0.410012619926054,-0.395420822967751,-0.379818341669622,-0.363403107649698,
-0.340690413421591,-0.319823515992451,-0.295912045517602,-0.26104493042466,
-0.214540412048316,-0.171692274426555,-0.111931505871439,-0.0597691499868478,
-0.0218698065619165,0.),.UNSPECIFIED.);
#145=B_SPLINE_CURVE_WITH_KNOTS('',3,(#6975,#6976,#6977,#6978,#6979,#6980,
#6981,#6982,#6983,#6984,#6985,#6986,#6987,#6988,#6989,#6990,#6991,#6992,
#6993,#6994,#6995,#6996,#6997,#6998,#6999,#7000,#7001,#7002,#7003,#7004,
#7005,#7006,#7007,#7008,#7009,#7010,#7011,#7012,#7013,#7014,#7015,#7016,
#7017,#7018,#7019,#7020,#7021,#7022,#7023,#7024,#7025,#7026,#7027,#7028,
#7029,#7030,#7031,#7032,#7033,#7034,#7035,#7036,#7037,#7038,#7039,#7040,
#7041,#7042,#7043,#7044,#7045,#7046,#7047,#7048,#7049,#7050),
 .UNSPECIFIED.,.F.,.F.,(4,3,3,3,3,3,3,3,3,3,3,3,3,3,3,3,3,3,3,3,3,3,3,3,
3,4),(-0.0924009047435779,-0.0857148053613134,-0.0742058622643002,-0.0649301294812627,
-0.0573736697031859,-0.0502019609902877,-0.0451211722464325,-0.0394810257156285,
-0.0345458975011749,-0.031412192596111,-0.0274856685215971,-0.0248246268682699,
-0.0217215485097362,-0.0196419427553238,-0.0174027858690186,-0.0152274376353913,
-0.0134557497894329,-0.01173021961699,-0.00976201989060185,-0.00829088344960958,
-0.00697402343473874,-0.00566462562031863,-0.00402668905029756,-0.0023593972738408,
-0.00111918873828136,0.),.UNSPECIFIED.);
#146=B_SPLINE_CURVE_WITH_KNOTS('',3,(#7206,#7207,#7208,#7209,#7210,#7211,
#7212,#7213,#7214,#7215,#7216,#7217,#7218,#7219,#7220,#7221,#7222,#7223,
#7224,#7225,#7226,#7227,#7228,#7229,#7230,#7231,#7232,#7233,#7234,#7235,
#7236,#7237,#7238,#7239,#7240,#7241,#7242,#7243,#7244,#7245,#7246,#7247,
#7248,#7249,#7250,#7251,#7252,#7253,#7254,#7255,#7256,#7257,#7258,#7259,
#7260,#7261,#7262,#7263,#7264,#7265,#7266,#7267,#7268,#7269,#7270,#7271,
#7272,#7273,#7274,#7275,#7276,#7277,#7278,#7279,#7280,#7281),
 .UNSPECIFIED.,.F.,.F.,(4,3,3,3,3,3,3,3,3,3,3,3,3,3,3,3,3,3,3,3,3,3,3,3,
3,4),(-0.529014468492316,-0.522190850291635,-0.514454434790421,-0.500938748468841,
-0.493111580524015,-0.485752936428698,-0.477496907739838,-0.467078147258107,
-0.456584770088737,-0.446770130967702,-0.435221457407416,-0.421620786863434,
-0.410012619953256,-0.395420823017741,-0.379818341704576,-0.363403107719995,
-0.340690413487495,-0.319823516125925,-0.295912045630606,-0.261044930276654,
-0.214540411840869,-0.171692274187943,-0.111931505886954,-0.0597691500595383,
-0.021869806586734,0.),.UNSPECIFIED.);
#147=B_SPLINE_CURVE_WITH_KNOTS('',3,(#7433,#7434,#7435,#7436,#7437,#7438,
#7439,#7440,#7441,#7442,#7443,#7444,#7445,#7446,#7447,#7448,#7449,#7450,
#7451,#7452,#7453,#7454,#7455,#7456,#7457,#7458,#7459,#7460,#7461,#7462,
#7463,#7464,#7465,#7466,#7467,#7468,#7469,#7470,#7471,#7472,#7473,#7474,
#7475,#7476,#7477,#7478,#7479,#7480,#7481,#7482,#7483,#7484,#7485,#7486,
#7487,#7488,#7489,#7490,#7491,#7492,#7493,#7494,#7495,#7496,#7497,#7498,
#7499,#7500,#7501,#7502,#7503,#7504,#7505,#7506,#7507,#7508),
 .UNSPECIFIED.,.F.,.F.,(4,3,3,3,3,3,3,3,3,3,3,3,3,3,3,3,3,3,3,3,3,3,3,3,
3,4),(-0.0924009048218723,-0.0857148054249961,-0.0742058622890696,-0.0649301295029359,
-0.0573736697128239,-0.0502019609987209,-0.0451211722377056,-0.0394810257079924,
-0.0345458974944933,-0.031412192588565,-0.0274856685149944,-0.0248246267255506,
-0.0217215483848568,-0.0196419426459838,-0.017402785726974,-0.0152274375111022,
-0.0134557496878172,-0.0117302194844693,-0.00976201983868565,-0.0082908834041852,
-0.00697402339214184,-0.00566462557280628,-0.00402668896418763,-0.00235939722043353,
-0.00111918868712709,0.),.UNSPECIFIED.);
#148=B_SPLINE_CURVE_WITH_KNOTS('',3,(#7664,#7665,#7666,#7667,#7668,#7669,
#7670,#7671,#7672,#7673,#7674,#7675,#7676,#7677,#7678,#7679,#7680,#7681,
#7682,#7683,#7684,#7685,#7686,#7687,#7688,#7689,#7690,#7691,#7692,#7693,
#7694,#7695,#7696,#7697,#7698,#7699,#7700,#7701,#7702,#7703,#7704,#7705,
#7706,#7707,#7708,#7709,#7710,#7711,#7712,#7713,#7714,#7715,#7716,#7717,
#7718,#7719,#7720,#7721,#7722,#7723,#7724,#7725,#7726,#7727,#7728,#7729,
#7730,#7731,#7732,#7733,#7734,#7735,#7736,#7737,#7738,#7739),
 .UNSPECIFIED.,.F.,.F.,(4,3,3,3,3,3,3,3,3,3,3,3,3,3,3,3,3,3,3,3,3,3,3,3,
3,4),(-0.529014468522083,-0.522190850320431,-0.514454434819143,-0.500938748498417,
-0.493111580553129,-0.485752936456073,-0.477496907766581,-0.467078147284604,
-0.456584770115282,-0.446770130995036,-0.43522145743768,-0.421620786892753,
-0.410012619980243,-0.395420823044504,-0.379818341731852,-0.363403107749843,
-0.340690413515478,-0.319823516156222,-0.295912045668371,-0.261044930265388,
-0.214540411926665,-0.171692274284431,-0.111931506099467,-0.0597691501636635,
-0.0218698067856648,0.),.UNSPECIFIED.);
#149=B_SPLINE_CURVE_WITH_KNOTS('',3,(#7891,#7892,#7893,#7894,#7895,#7896,
#7897,#7898,#7899,#7900,#7901,#7902,#7903,#7904,#7905,#7906,#7907,#7908,
#7909,#7910,#7911,#7912,#7913,#7914,#7915,#7916,#7917,#7918,#7919,#7920,
#7921,#7922,#7923,#7924,#7925,#7926,#7927,#7928,#7929,#7930,#7931,#7932,
#7933,#7934,#7935,#7936,#7937,#7938,#7939,#7940,#7941,#7942,#7943,#7944,
#7945,#7946,#7947,#7948,#7949,#7950,#7951,#7952,#7953,#7954,#7955,#7956,
#7957,#7958,#7959,#7960,#7961,#7962,#7963,#7964,#7965,#7966),
 .UNSPECIFIED.,.F.,.F.,(4,3,3,3,3,3,3,3,3,3,3,3,3,3,3,3,3,3,3,3,3,3,3,3,
3,4),(-0.0924009048287864,-0.0857148054406139,-0.0742058623071104,-0.0649301295187216,
-0.0573736696913868,-0.0502019609799635,-0.0451211722122474,-0.0394810256857164,
-0.0345458974750019,-0.0314121925717603,-0.0274856685002903,-0.0248246266355892,
-0.0217215483061405,-0.0196419425770048,-0.0174027856399929,-0.0152274374349938,
-0.0134557496252242,-0.0117302194052038,-0.00976201980539294,-0.00829088337508041,
-0.00697402336522135,-0.00566462554368363,-0.00402668891410249,-0.00235939718923714,
-0.00111918865762253,0.),.UNSPECIFIED.);
#150=B_SPLINE_CURVE_WITH_KNOTS('',3,(#8122,#8123,#8124,#8125,#8126,#8127,
#8128,#8129,#8130,#8131,#8132,#8133,#8134,#8135,#8136,#8137,#8138,#8139,
#8140,#8141,#8142,#8143,#8144,#8145,#8146,#8147,#8148,#8149,#8150,#8151,
#8152,#8153,#8154,#8155,#8156,#8157,#8158,#8159,#8160,#8161,#8162,#8163,
#8164,#8165,#8166,#8167,#8168,#8169,#8170,#8171,#8172,#8173,#8174,#8175,
#8176,#8177,#8178,#8179,#8180,#8181,#8182,#8183,#8184,#8185,#8186,#8187,
#8188,#8189,#8190,#8191,#8192,#8193,#8194,#8195,#8196,#8197),
 .UNSPECIFIED.,.F.,.F.,(4,3,3,3,3,3,3,3,3,3,3,3,3,3,3,3,3,3,3,3,3,3,3,3,
3,4),(-0.529014468511093,-0.522190850309624,-0.514454434809531,-0.500938748471553,
-0.493111580526685,-0.485752936429304,-0.477496907737134,-0.467078147244506,
-0.456584770084998,-0.446770130949186,-0.435221457378667,-0.421620786835583,
-0.410012619922548,-0.39542082295623,-0.379818341660577,-0.363403107612872,
-0.340690413387067,-0.319823515929515,-0.295912045471515,-0.261044930471444,
-0.21454041200867,-0.17169227441546,-0.111931506146817,-0.0597691503587307,
-0.0218698071939284,0.),.UNSPECIFIED.);
#151=B_SPLINE_CURVE_WITH_KNOTS('',3,(#8349,#8350,#8351,#8352,#8353,#8354,
#8355,#8356,#8357,#8358,#8359,#8360,#8361,#8362,#8363,#8364,#8365,#8366,
#8367,#8368,#8369,#8370,#8371,#8372,#8373,#8374,#8375,#8376,#8377,#8378,
#8379,#8380,#8381,#8382,#8383,#8384,#8385,#8386,#8387,#8388,#8389,#8390,
#8391,#8392,#8393,#8394,#8395,#8396,#8397,#8398,#8399,#8400,#8401,#8402,
#8403,#8404,#8405,#8406,#8407,#8408,#8409,#8410,#8411,#8412,#8413,#8414,
#8415,#8416,#8417,#8418,#8419,#8420,#8421,#8422,#8423,#8424),
 .UNSPECIFIED.,.F.,.F.,(4,3,3,3,3,3,3,3,3,3,3,3,3,3,3,3,3,3,3,3,3,3,3,3,
3,4),(-0.0924009048269395,-0.085714805434647,-0.0742058622809656,-0.0649301294958449,
-0.0573736697495389,-0.0502019610308466,-0.0451211722777234,-0.0394810257430079,
-0.0345458975251319,-0.0314121926167242,-0.0274856685396337,-0.0248246268527478,
-0.0217215484961543,-0.0196419427440384,-0.0174027858487516,-0.0152274376176577,
-0.0134557497755902,-0.0117302195949208,-0.00976201988563642,-0.00829088344513774,
-0.00697402342996568,-0.00566462561367522,-0.00402668903389698,-0.00235939726362413,
-0.00111918872772323,0.),.UNSPECIFIED.);
#152=B_SPLINE_CURVE_WITH_KNOTS('',3,(#8580,#8581,#8582,#8583,#8584,#8585,
#8586,#8587,#8588,#8589,#8590,#8591,#8592,#8593,#8594,#8595,#8596,#8597,
#8598,#8599,#8600,#8601,#8602,#8603,#8604,#8605,#8606,#8607,#8608,#8609,
#8610,#8611,#8612,#8613,#8614,#8615,#8616,#8617,#8618,#8619,#8620,#8621,
#8622,#8623,#8624,#8625,#8626,#8627,#8628,#8629,#8630,#8631,#8632,#8633,
#8634,#8635,#8636,#8637,#8638,#8639,#8640,#8641,#8642,#8643,#8644,#8645,
#8646,#8647,#8648,#8649,#8650,#8651,#8652,#8653,#8654,#8655),
 .UNSPECIFIED.,.F.,.F.,(4,3,3,3,3,3,3,3,3,3,3,3,3,3,3,3,3,3,3,3,3,3,3,3,
3,4),(-0.529014468524211,-0.522190850323714,-0.514454434821883,-0.500938748501459,
-0.493111580556124,-0.485752936463572,-0.477496907774471,-0.467078147296332,
-0.456584770124148,-0.446770131009106,-0.435221457455156,-0.421620786909682,
-0.410012619998653,-0.395420823067638,-0.37981834174652,-0.363403107775035,
-0.340690413539095,-0.319823516192954,-0.295912045667097,-0.261044930243545,
-0.21454041181284,-0.171692274195142,-0.111931506048453,-0.0597691501289501,
-0.0218698067114801,0.),.UNSPECIFIED.);
#153=B_SPLINE_CURVE_WITH_KNOTS('',3,(#8807,#8808,#8809,#8810,#8811,#8812,
#8813,#8814,#8815,#8816,#8817,#8818,#8819,#8820,#8821,#8822,#8823,#8824,
#8825,#8826,#8827,#8828,#8829,#8830,#8831,#8832,#8833,#8834,#8835,#8836,
#8837,#8838,#8839,#8840,#8841,#8842,#8843,#8844,#8845,#8846,#8847,#8848,
#8849,#8850,#8851,#8852,#8853,#8854,#8855,#8856,#8857,#8858,#8859,#8860,
#8861,#8862,#8863,#8864,#8865,#8866,#8867,#8868,#8869,#8870,#8871,#8872,
#8873,#8874,#8875,#8876,#8877,#8878,#8879,#8880,#8881,#8882),
 .UNSPECIFIED.,.F.,.F.,(4,3,3,3,3,3,3,3,3,3,3,3,3,3,3,3,3,3,3,3,3,3,3,3,
3,4),(-0.0924009048144534,-0.0857148054141049,-0.074205862277369,-0.0649301294926979,
-0.0573736696946343,-0.050201960982805,-0.0451211722161245,-0.0394810256891089,
-0.0345458974779703,-0.0314121925736187,-0.0274856685019164,-0.0248246266650017,
-0.0217215483318765,-0.0196419425994402,-0.0174027856695002,-0.0152274374608127,
-0.0134557496463348,-0.0117302194325853,-0.00976201981641968,-0.00829088338479309,
-0.00697402337427524,-0.00566462555365616,-0.0040266889320197,-0.00235939720040116,
-0.00111918866833004,0.),.UNSPECIFIED.);
#154=B_SPLINE_CURVE_WITH_KNOTS('',3,(#9038,#9039,#9040,#9041,#9042,#9043,
#9044,#9045,#9046,#9047,#9048,#9049,#9050,#9051,#9052,#9053,#9054,#9055,
#9056,#9057,#9058,#9059,#9060,#9061,#9062,#9063,#9064,#9065,#9066,#9067,
#9068,#9069,#9070,#9071,#9072,#9073,#9074,#9075,#9076,#9077,#9078,#9079,
#9080,#9081,#9082,#9083,#9084,#9085,#9086,#9087,#9088,#9089,#9090,#9091,
#9092,#9093,#9094,#9095,#9096,#9097,#9098,#9099,#9100,#9101,#9102,#9103,
#9104,#9105,#9106,#9107,#9108,#9109,#9110,#9111,#9112,#9113),
 .UNSPECIFIED.,.F.,.F.,(4,3,3,3,3,3,3,3,3,3,3,3,3,3,3,3,3,3,3,3,3,3,3,3,
3,4),(-0.529014468465319,-0.522190850264536,-0.514454434763559,-0.500938748445436,
-0.493111580500976,-0.485752936405098,-0.477496907716378,-0.467078147235844,
-0.456584770066962,-0.446770130948086,-0.435221457391847,-0.421620786848352,
-0.410012619935529,-0.395420823000253,-0.379818341689338,-0.363403107706372,
-0.340690413474723,-0.3198235161284,-0.295912045644336,-0.261044930243733,
-0.214540411905913,-0.171692274258338,-0.111931506244352,-0.0597691503208349,
-0.0218698069404521,0.),.UNSPECIFIED.);
#155=B_SPLINE_CURVE_WITH_KNOTS('',3,(#9265,#9266,#9267,#9268,#9269,#9270,
#9271,#9272,#9273,#9274,#9275,#9276,#9277,#9278,#9279,#9280,#9281,#9282,
#9283,#9284,#9285,#9286,#9287,#9288,#9289,#9290,#9291,#9292,#9293,#9294,
#9295,#9296,#9297,#9298,#9299,#9300,#9301,#9302,#9303,#9304,#9305,#9306,
#9307,#9308,#9309,#9310,#9311,#9312,#9313,#9314,#9315,#9316,#9317,#9318,
#9319,#9320,#9321,#9322,#9323,#9324,#9325,#9326,#9327,#9328,#9329,#9330,
#9331,#9332,#9333,#9334,#9335,#9336,#9337,#9338,#9339,#9340),
 .UNSPECIFIED.,.F.,.F.,(4,3,3,3,3,3,3,3,3,3,3,3,3,3,3,3,3,3,3,3,3,3,3,3,
3,4),(-0.092400904787499,-0.0857148054083026,-0.0742058623094448,-0.0649301295207642,
-0.0573736697092602,-0.0502019609956027,-0.0451211722406525,-0.0394810257105709,
-0.0345458974967496,-0.0314121925908795,-0.0274856685170196,-0.0248246267848319,
-0.0217215484367279,-0.0196419426915277,-0.017402785785811,-0.0152274375625846,
-0.0134557497298465,-0.0117302195394261,-0.00976201986023479,-0.0082908834230991,
-0.00697402340988039,-0.00566462559264214,-0.00402668900022345,-0.00235939724308249,
-0.00111918870879824,0.),.UNSPECIFIED.);
#156=B_SPLINE_CURVE_WITH_KNOTS('',3,(#9496,#9497,#9498,#9499,#9500,#9501,
#9502,#9503,#9504,#9505,#9506,#9507,#9508,#9509,#9510,#9511,#9512,#9513,
#9514,#9515,#9516,#9517,#9518,#9519,#9520,#9521,#9522,#9523,#9524,#9525,
#9526,#9527,#9528,#9529,#9530,#9531,#9532,#9533,#9534,#9535,#9536,#9537,
#9538,#9539,#9540,#9541,#9542,#9543,#9544,#9545,#9546,#9547,#9548,#9549,
#9550,#9551,#9552,#9553,#9554,#9555,#9556,#9557,#9558,#9559,#9560,#9561,
#9562,#9563,#9564,#9565,#9566,#9567,#9568,#9569,#9570,#9571),
 .UNSPECIFIED.,.F.,.F.,(4,3,3,3,3,3,3,3,3,3,3,3,3,3,3,3,3,3,3,3,3,3,3,3,
3,4),(-0.529014468623011,-0.522190850419914,-0.514454434917134,-0.500938748599022,
-0.493111580652163,-0.485752936558818,-0.477496907869082,-0.467078147392033,
-0.456584770214476,-0.446770131101446,-0.435221457549606,-0.42162078700118,
-0.410012620085036,-0.395420823161785,-0.379818341834872,-0.363403107884309,
-0.34069041364154,-0.319823516341667,-0.295912045769541,-0.2610449302896,
-0.21454041207538,-0.17169227452075,-0.111931506731656,-0.0597691506929055,
-0.0218698072694894,0.),.UNSPECIFIED.);
#157=B_SPLINE_CURVE_WITH_KNOTS('',3,(#9723,#9724,#9725,#9726,#9727,#9728,
#9729,#9730,#9731,#9732,#9733,#9734,#9735,#9736,#9737,#9738,#9739,#9740,
#9741,#9742,#9743,#9744,#9745,#9746,#9747,#9748,#9749,#9750,#9751,#9752,
#9753,#9754,#9755,#9756,#9757,#9758,#9759,#9760,#9761,#9762,#9763,#9764,
#9765,#9766,#9767,#9768,#9769,#9770,#9771,#9772,#9773,#9774,#9775,#9776,
#9777,#9778,#9779,#9780,#9781,#9782,#9783,#9784,#9785,#9786,#9787,#9788,
#9789,#9790,#9791,#9792,#9793,#9794,#9795,#9796,#9797,#9798),
 .UNSPECIFIED.,.F.,.F.,(4,3,3,3,3,3,3,3,3,3,3,3,3,3,3,3,3,3,3,3,3,3,3,3,
3,4),(-0.0924009048016524,-0.0857148053984126,-0.074205862218813,-0.0649301294414613,
-0.0573736697045796,-0.0502019609915072,-0.0451211722285619,-0.0394810256999917,
-0.0345458974874927,-0.0314121925843449,-0.0274856685113018,-0.0248246267324382,
-0.0217215483908834,-0.0196419426514583,-0.0174027857350019,-0.0152274375181267,
-0.0134557496938637,-0.0117302194936532,-0.00976201984127195,-0.00829088340649441,
-0.00697402339440497,-0.00566462557575698,-0.00402668897034434,-0.00235939722389198,
-0.00111918869062628,0.),.UNSPECIFIED.);
#158=B_SPLINE_CURVE_WITH_KNOTS('',3,(#9954,#9955,#9956,#9957,#9958,#9959,
#9960,#9961,#9962,#9963,#9964,#9965,#9966,#9967,#9968,#9969,#9970,#9971,
#9972,#9973,#9974,#9975,#9976,#9977,#9978,#9979,#9980,#9981,#9982,#9983,
#9984,#9985,#9986,#9987,#9988,#9989,#9990,#9991,#9992,#9993,#9994,#9995,
#9996,#9997,#9998,#9999,#10000,#10001,#10002,#10003,#10004,#10005,#10006,
#10007,#10008,#10009,#10010,#10011,#10012,#10013,#10014,#10015,#10016,#10017,
#10018,#10019,#10020,#10021,#10022,#10023,#10024,#10025,#10026,#10027,#10028,
#10029),.UNSPECIFIED.,.F.,.F.,(4,3,3,3,3,3,3,3,3,3,3,3,3,3,3,3,3,3,3,3,
3,3,3,3,3,4),(-0.529014468509926,-0.522190850309172,-0.514454434809154,
-0.500938748478571,-0.493111580533593,-0.485752936438658,-0.477496907748271,
-0.467078147259386,-0.456584770094837,-0.446770130967238,-0.435221457402312,
-0.42162078685849,-0.410012619944899,-0.395420822997051,-0.379818341691704,
-0.36340310767945,-0.340690413449485,-0.319823516036153,-0.295912045602238,
-0.261044930323445,-0.214540411882248,-0.171692274345706,-0.111931506272185,
-0.0597691503185391,-0.0218698069360285,0.),.UNSPECIFIED.);
#159=B_SPLINE_CURVE_WITH_KNOTS('',3,(#10047,#10048,#10049,#10050,#10051,
#10052,#10053,#10054,#10055,#10056,#10057,#10058,#10059,#10060,#10061,#10062,
#10063,#10064,#10065,#10066,#10067,#10068,#10069,#10070,#10071,#10072,#10073,
#10074,#10075,#10076,#10077,#10078,#10079,#10080,#10081,#10082,#10083,#10084,
#10085,#10086,#10087,#10088,#10089,#10090,#10091,#10092,#10093,#10094,#10095,
#10096,#10097,#10098,#10099,#10100,#10101,#10102,#10103,#10104,#10105,#10106,
#10107,#10108,#10109,#10110,#10111,#10112,#10113,#10114,#10115,#10116,#10117,
#10118,#10119,#10120,#10121,#10122),.UNSPECIFIED.,.F.,.F.,(4,3,3,3,3,3,
3,3,3,3,3,3,3,3,3,3,3,3,3,3,3,3,3,3,3,4),(-0.0924009048193339,-0.0857148054235974,
-0.0742058622985249,-0.0649301295112093,-0.0573736697091466,-0.0502019609955033,
-0.0451211722326114,-0.0394810257035349,-0.0345458974905931,-0.0314121925853437,
-0.0274856685121757,-0.0248246267138649,-0.0217215483746317,-0.0196419426370044,
-0.0174027857160568,-0.0152274375015497,-0.0134557496799,-0.0117302194746251,
-0.00976201983442001,-0.00829088340047344,-0.00697402338873525,-0.00566462556920001,
-0.00402668895819753,-0.00235939721667979,-0.0011191886836141,0.),
 .UNSPECIFIED.);
#160=B_SPLINE_CURVE_WITH_KNOTS('',3,(#10126,#10127,#10128,#10129,#10130,
#10131,#10132,#10133,#10134,#10135,#10136,#10137,#10138,#10139,#10140,#10141,
#10142,#10143,#10144,#10145,#10146,#10147,#10148,#10149,#10150,#10151,#10152,
#10153,#10154,#10155,#10156,#10157,#10158,#10159,#10160,#10161,#10162,#10163,
#10164,#10165,#10166,#10167,#10168,#10169,#10170,#10171,#10172,#10173,#10174,
#10175,#10176,#10177,#10178,#10179,#10180,#10181,#10182,#10183,#10184,#10185,
#10186,#10187,#10188,#10189,#10190,#10191,#10192,#10193,#10194,#10195,#10196,
#10197,#10198,#10199,#10200,#10201),.UNSPECIFIED.,.F.,.F.,(4,3,3,3,3,3,
3,3,3,3,3,3,3,3,3,3,3,3,3,3,3,3,3,3,3,4),(-0.529014468506491,-0.522190850305635,
-0.514454434804478,-0.500938748481852,-0.493111580536823,-0.48575293644013,
-0.477496907750412,-0.467078147267127,-0.456584770099443,-0.44677013097741,
-0.435221457418488,-0.421620786874161,-0.41001261996165,-0.395420823022608,
-0.379818341712176,-0.36340310772287,-0.340690413490191,-0.319823516123397,
-0.295912045640582,-0.261044930276489,-0.214540411919177,-0.171692274301144,
-0.111931506259105,-0.0597691502528611,-0.0218698068009404,0.),
 .UNSPECIFIED.);
#161=B_SPLINE_SURFACE_WITH_KNOTS('',3,1,((#3691,#3692),(#3693,#3694),(#3695,
#3696),(#3697,#3698),(#3699,#3700),(#3701,#3702),(#3703,#3704),(#3705,#3706)),
 .UNSPECIFIED.,.F.,.F.,.F.,(4,2,2,4),(2,2),(-0.0924009048234126,-0.067732908612139,
-0.0293756539529214,0.),(0.,0.7),.UNSPECIFIED.);
#162=B_SPLINE_SURFACE_WITH_KNOTS('',3,1,((#3729,#3730),(#3731,#3732),(#3733,
#3734),(#3735,#3736),(#3737,#3738),(#3739,#3740),(#3741,#3742),(#3743,#3744)),
 .UNSPECIFIED.,.F.,.F.,.F.,(4,2,2,4),(2,2),(-0.529014468495908,-0.392061704272039,
-0.235752457211804,0.),(0.,0.7),.UNSPECIFIED.);
#163=B_SPLINE_SURFACE_WITH_KNOTS('',3,1,((#3767,#3768),(#3769,#3770),(#3771,
#3772),(#3773,#3774),(#3775,#3776),(#3777,#3778),(#3779,#3780),(#3781,#3782)),
 .UNSPECIFIED.,.F.,.F.,.F.,(4,2,2,4),(2,2),(-0.0924009048625423,-0.0677329086367141,
-0.0293756539563227,0.),(0.,0.7),.UNSPECIFIED.);
#164=B_SPLINE_SURFACE_WITH_KNOTS('',3,1,((#3805,#3806),(#3807,#3808),(#3809,
#3810),(#3811,#3812),(#3813,#3814),(#3815,#3816),(#3817,#3818),(#3819,#3820)),
 .UNSPECIFIED.,.F.,.F.,.F.,(4,2,2,4),(2,2),(-0.529014468367739,-0.392061704310481,
-0.235752457239193,0.),(0.,0.7),.UNSPECIFIED.);
#165=B_SPLINE_SURFACE_WITH_KNOTS('',3,1,((#3843,#3844),(#3845,#3846),(#3847,
#3848),(#3849,#3850),(#3851,#3852),(#3853,#3854),(#3855,#3856),(#3857,#3858)),
 .UNSPECIFIED.,.F.,.F.,.F.,(4,2,2,4),(2,2),(-0.0924009048094717,-0.0677329086051595,
-0.0293756539541035,0.),(0.,0.7),.UNSPECIFIED.);
#166=B_SPLINE_SURFACE_WITH_KNOTS('',3,1,((#3881,#3882),(#3883,#3884),(#3885,
#3886),(#3887,#3888),(#3889,#3890),(#3891,#3892),(#3893,#3894),(#3895,#3896)),
 .UNSPECIFIED.,.F.,.F.,.F.,(4,2,2,4),(2,2),(-0.529014468455026,-0.392061704272929,
-0.235752457213191,0.),(0.,0.7),.UNSPECIFIED.);
#167=B_SPLINE_SURFACE_WITH_KNOTS('',3,1,((#3919,#3920),(#3921,#3922),(#3923,
#3924),(#3925,#3926),(#3927,#3928),(#3929,#3930),(#3931,#3932),(#3933,#3934)),
 .UNSPECIFIED.,.F.,.F.,.F.,(4,2,2,4),(2,2),(-0.0924009048234126,-0.067732908612139,
-0.0293756539529214,0.),(0.,0.7),.UNSPECIFIED.);
#168=B_SPLINE_SURFACE_WITH_KNOTS('',3,1,((#3957,#3958),(#3959,#3960),(#3961,
#3962),(#3963,#3964),(#3965,#3966),(#3967,#3968),(#3969,#3970),(#3971,#3972)),
 .UNSPECIFIED.,.F.,.F.,.F.,(4,2,2,4),(2,2),(-0.529014468495908,-0.392061704272039,
-0.235752457211804,0.),(0.,0.7),.UNSPECIFIED.);
#169=B_SPLINE_SURFACE_WITH_KNOTS('',3,1,((#3995,#3996),(#3997,#3998),(#3999,
#4000),(#4001,#4002),(#4003,#4004),(#4005,#4006),(#4007,#4008),(#4009,#4010)),
 .UNSPECIFIED.,.F.,.F.,.F.,(4,2,2,4),(2,2),(-0.0924009047435779,-0.0677329085668827,
-0.0293756539540153,0.),(0.,0.7),.UNSPECIFIED.);
#170=B_SPLINE_SURFACE_WITH_KNOTS('',3,1,((#4033,#4034),(#4035,#4036),(#4037,
#4038),(#4039,#4040),(#4041,#4042),(#4043,#4044),(#4045,#4046),(#4047,#4048)),
 .UNSPECIFIED.,.F.,.F.,.F.,(4,2,2,4),(2,2),(-0.529014468492316,-0.39206170430736,
-0.235752457233655,0.),(0.,0.7),.UNSPECIFIED.);
#171=B_SPLINE_SURFACE_WITH_KNOTS('',3,1,((#4071,#4072),(#4073,#4074),(#4075,
#4076),(#4077,#4078),(#4079,#4080),(#4081,#4082),(#4083,#4084),(#4085,#4086)),
 .UNSPECIFIED.,.F.,.F.,.F.,(4,2,2,4),(2,2),(-0.0924009048218723,-0.0677329086124143,
-0.0293756539546499,0.),(0.,0.7),.UNSPECIFIED.);
#172=B_SPLINE_SURFACE_WITH_KNOTS('',3,1,((#4109,#4110),(#4111,#4112),(#4113,
#4114),(#4115,#4116),(#4117,#4118),(#4119,#4120),(#4121,#4122),(#4123,#4124)),
 .UNSPECIFIED.,.F.,.F.,.F.,(4,2,2,4),(2,2),(-0.529014468522083,-0.392061704274356,
-0.2357524572121,0.),(0.,0.7),.UNSPECIFIED.);
#173=B_SPLINE_SURFACE_WITH_KNOTS('',3,1,((#4147,#4148),(#4149,#4150),(#4151,
#4152),(#4153,#4154),(#4155,#4156),(#4157,#4158),(#4159,#4160),(#4161,#4162)),
 .UNSPECIFIED.,.F.,.F.,.F.,(4,2,2,4),(2,2),(-0.0924009048287864,-0.0677329086154999,
-0.0293756539531915,0.),(0.,0.7),.UNSPECIFIED.);
#174=B_SPLINE_SURFACE_WITH_KNOTS('',3,1,((#4185,#4186),(#4187,#4188),(#4189,
#4190),(#4191,#4192),(#4193,#4194),(#4195,#4196),(#4197,#4198),(#4199,#4200)),
 .UNSPECIFIED.,.F.,.F.,.F.,(4,2,2,4),(2,2),(-0.529014468511093,-0.392061704285454,
-0.235752457219502,0.),(0.,0.7),.UNSPECIFIED.);
#175=B_SPLINE_SURFACE_WITH_KNOTS('',3,1,((#4223,#4224),(#4225,#4226),(#4227,
#4228),(#4229,#4230),(#4231,#4232),(#4233,#4234),(#4235,#4236),(#4237,#4238)),
 .UNSPECIFIED.,.F.,.F.,.F.,(4,2,2,4),(2,2),(-0.0924009048269395,-0.0677329086135149,
-0.0293756539513378,0.),(0.,0.7),.UNSPECIFIED.);
#176=B_SPLINE_SURFACE_WITH_KNOTS('',3,1,((#4261,#4262),(#4263,#4264),(#4265,
#4266),(#4267,#4268),(#4269,#4270),(#4271,#4272),(#4273,#4274),(#4275,#4276)),
 .UNSPECIFIED.,.F.,.F.,.F.,(4,2,2,4),(2,2),(-0.529014468524211,-0.392061704309563,
-0.235752457235055,0.),(0.,0.7),.UNSPECIFIED.);
#177=B_SPLINE_SURFACE_WITH_KNOTS('',3,1,((#4299,#4300),(#4301,#4302),(#4303,
#4304),(#4305,#4306),(#4307,#4308),(#4309,#4310),(#4311,#4312),(#4313,#4314)),
 .UNSPECIFIED.,.F.,.F.,.F.,(4,2,2,4),(2,2),(-0.0924009048144534,-0.0677329086078694,
-0.0293756539541476,0.),(0.,0.7),.UNSPECIFIED.);
#178=B_SPLINE_SURFACE_WITH_KNOTS('',3,1,((#4337,#4338),(#4339,#4340),(#4341,
#4342),(#4343,#4344),(#4345,#4346),(#4347,#4348),(#4349,#4350),(#4351,#4352)),
 .UNSPECIFIED.,.F.,.F.,.F.,(4,2,2,4),(2,2),(-0.529014468465319,-0.392061704272687,
-0.235752457212616,0.),(0.,0.7),.UNSPECIFIED.);
#179=B_SPLINE_SURFACE_WITH_KNOTS('',3,1,((#4375,#4376),(#4377,#4378),(#4379,
#4380),(#4381,#4382),(#4383,#4384),(#4385,#4386),(#4387,#4388),(#4389,#4390)),
 .UNSPECIFIED.,.F.,.F.,.F.,(4,2,2,4),(2,2),(-0.092400904787499,-0.0677329085918183,
-0.0293756539532736,0.),(0.,0.7),.UNSPECIFIED.);
#180=B_SPLINE_SURFACE_WITH_KNOTS('',3,1,((#4413,#4414),(#4415,#4416),(#4417,
#4418),(#4419,#4420),(#4421,#4422),(#4423,#4424),(#4425,#4426),(#4427,#4428)),
 .UNSPECIFIED.,.F.,.F.,.F.,(4,2,2,4),(2,2),(-0.529014468623011,-0.392061704295973,
-0.235752457222154,0.),(0.,0.7),.UNSPECIFIED.);
#181=B_SPLINE_SURFACE_WITH_KNOTS('',3,1,((#4451,#4452),(#4453,#4454),(#4455,
#4456),(#4457,#4458),(#4459,#4460),(#4461,#4462),(#4463,#4464),(#4465,#4466)),
 .UNSPECIFIED.,.F.,.F.,.F.,(4,2,2,4),(2,2),(-0.0924009048016524,-0.0677329085995731,
-0.0293756539526401,0.),(0.,0.7),.UNSPECIFIED.);
#182=B_SPLINE_SURFACE_WITH_KNOTS('',3,1,((#4489,#4490),(#4491,#4492),(#4493,
#4494),(#4495,#4496),(#4497,#4498),(#4499,#4500),(#4501,#4502),(#4503,#4504)),
 .UNSPECIFIED.,.F.,.F.,.F.,(4,2,2,4),(2,2),(-0.529014468509926,-0.392061704303192,
-0.23575245723021,0.),(0.,0.7),.UNSPECIFIED.);
#183=B_SPLINE_SURFACE_WITH_KNOTS('',3,1,((#4527,#4528),(#4529,#4530),(#4531,
#4532),(#4533,#4534),(#4535,#4536),(#4537,#4538),(#4539,#4540),(#4541,#4542)),
 .UNSPECIFIED.,.F.,.F.,.F.,(4,2,2,4),(2,2),(-0.0924009048193339,-0.0677329086108906,
-0.0293756539546082,0.),(0.,0.7),.UNSPECIFIED.);
#184=B_SPLINE_SURFACE_WITH_KNOTS('',3,1,((#4565,#4566),(#4567,#4568),(#4569,
#4570),(#4571,#4572),(#4573,#4574),(#4575,#4576),(#4577,#4578),(#4579,#4580)),
 .UNSPECIFIED.,.F.,.F.,.F.,(4,2,2,4),(2,2),(-0.529014468506491,-0.392061704298466,
-0.235752457227737,0.),(0.,0.7),.UNSPECIFIED.);
#185=FACE_OUTER_BOUND('',#325,.T.);
#186=FACE_OUTER_BOUND('',#326,.T.);
#187=FACE_OUTER_BOUND('',#327,.T.);
#188=FACE_OUTER_BOUND('',#328,.T.);
#189=FACE_OUTER_BOUND('',#329,.T.);
#190=FACE_OUTER_BOUND('',#330,.T.);
#191=FACE_OUTER_BOUND('',#331,.T.);
#192=FACE_OUTER_BOUND('',#332,.T.);
#193=FACE_OUTER_BOUND('',#333,.T.);
#194=FACE_OUTER_BOUND('',#334,.T.);
#195=FACE_OUTER_BOUND('',#335,.T.);
#196=FACE_OUTER_BOUND('',#336,.T.);
#197=FACE_OUTER_BOUND('',#337,.T.);
#198=FACE_OUTER_BOUND('',#338,.T.);
#199=FACE_OUTER_BOUND('',#339,.T.);
#200=FACE_OUTER_BOUND('',#340,.T.);
#201=FACE_OUTER_BOUND('',#341,.T.);
#202=FACE_OUTER_BOUND('',#342,.T.);
#203=FACE_OUTER_BOUND('',#343,.T.);
#204=FACE_OUTER_BOUND('',#344,.T.);
#205=FACE_OUTER_BOUND('',#345,.T.);
#206=FACE_OUTER_BOUND('',#346,.T.);
#207=FACE_OUTER_BOUND('',#347,.T.);
#208=FACE_OUTER_BOUND('',#348,.T.);
#209=FACE_OUTER_BOUND('',#349,.T.);
#210=FACE_OUTER_BOUND('',#350,.T.);
#211=FACE_OUTER_BOUND('',#351,.T.);
#212=FACE_OUTER_BOUND('',#352,.T.);
#213=FACE_OUTER_BOUND('',#353,.T.);
#214=FACE_OUTER_BOUND('',#354,.T.);
#215=FACE_OUTER_BOUND('',#355,.T.);
#216=FACE_OUTER_BOUND('',#356,.T.);
#217=FACE_OUTER_BOUND('',#357,.T.);
#218=FACE_OUTER_BOUND('',#359,.T.);
#219=FACE_OUTER_BOUND('',#360,.T.);
#220=FACE_OUTER_BOUND('',#361,.T.);
#221=FACE_OUTER_BOUND('',#362,.T.);
#222=FACE_OUTER_BOUND('',#363,.T.);
#223=FACE_OUTER_BOUND('',#364,.T.);
#224=FACE_OUTER_BOUND('',#365,.T.);
#225=FACE_OUTER_BOUND('',#366,.T.);
#226=FACE_OUTER_BOUND('',#367,.T.);
#227=FACE_OUTER_BOUND('',#368,.T.);
#228=FACE_OUTER_BOUND('',#369,.T.);
#229=FACE_OUTER_BOUND('',#370,.T.);
#230=FACE_OUTER_BOUND('',#371,.T.);
#231=FACE_OUTER_BOUND('',#372,.T.);
#232=FACE_OUTER_BOUND('',#373,.T.);
#233=FACE_OUTER_BOUND('',#374,.T.);
#234=FACE_OUTER_BOUND('',#375,.T.);
#235=FACE_OUTER_BOUND('',#376,.T.);
#236=FACE_OUTER_BOUND('',#377,.T.);
#237=FACE_OUTER_BOUND('',#378,.T.);
#238=FACE_OUTER_BOUND('',#379,.T.);
#239=FACE_OUTER_BOUND('',#380,.T.);
#240=FACE_OUTER_BOUND('',#381,.T.);
#241=FACE_OUTER_BOUND('',#382,.T.);
#242=FACE_OUTER_BOUND('',#383,.T.);
#243=FACE_OUTER_BOUND('',#384,.T.);
#244=FACE_OUTER_BOUND('',#385,.T.);
#245=FACE_OUTER_BOUND('',#386,.T.);
#246=FACE_OUTER_BOUND('',#387,.T.);
#247=FACE_OUTER_BOUND('',#388,.T.);
#248=FACE_OUTER_BOUND('',#389,.T.);
#249=FACE_OUTER_BOUND('',#390,.T.);
#250=FACE_OUTER_BOUND('',#391,.T.);
#251=FACE_OUTER_BOUND('',#392,.T.);
#252=FACE_OUTER_BOUND('',#393,.T.);
#253=FACE_OUTER_BOUND('',#394,.T.);
#254=FACE_OUTER_BOUND('',#395,.T.);
#255=FACE_OUTER_BOUND('',#396,.T.);
#256=FACE_OUTER_BOUND('',#397,.T.);
#257=FACE_OUTER_BOUND('',#398,.T.);
#258=FACE_OUTER_BOUND('',#399,.T.);
#259=FACE_OUTER_BOUND('',#400,.T.);
#260=FACE_OUTER_BOUND('',#401,.T.);
#261=FACE_OUTER_BOUND('',#402,.T.);
#262=FACE_OUTER_BOUND('',#403,.T.);
#263=FACE_OUTER_BOUND('',#404,.T.);
#264=FACE_OUTER_BOUND('',#405,.T.);
#265=FACE_OUTER_BOUND('',#406,.T.);
#266=FACE_OUTER_BOUND('',#407,.T.);
#267=FACE_OUTER_BOUND('',#408,.T.);
#268=FACE_OUTER_BOUND('',#409,.T.);
#269=FACE_OUTER_BOUND('',#410,.T.);
#270=FACE_OUTER_BOUND('',#411,.T.);
#271=FACE_OUTER_BOUND('',#412,.T.);
#272=FACE_OUTER_BOUND('',#413,.T.);
#273=FACE_OUTER_BOUND('',#414,.T.);
#274=FACE_OUTER_BOUND('',#415,.T.);
#275=FACE_OUTER_BOUND('',#416,.T.);
#276=FACE_OUTER_BOUND('',#417,.T.);
#277=FACE_OUTER_BOUND('',#418,.T.);
#278=FACE_OUTER_BOUND('',#419,.T.);
#279=FACE_OUTER_BOUND('',#420,.T.);
#280=FACE_OUTER_BOUND('',#421,.T.);
#281=FACE_OUTER_BOUND('',#422,.T.);
#282=FACE_OUTER_BOUND('',#423,.T.);
#283=FACE_OUTER_BOUND('',#424,.T.);
#284=FACE_OUTER_BOUND('',#425,.T.);
#285=FACE_OUTER_BOUND('',#426,.T.);
#286=FACE_OUTER_BOUND('',#427,.T.);
#287=FACE_OUTER_BOUND('',#428,.T.);
#288=FACE_OUTER_BOUND('',#429,.T.);
#289=FACE_OUTER_BOUND('',#430,.T.);
#290=FACE_OUTER_BOUND('',#431,.T.);
#291=FACE_OUTER_BOUND('',#432,.T.);
#292=FACE_OUTER_BOUND('',#433,.T.);
#293=FACE_OUTER_BOUND('',#434,.T.);
#294=FACE_OUTER_BOUND('',#435,.T.);
#295=FACE_OUTER_BOUND('',#436,.T.);
#296=FACE_OUTER_BOUND('',#437,.T.);
#297=FACE_OUTER_BOUND('',#438,.T.);
#298=FACE_OUTER_BOUND('',#439,.T.);
#299=FACE_OUTER_BOUND('',#440,.T.);
#300=FACE_OUTER_BOUND('',#441,.T.);
#301=FACE_OUTER_BOUND('',#442,.T.);
#302=FACE_OUTER_BOUND('',#443,.T.);
#303=FACE_OUTER_BOUND('',#444,.T.);
#304=FACE_OUTER_BOUND('',#454,.T.);
#305=FACE_OUTER_BOUND('',#455,.T.);
#306=FACE_OUTER_BOUND('',#456,.T.);
#307=FACE_OUTER_BOUND('',#457,.T.);
#308=FACE_OUTER_BOUND('',#458,.T.);
#309=FACE_OUTER_BOUND('',#459,.T.);
#310=FACE_OUTER_BOUND('',#460,.T.);
#311=FACE_OUTER_BOUND('',#461,.T.);
#312=FACE_OUTER_BOUND('',#462,.T.);
#313=FACE_OUTER_BOUND('',#463,.T.);
#314=FACE_OUTER_BOUND('',#464,.T.);
#315=FACE_OUTER_BOUND('',#465,.T.);
#316=FACE_OUTER_BOUND('',#466,.T.);
#317=FACE_OUTER_BOUND('',#467,.T.);
#318=FACE_OUTER_BOUND('',#468,.T.);
#319=FACE_OUTER_BOUND('',#469,.T.);
#320=FACE_OUTER_BOUND('',#470,.T.);
#321=FACE_OUTER_BOUND('',#471,.T.);
#322=FACE_OUTER_BOUND('',#472,.T.);
#323=FACE_OUTER_BOUND('',#482,.T.);
#324=FACE_OUTER_BOUND('',#483,.T.);
#325=EDGE_LOOP('',(#1717,#1718,#1719,#1720));
#326=EDGE_LOOP('',(#1721,#1722,#1723,#1724));
#327=EDGE_LOOP('',(#1725,#1726,#1727,#1728));
#328=EDGE_LOOP('',(#1729,#1730,#1731,#1732));
#329=EDGE_LOOP('',(#1733,#1734,#1735,#1736));
#330=EDGE_LOOP('',(#1737,#1738,#1739,#1740));
#331=EDGE_LOOP('',(#1741,#1742,#1743,#1744));
#332=EDGE_LOOP('',(#1745,#1746,#1747,#1748));
#333=EDGE_LOOP('',(#1749,#1750,#1751,#1752));
#334=EDGE_LOOP('',(#1753,#1754,#1755,#1756));
#335=EDGE_LOOP('',(#1757,#1758,#1759,#1760));
#336=EDGE_LOOP('',(#1761,#1762,#1763,#1764));
#337=EDGE_LOOP('',(#1765,#1766,#1767,#1768));
#338=EDGE_LOOP('',(#1769,#1770,#1771,#1772));
#339=EDGE_LOOP('',(#1773,#1774,#1775,#1776));
#340=EDGE_LOOP('',(#1777,#1778,#1779,#1780));
#341=EDGE_LOOP('',(#1781,#1782,#1783,#1784));
#342=EDGE_LOOP('',(#1785,#1786,#1787,#1788));
#343=EDGE_LOOP('',(#1789,#1790,#1791,#1792));
#344=EDGE_LOOP('',(#1793,#1794,#1795,#1796));
#345=EDGE_LOOP('',(#1797,#1798,#1799,#1800));
#346=EDGE_LOOP('',(#1801,#1802,#1803,#1804));
#347=EDGE_LOOP('',(#1805,#1806,#1807,#1808));
#348=EDGE_LOOP('',(#1809,#1810,#1811,#1812));
#349=EDGE_LOOP('',(#1813,#1814,#1815,#1816));
#350=EDGE_LOOP('',(#1817,#1818,#1819,#1820));
#351=EDGE_LOOP('',(#1821,#1822,#1823,#1824));
#352=EDGE_LOOP('',(#1825,#1826,#1827,#1828));
#353=EDGE_LOOP('',(#1829,#1830,#1831,#1832));
#354=EDGE_LOOP('',(#1833,#1834,#1835,#1836));
#355=EDGE_LOOP('',(#1837,#1838,#1839,#1840));
#356=EDGE_LOOP('',(#1841,#1842,#1843,#1844));
#357=EDGE_LOOP('',(#1845,#1846,#1847,#1848,#1849,#1850,#1851,#1852,#1853,
#1854,#1855,#1856,#1857,#1858,#1859,#1860,#1861,#1862,#1863,#1864,#1865,
#1866,#1867,#1868,#1869,#1870,#1871,#1872,#1873,#1874,#1875,#1876,#1877,
#1878,#1879,#1880,#1881,#1882,#1883,#1884,#1885,#1886,#1887,#1888,#1889,
#1890,#1891,#1892,#1893,#1894,#1895,#1896,#1897,#1898,#1899,#1900,#1901,
#1902,#1903,#1904,#1905,#1906,#1907,#1908,#1909,#1910,#1911,#1912,#1913,
#1914,#1915,#1916,#1917,#1918,#1919,#1920,#1921,#1922,#1923,#1924,#1925,
#1926,#1927,#1928,#1929,#1930,#1931,#1932,#1933,#1934,#1935,#1936,#1937,
#1938,#1939,#1940));
#358=EDGE_LOOP('',(#1941,#1942,#1943,#1944,#1945,#1946,#1947,#1948));
#359=EDGE_LOOP('',(#1949,#1950,#1951,#1952));
#360=EDGE_LOOP('',(#1953,#1954,#1955,#1956));
#361=EDGE_LOOP('',(#1957,#1958,#1959,#1960));
#362=EDGE_LOOP('',(#1961,#1962,#1963,#1964));
#363=EDGE_LOOP('',(#1965,#1966,#1967,#1968));
#364=EDGE_LOOP('',(#1969,#1970,#1971,#1972));
#365=EDGE_LOOP('',(#1973,#1974,#1975,#1976));
#366=EDGE_LOOP('',(#1977,#1978,#1979,#1980));
#367=EDGE_LOOP('',(#1981,#1982,#1983,#1984));
#368=EDGE_LOOP('',(#1985,#1986,#1987,#1988,#1989));
#369=EDGE_LOOP('',(#1990,#1991,#1992,#1993));
#370=EDGE_LOOP('',(#1994,#1995,#1996,#1997,#1998));
#371=EDGE_LOOP('',(#1999,#2000,#2001,#2002));
#372=EDGE_LOOP('',(#2003,#2004,#2005,#2006,#2007));
#373=EDGE_LOOP('',(#2008,#2009,#2010,#2011));
#374=EDGE_LOOP('',(#2012,#2013,#2014,#2015,#2016));
#375=EDGE_LOOP('',(#2017,#2018,#2019,#2020));
#376=EDGE_LOOP('',(#2021,#2022,#2023,#2024,#2025));
#377=EDGE_LOOP('',(#2026,#2027,#2028,#2029));
#378=EDGE_LOOP('',(#2030,#2031,#2032,#2033,#2034));
#379=EDGE_LOOP('',(#2035,#2036,#2037,#2038));
#380=EDGE_LOOP('',(#2039,#2040,#2041,#2042,#2043));
#381=EDGE_LOOP('',(#2044,#2045,#2046,#2047));
#382=EDGE_LOOP('',(#2048,#2049,#2050,#2051,#2052));
#383=EDGE_LOOP('',(#2053,#2054,#2055,#2056));
#384=EDGE_LOOP('',(#2057,#2058,#2059,#2060,#2061));
#385=EDGE_LOOP('',(#2062,#2063,#2064,#2065));
#386=EDGE_LOOP('',(#2066,#2067,#2068,#2069,#2070));
#387=EDGE_LOOP('',(#2071,#2072,#2073,#2074));
#388=EDGE_LOOP('',(#2075,#2076,#2077,#2078,#2079));
#389=EDGE_LOOP('',(#2080,#2081,#2082,#2083));
#390=EDGE_LOOP('',(#2084,#2085,#2086,#2087,#2088));
#391=EDGE_LOOP('',(#2089,#2090,#2091,#2092));
#392=EDGE_LOOP('',(#2093,#2094,#2095,#2096,#2097));
#393=EDGE_LOOP('',(#2098,#2099,#2100,#2101));
#394=EDGE_LOOP('',(#2102,#2103,#2104,#2105,#2106));
#395=EDGE_LOOP('',(#2107,#2108,#2109,#2110));
#396=EDGE_LOOP('',(#2111,#2112,#2113,#2114,#2115));
#397=EDGE_LOOP('',(#2116,#2117,#2118,#2119));
#398=EDGE_LOOP('',(#2120,#2121,#2122,#2123,#2124));
#399=EDGE_LOOP('',(#2125,#2126,#2127,#2128));
#400=EDGE_LOOP('',(#2129,#2130,#2131,#2132,#2133));
#401=EDGE_LOOP('',(#2134,#2135,#2136,#2137));
#402=EDGE_LOOP('',(#2138,#2139,#2140,#2141,#2142));
#403=EDGE_LOOP('',(#2143,#2144,#2145,#2146));
#404=EDGE_LOOP('',(#2147,#2148,#2149,#2150,#2151));
#405=EDGE_LOOP('',(#2152,#2153,#2154,#2155));
#406=EDGE_LOOP('',(#2156,#2157,#2158,#2159,#2160));
#407=EDGE_LOOP('',(#2161,#2162,#2163,#2164));
#408=EDGE_LOOP('',(#2165,#2166,#2167,#2168,#2169));
#409=EDGE_LOOP('',(#2170,#2171,#2172,#2173));
#410=EDGE_LOOP('',(#2174,#2175,#2176,#2177,#2178));
#411=EDGE_LOOP('',(#2179,#2180,#2181,#2182));
#412=EDGE_LOOP('',(#2183,#2184,#2185,#2186,#2187,#2188));
#413=EDGE_LOOP('',(#2189,#2190,#2191,#2192));
#414=EDGE_LOOP('',(#2193,#2194,#2195,#2196));
#415=EDGE_LOOP('',(#2197,#2198,#2199,#2200,#2201,#2202));
#416=EDGE_LOOP('',(#2203,#2204,#2205,#2206));
#417=EDGE_LOOP('',(#2207,#2208,#2209,#2210));
#418=EDGE_LOOP('',(#2211,#2212,#2213,#2214,#2215,#2216));
#419=EDGE_LOOP('',(#2217,#2218,#2219,#2220));
#420=EDGE_LOOP('',(#2221,#2222,#2223,#2224));
#421=EDGE_LOOP('',(#2225,#2226,#2227,#2228,#2229,#2230));
#422=EDGE_LOOP('',(#2231,#2232,#2233,#2234));
#423=EDGE_LOOP('',(#2235,#2236,#2237,#2238));
#424=EDGE_LOOP('',(#2239,#2240,#2241,#2242,#2243,#2244));
#425=EDGE_LOOP('',(#2245,#2246,#2247,#2248));
#426=EDGE_LOOP('',(#2249,#2250,#2251,#2252));
#427=EDGE_LOOP('',(#2253,#2254,#2255,#2256,#2257,#2258));
#428=EDGE_LOOP('',(#2259,#2260,#2261,#2262));
#429=EDGE_LOOP('',(#2263,#2264,#2265,#2266));
#430=EDGE_LOOP('',(#2267,#2268,#2269,#2270,#2271,#2272));
#431=EDGE_LOOP('',(#2273,#2274,#2275,#2276));
#432=EDGE_LOOP('',(#2277,#2278,#2279,#2280));
#433=EDGE_LOOP('',(#2281,#2282,#2283,#2284,#2285,#2286));
#434=EDGE_LOOP('',(#2287,#2288,#2289,#2290));
#435=EDGE_LOOP('',(#2291,#2292,#2293,#2294));
#436=EDGE_LOOP('',(#2295,#2296,#2297,#2298,#2299,#2300));
#437=EDGE_LOOP('',(#2301,#2302,#2303,#2304));
#438=EDGE_LOOP('',(#2305,#2306,#2307,#2308));
#439=EDGE_LOOP('',(#2309,#2310,#2311,#2312,#2313,#2314));
#440=EDGE_LOOP('',(#2315,#2316,#2317,#2318));
#441=EDGE_LOOP('',(#2319,#2320,#2321,#2322));
#442=EDGE_LOOP('',(#2323,#2324,#2325,#2326,#2327,#2328));
#443=EDGE_LOOP('',(#2329,#2330,#2331,#2332));
#444=EDGE_LOOP('',(#2333,#2334,#2335,#2336,#2337,#2338,#2339,#2340,#2341,
#2342,#2343,#2344,#2345,#2346,#2347,#2348,#2349,#2350,#2351,#2352,#2353,
#2354,#2355,#2356,#2357,#2358,#2359,#2360,#2361,#2362,#2363,#2364,#2365,
#2366,#2367,#2368,#2369,#2370,#2371,#2372,#2373,#2374,#2375,#2376,#2377,
#2378,#2379,#2380,#2381,#2382,#2383,#2384,#2385,#2386,#2387,#2388,#2389,
#2390,#2391,#2392,#2393,#2394,#2395,#2396,#2397,#2398,#2399,#2400,#2401,
#2402,#2403,#2404,#2405,#2406,#2407,#2408,#2409,#2410,#2411,#2412,#2413,
#2414,#2415,#2416,#2417,#2418,#2419,#2420,#2421,#2422,#2423,#2424,#2425,
#2426,#2427,#2428));
#445=EDGE_LOOP('',(#2429));
#446=EDGE_LOOP('',(#2430));
#447=EDGE_LOOP('',(#2431));
#448=EDGE_LOOP('',(#2432));
#449=EDGE_LOOP('',(#2433));
#450=EDGE_LOOP('',(#2434));
#451=EDGE_LOOP('',(#2435));
#452=EDGE_LOOP('',(#2436));
#453=EDGE_LOOP('',(#2437));
#454=EDGE_LOOP('',(#2438,#2439,#2440,#2441));
#455=EDGE_LOOP('',(#2442,#2443,#2444,#2445));
#456=EDGE_LOOP('',(#2446,#2447,#2448,#2449));
#457=EDGE_LOOP('',(#2450,#2451,#2452,#2453));
#458=EDGE_LOOP('',(#2454,#2455,#2456,#2457));
#459=EDGE_LOOP('',(#2458,#2459,#2460,#2461));
#460=EDGE_LOOP('',(#2462,#2463,#2464,#2465));
#461=EDGE_LOOP('',(#2466,#2467,#2468,#2469));
#462=EDGE_LOOP('',(#2470,#2471,#2472,#2473));
#463=EDGE_LOOP('',(#2474,#2475,#2476,#2477));
#464=EDGE_LOOP('',(#2478,#2479,#2480,#2481));
#465=EDGE_LOOP('',(#2482,#2483,#2484,#2485));
#466=EDGE_LOOP('',(#2486,#2487,#2488,#2489,#2490));
#467=EDGE_LOOP('',(#2491,#2492,#2493,#2494));
#468=EDGE_LOOP('',(#2495,#2496,#2497,#2498,#2499));
#469=EDGE_LOOP('',(#2500,#2501,#2502,#2503));
#470=EDGE_LOOP('',(#2504,#2505,#2506,#2507,#2508,#2509));
#471=EDGE_LOOP('',(#2510,#2511,#2512,#2513));
#472=EDGE_LOOP('',(#2514,#2515,#2516,#2517,#2518,#2519,#2520,#2521));
#473=EDGE_LOOP('',(#2522));
#474=EDGE_LOOP('',(#2523));
#475=EDGE_LOOP('',(#2524));
#476=EDGE_LOOP('',(#2525));
#477=EDGE_LOOP('',(#2526));
#478=EDGE_LOOP('',(#2527));
#479=EDGE_LOOP('',(#2528));
#480=EDGE_LOOP('',(#2529));
#481=EDGE_LOOP('',(#2530));
#482=EDGE_LOOP('',(#2531,#2532,#2533,#2534));
#483=EDGE_LOOP('',(#2535,#2536,#2537,#2538));
#484=LINE('',#3648,#693);
#485=LINE('',#3651,#694);
#486=LINE('',#3657,#695);
#487=LINE('',#3663,#696);
#488=LINE('',#3669,#697);
#489=LINE('',#3675,#698);
#490=LINE('',#3681,#699);
#491=LINE('',#3687,#700);
#492=LINE('',#3718,#701);
#493=LINE('',#3728,#702);
#494=LINE('',#3756,#703);
#495=LINE('',#3766,#704);
#496=LINE('',#3794,#705);
#497=LINE('',#3804,#706);
#498=LINE('',#3832,#707);
#499=LINE('',#3842,#708);
#500=LINE('',#3870,#709);
#501=LINE('',#3880,#710);
#502=LINE('',#3908,#711);
#503=LINE('',#3918,#712);
#504=LINE('',#3946,#713);
#505=LINE('',#3956,#714);
#506=LINE('',#3984,#715);
#507=LINE('',#3994,#716);
#508=LINE('',#4022,#717);
#509=LINE('',#4032,#718);
#510=LINE('',#4060,#719);
#511=LINE('',#4070,#720);
#512=LINE('',#4098,#721);
#513=LINE('',#4108,#722);
#514=LINE('',#4136,#723);
#515=LINE('',#4146,#724);
#516=LINE('',#4174,#725);
#517=LINE('',#4184,#726);
#518=LINE('',#4212,#727);
#519=LINE('',#4222,#728);
#520=LINE('',#4250,#729);
#521=LINE('',#4260,#730);
#522=LINE('',#4288,#731);
#523=LINE('',#4298,#732);
#524=LINE('',#4326,#733);
#525=LINE('',#4336,#734);
#526=LINE('',#4364,#735);
#527=LINE('',#4374,#736);
#528=LINE('',#4402,#737);
#529=LINE('',#4412,#738);
#530=LINE('',#4440,#739);
#531=LINE('',#4450,#740);
#532=LINE('',#4478,#741);
#533=LINE('',#4488,#742);
#534=LINE('',#4516,#743);
#535=LINE('',#4526,#744);
#536=LINE('',#4554,#745);
#537=LINE('',#4564,#746);
#538=LINE('',#4592,#747);
#539=LINE('',#4602,#748);
#540=LINE('',#4605,#749);
#541=LINE('',#4608,#750);
#542=LINE('',#4615,#751);
#543=LINE('',#4618,#752);
#544=LINE('',#4625,#753);
#545=LINE('',#4628,#754);
#546=LINE('',#4635,#755);
#547=LINE('',#4638,#756);
#548=LINE('',#4645,#757);
#549=LINE('',#4648,#758);
#550=LINE('',#4655,#759);
#551=LINE('',#4658,#760);
#552=LINE('',#4665,#761);
#553=LINE('',#4668,#762);
#554=LINE('',#4675,#763);
#555=LINE('',#4678,#764);
#556=LINE('',#4685,#765);
#557=LINE('',#4688,#766);
#558=LINE('',#4695,#767);
#559=LINE('',#4698,#768);
#560=LINE('',#4705,#769);
#561=LINE('',#4708,#770);
#562=LINE('',#4715,#771);
#563=LINE('',#4718,#772);
#564=LINE('',#4728,#773);
#565=LINE('',#4734,#774);
#566=LINE('',#4740,#775);
#567=LINE('',#4746,#776);
#568=LINE('',#4752,#777);
#569=LINE('',#4758,#778);
#570=LINE('',#4764,#779);
#571=LINE('',#4770,#780);
#572=LINE('',#4774,#781);
#573=LINE('',#4777,#782);
#574=LINE('',#4780,#783);
#575=LINE('',#4781,#784);
#576=LINE('',#4786,#785);
#577=LINE('',#4787,#786);
#578=LINE('',#4790,#787);
#579=LINE('',#4791,#788);
#580=LINE('',#4794,#789);
#581=LINE('',#4797,#790);
#582=LINE('',#4800,#791);
#583=LINE('',#4801,#792);
#584=LINE('',#4806,#793);
#585=LINE('',#4807,#794);
#586=LINE('',#4810,#795);
#587=LINE('',#4811,#796);
#588=LINE('',#4814,#797);
#589=LINE('',#4817,#798);
#590=LINE('',#4820,#799);
#591=LINE('',#4821,#800);
#592=LINE('',#4826,#801);
#593=LINE('',#4827,#802);
#594=LINE('',#4830,#803);
#595=LINE('',#4831,#804);
#596=LINE('',#4834,#805);
#597=LINE('',#4837,#806);
#598=LINE('',#4840,#807);
#599=LINE('',#4841,#808);
#600=LINE('',#4846,#809);
#601=LINE('',#4847,#810);
#602=LINE('',#4850,#811);
#603=LINE('',#4851,#812);
#604=LINE('',#4854,#813);
#605=LINE('',#4857,#814);
#606=LINE('',#4860,#815);
#607=LINE('',#4861,#816);
#608=LINE('',#4866,#817);
#609=LINE('',#4867,#818);
#610=LINE('',#4870,#819);
#611=LINE('',#4871,#820);
#612=LINE('',#4874,#821);
#613=LINE('',#4877,#822);
#614=LINE('',#4880,#823);
#615=LINE('',#4881,#824);
#616=LINE('',#4886,#825);
#617=LINE('',#4887,#826);
#618=LINE('',#4890,#827);
#619=LINE('',#4891,#828);
#620=LINE('',#4894,#829);
#621=LINE('',#4897,#830);
#622=LINE('',#4900,#831);
#623=LINE('',#4901,#832);
#624=LINE('',#4906,#833);
#625=LINE('',#4907,#834);
#626=LINE('',#4910,#835);
#627=LINE('',#4911,#836);
#628=LINE('',#4914,#837);
#629=LINE('',#4917,#838);
#630=LINE('',#4920,#839);
#631=LINE('',#4921,#840);
#632=LINE('',#4926,#841);
#633=LINE('',#4927,#842);
#634=LINE('',#4930,#843);
#635=LINE('',#4931,#844);
#636=LINE('',#4934,#845);
#637=LINE('',#4937,#846);
#638=LINE('',#4940,#847);
#639=LINE('',#4941,#848);
#640=LINE('',#4946,#849);
#641=LINE('',#4947,#850);
#642=LINE('',#4950,#851);
#643=LINE('',#4951,#852);
#644=LINE('',#4954,#853);
#645=LINE('',#4957,#854);
#646=LINE('',#4960,#855);
#647=LINE('',#4961,#856);
#648=LINE('',#4966,#857);
#649=LINE('',#4967,#858);
#650=LINE('',#4970,#859);
#651=LINE('',#4971,#860);
#652=LINE('',#4974,#861);
#653=LINE('',#4977,#862);
#654=LINE('',#4980,#863);
#655=LINE('',#4981,#864);
#656=LINE('',#4986,#865);
#657=LINE('',#4987,#866);
#658=LINE('',#4990,#867);
#659=LINE('',#4991,#868);
#660=LINE('',#5219,#869);
#661=LINE('',#5223,#870);
#662=LINE('',#5677,#871);
#663=LINE('',#5681,#872);
#664=LINE('',#6135,#873);
#665=LINE('',#6139,#874);
#666=LINE('',#6593,#875);
#667=LINE('',#6597,#876);
#668=LINE('',#7051,#877);
#669=LINE('',#7055,#878);
#670=LINE('',#7509,#879);
#671=LINE('',#7513,#880);
#672=LINE('',#7967,#881);
#673=LINE('',#7971,#882);
#674=LINE('',#8425,#883);
#675=LINE('',#8429,#884);
#676=LINE('',#8883,#885);
#677=LINE('',#8887,#886);
#678=LINE('',#9341,#887);
#679=LINE('',#9345,#888);
#680=LINE('',#9799,#889);
#681=LINE('',#9803,#890);
#682=LINE('',#10045,#891);
#683=LINE('',#10203,#892);
#684=LINE('',#10211,#893);
#685=LINE('',#10223,#894);
#686=LINE('',#10225,#895);
#687=LINE('',#10227,#896);
#688=LINE('',#10228,#897);
#689=LINE('',#10230,#898);
#690=LINE('',#10381,#899);
#691=LINE('',#10383,#900);
#692=LINE('',#10538,#901);
#693=VECTOR('',#2990,10.);
#694=VECTOR('',#2993,10.);
#695=VECTOR('',#3000,10.);
#696=VECTOR('',#3007,10.);
#697=VECTOR('',#3014,10.);
#698=VECTOR('',#3021,10.);
#699=VECTOR('',#3028,10.);
#700=VECTOR('',#3035,10.);
#701=VECTOR('',#3042,10.);
#702=VECTOR('',#3043,10.);
#703=VECTOR('',#3044,10.);
#704=VECTOR('',#3045,10.);
#705=VECTOR('',#3046,10.);
#706=VECTOR('',#3047,10.);
#707=VECTOR('',#3048,10.);
#708=VECTOR('',#3049,10.);
#709=VECTOR('',#3050,10.);
#710=VECTOR('',#3051,10.);
#711=VECTOR('',#3052,10.);
#712=VECTOR('',#3053,10.);
#713=VECTOR('',#3054,10.);
#714=VECTOR('',#3055,10.);
#715=VECTOR('',#3056,10.);
#716=VECTOR('',#3057,10.);
#717=VECTOR('',#3058,10.);
#718=VECTOR('',#3059,10.);
#719=VECTOR('',#3060,10.);
#720=VECTOR('',#3061,10.);
#721=VECTOR('',#3062,10.);
#722=VECTOR('',#3063,10.);
#723=VECTOR('',#3064,10.);
#724=VECTOR('',#3065,10.);
#725=VECTOR('',#3066,10.);
#726=VECTOR('',#3067,10.);
#727=VECTOR('',#3068,10.);
#728=VECTOR('',#3069,10.);
#729=VECTOR('',#3070,10.);
#730=VECTOR('',#3071,10.);
#731=VECTOR('',#3072,10.);
#732=VECTOR('',#3073,10.);
#733=VECTOR('',#3074,10.);
#734=VECTOR('',#3075,10.);
#735=VECTOR('',#3076,10.);
#736=VECTOR('',#3077,10.);
#737=VECTOR('',#3078,10.);
#738=VECTOR('',#3079,10.);
#739=VECTOR('',#3080,10.);
#740=VECTOR('',#3081,10.);
#741=VECTOR('',#3082,10.);
#742=VECTOR('',#3083,10.);
#743=VECTOR('',#3084,10.);
#744=VECTOR('',#3085,10.);
#745=VECTOR('',#3086,10.);
#746=VECTOR('',#3087,10.);
#747=VECTOR('',#3088,10.);
#748=VECTOR('',#3089,10.);
#749=VECTOR('',#3092,10.);
#750=VECTOR('',#3095,10.);
#751=VECTOR('',#3102,10.);
#752=VECTOR('',#3105,10.);
#753=VECTOR('',#3112,10.);
#754=VECTOR('',#3115,10.);
#755=VECTOR('',#3122,10.);
#756=VECTOR('',#3125,10.);
#757=VECTOR('',#3132,10.);
#758=VECTOR('',#3135,10.);
#759=VECTOR('',#3142,10.);
#760=VECTOR('',#3145,10.);
#761=VECTOR('',#3152,10.);
#762=VECTOR('',#3155,10.);
#763=VECTOR('',#3162,10.);
#764=VECTOR('',#3165,10.);
#765=VECTOR('',#3172,10.);
#766=VECTOR('',#3175,10.);
#767=VECTOR('',#3182,10.);
#768=VECTOR('',#3185,10.);
#769=VECTOR('',#3192,10.);
#770=VECTOR('',#3195,10.);
#771=VECTOR('',#3202,10.);
#772=VECTOR('',#3205,10.);
#773=VECTOR('',#3216,0.75);
#774=VECTOR('',#3223,0.75);
#775=VECTOR('',#3230,0.75);
#776=VECTOR('',#3237,0.75);
#777=VECTOR('',#3244,0.75);
#778=VECTOR('',#3251,0.75);
#779=VECTOR('',#3258,0.75);
#780=VECTOR('',#3265,0.75);
#781=VECTOR('',#3270,10.);
#782=VECTOR('',#3273,10.);
#783=VECTOR('',#3276,10.);
#784=VECTOR('',#3277,10.);
#785=VECTOR('',#3282,10.);
#786=VECTOR('',#3283,10.);
#787=VECTOR('',#3286,10.);
#788=VECTOR('',#3287,10.);
#789=VECTOR('',#3290,10.);
#790=VECTOR('',#3293,10.);
#791=VECTOR('',#3296,10.);
#792=VECTOR('',#3297,10.);
#793=VECTOR('',#3302,10.);
#794=VECTOR('',#3303,10.);
#795=VECTOR('',#3306,10.);
#796=VECTOR('',#3307,10.);
#797=VECTOR('',#3310,10.);
#798=VECTOR('',#3313,10.);
#799=VECTOR('',#3316,10.);
#800=VECTOR('',#3317,10.);
#801=VECTOR('',#3322,10.);
#802=VECTOR('',#3323,10.);
#803=VECTOR('',#3326,10.);
#804=VECTOR('',#3327,10.);
#805=VECTOR('',#3330,10.);
#806=VECTOR('',#3333,10.);
#807=VECTOR('',#3336,10.);
#808=VECTOR('',#3337,10.);
#809=VECTOR('',#3342,10.);
#810=VECTOR('',#3343,10.);
#811=VECTOR('',#3346,10.);
#812=VECTOR('',#3347,10.);
#813=VECTOR('',#3350,10.);
#814=VECTOR('',#3353,10.);
#815=VECTOR('',#3356,10.);
#816=VECTOR('',#3357,10.);
#817=VECTOR('',#3362,10.);
#818=VECTOR('',#3363,10.);
#819=VECTOR('',#3366,10.);
#820=VECTOR('',#3367,10.);
#821=VECTOR('',#3370,10.);
#822=VECTOR('',#3373,10.);
#823=VECTOR('',#3376,10.);
#824=VECTOR('',#3377,10.);
#825=VECTOR('',#3382,10.);
#826=VECTOR('',#3383,10.);
#827=VECTOR('',#3386,10.);
#828=VECTOR('',#3387,10.);
#829=VECTOR('',#3390,10.);
#830=VECTOR('',#3393,10.);
#831=VECTOR('',#3396,10.);
#832=VECTOR('',#3397,10.);
#833=VECTOR('',#3402,10.);
#834=VECTOR('',#3403,10.);
#835=VECTOR('',#3406,10.);
#836=VECTOR('',#3407,10.);
#837=VECTOR('',#3410,10.);
#838=VECTOR('',#3413,10.);
#839=VECTOR('',#3416,10.);
#840=VECTOR('',#3417,10.);
#841=VECTOR('',#3422,10.);
#842=VECTOR('',#3423,10.);
#843=VECTOR('',#3426,10.);
#844=VECTOR('',#3427,10.);
#845=VECTOR('',#3430,10.);
#846=VECTOR('',#3433,10.);
#847=VECTOR('',#3436,10.);
#848=VECTOR('',#3437,10.);
#849=VECTOR('',#3442,10.);
#850=VECTOR('',#3443,10.);
#851=VECTOR('',#3446,10.);
#852=VECTOR('',#3447,10.);
#853=VECTOR('',#3450,10.);
#854=VECTOR('',#3453,10.);
#855=VECTOR('',#3456,10.);
#856=VECTOR('',#3457,10.);
#857=VECTOR('',#3462,10.);
#858=VECTOR('',#3463,10.);
#859=VECTOR('',#3466,10.);
#860=VECTOR('',#3467,10.);
#861=VECTOR('',#3470,10.);
#862=VECTOR('',#3473,10.);
#863=VECTOR('',#3476,10.);
#864=VECTOR('',#3477,10.);
#865=VECTOR('',#3482,10.);
#866=VECTOR('',#3483,10.);
#867=VECTOR('',#3486,10.);
#868=VECTOR('',#3487,10.);
#869=VECTOR('',#3488,10.);
#870=VECTOR('',#3493,10.);
#871=VECTOR('',#3494,10.);
#872=VECTOR('',#3499,10.);
#873=VECTOR('',#3500,10.);
#874=VECTOR('',#3505,10.);
#875=VECTOR('',#3506,10.);
#876=VECTOR('',#3511,10.);
#877=VECTOR('',#3512,10.);
#878=VECTOR('',#3517,10.);
#879=VECTOR('',#3518,10.);
#880=VECTOR('',#3523,10.);
#881=VECTOR('',#3524,10.);
#882=VECTOR('',#3529,10.);
#883=VECTOR('',#3530,10.);
#884=VECTOR('',#3535,10.);
#885=VECTOR('',#3536,10.);
#886=VECTOR('',#3541,10.);
#887=VECTOR('',#3542,10.);
#888=VECTOR('',#3547,10.);
#889=VECTOR('',#3548,10.);
#890=VECTOR('',#3553,10.);
#891=VECTOR('',#3578,10.);
#892=VECTOR('',#3581,10.);
#893=VECTOR('',#3592,10.);
#894=VECTOR('',#3615,10.);
#895=VECTOR('',#3618,10.);
#896=VECTOR('',#3621,10.);
#897=VECTOR('',#3622,10.);
#898=VECTOR('',#3625,10.);
#899=VECTOR('',#3626,10.);
#900=VECTOR('',#3629,10.);
#901=VECTOR('',#3636,6.);
#902=CIRCLE('',#2760,3.00000004470348);
#903=CIRCLE('',#2761,3.00000004470348);
#904=CIRCLE('',#2763,13.0000001937151);
#905=CIRCLE('',#2764,13.0000001937151);
#906=CIRCLE('',#2766,3.00000004470348);
#907=CIRCLE('',#2767,3.00000004470348);
#908=CIRCLE('',#2769,13.0000001937151);
#909=CIRCLE('',#2770,13.0000001937151);
#910=CIRCLE('',#2772,3.00000004470348);
#911=CIRCLE('',#2773,3.00000004470348);
#912=CIRCLE('',#2775,13.0000001937151);
#913=CIRCLE('',#2776,13.0000001937151);
#914=CIRCLE('',#2778,3.00000004470348);
#915=CIRCLE('',#2779,3.00000004470348);
#916=CIRCLE('',#2781,13.0000001937151);
#917=CIRCLE('',#2782,13.0000001937151);
#918=CIRCLE('',#2784,20.9999991732284);
#919=CIRCLE('',#2785,1.5875);
#920=CIRCLE('',#2786,14.3491994330709);
#921=CIRCLE('',#2787,1.5875);
#922=CIRCLE('',#2788,20.9999991732284);
#923=CIRCLE('',#2789,1.5875);
#924=CIRCLE('',#2790,14.3491994330709);
#925=CIRCLE('',#2791,1.5875);
#926=CIRCLE('',#2792,20.9999991732284);
#927=CIRCLE('',#2793,1.5875);
#928=CIRCLE('',#2794,14.3491994330709);
#929=CIRCLE('',#2795,1.5875);
#930=CIRCLE('',#2796,20.9999991732283);
#931=CIRCLE('',#2797,1.5875);
#932=CIRCLE('',#2798,14.3491994330709);
#933=CIRCLE('',#2799,1.5875);
#934=CIRCLE('',#2800,20.9999991732284);
#935=CIRCLE('',#2801,1.5875);
#936=CIRCLE('',#2802,14.3491994330709);
#937=CIRCLE('',#2803,1.5875);
#938=CIRCLE('',#2804,20.9999991732284);
#939=CIRCLE('',#2805,1.5875);
#940=CIRCLE('',#2806,14.3491994330709);
#941=CIRCLE('',#2807,1.5875);
#942=CIRCLE('',#2808,20.9999991732284);
#943=CIRCLE('',#2809,1.5875);
#944=CIRCLE('',#2810,14.3491994330709);
#945=CIRCLE('',#2811,1.5875);
#946=CIRCLE('',#2812,20.9999991732284);
#947=CIRCLE('',#2813,1.5875);
#948=CIRCLE('',#2814,14.3491994330709);
#949=CIRCLE('',#2815,1.5875);
#950=CIRCLE('',#2816,20.9999991732284);
#951=CIRCLE('',#2817,1.5875);
#952=CIRCLE('',#2818,14.3491994330709);
#953=CIRCLE('',#2819,1.5875);
#954=CIRCLE('',#2820,20.9999991732283);
#955=CIRCLE('',#2821,1.5875);
#956=CIRCLE('',#2822,14.3491994330709);
#957=CIRCLE('',#2823,1.5875);
#958=CIRCLE('',#2824,20.9999991732284);
#959=CIRCLE('',#2825,1.5875);
#960=CIRCLE('',#2826,14.3491994330709);
#961=CIRCLE('',#2827,1.5875);
#962=CIRCLE('',#2828,20.9999991732284);
#963=CIRCLE('',#2829,1.5875);
#964=CIRCLE('',#2830,14.3491994330709);
#965=CIRCLE('',#2831,1.5875);
#966=CIRCLE('',#2833,0.75);
#967=CIRCLE('',#2834,0.75);
#968=CIRCLE('',#2836,0.75);
#969=CIRCLE('',#2837,0.75);
#970=CIRCLE('',#2839,0.75);
#971=CIRCLE('',#2840,0.75);
#972=CIRCLE('',#2842,0.75);
#973=CIRCLE('',#2843,0.75);
#974=CIRCLE('',#2845,0.75);
#975=CIRCLE('',#2846,0.75);
#976=CIRCLE('',#2848,0.75);
#977=CIRCLE('',#2849,0.75);
#978=CIRCLE('',#2851,0.75);
#979=CIRCLE('',#2852,0.75);
#980=CIRCLE('',#2854,0.75);
#981=CIRCLE('',#2855,0.75);
#982=CIRCLE('',#2857,1.5875);
#983=CIRCLE('',#2860,1.5875);
#984=CIRCLE('',#2863,1.5875);
#985=CIRCLE('',#2866,1.5875);
#986=CIRCLE('',#2869,1.5875);
#987=CIRCLE('',#2872,1.5875);
#988=CIRCLE('',#2875,1.5875);
#989=CIRCLE('',#2878,1.5875);
#990=CIRCLE('',#2881,1.5875);
#991=CIRCLE('',#2884,1.5875);
#992=CIRCLE('',#2887,1.5875);
#993=CIRCLE('',#2890,1.5875);
#994=CIRCLE('',#2893,1.5875);
#995=CIRCLE('',#2896,1.5875);
#996=CIRCLE('',#2899,1.5875);
#997=CIRCLE('',#2902,1.5875);
#998=CIRCLE('',#2905,1.5875);
#999=CIRCLE('',#2908,1.5875);
#1000=CIRCLE('',#2911,1.5875);
#1001=CIRCLE('',#2914,1.5875);
#1002=CIRCLE('',#2917,1.5875);
#1003=CIRCLE('',#2920,1.5875);
#1004=CIRCLE('',#2923,20.9999991732283);
#1005=CIRCLE('',#2925,20.9999991732283);
#1006=CIRCLE('',#2927,20.9999991732283);
#1007=CIRCLE('',#2929,20.9999991732283);
#1008=CIRCLE('',#2931,20.9999991732283);
#1009=CIRCLE('',#2933,20.9999991732283);
#1010=CIRCLE('',#2935,20.9999991732283);
#1011=CIRCLE('',#2937,20.9999991732283);
#1012=CIRCLE('',#2939,20.9999991732283);
#1013=CIRCLE('',#2941,20.9999991732283);
#1014=CIRCLE('',#2943,20.9999991732283);
#1015=CIRCLE('',#2945,14.3491994330709);
#1016=CIRCLE('',#2946,14.3491994330709);
#1017=CIRCLE('',#2947,14.3491994330709);
#1018=CIRCLE('',#2948,14.3491994330709);
#1019=CIRCLE('',#2949,14.3491994330709);
#1020=CIRCLE('',#2950,14.3491994330709);
#1021=CIRCLE('',#2951,14.3491994330709);
#1022=CIRCLE('',#2952,14.3491994330709);
#1023=CIRCLE('',#2953,14.3491994330709);
#1024=CIRCLE('',#2954,14.3491994330709);
#1025=CIRCLE('',#2955,1.5875);
#1026=CIRCLE('',#2956,20.9999991732283);
#1027=CIRCLE('',#2957,1.5875);
#1028=CIRCLE('',#2958,14.3491994330709);
#1029=CIRCLE('',#2959,14.3491994330709);
#1030=CIRCLE('',#2960,6.);
#1031=CIRCLE('',#2978,6.);
#1032=VERTEX_POINT('',#3644);
#1033=VERTEX_POINT('',#3645);
#1034=VERTEX_POINT('',#3647);
#1035=VERTEX_POINT('',#3649);
#1036=VERTEX_POINT('',#3653);
#1037=VERTEX_POINT('',#3655);
#1038=VERTEX_POINT('',#3659);
#1039=VERTEX_POINT('',#3661);
#1040=VERTEX_POINT('',#3665);
#1041=VERTEX_POINT('',#3667);
#1042=VERTEX_POINT('',#3671);
#1043=VERTEX_POINT('',#3673);
#1044=VERTEX_POINT('',#3677);
#1045=VERTEX_POINT('',#3679);
#1046=VERTEX_POINT('',#3683);
#1047=VERTEX_POINT('',#3685);
#1048=VERTEX_POINT('',#3707);
#1049=VERTEX_POINT('',#3708);
#1050=VERTEX_POINT('',#3717);
#1051=VERTEX_POINT('',#3719);
#1052=VERTEX_POINT('',#3745);
#1053=VERTEX_POINT('',#3746);
#1054=VERTEX_POINT('',#3755);
#1055=VERTEX_POINT('',#3757);
#1056=VERTEX_POINT('',#3783);
#1057=VERTEX_POINT('',#3784);
#1058=VERTEX_POINT('',#3793);
#1059=VERTEX_POINT('',#3795);
#1060=VERTEX_POINT('',#3821);
#1061=VERTEX_POINT('',#3822);
#1062=VERTEX_POINT('',#3831);
#1063=VERTEX_POINT('',#3833);
#1064=VERTEX_POINT('',#3859);
#1065=VERTEX_POINT('',#3860);
#1066=VERTEX_POINT('',#3869);
#1067=VERTEX_POINT('',#3871);
#1068=VERTEX_POINT('',#3897);
#1069=VERTEX_POINT('',#3898);
#1070=VERTEX_POINT('',#3907);
#1071=VERTEX_POINT('',#3909);
#1072=VERTEX_POINT('',#3935);
#1073=VERTEX_POINT('',#3936);
#1074=VERTEX_POINT('',#3945);
#1075=VERTEX_POINT('',#3947);
#1076=VERTEX_POINT('',#3973);
#1077=VERTEX_POINT('',#3974);
#1078=VERTEX_POINT('',#3983);
#1079=VERTEX_POINT('',#3985);
#1080=VERTEX_POINT('',#4011);
#1081=VERTEX_POINT('',#4012);
#1082=VERTEX_POINT('',#4021);
#1083=VERTEX_POINT('',#4023);
#1084=VERTEX_POINT('',#4049);
#1085=VERTEX_POINT('',#4050);
#1086=VERTEX_POINT('',#4059);
#1087=VERTEX_POINT('',#4061);
#1088=VERTEX_POINT('',#4087);
#1089=VERTEX_POINT('',#4088);
#1090=VERTEX_POINT('',#4097);
#1091=VERTEX_POINT('',#4099);
#1092=VERTEX_POINT('',#4125);
#1093=VERTEX_POINT('',#4126);
#1094=VERTEX_POINT('',#4135);
#1095=VERTEX_POINT('',#4137);
#1096=VERTEX_POINT('',#4163);
#1097=VERTEX_POINT('',#4164);
#1098=VERTEX_POINT('',#4173);
#1099=VERTEX_POINT('',#4175);
#1100=VERTEX_POINT('',#4201);
#1101=VERTEX_POINT('',#4202);
#1102=VERTEX_POINT('',#4211);
#1103=VERTEX_POINT('',#4213);
#1104=VERTEX_POINT('',#4239);
#1105=VERTEX_POINT('',#4240);
#1106=VERTEX_POINT('',#4249);
#1107=VERTEX_POINT('',#4251);
#1108=VERTEX_POINT('',#4277);
#1109=VERTEX_POINT('',#4278);
#1110=VERTEX_POINT('',#4287);
#1111=VERTEX_POINT('',#4289);
#1112=VERTEX_POINT('',#4315);
#1113=VERTEX_POINT('',#4316);
#1114=VERTEX_POINT('',#4325);
#1115=VERTEX_POINT('',#4327);
#1116=VERTEX_POINT('',#4353);
#1117=VERTEX_POINT('',#4354);
#1118=VERTEX_POINT('',#4363);
#1119=VERTEX_POINT('',#4365);
#1120=VERTEX_POINT('',#4391);
#1121=VERTEX_POINT('',#4392);
#1122=VERTEX_POINT('',#4401);
#1123=VERTEX_POINT('',#4403);
#1124=VERTEX_POINT('',#4429);
#1125=VERTEX_POINT('',#4430);
#1126=VERTEX_POINT('',#4439);
#1127=VERTEX_POINT('',#4441);
#1128=VERTEX_POINT('',#4467);
#1129=VERTEX_POINT('',#4468);
#1130=VERTEX_POINT('',#4477);
#1131=VERTEX_POINT('',#4479);
#1132=VERTEX_POINT('',#4505);
#1133=VERTEX_POINT('',#4506);
#1134=VERTEX_POINT('',#4515);
#1135=VERTEX_POINT('',#4517);
#1136=VERTEX_POINT('',#4543);
#1137=VERTEX_POINT('',#4544);
#1138=VERTEX_POINT('',#4553);
#1139=VERTEX_POINT('',#4555);
#1140=VERTEX_POINT('',#4581);
#1141=VERTEX_POINT('',#4582);
#1142=VERTEX_POINT('',#4591);
#1143=VERTEX_POINT('',#4593);
#1144=VERTEX_POINT('',#4604);
#1145=VERTEX_POINT('',#4607);
#1146=VERTEX_POINT('',#4609);
#1147=VERTEX_POINT('',#4611);
#1148=VERTEX_POINT('',#4613);
#1149=VERTEX_POINT('',#4617);
#1150=VERTEX_POINT('',#4619);
#1151=VERTEX_POINT('',#4621);
#1152=VERTEX_POINT('',#4623);
#1153=VERTEX_POINT('',#4627);
#1154=VERTEX_POINT('',#4629);
#1155=VERTEX_POINT('',#4631);
#1156=VERTEX_POINT('',#4633);
#1157=VERTEX_POINT('',#4637);
#1158=VERTEX_POINT('',#4639);
#1159=VERTEX_POINT('',#4641);
#1160=VERTEX_POINT('',#4643);
#1161=VERTEX_POINT('',#4647);
#1162=VERTEX_POINT('',#4649);
#1163=VERTEX_POINT('',#4651);
#1164=VERTEX_POINT('',#4653);
#1165=VERTEX_POINT('',#4657);
#1166=VERTEX_POINT('',#4659);
#1167=VERTEX_POINT('',#4661);
#1168=VERTEX_POINT('',#4663);
#1169=VERTEX_POINT('',#4667);
#1170=VERTEX_POINT('',#4669);
#1171=VERTEX_POINT('',#4671);
#1172=VERTEX_POINT('',#4673);
#1173=VERTEX_POINT('',#4677);
#1174=VERTEX_POINT('',#4679);
#1175=VERTEX_POINT('',#4681);
#1176=VERTEX_POINT('',#4683);
#1177=VERTEX_POINT('',#4687);
#1178=VERTEX_POINT('',#4689);
#1179=VERTEX_POINT('',#4691);
#1180=VERTEX_POINT('',#4693);
#1181=VERTEX_POINT('',#4697);
#1182=VERTEX_POINT('',#4699);
#1183=VERTEX_POINT('',#4701);
#1184=VERTEX_POINT('',#4703);
#1185=VERTEX_POINT('',#4707);
#1186=VERTEX_POINT('',#4709);
#1187=VERTEX_POINT('',#4711);
#1188=VERTEX_POINT('',#4713);
#1189=VERTEX_POINT('',#4717);
#1190=VERTEX_POINT('',#4719);
#1191=VERTEX_POINT('',#4721);
#1192=VERTEX_POINT('',#4725);
#1193=VERTEX_POINT('',#4727);
#1194=VERTEX_POINT('',#4731);
#1195=VERTEX_POINT('',#4733);
#1196=VERTEX_POINT('',#4737);
#1197=VERTEX_POINT('',#4739);
#1198=VERTEX_POINT('',#4743);
#1199=VERTEX_POINT('',#4745);
#1200=VERTEX_POINT('',#4749);
#1201=VERTEX_POINT('',#4751);
#1202=VERTEX_POINT('',#4755);
#1203=VERTEX_POINT('',#4757);
#1204=VERTEX_POINT('',#4761);
#1205=VERTEX_POINT('',#4763);
#1206=VERTEX_POINT('',#4767);
#1207=VERTEX_POINT('',#4769);
#1208=VERTEX_POINT('',#4773);
#1209=VERTEX_POINT('',#4775);
#1210=VERTEX_POINT('',#4779);
#1211=VERTEX_POINT('',#4783);
#1212=VERTEX_POINT('',#4784);
#1213=VERTEX_POINT('',#4789);
#1214=VERTEX_POINT('',#4793);
#1215=VERTEX_POINT('',#4795);
#1216=VERTEX_POINT('',#4799);
#1217=VERTEX_POINT('',#4803);
#1218=VERTEX_POINT('',#4804);
#1219=VERTEX_POINT('',#4809);
#1220=VERTEX_POINT('',#4813);
#1221=VERTEX_POINT('',#4815);
#1222=VERTEX_POINT('',#4819);
#1223=VERTEX_POINT('',#4823);
#1224=VERTEX_POINT('',#4824);
#1225=VERTEX_POINT('',#4829);
#1226=VERTEX_POINT('',#4833);
#1227=VERTEX_POINT('',#4835);
#1228=VERTEX_POINT('',#4839);
#1229=VERTEX_POINT('',#4843);
#1230=VERTEX_POINT('',#4844);
#1231=VERTEX_POINT('',#4849);
#1232=VERTEX_POINT('',#4853);
#1233=VERTEX_POINT('',#4855);
#1234=VERTEX_POINT('',#4859);
#1235=VERTEX_POINT('',#4863);
#1236=VERTEX_POINT('',#4864);
#1237=VERTEX_POINT('',#4869);
#1238=VERTEX_POINT('',#4873);
#1239=VERTEX_POINT('',#4875);
#1240=VERTEX_POINT('',#4879);
#1241=VERTEX_POINT('',#4883);
#1242=VERTEX_POINT('',#4884);
#1243=VERTEX_POINT('',#4889);
#1244=VERTEX_POINT('',#4893);
#1245=VERTEX_POINT('',#4895);
#1246=VERTEX_POINT('',#4899);
#1247=VERTEX_POINT('',#4903);
#1248=VERTEX_POINT('',#4904);
#1249=VERTEX_POINT('',#4909);
#1250=VERTEX_POINT('',#4913);
#1251=VERTEX_POINT('',#4915);
#1252=VERTEX_POINT('',#4919);
#1253=VERTEX_POINT('',#4923);
#1254=VERTEX_POINT('',#4924);
#1255=VERTEX_POINT('',#4929);
#1256=VERTEX_POINT('',#4933);
#1257=VERTEX_POINT('',#4935);
#1258=VERTEX_POINT('',#4939);
#1259=VERTEX_POINT('',#4943);
#1260=VERTEX_POINT('',#4944);
#1261=VERTEX_POINT('',#4949);
#1262=VERTEX_POINT('',#4953);
#1263=VERTEX_POINT('',#4955);
#1264=VERTEX_POINT('',#4959);
#1265=VERTEX_POINT('',#4963);
#1266=VERTEX_POINT('',#4964);
#1267=VERTEX_POINT('',#4969);
#1268=VERTEX_POINT('',#4973);
#1269=VERTEX_POINT('',#4975);
#1270=VERTEX_POINT('',#4979);
#1271=VERTEX_POINT('',#4983);
#1272=VERTEX_POINT('',#4984);
#1273=VERTEX_POINT('',#4989);
#1274=VERTEX_POINT('',#5142);
#1275=VERTEX_POINT('',#5221);
#1276=VERTEX_POINT('',#5600);
#1277=VERTEX_POINT('',#5679);
#1278=VERTEX_POINT('',#6058);
#1279=VERTEX_POINT('',#6137);
#1280=VERTEX_POINT('',#6516);
#1281=VERTEX_POINT('',#6595);
#1282=VERTEX_POINT('',#6974);
#1283=VERTEX_POINT('',#7053);
#1284=VERTEX_POINT('',#7432);
#1285=VERTEX_POINT('',#7511);
#1286=VERTEX_POINT('',#7890);
#1287=VERTEX_POINT('',#7969);
#1288=VERTEX_POINT('',#8348);
#1289=VERTEX_POINT('',#8427);
#1290=VERTEX_POINT('',#8806);
#1291=VERTEX_POINT('',#8885);
#1292=VERTEX_POINT('',#9264);
#1293=VERTEX_POINT('',#9343);
#1294=VERTEX_POINT('',#9722);
#1295=VERTEX_POINT('',#9801);
#1296=VERTEX_POINT('',#10040);
#1297=VERTEX_POINT('',#10042);
#1298=VERTEX_POINT('',#10044);
#1299=VERTEX_POINT('',#10046);
#1300=VERTEX_POINT('',#10123);
#1301=VERTEX_POINT('',#10125);
#1302=VERTEX_POINT('',#10202);
#1303=VERTEX_POINT('',#10204);
#1304=VERTEX_POINT('',#10208);
#1305=VERTEX_POINT('',#10535);
#1306=EDGE_CURVE('',#1032,#1033,#902,.T.);
#1307=EDGE_CURVE('',#1032,#1034,#484,.T.);
#1308=EDGE_CURVE('',#1035,#1034,#903,.T.);
#1309=EDGE_CURVE('',#1033,#1035,#485,.T.);
#1310=EDGE_CURVE('',#1033,#1036,#904,.T.);
#1311=EDGE_CURVE('',#1037,#1035,#905,.T.);
#1312=EDGE_CURVE('',#1036,#1037,#486,.T.);
#1313=EDGE_CURVE('',#1036,#1038,#906,.T.);
#1314=EDGE_CURVE('',#1039,#1037,#907,.T.);
#1315=EDGE_CURVE('',#1038,#1039,#487,.T.);
#1316=EDGE_CURVE('',#1038,#1040,#908,.T.);
#1317=EDGE_CURVE('',#1041,#1039,#909,.T.);
#1318=EDGE_CURVE('',#1040,#1041,#488,.T.);
#1319=EDGE_CURVE('',#1040,#1042,#910,.T.);
#1320=EDGE_CURVE('',#1043,#1041,#911,.T.);
#1321=EDGE_CURVE('',#1042,#1043,#489,.T.);
#1322=EDGE_CURVE('',#1042,#1044,#912,.T.);
#1323=EDGE_CURVE('',#1045,#1043,#913,.T.);
#1324=EDGE_CURVE('',#1044,#1045,#490,.T.);
#1325=EDGE_CURVE('',#1044,#1046,#914,.T.);
#1326=EDGE_CURVE('',#1047,#1045,#915,.T.);
#1327=EDGE_CURVE('',#1046,#1047,#491,.T.);
#1328=EDGE_CURVE('',#1046,#1032,#916,.T.);
#1329=EDGE_CURVE('',#1034,#1047,#917,.T.);
#1330=EDGE_CURVE('',#1048,#1049,#89,.T.);
#1331=EDGE_CURVE('',#1049,#1050,#492,.T.);
#1332=EDGE_CURVE('',#1051,#1050,#90,.T.);
#1333=EDGE_CURVE('',#1048,#1051,#493,.T.);
#1334=EDGE_CURVE('',#1052,#1053,#91,.T.);
#1335=EDGE_CURVE('',#1053,#1054,#494,.T.);
#1336=EDGE_CURVE('',#1055,#1054,#92,.T.);
#1337=EDGE_CURVE('',#1052,#1055,#495,.T.);
#1338=EDGE_CURVE('',#1056,#1057,#93,.T.);
#1339=EDGE_CURVE('',#1057,#1058,#496,.T.);
#1340=EDGE_CURVE('',#1059,#1058,#94,.T.);
#1341=EDGE_CURVE('',#1056,#1059,#497,.T.);
#1342=EDGE_CURVE('',#1060,#1061,#95,.T.);
#1343=EDGE_CURVE('',#1061,#1062,#498,.T.);
#1344=EDGE_CURVE('',#1063,#1062,#96,.T.);
#1345=EDGE_CURVE('',#1060,#1063,#499,.T.);
#1346=EDGE_CURVE('',#1064,#1065,#97,.T.);
#1347=EDGE_CURVE('',#1065,#1066,#500,.T.);
#1348=EDGE_CURVE('',#1067,#1066,#98,.T.);
#1349=EDGE_CURVE('',#1064,#1067,#501,.T.);
#1350=EDGE_CURVE('',#1068,#1069,#99,.T.);
#1351=EDGE_CURVE('',#1069,#1070,#502,.T.);
#1352=EDGE_CURVE('',#1071,#1070,#100,.T.);
#1353=EDGE_CURVE('',#1068,#1071,#503,.T.);
#1354=EDGE_CURVE('',#1072,#1073,#101,.T.);
#1355=EDGE_CURVE('',#1073,#1074,#504,.T.);
#1356=EDGE_CURVE('',#1075,#1074,#102,.T.);
#1357=EDGE_CURVE('',#1072,#1075,#505,.T.);
#1358=EDGE_CURVE('',#1076,#1077,#103,.T.);
#1359=EDGE_CURVE('',#1077,#1078,#506,.T.);
#1360=EDGE_CURVE('',#1079,#1078,#104,.T.);
#1361=EDGE_CURVE('',#1076,#1079,#507,.T.);
#1362=EDGE_CURVE('',#1080,#1081,#105,.T.);
#1363=EDGE_CURVE('',#1081,#1082,#508,.T.);
#1364=EDGE_CURVE('',#1083,#1082,#106,.T.);
#1365=EDGE_CURVE('',#1080,#1083,#509,.T.);
#1366=EDGE_CURVE('',#1084,#1085,#107,.T.);
#1367=EDGE_CURVE('',#1085,#1086,#510,.T.);
#1368=EDGE_CURVE('',#1087,#1086,#108,.T.);
#1369=EDGE_CURVE('',#1084,#1087,#511,.T.);
#1370=EDGE_CURVE('',#1088,#1089,#109,.T.);
#1371=EDGE_CURVE('',#1089,#1090,#512,.T.);
#1372=EDGE_CURVE('',#1091,#1090,#110,.T.);
#1373=EDGE_CURVE('',#1088,#1091,#513,.T.);
#1374=EDGE_CURVE('',#1092,#1093,#111,.T.);
#1375=EDGE_CURVE('',#1093,#1094,#514,.T.);
#1376=EDGE_CURVE('',#1095,#1094,#112,.T.);
#1377=EDGE_CURVE('',#1092,#1095,#515,.T.);
#1378=EDGE_CURVE('',#1096,#1097,#113,.T.);
#1379=EDGE_CURVE('',#1097,#1098,#516,.T.);
#1380=EDGE_CURVE('',#1099,#1098,#114,.T.);
#1381=EDGE_CURVE('',#1096,#1099,#517,.T.);
#1382=EDGE_CURVE('',#1100,#1101,#115,.T.);
#1383=EDGE_CURVE('',#1101,#1102,#518,.T.);
#1384=EDGE_CURVE('',#1103,#1102,#116,.T.);
#1385=EDGE_CURVE('',#1100,#1103,#519,.T.);
#1386=EDGE_CURVE('',#1104,#1105,#117,.T.);
#1387=EDGE_CURVE('',#1105,#1106,#520,.T.);
#1388=EDGE_CURVE('',#1107,#1106,#118,.T.);
#1389=EDGE_CURVE('',#1104,#1107,#521,.T.);
#1390=EDGE_CURVE('',#1108,#1109,#119,.T.);
#1391=EDGE_CURVE('',#1109,#1110,#522,.T.);
#1392=EDGE_CURVE('',#1111,#1110,#120,.T.);
#1393=EDGE_CURVE('',#1108,#1111,#523,.T.);
#1394=EDGE_CURVE('',#1112,#1113,#121,.T.);
#1395=EDGE_CURVE('',#1113,#1114,#524,.T.);
#1396=EDGE_CURVE('',#1115,#1114,#122,.T.);
#1397=EDGE_CURVE('',#1112,#1115,#525,.T.);
#1398=EDGE_CURVE('',#1116,#1117,#123,.T.);
#1399=EDGE_CURVE('',#1117,#1118,#526,.T.);
#1400=EDGE_CURVE('',#1119,#1118,#124,.T.);
#1401=EDGE_CURVE('',#1116,#1119,#527,.T.);
#1402=EDGE_CURVE('',#1120,#1121,#125,.T.);
#1403=EDGE_CURVE('',#1121,#1122,#528,.T.);
#1404=EDGE_CURVE('',#1123,#1122,#126,.T.);
#1405=EDGE_CURVE('',#1120,#1123,#529,.T.);
#1406=EDGE_CURVE('',#1124,#1125,#127,.T.);
#1407=EDGE_CURVE('',#1125,#1126,#530,.T.);
#1408=EDGE_CURVE('',#1127,#1126,#128,.T.);
#1409=EDGE_CURVE('',#1124,#1127,#531,.T.);
#1410=EDGE_CURVE('',#1128,#1129,#129,.T.);
#1411=EDGE_CURVE('',#1129,#1130,#532,.T.);
#1412=EDGE_CURVE('',#1131,#1130,#130,.T.);
#1413=EDGE_CURVE('',#1128,#1131,#533,.T.);
#1414=EDGE_CURVE('',#1132,#1133,#131,.T.);
#1415=EDGE_CURVE('',#1133,#1134,#534,.T.);
#1416=EDGE_CURVE('',#1135,#1134,#132,.T.);
#1417=EDGE_CURVE('',#1132,#1135,#535,.T.);
#1418=EDGE_CURVE('',#1136,#1137,#133,.T.);
#1419=EDGE_CURVE('',#1137,#1138,#536,.T.);
#1420=EDGE_CURVE('',#1139,#1138,#134,.T.);
#1421=EDGE_CURVE('',#1136,#1139,#537,.T.);
#1422=EDGE_CURVE('',#1140,#1141,#135,.T.);
#1423=EDGE_CURVE('',#1141,#1142,#538,.T.);
#1424=EDGE_CURVE('',#1143,#1142,#136,.T.);
#1425=EDGE_CURVE('',#1140,#1143,#539,.T.);
#1426=EDGE_CURVE('',#1144,#1143,#540,.T.);
#1427=EDGE_CURVE('',#1142,#1139,#918,.T.);
#1428=EDGE_CURVE('',#1138,#1145,#541,.T.);
#1429=EDGE_CURVE('',#1145,#1146,#919,.T.);
#1430=EDGE_CURVE('',#1146,#1147,#920,.T.);
#1431=EDGE_CURVE('',#1147,#1148,#921,.T.);
#1432=EDGE_CURVE('',#1148,#1135,#542,.T.);
#1433=EDGE_CURVE('',#1134,#1131,#922,.T.);
#1434=EDGE_CURVE('',#1130,#1149,#543,.T.);
#1435=EDGE_CURVE('',#1149,#1150,#923,.T.);
#1436=EDGE_CURVE('',#1150,#1151,#924,.T.);
#1437=EDGE_CURVE('',#1151,#1152,#925,.T.);
#1438=EDGE_CURVE('',#1152,#1127,#544,.T.);
#1439=EDGE_CURVE('',#1126,#1123,#926,.T.);
#1440=EDGE_CURVE('',#1122,#1153,#545,.T.);
#1441=EDGE_CURVE('',#1153,#1154,#927,.T.);
#1442=EDGE_CURVE('',#1154,#1155,#928,.T.);
#1443=EDGE_CURVE('',#1155,#1156,#929,.T.);
#1444=EDGE_CURVE('',#1156,#1119,#546,.T.);
#1445=EDGE_CURVE('',#1118,#1115,#930,.T.);
#1446=EDGE_CURVE('',#1114,#1157,#547,.T.);
#1447=EDGE_CURVE('',#1157,#1158,#931,.T.);
#1448=EDGE_CURVE('',#1158,#1159,#932,.T.);
#1449=EDGE_CURVE('',#1159,#1160,#933,.T.);
#1450=EDGE_CURVE('',#1160,#1111,#548,.T.);
#1451=EDGE_CURVE('',#1110,#1107,#934,.T.);
#1452=EDGE_CURVE('',#1106,#1161,#549,.T.);
#1453=EDGE_CURVE('',#1161,#1162,#935,.T.);
#1454=EDGE_CURVE('',#1162,#1163,#936,.T.);
#1455=EDGE_CURVE('',#1163,#1164,#937,.T.);
#1456=EDGE_CURVE('',#1164,#1103,#550,.T.);
#1457=EDGE_CURVE('',#1102,#1099,#938,.T.);
#1458=EDGE_CURVE('',#1098,#1165,#551,.T.);
#1459=EDGE_CURVE('',#1165,#1166,#939,.T.);
#1460=EDGE_CURVE('',#1166,#1167,#940,.T.);
#1461=EDGE_CURVE('',#1167,#1168,#941,.T.);
#1462=EDGE_CURVE('',#1168,#1095,#552,.T.);
#1463=EDGE_CURVE('',#1094,#1091,#942,.T.);
#1464=EDGE_CURVE('',#1090,#1169,#553,.T.);
#1465=EDGE_CURVE('',#1169,#1170,#943,.T.);
#1466=EDGE_CURVE('',#1170,#1171,#944,.T.);
#1467=EDGE_CURVE('',#1171,#1172,#945,.T.);
#1468=EDGE_CURVE('',#1172,#1087,#554,.T.);
#1469=EDGE_CURVE('',#1086,#1083,#946,.T.);
#1470=EDGE_CURVE('',#1082,#1173,#555,.T.);
#1471=EDGE_CURVE('',#1173,#1174,#947,.T.);
#1472=EDGE_CURVE('',#1174,#1175,#948,.T.);
#1473=EDGE_CURVE('',#1175,#1176,#949,.T.);
#1474=EDGE_CURVE('',#1176,#1079,#556,.T.);
#1475=EDGE_CURVE('',#1078,#1075,#950,.T.);
#1476=EDGE_CURVE('',#1074,#1177,#557,.T.);
#1477=EDGE_CURVE('',#1177,#1178,#951,.T.);
#1478=EDGE_CURVE('',#1178,#1179,#952,.T.);
#1479=EDGE_CURVE('',#1179,#1180,#953,.T.);
#1480=EDGE_CURVE('',#1180,#1071,#558,.T.);
#1481=EDGE_CURVE('',#1070,#1067,#954,.T.);
#1482=EDGE_CURVE('',#1066,#1181,#559,.T.);
#1483=EDGE_CURVE('',#1181,#1182,#955,.T.);
#1484=EDGE_CURVE('',#1182,#1183,#956,.T.);
#1485=EDGE_CURVE('',#1183,#1184,#957,.T.);
#1486=EDGE_CURVE('',#1184,#1063,#560,.T.);
#1487=EDGE_CURVE('',#1062,#1059,#958,.T.);
#1488=EDGE_CURVE('',#1058,#1185,#561,.T.);
#1489=EDGE_CURVE('',#1185,#1186,#959,.T.);
#1490=EDGE_CURVE('',#1186,#1187,#960,.T.);
#1491=EDGE_CURVE('',#1187,#1188,#961,.T.);
#1492=EDGE_CURVE('',#1188,#1055,#562,.T.);
#1493=EDGE_CURVE('',#1054,#1051,#962,.T.);
#1494=EDGE_CURVE('',#1050,#1189,#563,.T.);
#1495=EDGE_CURVE('',#1189,#1190,#963,.T.);
#1496=EDGE_CURVE('',#1190,#1191,#964,.T.);
#1497=EDGE_CURVE('',#1191,#1144,#965,.T.);
#1498=EDGE_CURVE('',#1192,#1192,#966,.T.);
#1499=EDGE_CURVE('',#1192,#1193,#564,.T.);
#1500=EDGE_CURVE('',#1193,#1193,#967,.T.);
#1501=EDGE_CURVE('',#1194,#1194,#968,.T.);
#1502=EDGE_CURVE('',#1194,#1195,#565,.T.);
#1503=EDGE_CURVE('',#1195,#1195,#969,.T.);
#1504=EDGE_CURVE('',#1196,#1196,#970,.T.);
#1505=EDGE_CURVE('',#1196,#1197,#566,.T.);
#1506=EDGE_CURVE('',#1197,#1197,#971,.T.);
#1507=EDGE_CURVE('',#1198,#1198,#972,.T.);
#1508=EDGE_CURVE('',#1198,#1199,#567,.T.);
#1509=EDGE_CURVE('',#1199,#1199,#973,.T.);
#1510=EDGE_CURVE('',#1200,#1200,#974,.T.);
#1511=EDGE_CURVE('',#1200,#1201,#568,.T.);
#1512=EDGE_CURVE('',#1201,#1201,#975,.T.);
#1513=EDGE_CURVE('',#1202,#1202,#976,.T.);
#1514=EDGE_CURVE('',#1202,#1203,#569,.T.);
#1515=EDGE_CURVE('',#1203,#1203,#977,.T.);
#1516=EDGE_CURVE('',#1204,#1204,#978,.T.);
#1517=EDGE_CURVE('',#1204,#1205,#570,.T.);
#1518=EDGE_CURVE('',#1205,#1205,#979,.T.);
#1519=EDGE_CURVE('',#1206,#1206,#980,.T.);
#1520=EDGE_CURVE('',#1206,#1207,#571,.T.);
#1521=EDGE_CURVE('',#1207,#1207,#981,.T.);
#1522=EDGE_CURVE('',#1189,#1208,#572,.T.);
#1523=EDGE_CURVE('',#1208,#1209,#982,.T.);
#1524=EDGE_CURVE('',#1209,#1190,#573,.T.);
#1525=EDGE_CURVE('',#1210,#1049,#574,.T.);
#1526=EDGE_CURVE('',#1208,#1210,#575,.F.);
#1527=EDGE_CURVE('',#1211,#1212,#983,.T.);
#1528=EDGE_CURVE('',#1212,#1188,#576,.T.);
#1529=EDGE_CURVE('',#1187,#1211,#577,.T.);
#1530=EDGE_CURVE('',#1212,#1213,#578,.T.);
#1531=EDGE_CURVE('',#1213,#1052,#579,.T.);
#1532=EDGE_CURVE('',#1185,#1214,#580,.T.);
#1533=EDGE_CURVE('',#1214,#1215,#984,.T.);
#1534=EDGE_CURVE('',#1215,#1186,#581,.T.);
#1535=EDGE_CURVE('',#1216,#1057,#582,.T.);
#1536=EDGE_CURVE('',#1214,#1216,#583,.F.);
#1537=EDGE_CURVE('',#1217,#1218,#985,.T.);
#1538=EDGE_CURVE('',#1218,#1184,#584,.T.);
#1539=EDGE_CURVE('',#1183,#1217,#585,.T.);
#1540=EDGE_CURVE('',#1218,#1219,#586,.T.);
#1541=EDGE_CURVE('',#1219,#1060,#587,.T.);
#1542=EDGE_CURVE('',#1181,#1220,#588,.T.);
#1543=EDGE_CURVE('',#1220,#1221,#986,.T.);
#1544=EDGE_CURVE('',#1221,#1182,#589,.T.);
#1545=EDGE_CURVE('',#1222,#1065,#590,.T.);
#1546=EDGE_CURVE('',#1220,#1222,#591,.F.);
#1547=EDGE_CURVE('',#1223,#1224,#987,.T.);
#1548=EDGE_CURVE('',#1224,#1180,#592,.T.);
#1549=EDGE_CURVE('',#1179,#1223,#593,.T.);
#1550=EDGE_CURVE('',#1224,#1225,#594,.T.);
#1551=EDGE_CURVE('',#1225,#1068,#595,.T.);
#1552=EDGE_CURVE('',#1177,#1226,#596,.T.);
#1553=EDGE_CURVE('',#1226,#1227,#988,.T.);
#1554=EDGE_CURVE('',#1227,#1178,#597,.T.);
#1555=EDGE_CURVE('',#1228,#1073,#598,.T.);
#1556=EDGE_CURVE('',#1226,#1228,#599,.F.);
#1557=EDGE_CURVE('',#1229,#1230,#989,.T.);
#1558=EDGE_CURVE('',#1230,#1176,#600,.T.);
#1559=EDGE_CURVE('',#1175,#1229,#601,.T.);
#1560=EDGE_CURVE('',#1230,#1231,#602,.T.);
#1561=EDGE_CURVE('',#1231,#1076,#603,.T.);
#1562=EDGE_CURVE('',#1173,#1232,#604,.T.);
#1563=EDGE_CURVE('',#1232,#1233,#990,.T.);
#1564=EDGE_CURVE('',#1233,#1174,#605,.T.);
#1565=EDGE_CURVE('',#1234,#1081,#606,.T.);
#1566=EDGE_CURVE('',#1232,#1234,#607,.F.);
#1567=EDGE_CURVE('',#1235,#1236,#991,.T.);
#1568=EDGE_CURVE('',#1236,#1172,#608,.T.);
#1569=EDGE_CURVE('',#1171,#1235,#609,.T.);
#1570=EDGE_CURVE('',#1236,#1237,#610,.T.);
#1571=EDGE_CURVE('',#1237,#1084,#611,.T.);
#1572=EDGE_CURVE('',#1169,#1238,#612,.T.);
#1573=EDGE_CURVE('',#1238,#1239,#992,.T.);
#1574=EDGE_CURVE('',#1239,#1170,#613,.T.);
#1575=EDGE_CURVE('',#1240,#1089,#614,.T.);
#1576=EDGE_CURVE('',#1238,#1240,#615,.F.);
#1577=EDGE_CURVE('',#1241,#1242,#993,.T.);
#1578=EDGE_CURVE('',#1242,#1168,#616,.T.);
#1579=EDGE_CURVE('',#1167,#1241,#617,.T.);
#1580=EDGE_CURVE('',#1242,#1243,#618,.T.);
#1581=EDGE_CURVE('',#1243,#1092,#619,.T.);
#1582=EDGE_CURVE('',#1165,#1244,#620,.T.);
#1583=EDGE_CURVE('',#1244,#1245,#994,.T.);
#1584=EDGE_CURVE('',#1245,#1166,#621,.T.);
#1585=EDGE_CURVE('',#1246,#1097,#622,.T.);
#1586=EDGE_CURVE('',#1244,#1246,#623,.F.);
#1587=EDGE_CURVE('',#1247,#1248,#995,.T.);
#1588=EDGE_CURVE('',#1248,#1164,#624,.T.);
#1589=EDGE_CURVE('',#1163,#1247,#625,.T.);
#1590=EDGE_CURVE('',#1248,#1249,#626,.T.);
#1591=EDGE_CURVE('',#1249,#1100,#627,.T.);
#1592=EDGE_CURVE('',#1161,#1250,#628,.T.);
#1593=EDGE_CURVE('',#1250,#1251,#996,.T.);
#1594=EDGE_CURVE('',#1251,#1162,#629,.T.);
#1595=EDGE_CURVE('',#1252,#1105,#630,.T.);
#1596=EDGE_CURVE('',#1250,#1252,#631,.F.);
#1597=EDGE_CURVE('',#1253,#1254,#997,.T.);
#1598=EDGE_CURVE('',#1254,#1160,#632,.T.);
#1599=EDGE_CURVE('',#1159,#1253,#633,.T.);
#1600=EDGE_CURVE('',#1254,#1255,#634,.T.);
#1601=EDGE_CURVE('',#1255,#1108,#635,.T.);
#1602=EDGE_CURVE('',#1157,#1256,#636,.T.);
#1603=EDGE_CURVE('',#1256,#1257,#998,.T.);
#1604=EDGE_CURVE('',#1257,#1158,#637,.T.);
#1605=EDGE_CURVE('',#1258,#1113,#638,.T.);
#1606=EDGE_CURVE('',#1256,#1258,#639,.F.);
#1607=EDGE_CURVE('',#1259,#1260,#999,.T.);
#1608=EDGE_CURVE('',#1260,#1156,#640,.T.);
#1609=EDGE_CURVE('',#1155,#1259,#641,.T.);
#1610=EDGE_CURVE('',#1260,#1261,#642,.T.);
#1611=EDGE_CURVE('',#1261,#1116,#643,.T.);
#1612=EDGE_CURVE('',#1153,#1262,#644,.T.);
#1613=EDGE_CURVE('',#1262,#1263,#1000,.T.);
#1614=EDGE_CURVE('',#1263,#1154,#645,.T.);
#1615=EDGE_CURVE('',#1264,#1121,#646,.T.);
#1616=EDGE_CURVE('',#1262,#1264,#647,.F.);
#1617=EDGE_CURVE('',#1265,#1266,#1001,.T.);
#1618=EDGE_CURVE('',#1266,#1152,#648,.T.);
#1619=EDGE_CURVE('',#1151,#1265,#649,.T.);
#1620=EDGE_CURVE('',#1266,#1267,#650,.T.);
#1621=EDGE_CURVE('',#1267,#1124,#651,.T.);
#1622=EDGE_CURVE('',#1149,#1268,#652,.T.);
#1623=EDGE_CURVE('',#1268,#1269,#1002,.T.);
#1624=EDGE_CURVE('',#1269,#1150,#653,.T.);
#1625=EDGE_CURVE('',#1270,#1129,#654,.T.);
#1626=EDGE_CURVE('',#1268,#1270,#655,.F.);
#1627=EDGE_CURVE('',#1271,#1272,#1003,.T.);
#1628=EDGE_CURVE('',#1272,#1148,#656,.T.);
#1629=EDGE_CURVE('',#1147,#1271,#657,.T.);
#1630=EDGE_CURVE('',#1272,#1273,#658,.T.);
#1631=EDGE_CURVE('',#1273,#1132,#659,.T.);
#1632=EDGE_CURVE('',#1210,#1274,#137,.F.);
#1633=EDGE_CURVE('',#1274,#1048,#660,.T.);
#1634=EDGE_CURVE('',#1275,#1274,#1004,.T.);
#1635=EDGE_CURVE('',#1275,#1053,#661,.T.);
#1636=EDGE_CURVE('',#1213,#1275,#138,.T.);
#1637=EDGE_CURVE('',#1216,#1276,#139,.F.);
#1638=EDGE_CURVE('',#1276,#1056,#662,.T.);
#1639=EDGE_CURVE('',#1277,#1276,#1005,.T.);
#1640=EDGE_CURVE('',#1277,#1061,#663,.T.);
#1641=EDGE_CURVE('',#1219,#1277,#140,.T.);
#1642=EDGE_CURVE('',#1222,#1278,#141,.F.);
#1643=EDGE_CURVE('',#1278,#1064,#664,.T.);
#1644=EDGE_CURVE('',#1279,#1278,#1006,.T.);
#1645=EDGE_CURVE('',#1279,#1069,#665,.T.);
#1646=EDGE_CURVE('',#1225,#1279,#142,.T.);
#1647=EDGE_CURVE('',#1228,#1280,#143,.F.);
#1648=EDGE_CURVE('',#1280,#1072,#666,.T.);
#1649=EDGE_CURVE('',#1281,#1280,#1007,.T.);
#1650=EDGE_CURVE('',#1281,#1077,#667,.T.);
#1651=EDGE_CURVE('',#1231,#1281,#144,.T.);
#1652=EDGE_CURVE('',#1234,#1282,#145,.F.);
#1653=EDGE_CURVE('',#1282,#1080,#668,.T.);
#1654=EDGE_CURVE('',#1283,#1282,#1008,.T.);
#1655=EDGE_CURVE('',#1283,#1085,#669,.T.);
#1656=EDGE_CURVE('',#1237,#1283,#146,.T.);
#1657=EDGE_CURVE('',#1240,#1284,#147,.F.);
#1658=EDGE_CURVE('',#1284,#1088,#670,.T.);
#1659=EDGE_CURVE('',#1285,#1284,#1009,.T.);
#1660=EDGE_CURVE('',#1285,#1093,#671,.T.);
#1661=EDGE_CURVE('',#1243,#1285,#148,.T.);
#1662=EDGE_CURVE('',#1246,#1286,#149,.F.);
#1663=EDGE_CURVE('',#1286,#1096,#672,.T.);
#1664=EDGE_CURVE('',#1287,#1286,#1010,.T.);
#1665=EDGE_CURVE('',#1287,#1101,#673,.T.);
#1666=EDGE_CURVE('',#1249,#1287,#150,.T.);
#1667=EDGE_CURVE('',#1252,#1288,#151,.F.);
#1668=EDGE_CURVE('',#1288,#1104,#674,.T.);
#1669=EDGE_CURVE('',#1289,#1288,#1011,.T.);
#1670=EDGE_CURVE('',#1289,#1109,#675,.T.);
#1671=EDGE_CURVE('',#1255,#1289,#152,.T.);
#1672=EDGE_CURVE('',#1258,#1290,#153,.F.);
#1673=EDGE_CURVE('',#1290,#1112,#676,.T.);
#1674=EDGE_CURVE('',#1291,#1290,#1012,.T.);
#1675=EDGE_CURVE('',#1291,#1117,#677,.T.);
#1676=EDGE_CURVE('',#1261,#1291,#154,.T.);
#1677=EDGE_CURVE('',#1264,#1292,#155,.F.);
#1678=EDGE_CURVE('',#1292,#1120,#678,.T.);
#1679=EDGE_CURVE('',#1293,#1292,#1013,.T.);
#1680=EDGE_CURVE('',#1293,#1125,#679,.T.);
#1681=EDGE_CURVE('',#1267,#1293,#156,.T.);
#1682=EDGE_CURVE('',#1270,#1294,#157,.F.);
#1683=EDGE_CURVE('',#1294,#1128,#680,.T.);
#1684=EDGE_CURVE('',#1295,#1294,#1014,.T.);
#1685=EDGE_CURVE('',#1295,#1133,#681,.T.);
#1686=EDGE_CURVE('',#1273,#1295,#158,.T.);
#1687=EDGE_CURVE('',#1221,#1217,#1015,.T.);
#1688=EDGE_CURVE('',#1227,#1223,#1016,.T.);
#1689=EDGE_CURVE('',#1233,#1229,#1017,.T.);
#1690=EDGE_CURVE('',#1239,#1235,#1018,.T.);
#1691=EDGE_CURVE('',#1245,#1241,#1019,.T.);
#1692=EDGE_CURVE('',#1251,#1247,#1020,.T.);
#1693=EDGE_CURVE('',#1257,#1253,#1021,.T.);
#1694=EDGE_CURVE('',#1263,#1259,#1022,.T.);
#1695=EDGE_CURVE('',#1269,#1265,#1023,.T.);
#1696=EDGE_CURVE('',#1296,#1271,#1024,.T.);
#1697=EDGE_CURVE('',#1297,#1296,#1025,.T.);
#1698=EDGE_CURVE('',#1297,#1298,#682,.F.);
#1699=EDGE_CURVE('',#1298,#1299,#159,.F.);
#1700=EDGE_CURVE('',#1300,#1299,#1026,.T.);
#1701=EDGE_CURVE('',#1301,#1300,#160,.T.);
#1702=EDGE_CURVE('',#1302,#1301,#683,.T.);
#1703=EDGE_CURVE('',#1303,#1302,#1027,.T.);
#1704=EDGE_CURVE('',#1209,#1303,#1028,.T.);
#1705=EDGE_CURVE('',#1215,#1211,#1029,.T.);
#1706=EDGE_CURVE('',#1304,#1304,#1030,.T.);
#1707=EDGE_CURVE('',#1296,#1146,#684,.T.);
#1708=EDGE_CURVE('',#1145,#1297,#685,.T.);
#1709=EDGE_CURVE('',#1298,#1137,#686,.T.);
#1710=EDGE_CURVE('',#1302,#1144,#687,.T.);
#1711=EDGE_CURVE('',#1191,#1303,#688,.T.);
#1712=EDGE_CURVE('',#1301,#1140,#689,.T.);
#1713=EDGE_CURVE('',#1299,#1136,#690,.T.);
#1714=EDGE_CURVE('',#1300,#1141,#691,.T.);
#1715=EDGE_CURVE('',#1305,#1305,#1031,.T.);
#1716=EDGE_CURVE('',#1305,#1304,#692,.T.);
#1717=ORIENTED_EDGE('',*,*,#1306,.F.);
#1718=ORIENTED_EDGE('',*,*,#1307,.T.);
#1719=ORIENTED_EDGE('',*,*,#1308,.F.);
#1720=ORIENTED_EDGE('',*,*,#1309,.F.);
#1721=ORIENTED_EDGE('',*,*,#1310,.F.);
#1722=ORIENTED_EDGE('',*,*,#1309,.T.);
#1723=ORIENTED_EDGE('',*,*,#1311,.F.);
#1724=ORIENTED_EDGE('',*,*,#1312,.F.);
#1725=ORIENTED_EDGE('',*,*,#1313,.F.);
#1726=ORIENTED_EDGE('',*,*,#1312,.T.);
#1727=ORIENTED_EDGE('',*,*,#1314,.F.);
#1728=ORIENTED_EDGE('',*,*,#1315,.F.);
#1729=ORIENTED_EDGE('',*,*,#1316,.F.);
#1730=ORIENTED_EDGE('',*,*,#1315,.T.);
#1731=ORIENTED_EDGE('',*,*,#1317,.F.);
#1732=ORIENTED_EDGE('',*,*,#1318,.F.);
#1733=ORIENTED_EDGE('',*,*,#1319,.F.);
#1734=ORIENTED_EDGE('',*,*,#1318,.T.);
#1735=ORIENTED_EDGE('',*,*,#1320,.F.);
#1736=ORIENTED_EDGE('',*,*,#1321,.F.);
#1737=ORIENTED_EDGE('',*,*,#1322,.F.);
#1738=ORIENTED_EDGE('',*,*,#1321,.T.);
#1739=ORIENTED_EDGE('',*,*,#1323,.F.);
#1740=ORIENTED_EDGE('',*,*,#1324,.F.);
#1741=ORIENTED_EDGE('',*,*,#1325,.F.);
#1742=ORIENTED_EDGE('',*,*,#1324,.T.);
#1743=ORIENTED_EDGE('',*,*,#1326,.F.);
#1744=ORIENTED_EDGE('',*,*,#1327,.F.);
#1745=ORIENTED_EDGE('',*,*,#1328,.F.);
#1746=ORIENTED_EDGE('',*,*,#1327,.T.);
#1747=ORIENTED_EDGE('',*,*,#1329,.F.);
#1748=ORIENTED_EDGE('',*,*,#1307,.F.);
#1749=ORIENTED_EDGE('',*,*,#1330,.T.);
#1750=ORIENTED_EDGE('',*,*,#1331,.T.);
#1751=ORIENTED_EDGE('',*,*,#1332,.F.);
#1752=ORIENTED_EDGE('',*,*,#1333,.F.);
#1753=ORIENTED_EDGE('',*,*,#1334,.T.);
#1754=ORIENTED_EDGE('',*,*,#1335,.T.);
#1755=ORIENTED_EDGE('',*,*,#1336,.F.);
#1756=ORIENTED_EDGE('',*,*,#1337,.F.);
#1757=ORIENTED_EDGE('',*,*,#1338,.T.);
#1758=ORIENTED_EDGE('',*,*,#1339,.T.);
#1759=ORIENTED_EDGE('',*,*,#1340,.F.);
#1760=ORIENTED_EDGE('',*,*,#1341,.F.);
#1761=ORIENTED_EDGE('',*,*,#1342,.T.);
#1762=ORIENTED_EDGE('',*,*,#1343,.T.);
#1763=ORIENTED_EDGE('',*,*,#1344,.F.);
#1764=ORIENTED_EDGE('',*,*,#1345,.F.);
#1765=ORIENTED_EDGE('',*,*,#1346,.T.);
#1766=ORIENTED_EDGE('',*,*,#1347,.T.);
#1767=ORIENTED_EDGE('',*,*,#1348,.F.);
#1768=ORIENTED_EDGE('',*,*,#1349,.F.);
#1769=ORIENTED_EDGE('',*,*,#1350,.T.);
#1770=ORIENTED_EDGE('',*,*,#1351,.T.);
#1771=ORIENTED_EDGE('',*,*,#1352,.F.);
#1772=ORIENTED_EDGE('',*,*,#1353,.F.);
#1773=ORIENTED_EDGE('',*,*,#1354,.T.);
#1774=ORIENTED_EDGE('',*,*,#1355,.T.);
#1775=ORIENTED_EDGE('',*,*,#1356,.F.);
#1776=ORIENTED_EDGE('',*,*,#1357,.F.);
#1777=ORIENTED_EDGE('',*,*,#1358,.T.);
#1778=ORIENTED_EDGE('',*,*,#1359,.T.);
#1779=ORIENTED_EDGE('',*,*,#1360,.F.);
#1780=ORIENTED_EDGE('',*,*,#1361,.F.);
#1781=ORIENTED_EDGE('',*,*,#1362,.T.);
#1782=ORIENTED_EDGE('',*,*,#1363,.T.);
#1783=ORIENTED_EDGE('',*,*,#1364,.F.);
#1784=ORIENTED_EDGE('',*,*,#1365,.F.);
#1785=ORIENTED_EDGE('',*,*,#1366,.T.);
#1786=ORIENTED_EDGE('',*,*,#1367,.T.);
#1787=ORIENTED_EDGE('',*,*,#1368,.F.);
#1788=ORIENTED_EDGE('',*,*,#1369,.F.);
#1789=ORIENTED_EDGE('',*,*,#1370,.T.);
#1790=ORIENTED_EDGE('',*,*,#1371,.T.);
#1791=ORIENTED_EDGE('',*,*,#1372,.F.);
#1792=ORIENTED_EDGE('',*,*,#1373,.F.);
#1793=ORIENTED_EDGE('',*,*,#1374,.T.);
#1794=ORIENTED_EDGE('',*,*,#1375,.T.);
#1795=ORIENTED_EDGE('',*,*,#1376,.F.);
#1796=ORIENTED_EDGE('',*,*,#1377,.F.);
#1797=ORIENTED_EDGE('',*,*,#1378,.T.);
#1798=ORIENTED_EDGE('',*,*,#1379,.T.);
#1799=ORIENTED_EDGE('',*,*,#1380,.F.);
#1800=ORIENTED_EDGE('',*,*,#1381,.F.);
#1801=ORIENTED_EDGE('',*,*,#1382,.T.);
#1802=ORIENTED_EDGE('',*,*,#1383,.T.);
#1803=ORIENTED_EDGE('',*,*,#1384,.F.);
#1804=ORIENTED_EDGE('',*,*,#1385,.F.);
#1805=ORIENTED_EDGE('',*,*,#1386,.T.);
#1806=ORIENTED_EDGE('',*,*,#1387,.T.);
#1807=ORIENTED_EDGE('',*,*,#1388,.F.);
#1808=ORIENTED_EDGE('',*,*,#1389,.F.);
#1809=ORIENTED_EDGE('',*,*,#1390,.T.);
#1810=ORIENTED_EDGE('',*,*,#1391,.T.);
#1811=ORIENTED_EDGE('',*,*,#1392,.F.);
#1812=ORIENTED_EDGE('',*,*,#1393,.F.);
#1813=ORIENTED_EDGE('',*,*,#1394,.T.);
#1814=ORIENTED_EDGE('',*,*,#1395,.T.);
#1815=ORIENTED_EDGE('',*,*,#1396,.F.);
#1816=ORIENTED_EDGE('',*,*,#1397,.F.);
#1817=ORIENTED_EDGE('',*,*,#1398,.T.);
#1818=ORIENTED_EDGE('',*,*,#1399,.T.);
#1819=ORIENTED_EDGE('',*,*,#1400,.F.);
#1820=ORIENTED_EDGE('',*,*,#1401,.F.);
#1821=ORIENTED_EDGE('',*,*,#1402,.T.);
#1822=ORIENTED_EDGE('',*,*,#1403,.T.);
#1823=ORIENTED_EDGE('',*,*,#1404,.F.);
#1824=ORIENTED_EDGE('',*,*,#1405,.F.);
#1825=ORIENTED_EDGE('',*,*,#1406,.T.);
#1826=ORIENTED_EDGE('',*,*,#1407,.T.);
#1827=ORIENTED_EDGE('',*,*,#1408,.F.);
#1828=ORIENTED_EDGE('',*,*,#1409,.F.);
#1829=ORIENTED_EDGE('',*,*,#1410,.T.);
#1830=ORIENTED_EDGE('',*,*,#1411,.T.);
#1831=ORIENTED_EDGE('',*,*,#1412,.F.);
#1832=ORIENTED_EDGE('',*,*,#1413,.F.);
#1833=ORIENTED_EDGE('',*,*,#1414,.T.);
#1834=ORIENTED_EDGE('',*,*,#1415,.T.);
#1835=ORIENTED_EDGE('',*,*,#1416,.F.);
#1836=ORIENTED_EDGE('',*,*,#1417,.F.);
#1837=ORIENTED_EDGE('',*,*,#1418,.T.);
#1838=ORIENTED_EDGE('',*,*,#1419,.T.);
#1839=ORIENTED_EDGE('',*,*,#1420,.F.);
#1840=ORIENTED_EDGE('',*,*,#1421,.F.);
#1841=ORIENTED_EDGE('',*,*,#1422,.T.);
#1842=ORIENTED_EDGE('',*,*,#1423,.T.);
#1843=ORIENTED_EDGE('',*,*,#1424,.F.);
#1844=ORIENTED_EDGE('',*,*,#1425,.F.);
#1845=ORIENTED_EDGE('',*,*,#1426,.T.);
#1846=ORIENTED_EDGE('',*,*,#1424,.T.);
#1847=ORIENTED_EDGE('',*,*,#1427,.T.);
#1848=ORIENTED_EDGE('',*,*,#1420,.T.);
#1849=ORIENTED_EDGE('',*,*,#1428,.T.);
#1850=ORIENTED_EDGE('',*,*,#1429,.T.);
#1851=ORIENTED_EDGE('',*,*,#1430,.T.);
#1852=ORIENTED_EDGE('',*,*,#1431,.T.);
#1853=ORIENTED_EDGE('',*,*,#1432,.T.);
#1854=ORIENTED_EDGE('',*,*,#1416,.T.);
#1855=ORIENTED_EDGE('',*,*,#1433,.T.);
#1856=ORIENTED_EDGE('',*,*,#1412,.T.);
#1857=ORIENTED_EDGE('',*,*,#1434,.T.);
#1858=ORIENTED_EDGE('',*,*,#1435,.T.);
#1859=ORIENTED_EDGE('',*,*,#1436,.T.);
#1860=ORIENTED_EDGE('',*,*,#1437,.T.);
#1861=ORIENTED_EDGE('',*,*,#1438,.T.);
#1862=ORIENTED_EDGE('',*,*,#1408,.T.);
#1863=ORIENTED_EDGE('',*,*,#1439,.T.);
#1864=ORIENTED_EDGE('',*,*,#1404,.T.);
#1865=ORIENTED_EDGE('',*,*,#1440,.T.);
#1866=ORIENTED_EDGE('',*,*,#1441,.T.);
#1867=ORIENTED_EDGE('',*,*,#1442,.T.);
#1868=ORIENTED_EDGE('',*,*,#1443,.T.);
#1869=ORIENTED_EDGE('',*,*,#1444,.T.);
#1870=ORIENTED_EDGE('',*,*,#1400,.T.);
#1871=ORIENTED_EDGE('',*,*,#1445,.T.);
#1872=ORIENTED_EDGE('',*,*,#1396,.T.);
#1873=ORIENTED_EDGE('',*,*,#1446,.T.);
#1874=ORIENTED_EDGE('',*,*,#1447,.T.);
#1875=ORIENTED_EDGE('',*,*,#1448,.T.);
#1876=ORIENTED_EDGE('',*,*,#1449,.T.);
#1877=ORIENTED_EDGE('',*,*,#1450,.T.);
#1878=ORIENTED_EDGE('',*,*,#1392,.T.);
#1879=ORIENTED_EDGE('',*,*,#1451,.T.);
#1880=ORIENTED_EDGE('',*,*,#1388,.T.);
#1881=ORIENTED_EDGE('',*,*,#1452,.T.);
#1882=ORIENTED_EDGE('',*,*,#1453,.T.);
#1883=ORIENTED_EDGE('',*,*,#1454,.T.);
#1884=ORIENTED_EDGE('',*,*,#1455,.T.);
#1885=ORIENTED_EDGE('',*,*,#1456,.T.);
#1886=ORIENTED_EDGE('',*,*,#1384,.T.);
#1887=ORIENTED_EDGE('',*,*,#1457,.T.);
#1888=ORIENTED_EDGE('',*,*,#1380,.T.);
#1889=ORIENTED_EDGE('',*,*,#1458,.T.);
#1890=ORIENTED_EDGE('',*,*,#1459,.T.);
#1891=ORIENTED_EDGE('',*,*,#1460,.T.);
#1892=ORIENTED_EDGE('',*,*,#1461,.T.);
#1893=ORIENTED_EDGE('',*,*,#1462,.T.);
#1894=ORIENTED_EDGE('',*,*,#1376,.T.);
#1895=ORIENTED_EDGE('',*,*,#1463,.T.);
#1896=ORIENTED_EDGE('',*,*,#1372,.T.);
#1897=ORIENTED_EDGE('',*,*,#1464,.T.);
#1898=ORIENTED_EDGE('',*,*,#1465,.T.);
#1899=ORIENTED_EDGE('',*,*,#1466,.T.);
#1900=ORIENTED_EDGE('',*,*,#1467,.T.);
#1901=ORIENTED_EDGE('',*,*,#1468,.T.);
#1902=ORIENTED_EDGE('',*,*,#1368,.T.);
#1903=ORIENTED_EDGE('',*,*,#1469,.T.);
#1904=ORIENTED_EDGE('',*,*,#1364,.T.);
#1905=ORIENTED_EDGE('',*,*,#1470,.T.);
#1906=ORIENTED_EDGE('',*,*,#1471,.T.);
#1907=ORIENTED_EDGE('',*,*,#1472,.T.);
#1908=ORIENTED_EDGE('',*,*,#1473,.T.);
#1909=ORIENTED_EDGE('',*,*,#1474,.T.);
#1910=ORIENTED_EDGE('',*,*,#1360,.T.);
#1911=ORIENTED_EDGE('',*,*,#1475,.T.);
#1912=ORIENTED_EDGE('',*,*,#1356,.T.);
#1913=ORIENTED_EDGE('',*,*,#1476,.T.);
#1914=ORIENTED_EDGE('',*,*,#1477,.T.);
#1915=ORIENTED_EDGE('',*,*,#1478,.T.);
#1916=ORIENTED_EDGE('',*,*,#1479,.T.);
#1917=ORIENTED_EDGE('',*,*,#1480,.T.);
#1918=ORIENTED_EDGE('',*,*,#1352,.T.);
#1919=ORIENTED_EDGE('',*,*,#1481,.T.);
#1920=ORIENTED_EDGE('',*,*,#1348,.T.);
#1921=ORIENTED_EDGE('',*,*,#1482,.T.);
#1922=ORIENTED_EDGE('',*,*,#1483,.T.);
#1923=ORIENTED_EDGE('',*,*,#1484,.T.);
#1924=ORIENTED_EDGE('',*,*,#1485,.T.);
#1925=ORIENTED_EDGE('',*,*,#1486,.T.);
#1926=ORIENTED_EDGE('',*,*,#1344,.T.);
#1927=ORIENTED_EDGE('',*,*,#1487,.T.);
#1928=ORIENTED_EDGE('',*,*,#1340,.T.);
#1929=ORIENTED_EDGE('',*,*,#1488,.T.);
#1930=ORIENTED_EDGE('',*,*,#1489,.T.);
#1931=ORIENTED_EDGE('',*,*,#1490,.T.);
#1932=ORIENTED_EDGE('',*,*,#1491,.T.);
#1933=ORIENTED_EDGE('',*,*,#1492,.T.);
#1934=ORIENTED_EDGE('',*,*,#1336,.T.);
#1935=ORIENTED_EDGE('',*,*,#1493,.T.);
#1936=ORIENTED_EDGE('',*,*,#1332,.T.);
#1937=ORIENTED_EDGE('',*,*,#1494,.T.);
#1938=ORIENTED_EDGE('',*,*,#1495,.T.);
#1939=ORIENTED_EDGE('',*,*,#1496,.T.);
#1940=ORIENTED_EDGE('',*,*,#1497,.T.);
#1941=ORIENTED_EDGE('',*,*,#1329,.T.);
#1942=ORIENTED_EDGE('',*,*,#1326,.T.);
#1943=ORIENTED_EDGE('',*,*,#1323,.T.);
#1944=ORIENTED_EDGE('',*,*,#1320,.T.);
#1945=ORIENTED_EDGE('',*,*,#1317,.T.);
#1946=ORIENTED_EDGE('',*,*,#1314,.T.);
#1947=ORIENTED_EDGE('',*,*,#1311,.T.);
#1948=ORIENTED_EDGE('',*,*,#1308,.T.);
#1949=ORIENTED_EDGE('',*,*,#1498,.F.);
#1950=ORIENTED_EDGE('',*,*,#1499,.T.);
#1951=ORIENTED_EDGE('',*,*,#1500,.F.);
#1952=ORIENTED_EDGE('',*,*,#1499,.F.);
#1953=ORIENTED_EDGE('',*,*,#1501,.F.);
#1954=ORIENTED_EDGE('',*,*,#1502,.T.);
#1955=ORIENTED_EDGE('',*,*,#1503,.F.);
#1956=ORIENTED_EDGE('',*,*,#1502,.F.);
#1957=ORIENTED_EDGE('',*,*,#1504,.F.);
#1958=ORIENTED_EDGE('',*,*,#1505,.T.);
#1959=ORIENTED_EDGE('',*,*,#1506,.F.);
#1960=ORIENTED_EDGE('',*,*,#1505,.F.);
#1961=ORIENTED_EDGE('',*,*,#1507,.F.);
#1962=ORIENTED_EDGE('',*,*,#1508,.T.);
#1963=ORIENTED_EDGE('',*,*,#1509,.F.);
#1964=ORIENTED_EDGE('',*,*,#1508,.F.);
#1965=ORIENTED_EDGE('',*,*,#1510,.F.);
#1966=ORIENTED_EDGE('',*,*,#1511,.T.);
#1967=ORIENTED_EDGE('',*,*,#1512,.F.);
#1968=ORIENTED_EDGE('',*,*,#1511,.F.);
#1969=ORIENTED_EDGE('',*,*,#1513,.F.);
#1970=ORIENTED_EDGE('',*,*,#1514,.T.);
#1971=ORIENTED_EDGE('',*,*,#1515,.F.);
#1972=ORIENTED_EDGE('',*,*,#1514,.F.);
#1973=ORIENTED_EDGE('',*,*,#1516,.F.);
#1974=ORIENTED_EDGE('',*,*,#1517,.T.);
#1975=ORIENTED_EDGE('',*,*,#1518,.F.);
#1976=ORIENTED_EDGE('',*,*,#1517,.F.);
#1977=ORIENTED_EDGE('',*,*,#1519,.F.);
#1978=ORIENTED_EDGE('',*,*,#1520,.T.);
#1979=ORIENTED_EDGE('',*,*,#1521,.F.);
#1980=ORIENTED_EDGE('',*,*,#1520,.F.);
#1981=ORIENTED_EDGE('',*,*,#1522,.T.);
#1982=ORIENTED_EDGE('',*,*,#1523,.T.);
#1983=ORIENTED_EDGE('',*,*,#1524,.T.);
#1984=ORIENTED_EDGE('',*,*,#1495,.F.);
#1985=ORIENTED_EDGE('',*,*,#1522,.F.);
#1986=ORIENTED_EDGE('',*,*,#1494,.F.);
#1987=ORIENTED_EDGE('',*,*,#1331,.F.);
#1988=ORIENTED_EDGE('',*,*,#1525,.F.);
#1989=ORIENTED_EDGE('',*,*,#1526,.F.);
#1990=ORIENTED_EDGE('',*,*,#1527,.T.);
#1991=ORIENTED_EDGE('',*,*,#1528,.T.);
#1992=ORIENTED_EDGE('',*,*,#1491,.F.);
#1993=ORIENTED_EDGE('',*,*,#1529,.T.);
#1994=ORIENTED_EDGE('',*,*,#1528,.F.);
#1995=ORIENTED_EDGE('',*,*,#1530,.T.);
#1996=ORIENTED_EDGE('',*,*,#1531,.T.);
#1997=ORIENTED_EDGE('',*,*,#1337,.T.);
#1998=ORIENTED_EDGE('',*,*,#1492,.F.);
#1999=ORIENTED_EDGE('',*,*,#1532,.T.);
#2000=ORIENTED_EDGE('',*,*,#1533,.T.);
#2001=ORIENTED_EDGE('',*,*,#1534,.T.);
#2002=ORIENTED_EDGE('',*,*,#1489,.F.);
#2003=ORIENTED_EDGE('',*,*,#1532,.F.);
#2004=ORIENTED_EDGE('',*,*,#1488,.F.);
#2005=ORIENTED_EDGE('',*,*,#1339,.F.);
#2006=ORIENTED_EDGE('',*,*,#1535,.F.);
#2007=ORIENTED_EDGE('',*,*,#1536,.F.);
#2008=ORIENTED_EDGE('',*,*,#1537,.T.);
#2009=ORIENTED_EDGE('',*,*,#1538,.T.);
#2010=ORIENTED_EDGE('',*,*,#1485,.F.);
#2011=ORIENTED_EDGE('',*,*,#1539,.T.);
#2012=ORIENTED_EDGE('',*,*,#1538,.F.);
#2013=ORIENTED_EDGE('',*,*,#1540,.T.);
#2014=ORIENTED_EDGE('',*,*,#1541,.T.);
#2015=ORIENTED_EDGE('',*,*,#1345,.T.);
#2016=ORIENTED_EDGE('',*,*,#1486,.F.);
#2017=ORIENTED_EDGE('',*,*,#1542,.T.);
#2018=ORIENTED_EDGE('',*,*,#1543,.T.);
#2019=ORIENTED_EDGE('',*,*,#1544,.T.);
#2020=ORIENTED_EDGE('',*,*,#1483,.F.);
#2021=ORIENTED_EDGE('',*,*,#1542,.F.);
#2022=ORIENTED_EDGE('',*,*,#1482,.F.);
#2023=ORIENTED_EDGE('',*,*,#1347,.F.);
#2024=ORIENTED_EDGE('',*,*,#1545,.F.);
#2025=ORIENTED_EDGE('',*,*,#1546,.F.);
#2026=ORIENTED_EDGE('',*,*,#1547,.T.);
#2027=ORIENTED_EDGE('',*,*,#1548,.T.);
#2028=ORIENTED_EDGE('',*,*,#1479,.F.);
#2029=ORIENTED_EDGE('',*,*,#1549,.T.);
#2030=ORIENTED_EDGE('',*,*,#1548,.F.);
#2031=ORIENTED_EDGE('',*,*,#1550,.T.);
#2032=ORIENTED_EDGE('',*,*,#1551,.T.);
#2033=ORIENTED_EDGE('',*,*,#1353,.T.);
#2034=ORIENTED_EDGE('',*,*,#1480,.F.);
#2035=ORIENTED_EDGE('',*,*,#1552,.T.);
#2036=ORIENTED_EDGE('',*,*,#1553,.T.);
#2037=ORIENTED_EDGE('',*,*,#1554,.T.);
#2038=ORIENTED_EDGE('',*,*,#1477,.F.);
#2039=ORIENTED_EDGE('',*,*,#1552,.F.);
#2040=ORIENTED_EDGE('',*,*,#1476,.F.);
#2041=ORIENTED_EDGE('',*,*,#1355,.F.);
#2042=ORIENTED_EDGE('',*,*,#1555,.F.);
#2043=ORIENTED_EDGE('',*,*,#1556,.F.);
#2044=ORIENTED_EDGE('',*,*,#1557,.T.);
#2045=ORIENTED_EDGE('',*,*,#1558,.T.);
#2046=ORIENTED_EDGE('',*,*,#1473,.F.);
#2047=ORIENTED_EDGE('',*,*,#1559,.T.);
#2048=ORIENTED_EDGE('',*,*,#1558,.F.);
#2049=ORIENTED_EDGE('',*,*,#1560,.T.);
#2050=ORIENTED_EDGE('',*,*,#1561,.T.);
#2051=ORIENTED_EDGE('',*,*,#1361,.T.);
#2052=ORIENTED_EDGE('',*,*,#1474,.F.);
#2053=ORIENTED_EDGE('',*,*,#1562,.T.);
#2054=ORIENTED_EDGE('',*,*,#1563,.T.);
#2055=ORIENTED_EDGE('',*,*,#1564,.T.);
#2056=ORIENTED_EDGE('',*,*,#1471,.F.);
#2057=ORIENTED_EDGE('',*,*,#1562,.F.);
#2058=ORIENTED_EDGE('',*,*,#1470,.F.);
#2059=ORIENTED_EDGE('',*,*,#1363,.F.);
#2060=ORIENTED_EDGE('',*,*,#1565,.F.);
#2061=ORIENTED_EDGE('',*,*,#1566,.F.);
#2062=ORIENTED_EDGE('',*,*,#1567,.T.);
#2063=ORIENTED_EDGE('',*,*,#1568,.T.);
#2064=ORIENTED_EDGE('',*,*,#1467,.F.);
#2065=ORIENTED_EDGE('',*,*,#1569,.T.);
#2066=ORIENTED_EDGE('',*,*,#1568,.F.);
#2067=ORIENTED_EDGE('',*,*,#1570,.T.);
#2068=ORIENTED_EDGE('',*,*,#1571,.T.);
#2069=ORIENTED_EDGE('',*,*,#1369,.T.);
#2070=ORIENTED_EDGE('',*,*,#1468,.F.);
#2071=ORIENTED_EDGE('',*,*,#1572,.T.);
#2072=ORIENTED_EDGE('',*,*,#1573,.T.);
#2073=ORIENTED_EDGE('',*,*,#1574,.T.);
#2074=ORIENTED_EDGE('',*,*,#1465,.F.);
#2075=ORIENTED_EDGE('',*,*,#1572,.F.);
#2076=ORIENTED_EDGE('',*,*,#1464,.F.);
#2077=ORIENTED_EDGE('',*,*,#1371,.F.);
#2078=ORIENTED_EDGE('',*,*,#1575,.F.);
#2079=ORIENTED_EDGE('',*,*,#1576,.F.);
#2080=ORIENTED_EDGE('',*,*,#1577,.T.);
#2081=ORIENTED_EDGE('',*,*,#1578,.T.);
#2082=ORIENTED_EDGE('',*,*,#1461,.F.);
#2083=ORIENTED_EDGE('',*,*,#1579,.T.);
#2084=ORIENTED_EDGE('',*,*,#1578,.F.);
#2085=ORIENTED_EDGE('',*,*,#1580,.T.);
#2086=ORIENTED_EDGE('',*,*,#1581,.T.);
#2087=ORIENTED_EDGE('',*,*,#1377,.T.);
#2088=ORIENTED_EDGE('',*,*,#1462,.F.);
#2089=ORIENTED_EDGE('',*,*,#1582,.T.);
#2090=ORIENTED_EDGE('',*,*,#1583,.T.);
#2091=ORIENTED_EDGE('',*,*,#1584,.T.);
#2092=ORIENTED_EDGE('',*,*,#1459,.F.);
#2093=ORIENTED_EDGE('',*,*,#1582,.F.);
#2094=ORIENTED_EDGE('',*,*,#1458,.F.);
#2095=ORIENTED_EDGE('',*,*,#1379,.F.);
#2096=ORIENTED_EDGE('',*,*,#1585,.F.);
#2097=ORIENTED_EDGE('',*,*,#1586,.F.);
#2098=ORIENTED_EDGE('',*,*,#1587,.T.);
#2099=ORIENTED_EDGE('',*,*,#1588,.T.);
#2100=ORIENTED_EDGE('',*,*,#1455,.F.);
#2101=ORIENTED_EDGE('',*,*,#1589,.T.);
#2102=ORIENTED_EDGE('',*,*,#1588,.F.);
#2103=ORIENTED_EDGE('',*,*,#1590,.T.);
#2104=ORIENTED_EDGE('',*,*,#1591,.T.);
#2105=ORIENTED_EDGE('',*,*,#1385,.T.);
#2106=ORIENTED_EDGE('',*,*,#1456,.F.);
#2107=ORIENTED_EDGE('',*,*,#1592,.T.);
#2108=ORIENTED_EDGE('',*,*,#1593,.T.);
#2109=ORIENTED_EDGE('',*,*,#1594,.T.);
#2110=ORIENTED_EDGE('',*,*,#1453,.F.);
#2111=ORIENTED_EDGE('',*,*,#1592,.F.);
#2112=ORIENTED_EDGE('',*,*,#1452,.F.);
#2113=ORIENTED_EDGE('',*,*,#1387,.F.);
#2114=ORIENTED_EDGE('',*,*,#1595,.F.);
#2115=ORIENTED_EDGE('',*,*,#1596,.F.);
#2116=ORIENTED_EDGE('',*,*,#1597,.T.);
#2117=ORIENTED_EDGE('',*,*,#1598,.T.);
#2118=ORIENTED_EDGE('',*,*,#1449,.F.);
#2119=ORIENTED_EDGE('',*,*,#1599,.T.);
#2120=ORIENTED_EDGE('',*,*,#1598,.F.);
#2121=ORIENTED_EDGE('',*,*,#1600,.T.);
#2122=ORIENTED_EDGE('',*,*,#1601,.T.);
#2123=ORIENTED_EDGE('',*,*,#1393,.T.);
#2124=ORIENTED_EDGE('',*,*,#1450,.F.);
#2125=ORIENTED_EDGE('',*,*,#1602,.T.);
#2126=ORIENTED_EDGE('',*,*,#1603,.T.);
#2127=ORIENTED_EDGE('',*,*,#1604,.T.);
#2128=ORIENTED_EDGE('',*,*,#1447,.F.);
#2129=ORIENTED_EDGE('',*,*,#1602,.F.);
#2130=ORIENTED_EDGE('',*,*,#1446,.F.);
#2131=ORIENTED_EDGE('',*,*,#1395,.F.);
#2132=ORIENTED_EDGE('',*,*,#1605,.F.);
#2133=ORIENTED_EDGE('',*,*,#1606,.F.);
#2134=ORIENTED_EDGE('',*,*,#1607,.T.);
#2135=ORIENTED_EDGE('',*,*,#1608,.T.);
#2136=ORIENTED_EDGE('',*,*,#1443,.F.);
#2137=ORIENTED_EDGE('',*,*,#1609,.T.);
#2138=ORIENTED_EDGE('',*,*,#1608,.F.);
#2139=ORIENTED_EDGE('',*,*,#1610,.T.);
#2140=ORIENTED_EDGE('',*,*,#1611,.T.);
#2141=ORIENTED_EDGE('',*,*,#1401,.T.);
#2142=ORIENTED_EDGE('',*,*,#1444,.F.);
#2143=ORIENTED_EDGE('',*,*,#1612,.T.);
#2144=ORIENTED_EDGE('',*,*,#1613,.T.);
#2145=ORIENTED_EDGE('',*,*,#1614,.T.);
#2146=ORIENTED_EDGE('',*,*,#1441,.F.);
#2147=ORIENTED_EDGE('',*,*,#1612,.F.);
#2148=ORIENTED_EDGE('',*,*,#1440,.F.);
#2149=ORIENTED_EDGE('',*,*,#1403,.F.);
#2150=ORIENTED_EDGE('',*,*,#1615,.F.);
#2151=ORIENTED_EDGE('',*,*,#1616,.F.);
#2152=ORIENTED_EDGE('',*,*,#1617,.T.);
#2153=ORIENTED_EDGE('',*,*,#1618,.T.);
#2154=ORIENTED_EDGE('',*,*,#1437,.F.);
#2155=ORIENTED_EDGE('',*,*,#1619,.T.);
#2156=ORIENTED_EDGE('',*,*,#1618,.F.);
#2157=ORIENTED_EDGE('',*,*,#1620,.T.);
#2158=ORIENTED_EDGE('',*,*,#1621,.T.);
#2159=ORIENTED_EDGE('',*,*,#1409,.T.);
#2160=ORIENTED_EDGE('',*,*,#1438,.F.);
#2161=ORIENTED_EDGE('',*,*,#1622,.T.);
#2162=ORIENTED_EDGE('',*,*,#1623,.T.);
#2163=ORIENTED_EDGE('',*,*,#1624,.T.);
#2164=ORIENTED_EDGE('',*,*,#1435,.F.);
#2165=ORIENTED_EDGE('',*,*,#1622,.F.);
#2166=ORIENTED_EDGE('',*,*,#1434,.F.);
#2167=ORIENTED_EDGE('',*,*,#1411,.F.);
#2168=ORIENTED_EDGE('',*,*,#1625,.F.);
#2169=ORIENTED_EDGE('',*,*,#1626,.F.);
#2170=ORIENTED_EDGE('',*,*,#1627,.T.);
#2171=ORIENTED_EDGE('',*,*,#1628,.T.);
#2172=ORIENTED_EDGE('',*,*,#1431,.F.);
#2173=ORIENTED_EDGE('',*,*,#1629,.T.);
#2174=ORIENTED_EDGE('',*,*,#1628,.F.);
#2175=ORIENTED_EDGE('',*,*,#1630,.T.);
#2176=ORIENTED_EDGE('',*,*,#1631,.T.);
#2177=ORIENTED_EDGE('',*,*,#1417,.T.);
#2178=ORIENTED_EDGE('',*,*,#1432,.F.);
#2179=ORIENTED_EDGE('',*,*,#1632,.F.);
#2180=ORIENTED_EDGE('',*,*,#1525,.T.);
#2181=ORIENTED_EDGE('',*,*,#1330,.F.);
#2182=ORIENTED_EDGE('',*,*,#1633,.F.);
#2183=ORIENTED_EDGE('',*,*,#1634,.T.);
#2184=ORIENTED_EDGE('',*,*,#1633,.T.);
#2185=ORIENTED_EDGE('',*,*,#1333,.T.);
#2186=ORIENTED_EDGE('',*,*,#1493,.F.);
#2187=ORIENTED_EDGE('',*,*,#1335,.F.);
#2188=ORIENTED_EDGE('',*,*,#1635,.F.);
#2189=ORIENTED_EDGE('',*,*,#1636,.T.);
#2190=ORIENTED_EDGE('',*,*,#1635,.T.);
#2191=ORIENTED_EDGE('',*,*,#1334,.F.);
#2192=ORIENTED_EDGE('',*,*,#1531,.F.);
#2193=ORIENTED_EDGE('',*,*,#1637,.F.);
#2194=ORIENTED_EDGE('',*,*,#1535,.T.);
#2195=ORIENTED_EDGE('',*,*,#1338,.F.);
#2196=ORIENTED_EDGE('',*,*,#1638,.F.);
#2197=ORIENTED_EDGE('',*,*,#1639,.T.);
#2198=ORIENTED_EDGE('',*,*,#1638,.T.);
#2199=ORIENTED_EDGE('',*,*,#1341,.T.);
#2200=ORIENTED_EDGE('',*,*,#1487,.F.);
#2201=ORIENTED_EDGE('',*,*,#1343,.F.);
#2202=ORIENTED_EDGE('',*,*,#1640,.F.);
#2203=ORIENTED_EDGE('',*,*,#1641,.T.);
#2204=ORIENTED_EDGE('',*,*,#1640,.T.);
#2205=ORIENTED_EDGE('',*,*,#1342,.F.);
#2206=ORIENTED_EDGE('',*,*,#1541,.F.);
#2207=ORIENTED_EDGE('',*,*,#1642,.F.);
#2208=ORIENTED_EDGE('',*,*,#1545,.T.);
#2209=ORIENTED_EDGE('',*,*,#1346,.F.);
#2210=ORIENTED_EDGE('',*,*,#1643,.F.);
#2211=ORIENTED_EDGE('',*,*,#1644,.T.);
#2212=ORIENTED_EDGE('',*,*,#1643,.T.);
#2213=ORIENTED_EDGE('',*,*,#1349,.T.);
#2214=ORIENTED_EDGE('',*,*,#1481,.F.);
#2215=ORIENTED_EDGE('',*,*,#1351,.F.);
#2216=ORIENTED_EDGE('',*,*,#1645,.F.);
#2217=ORIENTED_EDGE('',*,*,#1646,.T.);
#2218=ORIENTED_EDGE('',*,*,#1645,.T.);
#2219=ORIENTED_EDGE('',*,*,#1350,.F.);
#2220=ORIENTED_EDGE('',*,*,#1551,.F.);
#2221=ORIENTED_EDGE('',*,*,#1647,.F.);
#2222=ORIENTED_EDGE('',*,*,#1555,.T.);
#2223=ORIENTED_EDGE('',*,*,#1354,.F.);
#2224=ORIENTED_EDGE('',*,*,#1648,.F.);
#2225=ORIENTED_EDGE('',*,*,#1649,.T.);
#2226=ORIENTED_EDGE('',*,*,#1648,.T.);
#2227=ORIENTED_EDGE('',*,*,#1357,.T.);
#2228=ORIENTED_EDGE('',*,*,#1475,.F.);
#2229=ORIENTED_EDGE('',*,*,#1359,.F.);
#2230=ORIENTED_EDGE('',*,*,#1650,.F.);
#2231=ORIENTED_EDGE('',*,*,#1651,.T.);
#2232=ORIENTED_EDGE('',*,*,#1650,.T.);
#2233=ORIENTED_EDGE('',*,*,#1358,.F.);
#2234=ORIENTED_EDGE('',*,*,#1561,.F.);
#2235=ORIENTED_EDGE('',*,*,#1652,.F.);
#2236=ORIENTED_EDGE('',*,*,#1565,.T.);
#2237=ORIENTED_EDGE('',*,*,#1362,.F.);
#2238=ORIENTED_EDGE('',*,*,#1653,.F.);
#2239=ORIENTED_EDGE('',*,*,#1654,.T.);
#2240=ORIENTED_EDGE('',*,*,#1653,.T.);
#2241=ORIENTED_EDGE('',*,*,#1365,.T.);
#2242=ORIENTED_EDGE('',*,*,#1469,.F.);
#2243=ORIENTED_EDGE('',*,*,#1367,.F.);
#2244=ORIENTED_EDGE('',*,*,#1655,.F.);
#2245=ORIENTED_EDGE('',*,*,#1656,.T.);
#2246=ORIENTED_EDGE('',*,*,#1655,.T.);
#2247=ORIENTED_EDGE('',*,*,#1366,.F.);
#2248=ORIENTED_EDGE('',*,*,#1571,.F.);
#2249=ORIENTED_EDGE('',*,*,#1657,.F.);
#2250=ORIENTED_EDGE('',*,*,#1575,.T.);
#2251=ORIENTED_EDGE('',*,*,#1370,.F.);
#2252=ORIENTED_EDGE('',*,*,#1658,.F.);
#2253=ORIENTED_EDGE('',*,*,#1659,.T.);
#2254=ORIENTED_EDGE('',*,*,#1658,.T.);
#2255=ORIENTED_EDGE('',*,*,#1373,.T.);
#2256=ORIENTED_EDGE('',*,*,#1463,.F.);
#2257=ORIENTED_EDGE('',*,*,#1375,.F.);
#2258=ORIENTED_EDGE('',*,*,#1660,.F.);
#2259=ORIENTED_EDGE('',*,*,#1661,.T.);
#2260=ORIENTED_EDGE('',*,*,#1660,.T.);
#2261=ORIENTED_EDGE('',*,*,#1374,.F.);
#2262=ORIENTED_EDGE('',*,*,#1581,.F.);
#2263=ORIENTED_EDGE('',*,*,#1662,.F.);
#2264=ORIENTED_EDGE('',*,*,#1585,.T.);
#2265=ORIENTED_EDGE('',*,*,#1378,.F.);
#2266=ORIENTED_EDGE('',*,*,#1663,.F.);
#2267=ORIENTED_EDGE('',*,*,#1664,.T.);
#2268=ORIENTED_EDGE('',*,*,#1663,.T.);
#2269=ORIENTED_EDGE('',*,*,#1381,.T.);
#2270=ORIENTED_EDGE('',*,*,#1457,.F.);
#2271=ORIENTED_EDGE('',*,*,#1383,.F.);
#2272=ORIENTED_EDGE('',*,*,#1665,.F.);
#2273=ORIENTED_EDGE('',*,*,#1666,.T.);
#2274=ORIENTED_EDGE('',*,*,#1665,.T.);
#2275=ORIENTED_EDGE('',*,*,#1382,.F.);
#2276=ORIENTED_EDGE('',*,*,#1591,.F.);
#2277=ORIENTED_EDGE('',*,*,#1667,.F.);
#2278=ORIENTED_EDGE('',*,*,#1595,.T.);
#2279=ORIENTED_EDGE('',*,*,#1386,.F.);
#2280=ORIENTED_EDGE('',*,*,#1668,.F.);
#2281=ORIENTED_EDGE('',*,*,#1669,.T.);
#2282=ORIENTED_EDGE('',*,*,#1668,.T.);
#2283=ORIENTED_EDGE('',*,*,#1389,.T.);
#2284=ORIENTED_EDGE('',*,*,#1451,.F.);
#2285=ORIENTED_EDGE('',*,*,#1391,.F.);
#2286=ORIENTED_EDGE('',*,*,#1670,.F.);
#2287=ORIENTED_EDGE('',*,*,#1671,.T.);
#2288=ORIENTED_EDGE('',*,*,#1670,.T.);
#2289=ORIENTED_EDGE('',*,*,#1390,.F.);
#2290=ORIENTED_EDGE('',*,*,#1601,.F.);
#2291=ORIENTED_EDGE('',*,*,#1672,.F.);
#2292=ORIENTED_EDGE('',*,*,#1605,.T.);
#2293=ORIENTED_EDGE('',*,*,#1394,.F.);
#2294=ORIENTED_EDGE('',*,*,#1673,.F.);
#2295=ORIENTED_EDGE('',*,*,#1674,.T.);
#2296=ORIENTED_EDGE('',*,*,#1673,.T.);
#2297=ORIENTED_EDGE('',*,*,#1397,.T.);
#2298=ORIENTED_EDGE('',*,*,#1445,.F.);
#2299=ORIENTED_EDGE('',*,*,#1399,.F.);
#2300=ORIENTED_EDGE('',*,*,#1675,.F.);
#2301=ORIENTED_EDGE('',*,*,#1676,.T.);
#2302=ORIENTED_EDGE('',*,*,#1675,.T.);
#2303=ORIENTED_EDGE('',*,*,#1398,.F.);
#2304=ORIENTED_EDGE('',*,*,#1611,.F.);
#2305=ORIENTED_EDGE('',*,*,#1677,.F.);
#2306=ORIENTED_EDGE('',*,*,#1615,.T.);
#2307=ORIENTED_EDGE('',*,*,#1402,.F.);
#2308=ORIENTED_EDGE('',*,*,#1678,.F.);
#2309=ORIENTED_EDGE('',*,*,#1679,.T.);
#2310=ORIENTED_EDGE('',*,*,#1678,.T.);
#2311=ORIENTED_EDGE('',*,*,#1405,.T.);
#2312=ORIENTED_EDGE('',*,*,#1439,.F.);
#2313=ORIENTED_EDGE('',*,*,#1407,.F.);
#2314=ORIENTED_EDGE('',*,*,#1680,.F.);
#2315=ORIENTED_EDGE('',*,*,#1681,.T.);
#2316=ORIENTED_EDGE('',*,*,#1680,.T.);
#2317=ORIENTED_EDGE('',*,*,#1406,.F.);
#2318=ORIENTED_EDGE('',*,*,#1621,.F.);
#2319=ORIENTED_EDGE('',*,*,#1682,.F.);
#2320=ORIENTED_EDGE('',*,*,#1625,.T.);
#2321=ORIENTED_EDGE('',*,*,#1410,.F.);
#2322=ORIENTED_EDGE('',*,*,#1683,.F.);
#2323=ORIENTED_EDGE('',*,*,#1684,.T.);
#2324=ORIENTED_EDGE('',*,*,#1683,.T.);
#2325=ORIENTED_EDGE('',*,*,#1413,.T.);
#2326=ORIENTED_EDGE('',*,*,#1433,.F.);
#2327=ORIENTED_EDGE('',*,*,#1415,.F.);
#2328=ORIENTED_EDGE('',*,*,#1685,.F.);
#2329=ORIENTED_EDGE('',*,*,#1686,.T.);
#2330=ORIENTED_EDGE('',*,*,#1685,.T.);
#2331=ORIENTED_EDGE('',*,*,#1414,.F.);
#2332=ORIENTED_EDGE('',*,*,#1631,.F.);
#2333=ORIENTED_EDGE('',*,*,#1533,.F.);
#2334=ORIENTED_EDGE('',*,*,#1536,.T.);
#2335=ORIENTED_EDGE('',*,*,#1637,.T.);
#2336=ORIENTED_EDGE('',*,*,#1639,.F.);
#2337=ORIENTED_EDGE('',*,*,#1641,.F.);
#2338=ORIENTED_EDGE('',*,*,#1540,.F.);
#2339=ORIENTED_EDGE('',*,*,#1537,.F.);
#2340=ORIENTED_EDGE('',*,*,#1687,.F.);
#2341=ORIENTED_EDGE('',*,*,#1543,.F.);
#2342=ORIENTED_EDGE('',*,*,#1546,.T.);
#2343=ORIENTED_EDGE('',*,*,#1642,.T.);
#2344=ORIENTED_EDGE('',*,*,#1644,.F.);
#2345=ORIENTED_EDGE('',*,*,#1646,.F.);
#2346=ORIENTED_EDGE('',*,*,#1550,.F.);
#2347=ORIENTED_EDGE('',*,*,#1547,.F.);
#2348=ORIENTED_EDGE('',*,*,#1688,.F.);
#2349=ORIENTED_EDGE('',*,*,#1553,.F.);
#2350=ORIENTED_EDGE('',*,*,#1556,.T.);
#2351=ORIENTED_EDGE('',*,*,#1647,.T.);
#2352=ORIENTED_EDGE('',*,*,#1649,.F.);
#2353=ORIENTED_EDGE('',*,*,#1651,.F.);
#2354=ORIENTED_EDGE('',*,*,#1560,.F.);
#2355=ORIENTED_EDGE('',*,*,#1557,.F.);
#2356=ORIENTED_EDGE('',*,*,#1689,.F.);
#2357=ORIENTED_EDGE('',*,*,#1563,.F.);
#2358=ORIENTED_EDGE('',*,*,#1566,.T.);
#2359=ORIENTED_EDGE('',*,*,#1652,.T.);
#2360=ORIENTED_EDGE('',*,*,#1654,.F.);
#2361=ORIENTED_EDGE('',*,*,#1656,.F.);
#2362=ORIENTED_EDGE('',*,*,#1570,.F.);
#2363=ORIENTED_EDGE('',*,*,#1567,.F.);
#2364=ORIENTED_EDGE('',*,*,#1690,.F.);
#2365=ORIENTED_EDGE('',*,*,#1573,.F.);
#2366=ORIENTED_EDGE('',*,*,#1576,.T.);
#2367=ORIENTED_EDGE('',*,*,#1657,.T.);
#2368=ORIENTED_EDGE('',*,*,#1659,.F.);
#2369=ORIENTED_EDGE('',*,*,#1661,.F.);
#2370=ORIENTED_EDGE('',*,*,#1580,.F.);
#2371=ORIENTED_EDGE('',*,*,#1577,.F.);
#2372=ORIENTED_EDGE('',*,*,#1691,.F.);
#2373=ORIENTED_EDGE('',*,*,#1583,.F.);
#2374=ORIENTED_EDGE('',*,*,#1586,.T.);
#2375=ORIENTED_EDGE('',*,*,#1662,.T.);
#2376=ORIENTED_EDGE('',*,*,#1664,.F.);
#2377=ORIENTED_EDGE('',*,*,#1666,.F.);
#2378=ORIENTED_EDGE('',*,*,#1590,.F.);
#2379=ORIENTED_EDGE('',*,*,#1587,.F.);
#2380=ORIENTED_EDGE('',*,*,#1692,.F.);
#2381=ORIENTED_EDGE('',*,*,#1593,.F.);
#2382=ORIENTED_EDGE('',*,*,#1596,.T.);
#2383=ORIENTED_EDGE('',*,*,#1667,.T.);
#2384=ORIENTED_EDGE('',*,*,#1669,.F.);
#2385=ORIENTED_EDGE('',*,*,#1671,.F.);
#2386=ORIENTED_EDGE('',*,*,#1600,.F.);
#2387=ORIENTED_EDGE('',*,*,#1597,.F.);
#2388=ORIENTED_EDGE('',*,*,#1693,.F.);
#2389=ORIENTED_EDGE('',*,*,#1603,.F.);
#2390=ORIENTED_EDGE('',*,*,#1606,.T.);
#2391=ORIENTED_EDGE('',*,*,#1672,.T.);
#2392=ORIENTED_EDGE('',*,*,#1674,.F.);
#2393=ORIENTED_EDGE('',*,*,#1676,.F.);
#2394=ORIENTED_EDGE('',*,*,#1610,.F.);
#2395=ORIENTED_EDGE('',*,*,#1607,.F.);
#2396=ORIENTED_EDGE('',*,*,#1694,.F.);
#2397=ORIENTED_EDGE('',*,*,#1613,.F.);
#2398=ORIENTED_EDGE('',*,*,#1616,.T.);
#2399=ORIENTED_EDGE('',*,*,#1677,.T.);
#2400=ORIENTED_EDGE('',*,*,#1679,.F.);
#2401=ORIENTED_EDGE('',*,*,#1681,.F.);
#2402=ORIENTED_EDGE('',*,*,#1620,.F.);
#2403=ORIENTED_EDGE('',*,*,#1617,.F.);
#2404=ORIENTED_EDGE('',*,*,#1695,.F.);
#2405=ORIENTED_EDGE('',*,*,#1623,.F.);
#2406=ORIENTED_EDGE('',*,*,#1626,.T.);
#2407=ORIENTED_EDGE('',*,*,#1682,.T.);
#2408=ORIENTED_EDGE('',*,*,#1684,.F.);
#2409=ORIENTED_EDGE('',*,*,#1686,.F.);
#2410=ORIENTED_EDGE('',*,*,#1630,.F.);
#2411=ORIENTED_EDGE('',*,*,#1627,.F.);
#2412=ORIENTED_EDGE('',*,*,#1696,.F.);
#2413=ORIENTED_EDGE('',*,*,#1697,.F.);
#2414=ORIENTED_EDGE('',*,*,#1698,.T.);
#2415=ORIENTED_EDGE('',*,*,#1699,.T.);
#2416=ORIENTED_EDGE('',*,*,#1700,.F.);
#2417=ORIENTED_EDGE('',*,*,#1701,.F.);
#2418=ORIENTED_EDGE('',*,*,#1702,.F.);
#2419=ORIENTED_EDGE('',*,*,#1703,.F.);
#2420=ORIENTED_EDGE('',*,*,#1704,.F.);
#2421=ORIENTED_EDGE('',*,*,#1523,.F.);
#2422=ORIENTED_EDGE('',*,*,#1526,.T.);
#2423=ORIENTED_EDGE('',*,*,#1632,.T.);
#2424=ORIENTED_EDGE('',*,*,#1634,.F.);
#2425=ORIENTED_EDGE('',*,*,#1636,.F.);
#2426=ORIENTED_EDGE('',*,*,#1530,.F.);
#2427=ORIENTED_EDGE('',*,*,#1527,.F.);
#2428=ORIENTED_EDGE('',*,*,#1705,.F.);
#2429=ORIENTED_EDGE('',*,*,#1500,.T.);
#2430=ORIENTED_EDGE('',*,*,#1503,.T.);
#2431=ORIENTED_EDGE('',*,*,#1506,.T.);
#2432=ORIENTED_EDGE('',*,*,#1509,.T.);
#2433=ORIENTED_EDGE('',*,*,#1512,.T.);
#2434=ORIENTED_EDGE('',*,*,#1515,.T.);
#2435=ORIENTED_EDGE('',*,*,#1518,.T.);
#2436=ORIENTED_EDGE('',*,*,#1521,.T.);
#2437=ORIENTED_EDGE('',*,*,#1706,.F.);
#2438=ORIENTED_EDGE('',*,*,#1629,.F.);
#2439=ORIENTED_EDGE('',*,*,#1430,.F.);
#2440=ORIENTED_EDGE('',*,*,#1707,.F.);
#2441=ORIENTED_EDGE('',*,*,#1696,.T.);
#2442=ORIENTED_EDGE('',*,*,#1619,.F.);
#2443=ORIENTED_EDGE('',*,*,#1436,.F.);
#2444=ORIENTED_EDGE('',*,*,#1624,.F.);
#2445=ORIENTED_EDGE('',*,*,#1695,.T.);
#2446=ORIENTED_EDGE('',*,*,#1609,.F.);
#2447=ORIENTED_EDGE('',*,*,#1442,.F.);
#2448=ORIENTED_EDGE('',*,*,#1614,.F.);
#2449=ORIENTED_EDGE('',*,*,#1694,.T.);
#2450=ORIENTED_EDGE('',*,*,#1599,.F.);
#2451=ORIENTED_EDGE('',*,*,#1448,.F.);
#2452=ORIENTED_EDGE('',*,*,#1604,.F.);
#2453=ORIENTED_EDGE('',*,*,#1693,.T.);
#2454=ORIENTED_EDGE('',*,*,#1589,.F.);
#2455=ORIENTED_EDGE('',*,*,#1454,.F.);
#2456=ORIENTED_EDGE('',*,*,#1594,.F.);
#2457=ORIENTED_EDGE('',*,*,#1692,.T.);
#2458=ORIENTED_EDGE('',*,*,#1579,.F.);
#2459=ORIENTED_EDGE('',*,*,#1460,.F.);
#2460=ORIENTED_EDGE('',*,*,#1584,.F.);
#2461=ORIENTED_EDGE('',*,*,#1691,.T.);
#2462=ORIENTED_EDGE('',*,*,#1569,.F.);
#2463=ORIENTED_EDGE('',*,*,#1466,.F.);
#2464=ORIENTED_EDGE('',*,*,#1574,.F.);
#2465=ORIENTED_EDGE('',*,*,#1690,.T.);
#2466=ORIENTED_EDGE('',*,*,#1559,.F.);
#2467=ORIENTED_EDGE('',*,*,#1472,.F.);
#2468=ORIENTED_EDGE('',*,*,#1564,.F.);
#2469=ORIENTED_EDGE('',*,*,#1689,.T.);
#2470=ORIENTED_EDGE('',*,*,#1549,.F.);
#2471=ORIENTED_EDGE('',*,*,#1478,.F.);
#2472=ORIENTED_EDGE('',*,*,#1554,.F.);
#2473=ORIENTED_EDGE('',*,*,#1688,.T.);
#2474=ORIENTED_EDGE('',*,*,#1539,.F.);
#2475=ORIENTED_EDGE('',*,*,#1484,.F.);
#2476=ORIENTED_EDGE('',*,*,#1544,.F.);
#2477=ORIENTED_EDGE('',*,*,#1687,.T.);
#2478=ORIENTED_EDGE('',*,*,#1529,.F.);
#2479=ORIENTED_EDGE('',*,*,#1490,.F.);
#2480=ORIENTED_EDGE('',*,*,#1534,.F.);
#2481=ORIENTED_EDGE('',*,*,#1705,.T.);
#2482=ORIENTED_EDGE('',*,*,#1708,.T.);
#2483=ORIENTED_EDGE('',*,*,#1697,.T.);
#2484=ORIENTED_EDGE('',*,*,#1707,.T.);
#2485=ORIENTED_EDGE('',*,*,#1429,.F.);
#2486=ORIENTED_EDGE('',*,*,#1708,.F.);
#2487=ORIENTED_EDGE('',*,*,#1428,.F.);
#2488=ORIENTED_EDGE('',*,*,#1419,.F.);
#2489=ORIENTED_EDGE('',*,*,#1709,.F.);
#2490=ORIENTED_EDGE('',*,*,#1698,.F.);
#2491=ORIENTED_EDGE('',*,*,#1703,.T.);
#2492=ORIENTED_EDGE('',*,*,#1710,.T.);
#2493=ORIENTED_EDGE('',*,*,#1497,.F.);
#2494=ORIENTED_EDGE('',*,*,#1711,.T.);
#2495=ORIENTED_EDGE('',*,*,#1710,.F.);
#2496=ORIENTED_EDGE('',*,*,#1702,.T.);
#2497=ORIENTED_EDGE('',*,*,#1712,.T.);
#2498=ORIENTED_EDGE('',*,*,#1425,.T.);
#2499=ORIENTED_EDGE('',*,*,#1426,.F.);
#2500=ORIENTED_EDGE('',*,*,#1699,.F.);
#2501=ORIENTED_EDGE('',*,*,#1709,.T.);
#2502=ORIENTED_EDGE('',*,*,#1418,.F.);
#2503=ORIENTED_EDGE('',*,*,#1713,.F.);
#2504=ORIENTED_EDGE('',*,*,#1700,.T.);
#2505=ORIENTED_EDGE('',*,*,#1713,.T.);
#2506=ORIENTED_EDGE('',*,*,#1421,.T.);
#2507=ORIENTED_EDGE('',*,*,#1427,.F.);
#2508=ORIENTED_EDGE('',*,*,#1423,.F.);
#2509=ORIENTED_EDGE('',*,*,#1714,.F.);
#2510=ORIENTED_EDGE('',*,*,#1701,.T.);
#2511=ORIENTED_EDGE('',*,*,#1714,.T.);
#2512=ORIENTED_EDGE('',*,*,#1422,.F.);
#2513=ORIENTED_EDGE('',*,*,#1712,.F.);
#2514=ORIENTED_EDGE('',*,*,#1306,.T.);
#2515=ORIENTED_EDGE('',*,*,#1310,.T.);
#2516=ORIENTED_EDGE('',*,*,#1313,.T.);
#2517=ORIENTED_EDGE('',*,*,#1316,.T.);
#2518=ORIENTED_EDGE('',*,*,#1319,.T.);
#2519=ORIENTED_EDGE('',*,*,#1322,.T.);
#2520=ORIENTED_EDGE('',*,*,#1325,.T.);
#2521=ORIENTED_EDGE('',*,*,#1328,.T.);
#2522=ORIENTED_EDGE('',*,*,#1498,.T.);
#2523=ORIENTED_EDGE('',*,*,#1501,.T.);
#2524=ORIENTED_EDGE('',*,*,#1504,.T.);
#2525=ORIENTED_EDGE('',*,*,#1507,.T.);
#2526=ORIENTED_EDGE('',*,*,#1510,.T.);
#2527=ORIENTED_EDGE('',*,*,#1513,.T.);
#2528=ORIENTED_EDGE('',*,*,#1516,.T.);
#2529=ORIENTED_EDGE('',*,*,#1519,.T.);
#2530=ORIENTED_EDGE('',*,*,#1715,.T.);
#2531=ORIENTED_EDGE('',*,*,#1715,.F.);
#2532=ORIENTED_EDGE('',*,*,#1716,.T.);
#2533=ORIENTED_EDGE('',*,*,#1706,.T.);
#2534=ORIENTED_EDGE('',*,*,#1716,.F.);
#2535=ORIENTED_EDGE('',*,*,#1524,.F.);
#2536=ORIENTED_EDGE('',*,*,#1704,.T.);
#2537=ORIENTED_EDGE('',*,*,#1711,.F.);
#2538=ORIENTED_EDGE('',*,*,#1496,.F.);
#2539=CYLINDRICAL_SURFACE('',#2759,3.00000004470348);
#2540=CYLINDRICAL_SURFACE('',#2762,13.0000001937151);
#2541=CYLINDRICAL_SURFACE('',#2765,3.00000004470348);
#2542=CYLINDRICAL_SURFACE('',#2768,13.0000001937151);
#2543=CYLINDRICAL_SURFACE('',#2771,3.00000004470348);
#2544=CYLINDRICAL_SURFACE('',#2774,13.0000001937151);
#2545=CYLINDRICAL_SURFACE('',#2777,3.00000004470348);
#2546=CYLINDRICAL_SURFACE('',#2780,13.0000001937151);
#2547=CYLINDRICAL_SURFACE('',#2832,0.75);
#2548=CYLINDRICAL_SURFACE('',#2835,0.75);
#2549=CYLINDRICAL_SURFACE('',#2838,0.75);
#2550=CYLINDRICAL_SURFACE('',#2841,0.75);
#2551=CYLINDRICAL_SURFACE('',#2844,0.75);
#2552=CYLINDRICAL_SURFACE('',#2847,0.75);
#2553=CYLINDRICAL_SURFACE('',#2850,0.75);
#2554=CYLINDRICAL_SURFACE('',#2853,0.75);
#2555=CYLINDRICAL_SURFACE('',#2856,1.5875);
#2556=CYLINDRICAL_SURFACE('',#2859,1.5875);
#2557=CYLINDRICAL_SURFACE('',#2862,1.5875);
#2558=CYLINDRICAL_SURFACE('',#2865,1.5875);
#2559=CYLINDRICAL_SURFACE('',#2868,1.5875);
#2560=CYLINDRICAL_SURFACE('',#2871,1.5875);
#2561=CYLINDRICAL_SURFACE('',#2874,1.5875);
#2562=CYLINDRICAL_SURFACE('',#2877,1.5875);
#2563=CYLINDRICAL_SURFACE('',#2880,1.5875);
#2564=CYLINDRICAL_SURFACE('',#2883,1.5875);
#2565=CYLINDRICAL_SURFACE('',#2886,1.5875);
#2566=CYLINDRICAL_SURFACE('',#2889,1.5875);
#2567=CYLINDRICAL_SURFACE('',#2892,1.5875);
#2568=CYLINDRICAL_SURFACE('',#2895,1.5875);
#2569=CYLINDRICAL_SURFACE('',#2898,1.5875);
#2570=CYLINDRICAL_SURFACE('',#2901,1.5875);
#2571=CYLINDRICAL_SURFACE('',#2904,1.5875);
#2572=CYLINDRICAL_SURFACE('',#2907,1.5875);
#2573=CYLINDRICAL_SURFACE('',#2910,1.5875);
#2574=CYLINDRICAL_SURFACE('',#2913,1.5875);
#2575=CYLINDRICAL_SURFACE('',#2916,1.5875);
#2576=CYLINDRICAL_SURFACE('',#2919,1.5875);
#2577=CYLINDRICAL_SURFACE('',#2922,20.9999991732283);
#2578=CYLINDRICAL_SURFACE('',#2924,20.9999991732283);
#2579=CYLINDRICAL_SURFACE('',#2926,20.9999991732283);
#2580=CYLINDRICAL_SURFACE('',#2928,20.9999991732283);
#2581=CYLINDRICAL_SURFACE('',#2930,20.9999991732283);
#2582=CYLINDRICAL_SURFACE('',#2932,20.9999991732283);
#2583=CYLINDRICAL_SURFACE('',#2934,20.9999991732283);
#2584=CYLINDRICAL_SURFACE('',#2936,20.9999991732283);
#2585=CYLINDRICAL_SURFACE('',#2938,20.9999991732283);
#2586=CYLINDRICAL_SURFACE('',#2940,20.9999991732283);
#2587=CYLINDRICAL_SURFACE('',#2942,20.9999991732283);
#2588=CYLINDRICAL_SURFACE('',#2961,14.3491994330709);
#2589=CYLINDRICAL_SURFACE('',#2962,14.3491994330709);
#2590=CYLINDRICAL_SURFACE('',#2963,14.3491994330709);
#2591=CYLINDRICAL_SURFACE('',#2964,14.3491994330709);
#2592=CYLINDRICAL_SURFACE('',#2965,14.3491994330709);
#2593=CYLINDRICAL_SURFACE('',#2966,14.3491994330709);
#2594=CYLINDRICAL_SURFACE('',#2967,14.3491994330709);
#2595=CYLINDRICAL_SURFACE('',#2968,14.3491994330709);
#2596=CYLINDRICAL_SURFACE('',#2969,14.3491994330709);
#2597=CYLINDRICAL_SURFACE('',#2970,14.3491994330709);
#2598=CYLINDRICAL_SURFACE('',#2971,14.3491994330709);
#2599=CYLINDRICAL_SURFACE('',#2972,1.5875);
#2600=CYLINDRICAL_SURFACE('',#2974,1.5875);
#2601=CYLINDRICAL_SURFACE('',#2976,20.9999991732283);
#2602=CYLINDRICAL_SURFACE('',#2979,6.);
#2603=CYLINDRICAL_SURFACE('',#2980,14.3491994330709);
#2604=ADVANCED_FACE('',(#185),#2539,.F.);
#2605=ADVANCED_FACE('',(#186),#2540,.F.);
#2606=ADVANCED_FACE('',(#187),#2541,.F.);
#2607=ADVANCED_FACE('',(#188),#2542,.F.);
#2608=ADVANCED_FACE('',(#189),#2543,.F.);
#2609=ADVANCED_FACE('',(#190),#2544,.F.);
#2610=ADVANCED_FACE('',(#191),#2545,.F.);
#2611=ADVANCED_FACE('',(#192),#2546,.F.);
#2612=ADVANCED_FACE('',(#193),#161,.T.);
#2613=ADVANCED_FACE('',(#194),#162,.T.);
#2614=ADVANCED_FACE('',(#195),#163,.T.);
#2615=ADVANCED_FACE('',(#196),#164,.T.);
#2616=ADVANCED_FACE('',(#197),#165,.T.);
#2617=ADVANCED_FACE('',(#198),#166,.T.);
#2618=ADVANCED_FACE('',(#199),#167,.T.);
#2619=ADVANCED_FACE('',(#200),#168,.T.);
#2620=ADVANCED_FACE('',(#201),#169,.T.);
#2621=ADVANCED_FACE('',(#202),#170,.T.);
#2622=ADVANCED_FACE('',(#203),#171,.T.);
#2623=ADVANCED_FACE('',(#204),#172,.T.);
#2624=ADVANCED_FACE('',(#205),#173,.T.);
#2625=ADVANCED_FACE('',(#206),#174,.T.);
#2626=ADVANCED_FACE('',(#207),#175,.T.);
#2627=ADVANCED_FACE('',(#208),#176,.T.);
#2628=ADVANCED_FACE('',(#209),#177,.T.);
#2629=ADVANCED_FACE('',(#210),#178,.T.);
#2630=ADVANCED_FACE('',(#211),#179,.T.);
#2631=ADVANCED_FACE('',(#212),#180,.T.);
#2632=ADVANCED_FACE('',(#213),#181,.T.);
#2633=ADVANCED_FACE('',(#214),#182,.T.);
#2634=ADVANCED_FACE('',(#215),#183,.T.);
#2635=ADVANCED_FACE('',(#216),#184,.T.);
#2636=ADVANCED_FACE('',(#217,#43),#62,.T.);
#2637=ADVANCED_FACE('',(#218),#2547,.F.);
#2638=ADVANCED_FACE('',(#219),#2548,.F.);
#2639=ADVANCED_FACE('',(#220),#2549,.F.);
#2640=ADVANCED_FACE('',(#221),#2550,.F.);
#2641=ADVANCED_FACE('',(#222),#2551,.F.);
#2642=ADVANCED_FACE('',(#223),#2552,.F.);
#2643=ADVANCED_FACE('',(#224),#2553,.F.);
#2644=ADVANCED_FACE('',(#225),#2554,.F.);
#2645=ADVANCED_FACE('',(#226),#2555,.F.);
#2646=ADVANCED_FACE('',(#227),#63,.T.);
#2647=ADVANCED_FACE('',(#228),#2556,.F.);
#2648=ADVANCED_FACE('',(#229),#64,.T.);
#2649=ADVANCED_FACE('',(#230),#2557,.F.);
#2650=ADVANCED_FACE('',(#231),#65,.T.);
#2651=ADVANCED_FACE('',(#232),#2558,.F.);
#2652=ADVANCED_FACE('',(#233),#66,.T.);
#2653=ADVANCED_FACE('',(#234),#2559,.F.);
#2654=ADVANCED_FACE('',(#235),#67,.T.);
#2655=ADVANCED_FACE('',(#236),#2560,.F.);
#2656=ADVANCED_FACE('',(#237),#68,.T.);
#2657=ADVANCED_FACE('',(#238),#2561,.F.);
#2658=ADVANCED_FACE('',(#239),#69,.T.);
#2659=ADVANCED_FACE('',(#240),#2562,.F.);
#2660=ADVANCED_FACE('',(#241),#70,.T.);
#2661=ADVANCED_FACE('',(#242),#2563,.F.);
#2662=ADVANCED_FACE('',(#243),#71,.T.);
#2663=ADVANCED_FACE('',(#244),#2564,.F.);
#2664=ADVANCED_FACE('',(#245),#72,.T.);
#2665=ADVANCED_FACE('',(#246),#2565,.F.);
#2666=ADVANCED_FACE('',(#247),#73,.T.);
#2667=ADVANCED_FACE('',(#248),#2566,.F.);
#2668=ADVANCED_FACE('',(#249),#74,.T.);
#2669=ADVANCED_FACE('',(#250),#2567,.F.);
#2670=ADVANCED_FACE('',(#251),#75,.T.);
#2671=ADVANCED_FACE('',(#252),#2568,.F.);
#2672=ADVANCED_FACE('',(#253),#76,.T.);
#2673=ADVANCED_FACE('',(#254),#2569,.F.);
#2674=ADVANCED_FACE('',(#255),#77,.T.);
#2675=ADVANCED_FACE('',(#256),#2570,.F.);
#2676=ADVANCED_FACE('',(#257),#78,.T.);
#2677=ADVANCED_FACE('',(#258),#2571,.F.);
#2678=ADVANCED_FACE('',(#259),#79,.T.);
#2679=ADVANCED_FACE('',(#260),#2572,.F.);
#2680=ADVANCED_FACE('',(#261),#80,.T.);
#2681=ADVANCED_FACE('',(#262),#2573,.F.);
#2682=ADVANCED_FACE('',(#263),#81,.T.);
#2683=ADVANCED_FACE('',(#264),#2574,.F.);
#2684=ADVANCED_FACE('',(#265),#82,.T.);
#2685=ADVANCED_FACE('',(#266),#2575,.F.);
#2686=ADVANCED_FACE('',(#267),#83,.T.);
#2687=ADVANCED_FACE('',(#268),#2576,.F.);
#2688=ADVANCED_FACE('',(#269),#84,.T.);
#2689=ADVANCED_FACE('',(#270),#19,.T.);
#2690=ADVANCED_FACE('',(#271),#2577,.T.);
#2691=ADVANCED_FACE('',(#272),#20,.T.);
#2692=ADVANCED_FACE('',(#273),#21,.T.);
#2693=ADVANCED_FACE('',(#274),#2578,.T.);
#2694=ADVANCED_FACE('',(#275),#22,.T.);
#2695=ADVANCED_FACE('',(#276),#23,.T.);
#2696=ADVANCED_FACE('',(#277),#2579,.T.);
#2697=ADVANCED_FACE('',(#278),#24,.T.);
#2698=ADVANCED_FACE('',(#279),#25,.T.);
#2699=ADVANCED_FACE('',(#280),#2580,.T.);
#2700=ADVANCED_FACE('',(#281),#26,.T.);
#2701=ADVANCED_FACE('',(#282),#27,.T.);
#2702=ADVANCED_FACE('',(#283),#2581,.T.);
#2703=ADVANCED_FACE('',(#284),#28,.T.);
#2704=ADVANCED_FACE('',(#285),#29,.T.);
#2705=ADVANCED_FACE('',(#286),#2582,.T.);
#2706=ADVANCED_FACE('',(#287),#30,.T.);
#2707=ADVANCED_FACE('',(#288),#31,.T.);
#2708=ADVANCED_FACE('',(#289),#2583,.T.);
#2709=ADVANCED_FACE('',(#290),#32,.T.);
#2710=ADVANCED_FACE('',(#291),#33,.T.);
#2711=ADVANCED_FACE('',(#292),#2584,.T.);
#2712=ADVANCED_FACE('',(#293),#34,.T.);
#2713=ADVANCED_FACE('',(#294),#35,.T.);
#2714=ADVANCED_FACE('',(#295),#2585,.T.);
#2715=ADVANCED_FACE('',(#296),#36,.T.);
#2716=ADVANCED_FACE('',(#297),#37,.T.);
#2717=ADVANCED_FACE('',(#298),#2586,.T.);
#2718=ADVANCED_FACE('',(#299),#38,.T.);
#2719=ADVANCED_FACE('',(#300),#39,.T.);
#2720=ADVANCED_FACE('',(#301),#2587,.T.);
#2721=ADVANCED_FACE('',(#302),#40,.T.);
#2722=ADVANCED_FACE('',(#303,#44,#45,#46,#47,#48,#49,#50,#51,#52),#85,.F.);
#2723=ADVANCED_FACE('',(#304),#2588,.T.);
#2724=ADVANCED_FACE('',(#305),#2589,.T.);
#2725=ADVANCED_FACE('',(#306),#2590,.T.);
#2726=ADVANCED_FACE('',(#307),#2591,.T.);
#2727=ADVANCED_FACE('',(#308),#2592,.T.);
#2728=ADVANCED_FACE('',(#309),#2593,.T.);
#2729=ADVANCED_FACE('',(#310),#2594,.T.);
#2730=ADVANCED_FACE('',(#311),#2595,.T.);
#2731=ADVANCED_FACE('',(#312),#2596,.T.);
#2732=ADVANCED_FACE('',(#313),#2597,.T.);
#2733=ADVANCED_FACE('',(#314),#2598,.T.);
#2734=ADVANCED_FACE('',(#315),#2599,.F.);
#2735=ADVANCED_FACE('',(#316),#86,.T.);
#2736=ADVANCED_FACE('',(#317),#2600,.F.);
#2737=ADVANCED_FACE('',(#318),#87,.T.);
#2738=ADVANCED_FACE('',(#319),#41,.T.);
#2739=ADVANCED_FACE('',(#320),#2601,.T.);
#2740=ADVANCED_FACE('',(#321),#42,.T.);
#2741=ADVANCED_FACE('',(#322,#53,#54,#55,#56,#57,#58,#59,#60,#61),#88,.T.);
#2742=ADVANCED_FACE('',(#323),#2602,.F.);
#2743=ADVANCED_FACE('',(#324),#2603,.T.);
#2744=CLOSED_SHELL('',(#2604,#2605,#2606,#2607,#2608,#2609,#2610,#2611,
#2612,#2613,#2614,#2615,#2616,#2617,#2618,#2619,#2620,#2621,#2622,#2623,
#2624,#2625,#2626,#2627,#2628,#2629,#2630,#2631,#2632,#2633,#2634,#2635,
#2636,#2637,#2638,#2639,#2640,#2641,#2642,#2643,#2644,#2645,#2646,#2647,
#2648,#2649,#2650,#2651,#2652,#2653,#2654,#2655,#2656,#2657,#2658,#2659,
#2660,#2661,#2662,#2663,#2664,#2665,#2666,#2667,#2668,#2669,#2670,#2671,
#2672,#2673,#2674,#2675,#2676,#2677,#2678,#2679,#2680,#2681,#2682,#2683,
#2684,#2685,#2686,#2687,#2688,#2689,#2690,#2691,#2692,#2693,#2694,#2695,
#2696,#2697,#2698,#2699,#2700,#2701,#2702,#2703,#2704,#2705,#2706,#2707,
#2708,#2709,#2710,#2711,#2712,#2713,#2714,#2715,#2716,#2717,#2718,#2719,
#2720,#2721,#2722,#2723,#2724,#2725,#2726,#2727,#2728,#2729,#2730,#2731,
#2732,#2733,#2734,#2735,#2736,#2737,#2738,#2739,#2740,#2741,#2742,#2743));
#2745=DERIVED_UNIT_ELEMENT(#2747,1.);
#2746=DERIVED_UNIT_ELEMENT(#10548,-3.);
#2747=(
MASS_UNIT()
NAMED_UNIT(*)
SI_UNIT(.KILO.,.GRAM.)
);
#2748=DERIVED_UNIT((#2745,#2746));
#2749=MEASURE_REPRESENTATION_ITEM('density measure',
POSITIVE_RATIO_MEASURE(7850.),#2748);
#2750=PROPERTY_DEFINITION_REPRESENTATION(#2755,#2752);
#2751=PROPERTY_DEFINITION_REPRESENTATION(#2756,#2753);
#2752=REPRESENTATION('material name',(#2754),#10545);
#2753=REPRESENTATION('density',(#2749),#10545);
#2754=DESCRIPTIVE_REPRESENTATION_ITEM('Steel','Steel');
#2755=PROPERTY_DEFINITION('material property','material name',#10560);
#2756=PROPERTY_DEFINITION('material property','density of part',#10560);
#2757=AXIS2_PLACEMENT_3D('',#3641,#2982,#2983);
#2758=AXIS2_PLACEMENT_3D('',#3642,#2984,#2985);
#2759=AXIS2_PLACEMENT_3D('',#3643,#2986,#2987);
#2760=AXIS2_PLACEMENT_3D('',#3646,#2988,#2989);
#2761=AXIS2_PLACEMENT_3D('',#3650,#2991,#2992);
#2762=AXIS2_PLACEMENT_3D('',#3652,#2994,#2995);
#2763=AXIS2_PLACEMENT_3D('',#3654,#2996,#2997);
#2764=AXIS2_PLACEMENT_3D('',#3656,#2998,#2999);
#2765=AXIS2_PLACEMENT_3D('',#3658,#3001,#3002);
#2766=AXIS2_PLACEMENT_3D('',#3660,#3003,#3004);
#2767=AXIS2_PLACEMENT_3D('',#3662,#3005,#3006);
#2768=AXIS2_PLACEMENT_3D('',#3664,#3008,#3009);
#2769=AXIS2_PLACEMENT_3D('',#3666,#3010,#3011);
#2770=AXIS2_PLACEMENT_3D('',#3668,#3012,#3013);
#2771=AXIS2_PLACEMENT_3D('',#3670,#3015,#3016);
#2772=AXIS2_PLACEMENT_3D('',#3672,#3017,#3018);
#2773=AXIS2_PLACEMENT_3D('',#3674,#3019,#3020);
#2774=AXIS2_PLACEMENT_3D('',#3676,#3022,#3023);
#2775=AXIS2_PLACEMENT_3D('',#3678,#3024,#3025);
#2776=AXIS2_PLACEMENT_3D('',#3680,#3026,#3027);
#2777=AXIS2_PLACEMENT_3D('',#3682,#3029,#3030);
#2778=AXIS2_PLACEMENT_3D('',#3684,#3031,#3032);
#2779=AXIS2_PLACEMENT_3D('',#3686,#3033,#3034);
#2780=AXIS2_PLACEMENT_3D('',#3688,#3036,#3037);
#2781=AXIS2_PLACEMENT_3D('',#3689,#3038,#3039);
#2782=AXIS2_PLACEMENT_3D('',#3690,#3040,#3041);
#2783=AXIS2_PLACEMENT_3D('',#4603,#3090,#3091);
#2784=AXIS2_PLACEMENT_3D('',#4606,#3093,#3094);
#2785=AXIS2_PLACEMENT_3D('',#4610,#3096,#3097);
#2786=AXIS2_PLACEMENT_3D('',#4612,#3098,#3099);
#2787=AXIS2_PLACEMENT_3D('',#4614,#3100,#3101);
#2788=AXIS2_PLACEMENT_3D('',#4616,#3103,#3104);
#2789=AXIS2_PLACEMENT_3D('',#4620,#3106,#3107);
#2790=AXIS2_PLACEMENT_3D('',#4622,#3108,#3109);
#2791=AXIS2_PLACEMENT_3D('',#4624,#3110,#3111);
#2792=AXIS2_PLACEMENT_3D('',#4626,#3113,#3114);
#2793=AXIS2_PLACEMENT_3D('',#4630,#3116,#3117);
#2794=AXIS2_PLACEMENT_3D('',#4632,#3118,#3119);
#2795=AXIS2_PLACEMENT_3D('',#4634,#3120,#3121);
#2796=AXIS2_PLACEMENT_3D('',#4636,#3123,#3124);
#2797=AXIS2_PLACEMENT_3D('',#4640,#3126,#3127);
#2798=AXIS2_PLACEMENT_3D('',#4642,#3128,#3129);
#2799=AXIS2_PLACEMENT_3D('',#4644,#3130,#3131);
#2800=AXIS2_PLACEMENT_3D('',#4646,#3133,#3134);
#2801=AXIS2_PLACEMENT_3D('',#4650,#3136,#3137);
#2802=AXIS2_PLACEMENT_3D('',#4652,#3138,#3139);
#2803=AXIS2_PLACEMENT_3D('',#4654,#3140,#3141);
#2804=AXIS2_PLACEMENT_3D('',#4656,#3143,#3144);
#2805=AXIS2_PLACEMENT_3D('',#4660,#3146,#3147);
#2806=AXIS2_PLACEMENT_3D('',#4662,#3148,#3149);
#2807=AXIS2_PLACEMENT_3D('',#4664,#3150,#3151);
#2808=AXIS2_PLACEMENT_3D('',#4666,#3153,#3154);
#2809=AXIS2_PLACEMENT_3D('',#4670,#3156,#3157);
#2810=AXIS2_PLACEMENT_3D('',#4672,#3158,#3159);
#2811=AXIS2_PLACEMENT_3D('',#4674,#3160,#3161);
#2812=AXIS2_PLACEMENT_3D('',#4676,#3163,#3164);
#2813=AXIS2_PLACEMENT_3D('',#4680,#3166,#3167);
#2814=AXIS2_PLACEMENT_3D('',#4682,#3168,#3169);
#2815=AXIS2_PLACEMENT_3D('',#4684,#3170,#3171);
#2816=AXIS2_PLACEMENT_3D('',#4686,#3173,#3174);
#2817=AXIS2_PLACEMENT_3D('',#4690,#3176,#3177);
#2818=AXIS2_PLACEMENT_3D('',#4692,#3178,#3179);
#2819=AXIS2_PLACEMENT_3D('',#4694,#3180,#3181);
#2820=AXIS2_PLACEMENT_3D('',#4696,#3183,#3184);
#2821=AXIS2_PLACEMENT_3D('',#4700,#3186,#3187);
#2822=AXIS2_PLACEMENT_3D('',#4702,#3188,#3189);
#2823=AXIS2_PLACEMENT_3D('',#4704,#3190,#3191);
#2824=AXIS2_PLACEMENT_3D('',#4706,#3193,#3194);
#2825=AXIS2_PLACEMENT_3D('',#4710,#3196,#3197);
#2826=AXIS2_PLACEMENT_3D('',#4712,#3198,#3199);
#2827=AXIS2_PLACEMENT_3D('',#4714,#3200,#3201);
#2828=AXIS2_PLACEMENT_3D('',#4716,#3203,#3204);
#2829=AXIS2_PLACEMENT_3D('',#4720,#3206,#3207);
#2830=AXIS2_PLACEMENT_3D('',#4722,#3208,#3209);
#2831=AXIS2_PLACEMENT_3D('',#4723,#3210,#3211);
#2832=AXIS2_PLACEMENT_3D('',#4724,#3212,#3213);
#2833=AXIS2_PLACEMENT_3D('',#4726,#3214,#3215);
#2834=AXIS2_PLACEMENT_3D('',#4729,#3217,#3218);
#2835=AXIS2_PLACEMENT_3D('',#4730,#3219,#3220);
#2836=AXIS2_PLACEMENT_3D('',#4732,#3221,#3222);
#2837=AXIS2_PLACEMENT_3D('',#4735,#3224,#3225);
#2838=AXIS2_PLACEMENT_3D('',#4736,#3226,#3227);
#2839=AXIS2_PLACEMENT_3D('',#4738,#3228,#3229);
#2840=AXIS2_PLACEMENT_3D('',#4741,#3231,#3232);
#2841=AXIS2_PLACEMENT_3D('',#4742,#3233,#3234);
#2842=AXIS2_PLACEMENT_3D('',#4744,#3235,#3236);
#2843=AXIS2_PLACEMENT_3D('',#4747,#3238,#3239);
#2844=AXIS2_PLACEMENT_3D('',#4748,#3240,#3241);
#2845=AXIS2_PLACEMENT_3D('',#4750,#3242,#3243);
#2846=AXIS2_PLACEMENT_3D('',#4753,#3245,#3246);
#2847=AXIS2_PLACEMENT_3D('',#4754,#3247,#3248);
#2848=AXIS2_PLACEMENT_3D('',#4756,#3249,#3250);
#2849=AXIS2_PLACEMENT_3D('',#4759,#3252,#3253);
#2850=AXIS2_PLACEMENT_3D('',#4760,#3254,#3255);
#2851=AXIS2_PLACEMENT_3D('',#4762,#3256,#3257);
#2852=AXIS2_PLACEMENT_3D('',#4765,#3259,#3260);
#2853=AXIS2_PLACEMENT_3D('',#4766,#3261,#3262);
#2854=AXIS2_PLACEMENT_3D('',#4768,#3263,#3264);
#2855=AXIS2_PLACEMENT_3D('',#4771,#3266,#3267);
#2856=AXIS2_PLACEMENT_3D('',#4772,#3268,#3269);
#2857=AXIS2_PLACEMENT_3D('',#4776,#3271,#3272);
#2858=AXIS2_PLACEMENT_3D('',#4778,#3274,#3275);
#2859=AXIS2_PLACEMENT_3D('',#4782,#3278,#3279);
#2860=AXIS2_PLACEMENT_3D('',#4785,#3280,#3281);
#2861=AXIS2_PLACEMENT_3D('',#4788,#3284,#3285);
#2862=AXIS2_PLACEMENT_3D('',#4792,#3288,#3289);
#2863=AXIS2_PLACEMENT_3D('',#4796,#3291,#3292);
#2864=AXIS2_PLACEMENT_3D('',#4798,#3294,#3295);
#2865=AXIS2_PLACEMENT_3D('',#4802,#3298,#3299);
#2866=AXIS2_PLACEMENT_3D('',#4805,#3300,#3301);
#2867=AXIS2_PLACEMENT_3D('',#4808,#3304,#3305);
#2868=AXIS2_PLACEMENT_3D('',#4812,#3308,#3309);
#2869=AXIS2_PLACEMENT_3D('',#4816,#3311,#3312);
#2870=AXIS2_PLACEMENT_3D('',#4818,#3314,#3315);
#2871=AXIS2_PLACEMENT_3D('',#4822,#3318,#3319);
#2872=AXIS2_PLACEMENT_3D('',#4825,#3320,#3321);
#2873=AXIS2_PLACEMENT_3D('',#4828,#3324,#3325);
#2874=AXIS2_PLACEMENT_3D('',#4832,#3328,#3329);
#2875=AXIS2_PLACEMENT_3D('',#4836,#3331,#3332);
#2876=AXIS2_PLACEMENT_3D('',#4838,#3334,#3335);
#2877=AXIS2_PLACEMENT_3D('',#4842,#3338,#3339);
#2878=AXIS2_PLACEMENT_3D('',#4845,#3340,#3341);
#2879=AXIS2_PLACEMENT_3D('',#4848,#3344,#3345);
#2880=AXIS2_PLACEMENT_3D('',#4852,#3348,#3349);
#2881=AXIS2_PLACEMENT_3D('',#4856,#3351,#3352);
#2882=AXIS2_PLACEMENT_3D('',#4858,#3354,#3355);
#2883=AXIS2_PLACEMENT_3D('',#4862,#3358,#3359);
#2884=AXIS2_PLACEMENT_3D('',#4865,#3360,#3361);
#2885=AXIS2_PLACEMENT_3D('',#4868,#3364,#3365);
#2886=AXIS2_PLACEMENT_3D('',#4872,#3368,#3369);
#2887=AXIS2_PLACEMENT_3D('',#4876,#3371,#3372);
#2888=AXIS2_PLACEMENT_3D('',#4878,#3374,#3375);
#2889=AXIS2_PLACEMENT_3D('',#4882,#3378,#3379);
#2890=AXIS2_PLACEMENT_3D('',#4885,#3380,#3381);
#2891=AXIS2_PLACEMENT_3D('',#4888,#3384,#3385);
#2892=AXIS2_PLACEMENT_3D('',#4892,#3388,#3389);
#2893=AXIS2_PLACEMENT_3D('',#4896,#3391,#3392);
#2894=AXIS2_PLACEMENT_3D('',#4898,#3394,#3395);
#2895=AXIS2_PLACEMENT_3D('',#4902,#3398,#3399);
#2896=AXIS2_PLACEMENT_3D('',#4905,#3400,#3401);
#2897=AXIS2_PLACEMENT_3D('',#4908,#3404,#3405);
#2898=AXIS2_PLACEMENT_3D('',#4912,#3408,#3409);
#2899=AXIS2_PLACEMENT_3D('',#4916,#3411,#3412);
#2900=AXIS2_PLACEMENT_3D('',#4918,#3414,#3415);
#2901=AXIS2_PLACEMENT_3D('',#4922,#3418,#3419);
#2902=AXIS2_PLACEMENT_3D('',#4925,#3420,#3421);
#2903=AXIS2_PLACEMENT_3D('',#4928,#3424,#3425);
#2904=AXIS2_PLACEMENT_3D('',#4932,#3428,#3429);
#2905=AXIS2_PLACEMENT_3D('',#4936,#3431,#3432);
#2906=AXIS2_PLACEMENT_3D('',#4938,#3434,#3435);
#2907=AXIS2_PLACEMENT_3D('',#4942,#3438,#3439);
#2908=AXIS2_PLACEMENT_3D('',#4945,#3440,#3441);
#2909=AXIS2_PLACEMENT_3D('',#4948,#3444,#3445);
#2910=AXIS2_PLACEMENT_3D('',#4952,#3448,#3449);
#2911=AXIS2_PLACEMENT_3D('',#4956,#3451,#3452);
#2912=AXIS2_PLACEMENT_3D('',#4958,#3454,#3455);
#2913=AXIS2_PLACEMENT_3D('',#4962,#3458,#3459);
#2914=AXIS2_PLACEMENT_3D('',#4965,#3460,#3461);
#2915=AXIS2_PLACEMENT_3D('',#4968,#3464,#3465);
#2916=AXIS2_PLACEMENT_3D('',#4972,#3468,#3469);
#2917=AXIS2_PLACEMENT_3D('',#4976,#3471,#3472);
#2918=AXIS2_PLACEMENT_3D('',#4978,#3474,#3475);
#2919=AXIS2_PLACEMENT_3D('',#4982,#3478,#3479);
#2920=AXIS2_PLACEMENT_3D('',#4985,#3480,#3481);
#2921=AXIS2_PLACEMENT_3D('',#4988,#3484,#3485);
#2922=AXIS2_PLACEMENT_3D('',#5220,#3489,#3490);
#2923=AXIS2_PLACEMENT_3D('',#5222,#3491,#3492);
#2924=AXIS2_PLACEMENT_3D('',#5678,#3495,#3496);
#2925=AXIS2_PLACEMENT_3D('',#5680,#3497,#3498);
#2926=AXIS2_PLACEMENT_3D('',#6136,#3501,#3502);
#2927=AXIS2_PLACEMENT_3D('',#6138,#3503,#3504);
#2928=AXIS2_PLACEMENT_3D('',#6594,#3507,#3508);
#2929=AXIS2_PLACEMENT_3D('',#6596,#3509,#3510);
#2930=AXIS2_PLACEMENT_3D('',#7052,#3513,#3514);
#2931=AXIS2_PLACEMENT_3D('',#7054,#3515,#3516);
#2932=AXIS2_PLACEMENT_3D('',#7510,#3519,#3520);
#2933=AXIS2_PLACEMENT_3D('',#7512,#3521,#3522);
#2934=AXIS2_PLACEMENT_3D('',#7968,#3525,#3526);
#2935=AXIS2_PLACEMENT_3D('',#7970,#3527,#3528);
#2936=AXIS2_PLACEMENT_3D('',#8426,#3531,#3532);
#2937=AXIS2_PLACEMENT_3D('',#8428,#3533,#3534);
#2938=AXIS2_PLACEMENT_3D('',#8884,#3537,#3538);
#2939=AXIS2_PLACEMENT_3D('',#8886,#3539,#3540);
#2940=AXIS2_PLACEMENT_3D('',#9342,#3543,#3544);
#2941=AXIS2_PLACEMENT_3D('',#9344,#3545,#3546);
#2942=AXIS2_PLACEMENT_3D('',#9800,#3549,#3550);
#2943=AXIS2_PLACEMENT_3D('',#9802,#3551,#3552);
#2944=AXIS2_PLACEMENT_3D('',#10030,#3554,#3555);
#2945=AXIS2_PLACEMENT_3D('',#10031,#3556,#3557);
#2946=AXIS2_PLACEMENT_3D('',#10032,#3558,#3559);
#2947=AXIS2_PLACEMENT_3D('',#10033,#3560,#3561);
#2948=AXIS2_PLACEMENT_3D('',#10034,#3562,#3563);
#2949=AXIS2_PLACEMENT_3D('',#10035,#3564,#3565);
#2950=AXIS2_PLACEMENT_3D('',#10036,#3566,#3567);
#2951=AXIS2_PLACEMENT_3D('',#10037,#3568,#3569);
#2952=AXIS2_PLACEMENT_3D('',#10038,#3570,#3571);
#2953=AXIS2_PLACEMENT_3D('',#10039,#3572,#3573);
#2954=AXIS2_PLACEMENT_3D('',#10041,#3574,#3575);
#2955=AXIS2_PLACEMENT_3D('',#10043,#3576,#3577);
#2956=AXIS2_PLACEMENT_3D('',#10124,#3579,#3580);
#2957=AXIS2_PLACEMENT_3D('',#10205,#3582,#3583);
#2958=AXIS2_PLACEMENT_3D('',#10206,#3584,#3585);
#2959=AXIS2_PLACEMENT_3D('',#10207,#3586,#3587);
#2960=AXIS2_PLACEMENT_3D('',#10209,#3588,#3589);
#2961=AXIS2_PLACEMENT_3D('',#10210,#3590,#3591);
#2962=AXIS2_PLACEMENT_3D('',#10212,#3593,#3594);
#2963=AXIS2_PLACEMENT_3D('',#10213,#3595,#3596);
#2964=AXIS2_PLACEMENT_3D('',#10214,#3597,#3598);
#2965=AXIS2_PLACEMENT_3D('',#10215,#3599,#3600);
#2966=AXIS2_PLACEMENT_3D('',#10216,#3601,#3602);
#2967=AXIS2_PLACEMENT_3D('',#10217,#3603,#3604);
#2968=AXIS2_PLACEMENT_3D('',#10218,#3605,#3606);
#2969=AXIS2_PLACEMENT_3D('',#10219,#3607,#3608);
#2970=AXIS2_PLACEMENT_3D('',#10220,#3609,#3610);
#2971=AXIS2_PLACEMENT_3D('',#10221,#3611,#3612);
#2972=AXIS2_PLACEMENT_3D('',#10222,#3613,#3614);
#2973=AXIS2_PLACEMENT_3D('',#10224,#3616,#3617);
#2974=AXIS2_PLACEMENT_3D('',#10226,#3619,#3620);
#2975=AXIS2_PLACEMENT_3D('',#10229,#3623,#3624);
#2976=AXIS2_PLACEMENT_3D('',#10382,#3627,#3628);
#2977=AXIS2_PLACEMENT_3D('',#10534,#3630,#3631);
#2978=AXIS2_PLACEMENT_3D('',#10536,#3632,#3633);
#2979=AXIS2_PLACEMENT_3D('',#10537,#3634,#3635);
#2980=AXIS2_PLACEMENT_3D('',#10539,#3637,#3638);
#2981=AXIS2_PLACEMENT_3D('',#10540,#3639,#3640);
#2982=DIRECTION('axis',(0.,0.,1.));
#2983=DIRECTION('refdir',(1.,0.,0.));
#2984=DIRECTION('axis',(0.,0.,1.));
#2985=DIRECTION('refdir',(1.,0.,0.));
#2986=DIRECTION('center_axis',(0.,0.,1.));
#2987=DIRECTION('ref_axis',(0.974996043043569,0.222222222222222,0.));
#2988=DIRECTION('center_axis',(0.,0.,1.));
#2989=DIRECTION('ref_axis',(0.974996043043569,0.222222222222222,0.));
#2990=DIRECTION('',(0.,0.,1.));
#2991=DIRECTION('center_axis',(-2.73205105869034E-29,7.8886090522101E-30,
-1.));
#2992=DIRECTION('ref_axis',(0.974996043043569,0.222222222222222,-2.48843654823363E-29));
#2993=DIRECTION('',(0.,0.,1.));
#2994=DIRECTION('center_axis',(0.,0.,1.));
#2995=DIRECTION('ref_axis',(-0.224999086856208,0.974358974358974,0.));
#2996=DIRECTION('center_axis',(0.,0.,1.));
#2997=DIRECTION('ref_axis',(-0.224999086856208,0.974358974358974,0.));
#2998=DIRECTION('center_axis',(-2.73205105869034E-29,7.8886090522101E-30,
-1.));
#2999=DIRECTION('ref_axis',(-0.224999086856208,0.974358974358974,1.3833426959729E-29));
#3000=DIRECTION('',(0.,0.,1.));
#3001=DIRECTION('center_axis',(0.,0.,1.));
#3002=DIRECTION('ref_axis',(-0.222222222222222,0.974996043043569,0.));
#3003=DIRECTION('center_axis',(0.,0.,1.));
#3004=DIRECTION('ref_axis',(-0.222222222222222,0.974996043043569,0.));
#3005=DIRECTION('center_axis',(-2.73205105869034E-29,7.8886090522101E-30,
-1.));
#3006=DIRECTION('ref_axis',(-0.222222222222222,0.974996043043569,1.37625871858899E-29));
#3007=DIRECTION('',(0.,0.,1.));
#3008=DIRECTION('center_axis',(0.,0.,1.));
#3009=DIRECTION('ref_axis',(-0.974358974358974,-0.224999086856208,0.));
#3010=DIRECTION('center_axis',(0.,0.,1.));
#3011=DIRECTION('ref_axis',(-0.974358974358974,-0.224999086856208,0.));
#3012=DIRECTION('center_axis',(-2.73205105869034E-29,7.8886090522101E-30,
-1.));
#3013=DIRECTION('ref_axis',(-0.974358974358974,-0.224999086856208,2.48450548411058E-29));
#3014=DIRECTION('',(0.,0.,1.));
#3015=DIRECTION('center_axis',(0.,0.,1.));
#3016=DIRECTION('ref_axis',(-0.974996043043569,-0.222222222222222,0.));
#3017=DIRECTION('center_axis',(0.,0.,1.));
#3018=DIRECTION('ref_axis',(-0.974996043043569,-0.222222222222222,0.));
#3019=DIRECTION('center_axis',(-2.73205105869034E-29,7.8886090522101E-30,
-1.));
#3020=DIRECTION('ref_axis',(-0.974996043043569,-0.222222222222222,2.48843654823363E-29));
#3021=DIRECTION('',(0.,0.,1.));
#3022=DIRECTION('center_axis',(0.,0.,1.));
#3023=DIRECTION('ref_axis',(0.224999086856208,-0.974358974358974,0.));
#3024=DIRECTION('center_axis',(0.,0.,1.));
#3025=DIRECTION('ref_axis',(0.224999086856208,-0.974358974358974,0.));
#3026=DIRECTION('center_axis',(-2.73205105869034E-29,7.8886090522101E-30,
-1.));
#3027=DIRECTION('ref_axis',(0.224999086856208,-0.974358974358974,-1.3833426959729E-29));
#3028=DIRECTION('',(0.,0.,1.));
#3029=DIRECTION('center_axis',(0.,0.,1.));
#3030=DIRECTION('ref_axis',(0.222222222222222,-0.974996043043569,0.));
#3031=DIRECTION('center_axis',(0.,0.,1.));
#3032=DIRECTION('ref_axis',(0.222222222222222,-0.974996043043569,0.));
#3033=DIRECTION('center_axis',(-2.73205105869034E-29,7.8886090522101E-30,
-1.));
#3034=DIRECTION('ref_axis',(0.222222222222222,-0.974996043043569,-1.37625871858899E-29));
#3035=DIRECTION('',(0.,0.,1.));
#3036=DIRECTION('center_axis',(0.,0.,1.));
#3037=DIRECTION('ref_axis',(0.974358974358974,0.224999086856208,0.));
#3038=DIRECTION('center_axis',(0.,0.,1.));
#3039=DIRECTION('ref_axis',(0.974358974358974,0.224999086856208,0.));
#3040=DIRECTION('center_axis',(-2.73205105869034E-29,7.8886090522101E-30,
-1.));
#3041=DIRECTION('ref_axis',(0.974358974358974,0.224999086856208,-2.48450548411058E-29));
#3042=DIRECTION('',(0.,0.,1.));
#3043=DIRECTION('',(0.,0.,1.));
#3044=DIRECTION('',(0.,0.,1.));
#3045=DIRECTION('',(0.,0.,1.));
#3046=DIRECTION('',(0.,0.,1.));
#3047=DIRECTION('',(0.,0.,1.));
#3048=DIRECTION('',(0.,0.,1.));
#3049=DIRECTION('',(0.,0.,1.));
#3050=DIRECTION('',(0.,0.,1.));
#3051=DIRECTION('',(0.,0.,1.));
#3052=DIRECTION('',(0.,0.,1.));
#3053=DIRECTION('',(0.,0.,1.));
#3054=DIRECTION('',(0.,0.,1.));
#3055=DIRECTION('',(0.,0.,1.));
#3056=DIRECTION('',(0.,0.,1.));
#3057=DIRECTION('',(0.,0.,1.));
#3058=DIRECTION('',(0.,0.,1.));
#3059=DIRECTION('',(0.,0.,1.));
#3060=DIRECTION('',(0.,0.,1.));
#3061=DIRECTION('',(0.,0.,1.));
#3062=DIRECTION('',(0.,0.,1.));
#3063=DIRECTION('',(0.,0.,1.));
#3064=DIRECTION('',(0.,0.,1.));
#3065=DIRECTION('',(0.,0.,1.));
#3066=DIRECTION('',(0.,0.,1.));
#3067=DIRECTION('',(0.,0.,1.));
#3068=DIRECTION('',(0.,0.,1.));
#3069=DIRECTION('',(0.,0.,1.));
#3070=DIRECTION('',(0.,0.,1.));
#3071=DIRECTION('',(0.,0.,1.));
#3072=DIRECTION('',(0.,0.,1.));
#3073=DIRECTION('',(0.,0.,1.));
#3074=DIRECTION('',(0.,0.,1.));
#3075=DIRECTION('',(0.,0.,1.));
#3076=DIRECTION('',(0.,0.,1.));
#3077=DIRECTION('',(0.,0.,1.));
#3078=DIRECTION('',(0.,0.,1.));
#3079=DIRECTION('',(0.,0.,1.));
#3080=DIRECTION('',(0.,0.,1.));
#3081=DIRECTION('',(0.,0.,1.));
#3082=DIRECTION('',(0.,0.,1.));
#3083=DIRECTION('',(0.,0.,1.));
#3084=DIRECTION('',(0.,0.,1.));
#3085=DIRECTION('',(0.,0.,1.));
#3086=DIRECTION('',(0.,0.,1.));
#3087=DIRECTION('',(0.,0.,1.));
#3088=DIRECTION('',(0.,0.,1.));
#3089=DIRECTION('',(0.,0.,1.));
#3090=DIRECTION('center_axis',(2.80697598635065E-44,-2.80259692864963E-45,
1.));
#3091=DIRECTION('ref_axis',(-1.,2.15520827126848E-58,2.80697598635065E-44));
#3092=DIRECTION('',(0.989470352302349,-0.144735696753307,5.77888124377913E-30));
#3093=DIRECTION('center_axis',(2.76162090599441E-29,-1.2255792099958E-30,
1.));
#3094=DIRECTION('ref_axis',(0.999016705240867,-0.0443353431212833,-2.76433906611058E-29));
#3095=DIRECTION('',(-0.989470352302349,-0.144735696753308,3.36744926214574E-44));
#3096=DIRECTION('center_axis',(-1.12541782916087E-44,1.40129846432482E-44,
-1.));
#3097=DIRECTION('ref_axis',(-0.969986843270245,-0.243157405568134,1.32830916945022E-44));
#3098=DIRECTION('center_axis',(2.64825722356875E-29,6.63868134117196E-30,
1.));
#3099=DIRECTION('ref_axis',(0.969986843270245,0.243157405568134,-2.73019911758838E-29));
#3100=DIRECTION('center_axis',(-3.36749537208058E-44,2.38220738935219E-44,
-1.));
#3101=DIRECTION('ref_axis',(-0.36939038592837,0.929274309762026,3.09109451103425E-44));
#3102=DIRECTION('',(0.929274309762026,0.369390385928369,2.61427168654133E-29));
#3103=DIRECTION('center_axis',(1.82837469870355E-29,9.50126862777311E-30,
1.));
#3104=DIRECTION('ref_axis',(0.887341517104264,0.461112819191902,-2.06050845526786E-29));
#3105=DIRECTION('',(-0.784538613008719,-0.62007996637398,3.08629216136964E-44));
#3106=DIRECTION('center_axis',(-2.80697598635065E-44,-1.26116861789234E-44,
-1.));
#3107=DIRECTION('ref_axis',(-0.71845454482464,-0.695573911975441,3.09262308312742E-44));
#3108=DIRECTION('center_axis',(1.1284010146231E-29,1.09246481029641E-29,
1.));
#3109=DIRECTION('ref_axis',(0.71845454482464,0.695573911975441,-1.57059485913409E-29));
#3110=DIRECTION('center_axis',(-2.24645660062072E-44,-1.40129846432482E-45,
-1.));
#3111=DIRECTION('ref_axis',(-0.784538613008719,0.620079966373979,1.32749708094936E-44));
#3112=DIRECTION('',(0.620079966373981,0.784538613008718,3.95016326150047E-29));
#3113=DIRECTION('center_axis',(4.32779322054303E-30,6.78254331166389E-30,
1.));
#3114=DIRECTION('ref_axis',(0.537903886048965,0.84300617398298,-8.04566267838609E-30));
#3115=DIRECTION('',(-0.369390385928369,-0.929274309762026,1.50801343096336E-44));
#3116=DIRECTION('center_axis',(-5.64898443430942E-45,-4.20389539297445E-45,
-1.));
#3117=DIRECTION('ref_axis',(-0.274412931294803,-0.961611950392773,4.42555517091484E-45));
#3118=DIRECTION('center_axis',(-2.70269939850132E-32,-9.47093866042748E-32,
1.));
#3119=DIRECTION('ref_axis',(0.274412931294803,0.961611950392773,9.84902346165544E-32));
#3120=DIRECTION('center_axis',(-3.36749537208058E-44,1.40129846432482E-45,
-1.));
#3121=DIRECTION('ref_axis',(-0.989470352302349,0.144735696753307,3.09380987698624E-44));
#3122=DIRECTION('',(0.144735696753312,0.989470352302348,4.22761178056945E-29));
#3123=DIRECTION('center_axis',(-2.95698473040712E-31,-6.66302984221429E-30,
1.));
#3124=DIRECTION('ref_axis',(0.0443353431212835,0.999016705240867,6.6695880131532E-30));
#3125=DIRECTION('',(0.144735696753309,-0.989470352302349,-1.26180242385981E-44));
#3126=DIRECTION('center_axis',(-3.36749537208058E-44,2.80259692864963E-45,
-1.));
#3127=DIRECTION('ref_axis',(0.243157405568134,-0.969986843270245,-1.10444941788801E-44));
#3128=DIRECTION('center_axis',(3.86049795525555E-30,-1.54000336379649E-29,
1.));
#3129=DIRECTION('ref_axis',(-0.243157405568134,0.969986843270245,1.58765386817461E-29));
#3130=DIRECTION('center_axis',(-2.80697598635065E-44,1.40129846432482E-45,
-1.));
#3131=DIRECTION('ref_axis',(-0.929274309762027,-0.369390385928368,2.65219242801115E-44));
#3132=DIRECTION('',(-0.369390385928371,0.929274309762026,3.37227513712255E-29));
#3133=DIRECTION('center_axis',(9.03676359986797E-30,-1.73898776799832E-29,
1.));
#3134=DIRECTION('ref_axis',(-0.461112819191903,0.887341517104263,1.95977279827198E-29));
#3135=DIRECTION('',(0.620079966373981,-0.784538613008718,-1.96453321600674E-44));
#3136=DIRECTION('center_axis',(-2.80697598635065E-44,-4.20389539297445E-45,
-1.));
#3137=DIRECTION('ref_axis',(0.695573911975442,-0.71845454482464,-1.32710749939018E-44));
#3138=DIRECTION('center_axis',(1.90590600447121E-29,-1.9686000399757E-29,
1.));
#3139=DIRECTION('ref_axis',(-0.695573911975442,0.718454544824639,2.74004814105003E-29));
#3140=DIRECTION('center_axis',(-2.24645660062072E-44,1.68155815718978E-44,
-1.));
#3141=DIRECTION('ref_axis',(-0.62007996637398,-0.784538613008718,2.71536595199513E-47));
#3142=DIRECTION('',(-0.784538613008718,0.620079966373981,1.61334009402811E-29));
#3143=DIRECTION('center_axis',(2.29927173663604E-29,-1.4671152363874E-29,
1.));
#3144=DIRECTION('ref_axis',(-0.84300617398298,0.537903886048964,2.72746725658318E-29));
#3145=DIRECTION('',(0.929274309762027,-0.369390385928368,-3.92770504593201E-44));
#3146=DIRECTION('center_axis',(-2.24645660062072E-44,0.,-1.));
#3147=DIRECTION('ref_axis',(0.961611950392773,-0.274412931294803,-1.76962634234251E-44));
#3148=DIRECTION('center_axis',(3.03700971849281E-29,-8.66664291018859E-30,
1.));
#3149=DIRECTION('ref_axis',(-0.961611950392774,0.274412931294803,3.1582487273087E-29));
#3150=DIRECTION('center_axis',(-1.6859372148908E-44,5.60519385729927E-45,
-1.));
#3151=DIRECTION('ref_axis',(-0.144735696753309,-0.989470352302349,-3.8555081018503E-45));
#3152=DIRECTION('',(-0.989470352302349,0.14473569675331,-5.77888124377911E-30));
#3153=DIRECTION('center_axis',(2.76162090599441E-29,-1.2255792099958E-30,
1.));
#3154=DIRECTION('ref_axis',(-0.999016705240867,0.0443353431212834,2.76433906611058E-29));
#3155=DIRECTION('',(0.989470352302349,0.144735696753308,-3.92796864787566E-44));
#3156=DIRECTION('center_axis',(-2.80697598635065E-44,9.80908925027372E-45,
-1.));
#3157=DIRECTION('ref_axis',(0.969986843270245,0.243157405568133,-2.65237071054454E-44));
#3158=DIRECTION('center_axis',(2.64825722356875E-29,6.63868134117196E-30,
1.));
#3159=DIRECTION('ref_axis',(-0.969986843270245,-0.243157405568134,2.73019911758838E-29));
#3160=DIRECTION('center_axis',(-2.24645660062072E-44,-8.4077907859489E-45,
-1.));
#3161=DIRECTION('ref_axis',(0.369390385928368,-0.929274309762027,-1.61758181418054E-47));
#3162=DIRECTION('',(-0.929274309762026,-0.36939038592837,-2.61427168654134E-29));
#3163=DIRECTION('center_axis',(1.82837469870355E-29,9.50126862777312E-30,
1.));
#3164=DIRECTION('ref_axis',(-0.887341517104264,-0.461112819191902,2.06050845526786E-29));
#3165=DIRECTION('',(0.784538613008719,0.62007996637398,-3.08629216136964E-44));
#3166=DIRECTION('center_axis',(-2.80697598635065E-44,4.20389539297445E-45,
-1.));
#3167=DIRECTION('ref_axis',(0.71845454482464,0.695573911975441,-1.98923846554882E-44));
#3168=DIRECTION('center_axis',(1.1284010146231E-29,1.09246481029641E-29,
1.));
#3169=DIRECTION('ref_axis',(-0.71845454482464,-0.695573911975441,1.57059485913409E-29));
#3170=DIRECTION('center_axis',(-3.9280147578105E-44,5.60519385729927E-45,
-1.));
#3171=DIRECTION('ref_axis',(0.784538613008719,-0.62007996637398,-3.09291246907511E-44));
#3172=DIRECTION('',(-0.620079966373983,-0.784538613008716,-3.95016326150047E-29));
#3173=DIRECTION('center_axis',(4.32779322054305E-30,6.78254331166389E-30,
1.));
#3174=DIRECTION('ref_axis',(-0.537903886048966,-0.843006173982979,8.0456626783861E-30));
#3175=DIRECTION('',(0.369390385928371,0.929274309762026,-3.22460404976126E-44));
#3176=DIRECTION('center_axis',(-2.80697598635065E-44,5.60519385729927E-45,
-1.));
#3177=DIRECTION('ref_axis',(0.274412931294803,0.961611950392773,-2.21878593575764E-45));
#3178=DIRECTION('center_axis',(-2.70269939850132E-32,-9.47093866042636E-32,
1.));
#3179=DIRECTION('ref_axis',(-0.274412931294804,-0.961611950392773,-9.84902346165437E-32));
#3180=DIRECTION('center_axis',(-3.36749537208058E-44,2.80259692864963E-45,
-1.));
#3181=DIRECTION('ref_axis',(0.989470352302349,-0.144735696753309,-3.53516372401768E-44));
#3182=DIRECTION('',(-0.144735696753313,-0.989470352302348,-4.22761178056945E-29));
#3183=DIRECTION('center_axis',(-2.95698473040712E-31,-6.66302984221429E-30,
1.));
#3184=DIRECTION('ref_axis',(-0.0443353431212837,-0.999016705240867,-6.6695880131532E-30));
#3185=DIRECTION('',(-0.144735696753308,0.989470352302349,1.26180242385981E-44));
#3186=DIRECTION('center_axis',(-2.80697598635065E-44,-8.4077907859489E-45,
-1.));
#3187=DIRECTION('ref_axis',(-0.243157405568134,0.969986843270245,1.06480030941198E-47));
#3188=DIRECTION('center_axis',(3.86049795525556E-30,-1.54000336379648E-29,
1.));
#3189=DIRECTION('ref_axis',(0.243157405568134,-0.969986843270245,-1.58765386817461E-29));
#3190=DIRECTION('center_axis',(-3.36749537208058E-44,0.,-1.));
#3191=DIRECTION('ref_axis',(0.929274309762027,0.369390385928367,-3.09354627504259E-44));
#3192=DIRECTION('',(0.369390385928371,-0.929274309762026,-3.37227513712256E-29));
#3193=DIRECTION('center_axis',(9.03676359986797E-30,-1.73898776799832E-29,
1.));
#3194=DIRECTION('ref_axis',(0.461112819191902,-0.887341517104264,-1.95977279827198E-29));
#3195=DIRECTION('',(-0.620079966373981,0.784538613008718,1.96453321600674E-44));
#3196=DIRECTION('center_axis',(-3.9280147578105E-44,7.00649232162409E-45,
-1.));
#3197=DIRECTION('ref_axis',(-0.695573911975442,0.71845454482464,3.09252288751593E-44));
#3198=DIRECTION('center_axis',(1.90590600447121E-29,-1.9686000399757E-29,
1.));
#3199=DIRECTION('ref_axis',(0.695573911975442,-0.71845454482464,-2.74004814105003E-29));
#3200=DIRECTION('center_axis',(-3.36749537208058E-44,-2.80259692864963E-45,
-1.));
#3201=DIRECTION('ref_axis',(0.620079966373981,0.784538613008718,-2.20948460110919E-44));
#3202=DIRECTION('',(0.784538613008718,-0.620079966373981,-1.61334009402811E-29));
#3203=DIRECTION('center_axis',(2.29927173663604E-29,-1.4671152363874E-29,
1.));
#3204=DIRECTION('ref_axis',(0.84300617398298,-0.537903886048965,-2.72746725658318E-29));
#3205=DIRECTION('',(-0.929274309762027,0.369390385928368,3.92770504593201E-44));
#3206=DIRECTION('center_axis',(-2.74511232320176E-28,7.83366220683501E-29,
-1.));
#3207=DIRECTION('ref_axis',(-0.961611950392774,0.274412931294802,2.85469863605637E-28));
#3208=DIRECTION('center_axis',(2.80697598635065E-44,-2.80259692864963E-45,
1.));
#3209=DIRECTION('ref_axis',(0.961611950392773,-0.274412931294803,-3.12923204459528E-44));
#3210=DIRECTION('center_axis',(-3.9280147578105E-44,7.00649232162409E-45,
-1.));
#3211=DIRECTION('ref_axis',(0.144735696753309,0.989470352302349,1.6487388666931E-45));
#3212=DIRECTION('center_axis',(0.,6.31088724176809E-30,-1.));
#3213=DIRECTION('ref_axis',(-1.,1.72416661701479E-58,0.));
#3214=DIRECTION('center_axis',(0.,0.,-1.));
#3215=DIRECTION('ref_axis',(-1.,1.72416661701479E-58,0.));
#3216=DIRECTION('',(0.,6.31088724176809E-30,-1.));
#3217=DIRECTION('center_axis',(0.,0.,1.));
#3218=DIRECTION('ref_axis',(-1.,1.72416661701479E-58,0.));
#3219=DIRECTION('center_axis',(0.,0.,-1.));
#3220=DIRECTION('ref_axis',(-1.,0.,0.));
#3221=DIRECTION('center_axis',(0.,0.,-1.));
#3222=DIRECTION('ref_axis',(-1.,0.,0.));
#3223=DIRECTION('',(0.,0.,-1.));
#3224=DIRECTION('center_axis',(0.,0.,1.));
#3225=DIRECTION('ref_axis',(-1.,0.,0.));
#3226=DIRECTION('center_axis',(0.,6.31088724176809E-30,-1.));
#3227=DIRECTION('ref_axis',(-1.,1.72416661701479E-58,0.));
#3228=DIRECTION('center_axis',(0.,0.,-1.));
#3229=DIRECTION('ref_axis',(-1.,1.72416661701479E-58,0.));
#3230=DIRECTION('',(0.,6.31088724176809E-30,-1.));
#3231=DIRECTION('center_axis',(0.,0.,1.));
#3232=DIRECTION('ref_axis',(-1.,1.72416661701479E-58,0.));
#3233=DIRECTION('center_axis',(0.,0.,-1.));
#3234=DIRECTION('ref_axis',(-1.,0.,0.));
#3235=DIRECTION('center_axis',(0.,0.,-1.));
#3236=DIRECTION('ref_axis',(-1.,0.,0.));
#3237=DIRECTION('',(0.,0.,-1.));
#3238=DIRECTION('center_axis',(0.,0.,1.));
#3239=DIRECTION('ref_axis',(-1.,0.,0.));
#3240=DIRECTION('center_axis',(0.,6.31088724176809E-30,-1.));
#3241=DIRECTION('ref_axis',(-1.,1.72416661701479E-58,0.));
#3242=DIRECTION('center_axis',(0.,0.,-1.));
#3243=DIRECTION('ref_axis',(-1.,1.72416661701479E-58,0.));
#3244=DIRECTION('',(0.,6.31088724176809E-30,-1.));
#3245=DIRECTION('center_axis',(0.,0.,1.));
#3246=DIRECTION('ref_axis',(-1.,1.72416661701479E-58,0.));
#3247=DIRECTION('center_axis',(0.,0.,-1.));
#3248=DIRECTION('ref_axis',(-1.,0.,0.));
#3249=DIRECTION('center_axis',(0.,0.,-1.));
#3250=DIRECTION('ref_axis',(-1.,0.,0.));
#3251=DIRECTION('',(0.,0.,-1.));
#3252=DIRECTION('center_axis',(0.,0.,1.));
#3253=DIRECTION('ref_axis',(-1.,0.,0.));
#3254=DIRECTION('center_axis',(0.,6.31088724176809E-30,-1.));
#3255=DIRECTION('ref_axis',(-1.,1.72416661701479E-58,0.));
#3256=DIRECTION('center_axis',(0.,0.,-1.));
#3257=DIRECTION('ref_axis',(-1.,1.72416661701479E-58,0.));
#3258=DIRECTION('',(0.,6.31088724176809E-30,-1.));
#3259=DIRECTION('center_axis',(0.,0.,1.));
#3260=DIRECTION('ref_axis',(-1.,1.72416661701479E-58,0.));
#3261=DIRECTION('center_axis',(0.,0.,-1.));
#3262=DIRECTION('ref_axis',(-1.,0.,0.));
#3263=DIRECTION('center_axis',(0.,0.,-1.));
#3264=DIRECTION('ref_axis',(-1.,0.,0.));
#3265=DIRECTION('',(0.,0.,-1.));
#3266=DIRECTION('center_axis',(0.,0.,1.));
#3267=DIRECTION('ref_axis',(-1.,0.,0.));
#3268=DIRECTION('center_axis',(0.,0.,-1.));
#3269=DIRECTION('ref_axis',(-0.897277854621317,-0.441466251944773,0.));
#3270=DIRECTION('',(0.,0.,-1.));
#3271=DIRECTION('center_axis',(0.,0.,-1.));
#3272=DIRECTION('ref_axis',(-0.897277854621317,-0.441466251944773,0.));
#3273=DIRECTION('',(0.,0.,1.));
#3274=DIRECTION('center_axis',(0.369390385928369,0.929274309762026,0.));
#3275=DIRECTION('ref_axis',(-0.929274309762026,0.369390385928369,0.));
#3276=DIRECTION('',(0.,0.,1.));
#3277=DIRECTION('',(-0.929274309762026,0.369390385928369,0.));
#3278=DIRECTION('center_axis',(0.,0.,1.));
#3279=DIRECTION('ref_axis',(-0.0663179382129843,0.997798542327648,0.));
#3280=DIRECTION('center_axis',(0.,0.,-1.));
#3281=DIRECTION('ref_axis',(-0.0663179382129843,0.997798542327648,0.));
#3282=DIRECTION('',(0.,0.,1.));
#3283=DIRECTION('',(0.,0.,-1.));
#3284=DIRECTION('center_axis',(-0.620079966373981,-0.784538613008718,0.));
#3285=DIRECTION('ref_axis',(0.784538613008718,-0.620079966373981,0.));
#3286=DIRECTION('',(0.784538613008718,-0.620079966373981,0.));
#3287=DIRECTION('',(0.,0.,1.));
#3288=DIRECTION('center_axis',(0.,0.,-1.));
#3289=DIRECTION('ref_axis',(-0.997798542327648,0.0663179382129863,0.));
#3290=DIRECTION('',(0.,0.,-1.));
#3291=DIRECTION('center_axis',(0.,0.,-1.));
#3292=DIRECTION('ref_axis',(-0.997798542327648,0.0663179382129863,0.));
#3293=DIRECTION('',(0.,0.,1.));
#3294=DIRECTION('center_axis',(0.784538613008719,0.62007996637398,0.));
#3295=DIRECTION('ref_axis',(-0.62007996637398,0.784538613008719,0.));
#3296=DIRECTION('',(0.,0.,1.));
#3297=DIRECTION('',(-0.62007996637398,0.784538613008719,0.));
#3298=DIRECTION('center_axis',(0.,0.,1.));
#3299=DIRECTION('ref_axis',(0.441466251944774,0.897277854621317,0.));
#3300=DIRECTION('center_axis',(0.,0.,-1.));
#3301=DIRECTION('ref_axis',(0.441466251944774,0.897277854621317,0.));
#3302=DIRECTION('',(0.,0.,1.));
#3303=DIRECTION('',(0.,0.,-1.));
#3304=DIRECTION('center_axis',(-0.929274309762027,-0.369390385928368,0.));
#3305=DIRECTION('ref_axis',(0.369390385928368,-0.929274309762027,0.));
#3306=DIRECTION('',(0.369390385928368,-0.929274309762027,0.));
#3307=DIRECTION('',(0.,0.,1.));
#3308=DIRECTION('center_axis',(0.,0.,-1.));
#3309=DIRECTION('ref_axis',(-0.830959916408333,0.556332290382876,0.));
#3310=DIRECTION('',(0.,0.,-1.));
#3311=DIRECTION('center_axis',(0.,0.,-1.));
#3312=DIRECTION('ref_axis',(-0.830959916408333,0.556332290382876,0.));
#3313=DIRECTION('',(0.,0.,1.));
#3314=DIRECTION('center_axis',(0.989470352302349,0.144735696753308,0.));
#3315=DIRECTION('ref_axis',(-0.144735696753308,0.989470352302349,0.));
#3316=DIRECTION('',(0.,0.,1.));
#3317=DIRECTION('',(-0.144735696753308,0.989470352302349,0.));
#3318=DIRECTION('center_axis',(0.,0.,1.));
#3319=DIRECTION('ref_axis',(0.830959916408333,0.556332290382875,0.));
#3320=DIRECTION('center_axis',(0.,0.,-1.));
#3321=DIRECTION('ref_axis',(0.830959916408333,0.556332290382875,0.));
#3322=DIRECTION('',(0.,0.,1.));
#3323=DIRECTION('',(0.,0.,-1.));
#3324=DIRECTION('center_axis',(-0.989470352302349,0.144735696753308,0.));
#3325=DIRECTION('ref_axis',(-0.144735696753308,-0.989470352302349,0.));
#3326=DIRECTION('',(-0.144735696753308,-0.989470352302349,0.));
#3327=DIRECTION('',(0.,0.,1.));
#3328=DIRECTION('center_axis',(0.,0.,-1.));
#3329=DIRECTION('ref_axis',(-0.441466251944773,0.897277854621318,0.));
#3330=DIRECTION('',(0.,0.,-1.));
#3331=DIRECTION('center_axis',(0.,0.,-1.));
#3332=DIRECTION('ref_axis',(-0.441466251944773,0.897277854621318,0.));
#3333=DIRECTION('',(0.,0.,1.));
#3334=DIRECTION('center_axis',(0.929274309762026,-0.369390385928369,0.));
#3335=DIRECTION('ref_axis',(0.369390385928369,0.929274309762026,0.));
#3336=DIRECTION('',(0.,0.,1.));
#3337=DIRECTION('',(0.369390385928369,0.929274309762026,0.));
#3338=DIRECTION('center_axis',(0.,0.,1.));
#3339=DIRECTION('ref_axis',(0.997798542327648,0.0663179382129843,0.));
#3340=DIRECTION('center_axis',(0.,0.,-1.));
#3341=DIRECTION('ref_axis',(0.997798542327648,0.0663179382129843,0.));
#3342=DIRECTION('',(0.,0.,1.));
#3343=DIRECTION('',(0.,0.,-1.));
#3344=DIRECTION('center_axis',(-0.784538613008718,0.620079966373981,0.));
#3345=DIRECTION('ref_axis',(-0.620079966373981,-0.784538613008718,0.));
#3346=DIRECTION('',(-0.620079966373981,-0.784538613008718,0.));
#3347=DIRECTION('',(0.,0.,1.));
#3348=DIRECTION('center_axis',(0.,0.,-1.));
#3349=DIRECTION('ref_axis',(0.0663179382129825,0.997798542327648,0.));
#3350=DIRECTION('',(0.,0.,-1.));
#3351=DIRECTION('center_axis',(0.,0.,-1.));
#3352=DIRECTION('ref_axis',(0.0663179382129825,0.997798542327648,0.));
#3353=DIRECTION('',(0.,0.,1.));
#3354=DIRECTION('center_axis',(0.62007996637398,-0.784538613008719,0.));
#3355=DIRECTION('ref_axis',(0.784538613008719,0.62007996637398,0.));
#3356=DIRECTION('',(0.,0.,1.));
#3357=DIRECTION('',(0.784538613008719,0.62007996637398,0.));
#3358=DIRECTION('center_axis',(0.,0.,1.));
#3359=DIRECTION('ref_axis',(0.897277854621317,-0.441466251944774,0.));
#3360=DIRECTION('center_axis',(0.,0.,-1.));
#3361=DIRECTION('ref_axis',(0.897277854621317,-0.441466251944774,0.));
#3362=DIRECTION('',(0.,0.,1.));
#3363=DIRECTION('',(0.,0.,-1.));
#3364=DIRECTION('center_axis',(-0.369390385928368,0.929274309762027,0.));
#3365=DIRECTION('ref_axis',(-0.929274309762027,-0.369390385928368,0.));
#3366=DIRECTION('',(-0.929274309762027,-0.369390385928368,0.));
#3367=DIRECTION('',(0.,0.,1.));
#3368=DIRECTION('center_axis',(0.,0.,-1.));
#3369=DIRECTION('ref_axis',(0.556332290382874,0.830959916408334,0.));
#3370=DIRECTION('',(0.,0.,-1.));
#3371=DIRECTION('center_axis',(0.,0.,-1.));
#3372=DIRECTION('ref_axis',(0.556332290382874,0.830959916408334,0.));
#3373=DIRECTION('',(0.,0.,1.));
#3374=DIRECTION('center_axis',(0.144735696753308,-0.989470352302349,0.));
#3375=DIRECTION('ref_axis',(0.989470352302349,0.144735696753308,0.));
#3376=DIRECTION('',(0.,0.,1.));
#3377=DIRECTION('',(0.989470352302349,0.144735696753308,0.));
#3378=DIRECTION('center_axis',(0.,0.,1.));
#3379=DIRECTION('ref_axis',(0.556332290382875,-0.830959916408334,0.));
#3380=DIRECTION('center_axis',(0.,0.,-1.));
#3381=DIRECTION('ref_axis',(0.556332290382875,-0.830959916408334,0.));
#3382=DIRECTION('',(0.,0.,1.));
#3383=DIRECTION('',(0.,0.,-1.));
#3384=DIRECTION('center_axis',(0.144735696753308,0.989470352302349,0.));
#3385=DIRECTION('ref_axis',(-0.989470352302349,0.144735696753308,0.));
#3386=DIRECTION('',(-0.989470352302349,0.144735696753308,0.));
#3387=DIRECTION('',(0.,0.,1.));
#3388=DIRECTION('center_axis',(0.,0.,-1.));
#3389=DIRECTION('ref_axis',(0.897277854621318,0.441466251944773,0.));
#3390=DIRECTION('',(0.,0.,-1.));
#3391=DIRECTION('center_axis',(0.,0.,-1.));
#3392=DIRECTION('ref_axis',(0.897277854621318,0.441466251944773,0.));
#3393=DIRECTION('',(0.,0.,1.));
#3394=DIRECTION('center_axis',(-0.369390385928369,-0.929274309762026,0.));
#3395=DIRECTION('ref_axis',(0.929274309762026,-0.369390385928369,0.));
#3396=DIRECTION('',(0.,0.,1.));
#3397=DIRECTION('',(0.929274309762026,-0.369390385928369,0.));
#3398=DIRECTION('center_axis',(0.,0.,1.));
#3399=DIRECTION('ref_axis',(0.0663179382129863,-0.997798542327648,0.));
#3400=DIRECTION('center_axis',(0.,0.,-1.));
#3401=DIRECTION('ref_axis',(0.0663179382129863,-0.997798542327648,0.));
#3402=DIRECTION('',(0.,0.,1.));
#3403=DIRECTION('',(0.,0.,-1.));
#3404=DIRECTION('center_axis',(0.62007996637398,0.784538613008718,0.));
#3405=DIRECTION('ref_axis',(-0.784538613008718,0.62007996637398,0.));
#3406=DIRECTION('',(-0.784538613008718,0.62007996637398,0.));
#3407=DIRECTION('',(0.,0.,1.));
#3408=DIRECTION('center_axis',(0.,0.,-1.));
#3409=DIRECTION('ref_axis',(0.997798542327648,-0.0663179382129844,0.));
#3410=DIRECTION('',(0.,0.,-1.));
#3411=DIRECTION('center_axis',(0.,0.,-1.));
#3412=DIRECTION('ref_axis',(0.997798542327648,-0.0663179382129844,0.));
#3413=DIRECTION('',(0.,0.,1.));
#3414=DIRECTION('center_axis',(-0.784538613008719,-0.62007996637398,0.));
#3415=DIRECTION('ref_axis',(0.62007996637398,-0.784538613008719,0.));
#3416=DIRECTION('',(0.,0.,1.));
#3417=DIRECTION('',(0.62007996637398,-0.784538613008719,0.));
#3418=DIRECTION('center_axis',(0.,0.,1.));
#3419=DIRECTION('ref_axis',(-0.441466251944774,-0.897277854621317,0.));
#3420=DIRECTION('center_axis',(0.,0.,-1.));
#3421=DIRECTION('ref_axis',(-0.441466251944774,-0.897277854621317,0.));
#3422=DIRECTION('',(0.,0.,1.));
#3423=DIRECTION('',(0.,0.,-1.));
#3424=DIRECTION('center_axis',(0.929274309762027,0.369390385928368,0.));
#3425=DIRECTION('ref_axis',(-0.369390385928368,0.929274309762027,0.));
#3426=DIRECTION('',(-0.369390385928368,0.929274309762027,0.));
#3427=DIRECTION('',(0.,0.,1.));
#3428=DIRECTION('center_axis',(0.,0.,-1.));
#3429=DIRECTION('ref_axis',(0.830959916408334,-0.556332290382874,0.));
#3430=DIRECTION('',(0.,0.,-1.));
#3431=DIRECTION('center_axis',(0.,0.,-1.));
#3432=DIRECTION('ref_axis',(0.830959916408334,-0.556332290382874,0.));
#3433=DIRECTION('',(0.,0.,1.));
#3434=DIRECTION('center_axis',(-0.989470352302349,-0.144735696753308,0.));
#3435=DIRECTION('ref_axis',(0.144735696753308,-0.989470352302349,0.));
#3436=DIRECTION('',(0.,0.,1.));
#3437=DIRECTION('',(0.144735696753308,-0.989470352302349,0.));
#3438=DIRECTION('center_axis',(0.,0.,1.));
#3439=DIRECTION('ref_axis',(-0.830959916408333,-0.556332290382876,0.));
#3440=DIRECTION('center_axis',(0.,0.,-1.));
#3441=DIRECTION('ref_axis',(-0.830959916408333,-0.556332290382876,0.));
#3442=DIRECTION('',(0.,0.,1.));
#3443=DIRECTION('',(0.,0.,-1.));
#3444=DIRECTION('center_axis',(0.989470352302349,-0.144735696753308,0.));
#3445=DIRECTION('ref_axis',(0.144735696753308,0.989470352302349,0.));
#3446=DIRECTION('',(0.144735696753308,0.989470352302349,0.));
#3447=DIRECTION('',(0.,0.,1.));
#3448=DIRECTION('center_axis',(0.,0.,-1.));
#3449=DIRECTION('ref_axis',(0.441466251944772,-0.897277854621318,0.));
#3450=DIRECTION('',(0.,0.,-1.));
#3451=DIRECTION('center_axis',(0.,0.,-1.));
#3452=DIRECTION('ref_axis',(0.441466251944772,-0.897277854621318,0.));
#3453=DIRECTION('',(0.,0.,1.));
#3454=DIRECTION('center_axis',(-0.929274309762027,0.369390385928369,0.));
#3455=DIRECTION('ref_axis',(-0.369390385928369,-0.929274309762027,0.));
#3456=DIRECTION('',(0.,0.,1.));
#3457=DIRECTION('',(-0.369390385928369,-0.929274309762027,0.));
#3458=DIRECTION('center_axis',(0.,0.,1.));
#3459=DIRECTION('ref_axis',(-0.997798542327648,-0.0663179382129843,0.));
#3460=DIRECTION('center_axis',(0.,0.,-1.));
#3461=DIRECTION('ref_axis',(-0.997798542327648,-0.0663179382129843,0.));
#3462=DIRECTION('',(0.,0.,1.));
#3463=DIRECTION('',(0.,0.,-1.));
#3464=DIRECTION('center_axis',(0.784538613008718,-0.62007996637398,0.));
#3465=DIRECTION('ref_axis',(0.62007996637398,0.784538613008718,0.));
#3466=DIRECTION('',(0.62007996637398,0.784538613008718,0.));
#3467=DIRECTION('',(0.,0.,1.));
#3468=DIRECTION('center_axis',(0.,0.,-1.));
#3469=DIRECTION('ref_axis',(-0.0663179382129845,-0.997798542327648,0.));
#3470=DIRECTION('',(0.,0.,-1.));
#3471=DIRECTION('center_axis',(0.,0.,-1.));
#3472=DIRECTION('ref_axis',(-0.0663179382129845,-0.997798542327648,0.));
#3473=DIRECTION('',(0.,0.,1.));
#3474=DIRECTION('center_axis',(-0.62007996637398,0.784538613008718,0.));
#3475=DIRECTION('ref_axis',(-0.784538613008718,-0.62007996637398,0.));
#3476=DIRECTION('',(0.,0.,1.));
#3477=DIRECTION('',(-0.784538613008718,-0.62007996637398,0.));
#3478=DIRECTION('center_axis',(0.,0.,1.));
#3479=DIRECTION('ref_axis',(-0.897277854621318,0.441466251944773,0.));
#3480=DIRECTION('center_axis',(0.,0.,-1.));
#3481=DIRECTION('ref_axis',(-0.897277854621318,0.441466251944773,0.));
#3482=DIRECTION('',(0.,0.,1.));
#3483=DIRECTION('',(0.,0.,-1.));
#3484=DIRECTION('center_axis',(0.369390385928369,-0.929274309762027,0.));
#3485=DIRECTION('ref_axis',(0.929274309762027,0.369390385928368,0.));
#3486=DIRECTION('',(0.929274309762027,0.369390385928369,0.));
#3487=DIRECTION('',(0.,0.,1.));
#3488=DIRECTION('',(0.,0.,1.));
#3489=DIRECTION('center_axis',(0.,0.,1.));
#3490=DIRECTION('ref_axis',(0.84300617398298,-0.537903886048965,0.));
#3491=DIRECTION('center_axis',(0.,0.,1.));
#3492=DIRECTION('ref_axis',(0.84300617398298,-0.537903886048965,0.));
#3493=DIRECTION('',(0.,0.,1.));
#3494=DIRECTION('',(0.,0.,1.));
#3495=DIRECTION('center_axis',(0.,0.,1.));
#3496=DIRECTION('ref_axis',(0.461112819191902,-0.887341517104264,0.));
#3497=DIRECTION('center_axis',(0.,0.,1.));
#3498=DIRECTION('ref_axis',(0.461112819191902,-0.887341517104264,0.));
#3499=DIRECTION('',(0.,0.,1.));
#3500=DIRECTION('',(0.,0.,1.));
#3501=DIRECTION('center_axis',(0.,0.,1.));
#3502=DIRECTION('ref_axis',(-0.0443353431212837,-0.999016705240867,0.));
#3503=DIRECTION('center_axis',(0.,0.,1.));
#3504=DIRECTION('ref_axis',(-0.0443353431212837,-0.999016705240867,0.));
#3505=DIRECTION('',(0.,0.,1.));
#3506=DIRECTION('',(0.,0.,1.));
#3507=DIRECTION('center_axis',(0.,0.,1.));
#3508=DIRECTION('ref_axis',(-0.537903886048965,-0.84300617398298,0.));
#3509=DIRECTION('center_axis',(0.,0.,1.));
#3510=DIRECTION('ref_axis',(-0.537903886048965,-0.84300617398298,0.));
#3511=DIRECTION('',(0.,0.,1.));
#3512=DIRECTION('',(0.,0.,1.));
#3513=DIRECTION('center_axis',(0.,0.,1.));
#3514=DIRECTION('ref_axis',(-0.887341517104264,-0.461112819191902,0.));
#3515=DIRECTION('center_axis',(0.,0.,1.));
#3516=DIRECTION('ref_axis',(-0.887341517104264,-0.461112819191902,0.));
#3517=DIRECTION('',(0.,0.,1.));
#3518=DIRECTION('',(0.,0.,1.));
#3519=DIRECTION('center_axis',(0.,0.,1.));
#3520=DIRECTION('ref_axis',(-0.999016705240867,0.0443353431212836,0.));
#3521=DIRECTION('center_axis',(0.,0.,1.));
#3522=DIRECTION('ref_axis',(-0.999016705240867,0.0443353431212836,0.));
#3523=DIRECTION('',(0.,0.,1.));
#3524=DIRECTION('',(0.,0.,1.));
#3525=DIRECTION('center_axis',(0.,0.,1.));
#3526=DIRECTION('ref_axis',(-0.84300617398298,0.537903886048965,0.));
#3527=DIRECTION('center_axis',(0.,0.,1.));
#3528=DIRECTION('ref_axis',(-0.84300617398298,0.537903886048965,0.));
#3529=DIRECTION('',(0.,0.,1.));
#3530=DIRECTION('',(0.,0.,1.));
#3531=DIRECTION('center_axis',(0.,0.,1.));
#3532=DIRECTION('ref_axis',(-0.461112819191902,0.887341517104264,0.));
#3533=DIRECTION('center_axis',(0.,0.,1.));
#3534=DIRECTION('ref_axis',(-0.461112819191902,0.887341517104264,0.));
#3535=DIRECTION('',(0.,0.,1.));
#3536=DIRECTION('',(0.,0.,1.));
#3537=DIRECTION('center_axis',(0.,0.,1.));
#3538=DIRECTION('ref_axis',(0.0443353431212836,0.999016705240867,0.));
#3539=DIRECTION('center_axis',(0.,0.,1.));
#3540=DIRECTION('ref_axis',(0.0443353431212836,0.999016705240867,0.));
#3541=DIRECTION('',(0.,0.,1.));
#3542=DIRECTION('',(0.,0.,1.));
#3543=DIRECTION('center_axis',(0.,0.,1.));
#3544=DIRECTION('ref_axis',(0.537903886048965,0.84300617398298,0.));
#3545=DIRECTION('center_axis',(0.,0.,1.));
#3546=DIRECTION('ref_axis',(0.537903886048965,0.84300617398298,0.));
#3547=DIRECTION('',(0.,0.,1.));
#3548=DIRECTION('',(0.,0.,1.));
#3549=DIRECTION('center_axis',(0.,0.,1.));
#3550=DIRECTION('ref_axis',(0.887341517104263,0.461112819191902,0.));
#3551=DIRECTION('center_axis',(0.,0.,1.));
#3552=DIRECTION('ref_axis',(0.887341517104263,0.461112819191902,0.));
#3553=DIRECTION('',(0.,0.,1.));
#3554=DIRECTION('center_axis',(0.,0.,1.));
#3555=DIRECTION('ref_axis',(1.,0.,0.));
#3556=DIRECTION('center_axis',(0.,0.,1.));
#3557=DIRECTION('ref_axis',(1.,0.,0.));
#3558=DIRECTION('center_axis',(0.,0.,1.));
#3559=DIRECTION('ref_axis',(1.,0.,0.));
#3560=DIRECTION('center_axis',(0.,0.,1.));
#3561=DIRECTION('ref_axis',(1.,0.,0.));
#3562=DIRECTION('center_axis',(0.,0.,1.));
#3563=DIRECTION('ref_axis',(1.,0.,0.));
#3564=DIRECTION('center_axis',(0.,0.,1.));
#3565=DIRECTION('ref_axis',(1.,0.,0.));
#3566=DIRECTION('center_axis',(0.,0.,1.));
#3567=DIRECTION('ref_axis',(1.,0.,0.));
#3568=DIRECTION('center_axis',(0.,0.,1.));
#3569=DIRECTION('ref_axis',(1.,0.,0.));
#3570=DIRECTION('center_axis',(0.,0.,1.));
#3571=DIRECTION('ref_axis',(1.,0.,0.));
#3572=DIRECTION('center_axis',(0.,0.,1.));
#3573=DIRECTION('ref_axis',(1.,0.,0.));
#3574=DIRECTION('center_axis',(0.,0.,1.));
#3575=DIRECTION('ref_axis',(1.,0.,0.));
#3576=DIRECTION('center_axis',(0.,0.,-1.));
#3577=DIRECTION('ref_axis',(-0.556332290382876,-0.830959916408333,0.));
#3578=DIRECTION('',(-0.989470352302349,-0.144735696753308,0.));
#3579=DIRECTION('center_axis',(0.,0.,1.));
#3580=DIRECTION('ref_axis',(0.999016705240867,-0.0443353431212835,0.));
#3581=DIRECTION('',(0.989470352302349,-0.144735696753308,0.));
#3582=DIRECTION('center_axis',(0.,0.,-1.));
#3583=DIRECTION('ref_axis',(-0.556332290382874,0.830959916408334,0.));
#3584=DIRECTION('center_axis',(0.,0.,1.));
#3585=DIRECTION('ref_axis',(1.,0.,0.));
#3586=DIRECTION('center_axis',(0.,0.,1.));
#3587=DIRECTION('ref_axis',(1.,0.,0.));
#3588=DIRECTION('center_axis',(0.,0.,-1.));
#3589=DIRECTION('ref_axis',(1.,0.,0.));
#3590=DIRECTION('center_axis',(0.,0.,1.));
#3591=DIRECTION('ref_axis',(1.,0.,0.));
#3592=DIRECTION('',(0.,0.,1.));
#3593=DIRECTION('center_axis',(0.,0.,1.));
#3594=DIRECTION('ref_axis',(1.,0.,0.));
#3595=DIRECTION('center_axis',(0.,0.,1.));
#3596=DIRECTION('ref_axis',(1.,0.,0.));
#3597=DIRECTION('center_axis',(0.,0.,1.));
#3598=DIRECTION('ref_axis',(1.,0.,0.));
#3599=DIRECTION('center_axis',(0.,0.,1.));
#3600=DIRECTION('ref_axis',(1.,0.,0.));
#3601=DIRECTION('center_axis',(0.,0.,1.));
#3602=DIRECTION('ref_axis',(1.,0.,0.));
#3603=DIRECTION('center_axis',(0.,0.,1.));
#3604=DIRECTION('ref_axis',(1.,0.,0.));
#3605=DIRECTION('center_axis',(0.,0.,1.));
#3606=DIRECTION('ref_axis',(1.,0.,0.));
#3607=DIRECTION('center_axis',(0.,0.,1.));
#3608=DIRECTION('ref_axis',(1.,0.,0.));
#3609=DIRECTION('center_axis',(0.,0.,1.));
#3610=DIRECTION('ref_axis',(1.,0.,0.));
#3611=DIRECTION('center_axis',(0.,0.,1.));
#3612=DIRECTION('ref_axis',(1.,0.,0.));
#3613=DIRECTION('center_axis',(0.,0.,-1.));
#3614=DIRECTION('ref_axis',(-0.556332290382876,-0.830959916408333,0.));
#3615=DIRECTION('',(0.,0.,-1.));
#3616=DIRECTION('center_axis',(-0.144735696753308,0.989470352302349,0.));
#3617=DIRECTION('ref_axis',(-0.989470352302349,-0.144735696753308,0.));
#3618=DIRECTION('',(0.,0.,1.));
#3619=DIRECTION('center_axis',(0.,0.,1.));
#3620=DIRECTION('ref_axis',(-0.556332290382874,0.830959916408334,0.));
#3621=DIRECTION('',(0.,0.,1.));
#3622=DIRECTION('',(0.,0.,-1.));
#3623=DIRECTION('center_axis',(-0.144735696753308,-0.989470352302349,0.));
#3624=DIRECTION('ref_axis',(0.989470352302349,-0.144735696753308,0.));
#3625=DIRECTION('',(0.,0.,1.));
#3626=DIRECTION('',(0.,0.,1.));
#3627=DIRECTION('center_axis',(0.,0.,1.));
#3628=DIRECTION('ref_axis',(0.999016705240867,-0.0443353431212835,0.));
#3629=DIRECTION('',(0.,0.,1.));
#3630=DIRECTION('center_axis',(0.,0.,1.));
#3631=DIRECTION('ref_axis',(1.,0.,0.));
#3632=DIRECTION('center_axis',(0.,0.,-1.));
#3633=DIRECTION('ref_axis',(1.,0.,0.));
#3634=DIRECTION('center_axis',(0.,0.,1.));
#3635=DIRECTION('ref_axis',(1.,0.,0.));
#3636=DIRECTION('',(0.,0.,-1.));
#3637=DIRECTION('center_axis',(0.,0.,1.));
#3638=DIRECTION('ref_axis',(1.,0.,0.));
#3639=DIRECTION('',(0.,0.,1.));
#3640=DIRECTION('',(1.,0.,0.));
#3641=CARTESIAN_POINT('',(0.,0.,0.));
#3642=CARTESIAN_POINT('',(0.,0.,0.));
#3643=CARTESIAN_POINT('Origin',(-2.66453525910038E-14,12.000000178814,2.99999999999999));
#3644=CARTESIAN_POINT('',(2.9249881727164,12.6666668554148,2.99999999999999));
#3645=CARTESIAN_POINT('',(-2.92498817271645,12.6666668554148,2.99999999999999));
#3646=CARTESIAN_POINT('Origin',(-2.66453525910038E-14,12.000000178814,3.));
#3647=CARTESIAN_POINT('',(2.9249881727164,12.6666668554148,9.99999999999999));
#3648=CARTESIAN_POINT('',(2.9249881727164,12.6666668554148,2.99999999999999));
#3649=CARTESIAN_POINT('',(-2.92498817271645,12.6666668554148,9.99999999999999));
#3650=CARTESIAN_POINT('Origin',(-2.66453525910038E-14,12.000000178814,9.99999999999999));
#3651=CARTESIAN_POINT('',(-2.92498817271645,12.6666668554148,2.99999999999999));
#3652=CARTESIAN_POINT('Origin',(-2.66453525910038E-14,7.105427357601E-14,
2.99999999999999));
#3653=CARTESIAN_POINT('',(-12.6666668554147,2.9249881727165,2.99999999999999));
#3654=CARTESIAN_POINT('Origin',(-2.66453525910038E-14,7.105427357601E-14,
3.));
#3655=CARTESIAN_POINT('',(-12.6666668554147,2.9249881727165,9.99999999999999));
#3656=CARTESIAN_POINT('Origin',(-2.66453525910038E-14,7.105427357601E-14,
9.99999999999999));
#3657=CARTESIAN_POINT('',(-12.6666668554147,2.9249881727165,2.99999999999999));
#3658=CARTESIAN_POINT('Origin',(-12.000000178814,7.105427357601E-14,2.99999999999999));
#3659=CARTESIAN_POINT('',(-12.6666668554147,-2.92498817271636,2.99999999999999));
#3660=CARTESIAN_POINT('Origin',(-12.000000178814,7.105427357601E-14,3.));
#3661=CARTESIAN_POINT('',(-12.6666668554147,-2.92498817271636,9.99999999999999));
#3662=CARTESIAN_POINT('Origin',(-12.000000178814,7.105427357601E-14,9.99999999999999));
#3663=CARTESIAN_POINT('',(-12.6666668554147,-2.92498817271636,2.99999999999999));
#3664=CARTESIAN_POINT('Origin',(-2.66453525910038E-14,7.105427357601E-14,
2.99999999999999));
#3665=CARTESIAN_POINT('',(-2.92498817271645,-12.6666668554146,2.99999999999999));
#3666=CARTESIAN_POINT('Origin',(-2.66453525910038E-14,7.105427357601E-14,
3.));
#3667=CARTESIAN_POINT('',(-2.92498817271645,-12.6666668554146,9.99999999999999));
#3668=CARTESIAN_POINT('Origin',(-2.66453525910038E-14,7.105427357601E-14,
9.99999999999999));
#3669=CARTESIAN_POINT('',(-2.92498817271645,-12.6666668554146,2.99999999999999));
#3670=CARTESIAN_POINT('Origin',(-2.66453525910038E-14,-12.0000001788139,
2.99999999999999));
#3671=CARTESIAN_POINT('',(2.9249881727164,-12.6666668554146,2.99999999999999));
#3672=CARTESIAN_POINT('Origin',(-2.66453525910038E-14,-12.0000001788139,
3.));
#3673=CARTESIAN_POINT('',(2.9249881727164,-12.6666668554146,9.99999999999999));
#3674=CARTESIAN_POINT('Origin',(-2.66453525910038E-14,-12.0000001788139,
9.99999999999999));
#3675=CARTESIAN_POINT('',(2.9249881727164,-12.6666668554146,2.99999999999999));
#3676=CARTESIAN_POINT('Origin',(-2.66453525910038E-14,7.105427357601E-14,
2.99999999999999));
#3677=CARTESIAN_POINT('',(12.6666668554147,-2.92498817271636,2.99999999999999));
#3678=CARTESIAN_POINT('Origin',(-2.66453525910038E-14,7.105427357601E-14,
3.));
#3679=CARTESIAN_POINT('',(12.6666668554147,-2.92498817271636,9.99999999999999));
#3680=CARTESIAN_POINT('Origin',(-2.66453525910038E-14,7.105427357601E-14,
9.99999999999999));
#3681=CARTESIAN_POINT('',(12.6666668554147,-2.92498817271636,2.99999999999999));
#3682=CARTESIAN_POINT('Origin',(12.0000001788139,7.105427357601E-14,2.99999999999999));
#3683=CARTESIAN_POINT('',(12.6666668554147,2.9249881727165,2.99999999999999));
#3684=CARTESIAN_POINT('Origin',(12.0000001788139,7.105427357601E-14,3.));
#3685=CARTESIAN_POINT('',(12.6666668554147,2.9249881727165,9.99999999999999));
#3686=CARTESIAN_POINT('Origin',(12.0000001788139,7.105427357601E-14,9.99999999999999));
#3687=CARTESIAN_POINT('',(12.6666668554147,2.9249881727165,2.99999999999999));
#3688=CARTESIAN_POINT('Origin',(-2.66453525910038E-14,7.105427357601E-14,
2.99999999999999));
#3689=CARTESIAN_POINT('Origin',(-2.66453525910038E-14,7.105427357601E-14,
3.));
#3690=CARTESIAN_POINT('Origin',(-2.66453525910038E-14,7.105427357601E-14,
9.99999999999999));
#3691=CARTESIAN_POINT('Ctrl Pts',(18.6341711255607,-9.68336882179497,3.));
#3692=CARTESIAN_POINT('Ctrl Pts',(18.6341711255607,-9.68336882179497,10.));
#3693=CARTESIAN_POINT('Ctrl Pts',(18.316548986681,-9.03770144493078,3.));
#3694=CARTESIAN_POINT('Ctrl Pts',(18.316548986681,-9.03770144493078,10.));
#3695=CARTESIAN_POINT('Ctrl Pts',(17.9372157428668,-8.40842517319896,3.));
#3696=CARTESIAN_POINT('Ctrl Pts',(17.9372157428668,-8.40842517319896,10.));
#3697=CARTESIAN_POINT('Ctrl Pts',(16.812220318271,-6.95672706782402,3.));
#3698=CARTESIAN_POINT('Ctrl Pts',(16.812220318271,-6.95672706782402,10.));
#3699=CARTESIAN_POINT('Ctrl Pts',(16.2393136456294,-6.55583983652198,3.));
#3700=CARTESIAN_POINT('Ctrl Pts',(16.2393136456294,-6.55583983652198,10.));
#3701=CARTESIAN_POINT('Ctrl Pts',(15.8988006516482,-6.32570660454964,3.));
#3702=CARTESIAN_POINT('Ctrl Pts',(15.8988006516482,-6.32570660454964,10.));
#3703=CARTESIAN_POINT('Ctrl Pts',(15.812658030123,-6.27543631663795,3.));
#3704=CARTESIAN_POINT('Ctrl Pts',(15.812658030123,-6.27543631663795,10.));
#3705=CARTESIAN_POINT('Ctrl Pts',(15.72166456162,-6.23926603613602,3.));
#3706=CARTESIAN_POINT('Ctrl Pts',(15.72166456162,-6.23926603613602,10.));
#3707=CARTESIAN_POINT('',(18.6341711255608,-9.68336882179496,3.));
#3708=CARTESIAN_POINT('',(15.72166456162,-6.23926603613602,3.));
#3709=CARTESIAN_POINT('Ctrl Pts',(18.6341711255607,-9.68336882179497,3.));
#3710=CARTESIAN_POINT('Ctrl Pts',(18.316548986681,-9.03770144493078,3.));
#3711=CARTESIAN_POINT('Ctrl Pts',(17.9372157428668,-8.40842517319896,3.));
#3712=CARTESIAN_POINT('Ctrl Pts',(16.812220318271,-6.95672706782402,3.));
#3713=CARTESIAN_POINT('Ctrl Pts',(16.2393136456294,-6.55583983652198,3.));
#3714=CARTESIAN_POINT('Ctrl Pts',(15.8988006516482,-6.32570660454964,3.));
#3715=CARTESIAN_POINT('Ctrl Pts',(15.812658030123,-6.27543631663795,3.));
#3716=CARTESIAN_POINT('Ctrl Pts',(15.72166456162,-6.23926603613602,3.));
#3717=CARTESIAN_POINT('',(15.72166456162,-6.23926603613597,9.99999999999999));
#3718=CARTESIAN_POINT('',(15.72166456162,-6.23926603613597,2.99999999999999));
#3719=CARTESIAN_POINT('',(18.6341711255607,-9.68336882179497,10.));
#3720=CARTESIAN_POINT('Ctrl Pts',(18.6341711255607,-9.68336882179497,10.));
#3721=CARTESIAN_POINT('Ctrl Pts',(18.316548986681,-9.03770144493078,10.));
#3722=CARTESIAN_POINT('Ctrl Pts',(17.9372157428668,-8.40842517319896,10.));
#3723=CARTESIAN_POINT('Ctrl Pts',(16.812220318271,-6.95672706782402,10.));
#3724=CARTESIAN_POINT('Ctrl Pts',(16.2393136456294,-6.55583983652198,10.));
#3725=CARTESIAN_POINT('Ctrl Pts',(15.8988006516482,-6.32570660454964,10.));
#3726=CARTESIAN_POINT('Ctrl Pts',(15.812658030123,-6.27543631663795,10.));
#3727=CARTESIAN_POINT('Ctrl Pts',(15.72166456162,-6.23926603613602,10.));
#3728=CARTESIAN_POINT('',(18.6341711255607,-9.68336882179497,3.));
#3729=CARTESIAN_POINT('Ctrl Pts',(13.2641951690732,-10.4957278820725,3.));
#3730=CARTESIAN_POINT('Ctrl Pts',(13.2641951690732,-10.4957278820725,10.));
#3731=CARTESIAN_POINT('Ctrl Pts',(13.5341446355873,-10.7090892811712,3.));
#3732=CARTESIAN_POINT('Ctrl Pts',(13.5341446355873,-10.7090892811712,10.));
#3733=CARTESIAN_POINT('Ctrl Pts',(14.0518016973279,-10.8838250185017,3.));
#3734=CARTESIAN_POINT('Ctrl Pts',(14.0518016973279,-10.8838250185017,10.));
#3735=CARTESIAN_POINT('Ctrl Pts',(14.4644511512778,-11.0171868350556,3.));
#3736=CARTESIAN_POINT('Ctrl Pts',(14.4644511512778,-11.0171868350556,10.));
#3737=CARTESIAN_POINT('Ctrl Pts',(14.8250836955263,-11.1210543340554,3.));
#3738=CARTESIAN_POINT('Ctrl Pts',(14.8250836955263,-11.1210543340554,10.));
#3739=CARTESIAN_POINT('Ctrl Pts',(16.1137121268659,-11.326881503755,3.));
#3740=CARTESIAN_POINT('Ctrl Pts',(16.1137121268659,-11.326881503755,10.));
#3741=CARTESIAN_POINT('Ctrl Pts',(16.919020693507,-11.3481456382015,3.));
#3742=CARTESIAN_POINT('Ctrl Pts',(16.919020693507,-11.3481456382015,10.));
#3743=CARTESIAN_POINT('Ctrl Pts',(17.703128956669,-11.2959811623046,3.));
#3744=CARTESIAN_POINT('Ctrl Pts',(17.703128956669,-11.2959811623046,10.));
#3745=CARTESIAN_POINT('',(13.2641951690732,-10.4957278820725,3.));
#3746=CARTESIAN_POINT('',(17.703128956669,-11.2959811623046,3.));
#3747=CARTESIAN_POINT('Ctrl Pts',(13.2641951690732,-10.4957278820725,3.));
#3748=CARTESIAN_POINT('Ctrl Pts',(13.5341446355873,-10.7090892811712,3.));
#3749=CARTESIAN_POINT('Ctrl Pts',(14.0518016973279,-10.8838250185017,3.));
#3750=CARTESIAN_POINT('Ctrl Pts',(14.4644511512778,-11.0171868350556,3.));
#3751=CARTESIAN_POINT('Ctrl Pts',(14.8250836955263,-11.1210543340554,3.));
#3752=CARTESIAN_POINT('Ctrl Pts',(16.1137121268659,-11.326881503755,3.));
#3753=CARTESIAN_POINT('Ctrl Pts',(16.919020693507,-11.3481456382015,3.));
#3754=CARTESIAN_POINT('Ctrl Pts',(17.703128956669,-11.2959811623046,3.));
#3755=CARTESIAN_POINT('',(17.703128956669,-11.2959811623045,9.99999999999999));
#3756=CARTESIAN_POINT('',(17.703128956669,-11.2959811623045,2.99999999999999));
#3757=CARTESIAN_POINT('',(13.2641951690732,-10.4957278820725,10.));
#3758=CARTESIAN_POINT('Ctrl Pts',(13.2641951690732,-10.4957278820725,10.));
#3759=CARTESIAN_POINT('Ctrl Pts',(13.5341446355873,-10.7090892811712,10.));
#3760=CARTESIAN_POINT('Ctrl Pts',(14.0518016973279,-10.8838250185017,10.));
#3761=CARTESIAN_POINT('Ctrl Pts',(14.4644511512778,-11.0171868350556,10.));
#3762=CARTESIAN_POINT('Ctrl Pts',(14.8250836955263,-11.1210543340554,10.));
#3763=CARTESIAN_POINT('Ctrl Pts',(16.1137121268659,-11.326881503755,10.));
#3764=CARTESIAN_POINT('Ctrl Pts',(16.919020693507,-11.3481456382015,10.));
#3765=CARTESIAN_POINT('Ctrl Pts',(17.703128956669,-11.2959811623046,10.));
#3766=CARTESIAN_POINT('',(13.2641951690732,-10.4957278820725,3.));
#3767=CARTESIAN_POINT('Ctrl Pts',(11.2959811623046,-17.703128956669,3.));
#3768=CARTESIAN_POINT('Ctrl Pts',(11.2959811623046,-17.703128956669,10.));
#3769=CARTESIAN_POINT('Ctrl Pts',(11.3437460096616,-16.9851535364739,3.));
#3770=CARTESIAN_POINT('Ctrl Pts',(11.3437460096616,-16.9851535364739,10.));
#3771=CARTESIAN_POINT('Ctrl Pts',(11.3298719198875,-16.2505176772596,3.));
#3772=CARTESIAN_POINT('Ctrl Pts',(11.3298719198875,-16.2505176772596,10.));
#3773=CARTESIAN_POINT('Ctrl Pts',(11.081446355733,-14.4308125270783,3.));
#3774=CARTESIAN_POINT('Ctrl Pts',(11.081446355733,-14.4308125270783,10.));
#3775=CARTESIAN_POINT('Ctrl Pts',(10.7857382389062,-13.7971806644439,3.));
#3776=CARTESIAN_POINT('Ctrl Pts',(10.7857382389062,-13.7971806644439,10.));
#3777=CARTESIAN_POINT('Ctrl Pts',(10.6059119517657,-13.4276229422689,3.));
#3778=CARTESIAN_POINT('Ctrl Pts',(10.6059119517657,-13.4276229422689,10.));
#3779=CARTESIAN_POINT('Ctrl Pts',(10.5564453971306,-13.3410162851103,3.));
#3780=CARTESIAN_POINT('Ctrl Pts',(10.5564453971306,-13.3410162851103,10.));
#3781=CARTESIAN_POINT('Ctrl Pts',(10.4957278820725,-13.2641951690733,3.));
#3782=CARTESIAN_POINT('Ctrl Pts',(10.4957278820725,-13.2641951690733,10.));
#3783=CARTESIAN_POINT('',(11.2959811623046,-17.703128956669,3.));
#3784=CARTESIAN_POINT('',(10.4957278820725,-13.2641951690733,3.));
#3785=CARTESIAN_POINT('Ctrl Pts',(11.2959811623046,-17.703128956669,3.));
#3786=CARTESIAN_POINT('Ctrl Pts',(11.3437460096616,-16.9851535364739,3.));
#3787=CARTESIAN_POINT('Ctrl Pts',(11.3298719198875,-16.2505176772596,3.));
#3788=CARTESIAN_POINT('Ctrl Pts',(11.081446355733,-14.4308125270783,3.));
#3789=CARTESIAN_POINT('Ctrl Pts',(10.7857382389062,-13.7971806644439,3.));
#3790=CARTESIAN_POINT('Ctrl Pts',(10.6059119517657,-13.4276229422689,3.));
#3791=CARTESIAN_POINT('Ctrl Pts',(10.5564453971306,-13.3410162851103,3.));
#3792=CARTESIAN_POINT('Ctrl Pts',(10.4957278820725,-13.2641951690733,3.));
#3793=CARTESIAN_POINT('',(10.4957278820725,-13.2641951690732,9.99999999999999));
#3794=CARTESIAN_POINT('',(10.4957278820725,-13.2641951690732,2.99999999999999));
#3795=CARTESIAN_POINT('',(11.2959811623046,-17.703128956669,10.));
#3796=CARTESIAN_POINT('Ctrl Pts',(11.2959811623046,-17.703128956669,10.));
#3797=CARTESIAN_POINT('Ctrl Pts',(11.3437460096616,-16.9851535364739,10.));
#3798=CARTESIAN_POINT('Ctrl Pts',(11.3298719198875,-16.2505176772596,10.));
#3799=CARTESIAN_POINT('Ctrl Pts',(11.081446355733,-14.4308125270783,10.));
#3800=CARTESIAN_POINT('Ctrl Pts',(10.7857382389062,-13.7971806644439,10.));
#3801=CARTESIAN_POINT('Ctrl Pts',(10.6059119517657,-13.4276229422689,10.));
#3802=CARTESIAN_POINT('Ctrl Pts',(10.5564453971306,-13.3410162851103,10.));
#3803=CARTESIAN_POINT('Ctrl Pts',(10.4957278820725,-13.2641951690733,10.));
#3804=CARTESIAN_POINT('',(11.2959811623046,-17.703128956669,3.));
#3805=CARTESIAN_POINT('Ctrl Pts',(6.239266036136,-15.72166456162,3.));
#3806=CARTESIAN_POINT('Ctrl Pts',(6.239266036136,-15.72166456162,10.));
#3807=CARTESIAN_POINT('Ctrl Pts',(6.36636843235494,-16.0414156867572,3.));
#3808=CARTESIAN_POINT('Ctrl Pts',(6.36636843235494,-16.0414156867572,10.));
#3809=CARTESIAN_POINT('Ctrl Pts',(6.7273047297287,-16.4515698051998,3.));
#3810=CARTESIAN_POINT('Ctrl Pts',(6.7273047297287,-16.4515698051998,10.));
#3811=CARTESIAN_POINT('Ctrl Pts',(7.01798873130342,-16.7733892530648,3.));
#3812=CARTESIAN_POINT('Ctrl Pts',(7.01798873130342,-16.7733892530648,10.));
#3813=CARTESIAN_POINT('Ctrl Pts',(7.27837192655269,-17.0436574179417,3.));
#3814=CARTESIAN_POINT('Ctrl Pts',(7.27837192655269,-17.0436574179417,10.));
#3815=CARTESIAN_POINT('Ctrl Pts',(8.29144329924908,-17.8662231913339,3.));
#3816=CARTESIAN_POINT('Ctrl Pts',(8.29144329924908,-17.8662231913339,10.));
#3817=CARTESIAN_POINT('Ctrl Pts',(8.9782289085491,-18.2872927552411,3.));
#3818=CARTESIAN_POINT('Ctrl Pts',(8.9782289085491,-18.2872927552411,10.));
#3819=CARTESIAN_POINT('Ctrl Pts',(9.68336882179494,-18.6341711255608,3.));
#3820=CARTESIAN_POINT('Ctrl Pts',(9.68336882179494,-18.6341711255608,10.));
#3821=CARTESIAN_POINT('',(6.239266036136,-15.72166456162,3.));
#3822=CARTESIAN_POINT('',(9.68336882179495,-18.6341711255608,3.));
#3823=CARTESIAN_POINT('Ctrl Pts',(6.239266036136,-15.72166456162,3.));
#3824=CARTESIAN_POINT('Ctrl Pts',(6.36636843235494,-16.0414156867572,3.));
#3825=CARTESIAN_POINT('Ctrl Pts',(6.7273047297287,-16.4515698051998,3.));
#3826=CARTESIAN_POINT('Ctrl Pts',(7.01798873130342,-16.7733892530648,3.));
#3827=CARTESIAN_POINT('Ctrl Pts',(7.27837192655269,-17.0436574179417,3.));
#3828=CARTESIAN_POINT('Ctrl Pts',(8.29144329924908,-17.8662231913339,3.));
#3829=CARTESIAN_POINT('Ctrl Pts',(8.9782289085491,-18.2872927552411,3.));
#3830=CARTESIAN_POINT('Ctrl Pts',(9.68336882179494,-18.6341711255608,3.));
#3831=CARTESIAN_POINT('',(9.68336882179493,-18.6341711255607,9.99999999999999));
#3832=CARTESIAN_POINT('',(9.68336882179493,-18.6341711255607,2.99999999999999));
#3833=CARTESIAN_POINT('',(6.23926603613598,-15.72166456162,10.));
#3834=CARTESIAN_POINT('Ctrl Pts',(6.239266036136,-15.72166456162,10.));
#3835=CARTESIAN_POINT('Ctrl Pts',(6.36636843235494,-16.0414156867572,10.));
#3836=CARTESIAN_POINT('Ctrl Pts',(6.7273047297287,-16.4515698051998,10.));
#3837=CARTESIAN_POINT('Ctrl Pts',(7.01798873130342,-16.7733892530648,10.));
#3838=CARTESIAN_POINT('Ctrl Pts',(7.27837192655269,-17.0436574179417,10.));
#3839=CARTESIAN_POINT('Ctrl Pts',(8.29144329924908,-17.8662231913339,10.));
#3840=CARTESIAN_POINT('Ctrl Pts',(8.9782289085491,-18.2872927552411,10.));
#3841=CARTESIAN_POINT('Ctrl Pts',(9.68336882179494,-18.6341711255608,10.));
#3842=CARTESIAN_POINT('',(6.23926603613598,-15.72166456162,3.));
#3843=CARTESIAN_POINT('Ctrl Pts',(0.931042168891741,-20.9793499840996,3.));
#3844=CARTESIAN_POINT('Ctrl Pts',(0.931042168891741,-20.9793499840996,10.));
#3845=CARTESIAN_POINT('Ctrl Pts',(1.33139545028261,-20.3814474544851,3.));
#3846=CARTESIAN_POINT('Ctrl Pts',(1.33139545028261,-20.3814474544851,10.));
#3847=CARTESIAN_POINT('Ctrl Pts',(1.68669806563614,-19.7382970930517,3.));
#3848=CARTESIAN_POINT('Ctrl Pts',(1.68669806563614,-19.7382970930517,10.));
#3849=CARTESIAN_POINT('Ctrl Pts',(2.3814077912171,-18.0381734235249,3.));
#3850=CARTESIAN_POINT('Ctrl Pts',(2.3814077912171,-18.0381734235249,10.));
#3851=CARTESIAN_POINT('Ctrl Pts',(2.4421329812511,-17.3415780753111,3.));
#3852=CARTESIAN_POINT('Ctrl Pts',(2.4421329812511,-17.3415780753111,10.));
#3853=CARTESIAN_POINT('Ctrl Pts',(2.47117770939627,-16.9316185563161,3.));
#3854=CARTESIAN_POINT('Ctrl Pts',(2.47117770939627,-16.9316185563161,10.));
#3855=CARTESIAN_POINT('Ctrl Pts',(2.47164174502224,-16.8318817137654,3.));
#3856=CARTESIAN_POINT('Ctrl Pts',(2.47164174502224,-16.8318817137654,10.));
#3857=CARTESIAN_POINT('Ctrl Pts',(2.45746939254679,-16.7349939182085,3.));
#3858=CARTESIAN_POINT('Ctrl Pts',(2.45746939254679,-16.7349939182085,10.));
#3859=CARTESIAN_POINT('',(0.931042168891759,-20.9793499840996,3.));
#3860=CARTESIAN_POINT('',(2.45746939254679,-16.7349939182085,3.));
#3861=CARTESIAN_POINT('Ctrl Pts',(0.931042168891741,-20.9793499840996,3.));
#3862=CARTESIAN_POINT('Ctrl Pts',(1.33139545028261,-20.3814474544851,3.));
#3863=CARTESIAN_POINT('Ctrl Pts',(1.68669806563614,-19.7382970930517,3.));
#3864=CARTESIAN_POINT('Ctrl Pts',(2.3814077912171,-18.0381734235249,3.));
#3865=CARTESIAN_POINT('Ctrl Pts',(2.4421329812511,-17.3415780753111,3.));
#3866=CARTESIAN_POINT('Ctrl Pts',(2.47117770939627,-16.9316185563161,3.));
#3867=CARTESIAN_POINT('Ctrl Pts',(2.47164174502224,-16.8318817137654,3.));
#3868=CARTESIAN_POINT('Ctrl Pts',(2.45746939254679,-16.7349939182085,3.));
#3869=CARTESIAN_POINT('',(2.45746939254677,-16.7349939182084,9.99999999999999));
#3870=CARTESIAN_POINT('',(2.45746939254677,-16.7349939182084,2.99999999999999));
#3871=CARTESIAN_POINT('',(0.931042168891727,-20.9793499840996,10.));
#3872=CARTESIAN_POINT('Ctrl Pts',(0.931042168891741,-20.9793499840996,10.));
#3873=CARTESIAN_POINT('Ctrl Pts',(1.33139545028261,-20.3814474544851,10.));
#3874=CARTESIAN_POINT('Ctrl Pts',(1.68669806563614,-19.7382970930517,10.));
#3875=CARTESIAN_POINT('Ctrl Pts',(2.3814077912171,-18.0381734235249,10.));
#3876=CARTESIAN_POINT('Ctrl Pts',(2.4421329812511,-17.3415780753111,10.));
#3877=CARTESIAN_POINT('Ctrl Pts',(2.47117770939627,-16.9316185563161,10.));
#3878=CARTESIAN_POINT('Ctrl Pts',(2.47164174502224,-16.8318817137654,10.));
#3879=CARTESIAN_POINT('Ctrl Pts',(2.45746939254679,-16.7349939182085,10.));
#3880=CARTESIAN_POINT('',(0.931042168891727,-20.9793499840996,3.));
#3881=CARTESIAN_POINT('Ctrl Pts',(-2.4574693925468,-16.7349939182085,3.));
#3882=CARTESIAN_POINT('Ctrl Pts',(-2.4574693925468,-16.7349939182085,10.));
#3883=CARTESIAN_POINT('Ctrl Pts',(-2.50727105109921,-17.0754577135157,3.));
#3884=CARTESIAN_POINT('Ctrl Pts',(-2.50727105109921,-17.0754577135157,10.));
#3885=CARTESIAN_POINT('Ctrl Pts',(-2.3997681076913,-17.6111297481337,3.));
#3886=CARTESIAN_POINT('Ctrl Pts',(-2.3997681076913,-17.6111297481337,10.));
#3887=CARTESIAN_POINT('Ctrl Pts',(-2.3089381017577,-18.0351755663382,3.));
#3888=CARTESIAN_POINT('Ctrl Pts',(-2.3089381017577,-18.0351755663382,10.));
#3889=CARTESIAN_POINT('Ctrl Pts',(-2.21857372239199,-18.399426260594,3.));
#3890=CARTESIAN_POINT('Ctrl Pts',(-2.21857372239199,-18.399426260594,10.));
#3891=CARTESIAN_POINT('Ctrl Pts',(-1.75251106447822,-19.6183248030043,3.));
#3892=CARTESIAN_POINT('Ctrl Pts',(-1.75251106447822,-19.6183248030043,10.));
#3893=CARTESIAN_POINT('Ctrl Pts',(-1.36827206177705,-20.3263745468286,3.));
#3894=CARTESIAN_POINT('Ctrl Pts',(-1.36827206177705,-20.3263745468286,10.));
#3895=CARTESIAN_POINT('Ctrl Pts',(-0.931042168891755,-20.9793499840996,
3.));
#3896=CARTESIAN_POINT('Ctrl Pts',(-0.931042168891755,-20.9793499840996,
10.));
#3897=CARTESIAN_POINT('',(-2.4574693925468,-16.7349939182085,3.));
#3898=CARTESIAN_POINT('',(-0.931042168891753,-20.9793499840996,3.));
#3899=CARTESIAN_POINT('Ctrl Pts',(-2.4574693925468,-16.7349939182085,3.));
#3900=CARTESIAN_POINT('Ctrl Pts',(-2.50727105109921,-17.0754577135157,3.));
#3901=CARTESIAN_POINT('Ctrl Pts',(-2.3997681076913,-17.6111297481337,3.));
#3902=CARTESIAN_POINT('Ctrl Pts',(-2.3089381017577,-18.0351755663382,3.));
#3903=CARTESIAN_POINT('Ctrl Pts',(-2.21857372239199,-18.399426260594,3.));
#3904=CARTESIAN_POINT('Ctrl Pts',(-1.75251106447822,-19.6183248030043,3.));
#3905=CARTESIAN_POINT('Ctrl Pts',(-1.36827206177705,-20.3263745468286,3.));
#3906=CARTESIAN_POINT('Ctrl Pts',(-0.931042168891755,-20.9793499840996,
3.));
#3907=CARTESIAN_POINT('',(-0.93104216889177,-20.9793499840995,9.99999999999999));
#3908=CARTESIAN_POINT('',(-0.93104216889177,-20.9793499840995,2.99999999999999));
#3909=CARTESIAN_POINT('',(-2.45746939254682,-16.7349939182085,10.));
#3910=CARTESIAN_POINT('Ctrl Pts',(-2.4574693925468,-16.7349939182085,10.));
#3911=CARTESIAN_POINT('Ctrl Pts',(-2.50727105109921,-17.0754577135157,10.));
#3912=CARTESIAN_POINT('Ctrl Pts',(-2.3997681076913,-17.6111297481337,10.));
#3913=CARTESIAN_POINT('Ctrl Pts',(-2.3089381017577,-18.0351755663382,10.));
#3914=CARTESIAN_POINT('Ctrl Pts',(-2.21857372239199,-18.399426260594,10.));
#3915=CARTESIAN_POINT('Ctrl Pts',(-1.75251106447822,-19.6183248030043,10.));
#3916=CARTESIAN_POINT('Ctrl Pts',(-1.36827206177705,-20.3263745468286,10.));
#3917=CARTESIAN_POINT('Ctrl Pts',(-0.931042168891755,-20.9793499840996,
10.));
#3918=CARTESIAN_POINT('',(-2.45746939254682,-16.7349939182085,3.));
#3919=CARTESIAN_POINT('Ctrl Pts',(-9.68336882179498,-18.6341711255607,3.));
#3920=CARTESIAN_POINT('Ctrl Pts',(-9.68336882179498,-18.6341711255607,10.));
#3921=CARTESIAN_POINT('Ctrl Pts',(-9.03770144493105,-18.3165489866805,3.));
#3922=CARTESIAN_POINT('Ctrl Pts',(-9.03770144493105,-18.3165489866805,10.));
#3923=CARTESIAN_POINT('Ctrl Pts',(-8.40842517319897,-17.9372157428668,3.));
#3924=CARTESIAN_POINT('Ctrl Pts',(-8.40842517319897,-17.9372157428668,10.));
#3925=CARTESIAN_POINT('Ctrl Pts',(-6.95672706782403,-16.812220318271,3.));
#3926=CARTESIAN_POINT('Ctrl Pts',(-6.95672706782403,-16.812220318271,10.));
#3927=CARTESIAN_POINT('Ctrl Pts',(-6.55583983652198,-16.2393136456294,3.));
#3928=CARTESIAN_POINT('Ctrl Pts',(-6.55583983652198,-16.2393136456294,10.));
#3929=CARTESIAN_POINT('Ctrl Pts',(-6.32570660454965,-15.8988006516482,3.));
#3930=CARTESIAN_POINT('Ctrl Pts',(-6.32570660454965,-15.8988006516482,10.));
#3931=CARTESIAN_POINT('Ctrl Pts',(-6.27543631663793,-15.8126580301231,3.));
#3932=CARTESIAN_POINT('Ctrl Pts',(-6.27543631663793,-15.8126580301231,10.));
#3933=CARTESIAN_POINT('Ctrl Pts',(-6.23926603613602,-15.72166456162,3.));
#3934=CARTESIAN_POINT('Ctrl Pts',(-6.23926603613602,-15.72166456162,10.));
#3935=CARTESIAN_POINT('',(-9.68336882179496,-18.6341711255608,3.));
#3936=CARTESIAN_POINT('',(-6.23926603613602,-15.72166456162,3.));
#3937=CARTESIAN_POINT('Ctrl Pts',(-9.68336882179498,-18.6341711255607,3.));
#3938=CARTESIAN_POINT('Ctrl Pts',(-9.03770144493105,-18.3165489866805,3.));
#3939=CARTESIAN_POINT('Ctrl Pts',(-8.40842517319897,-17.9372157428668,3.));
#3940=CARTESIAN_POINT('Ctrl Pts',(-6.95672706782403,-16.812220318271,3.));
#3941=CARTESIAN_POINT('Ctrl Pts',(-6.55583983652198,-16.2393136456294,3.));
#3942=CARTESIAN_POINT('Ctrl Pts',(-6.32570660454965,-15.8988006516482,3.));
#3943=CARTESIAN_POINT('Ctrl Pts',(-6.27543631663793,-15.8126580301231,3.));
#3944=CARTESIAN_POINT('Ctrl Pts',(-6.23926603613602,-15.72166456162,3.));
#3945=CARTESIAN_POINT('',(-6.23926603613604,-15.72166456162,9.99999999999999));
#3946=CARTESIAN_POINT('',(-6.23926603613604,-15.72166456162,2.99999999999999));
#3947=CARTESIAN_POINT('',(-9.68336882179499,-18.6341711255607,10.));
#3948=CARTESIAN_POINT('Ctrl Pts',(-9.68336882179498,-18.6341711255607,10.));
#3949=CARTESIAN_POINT('Ctrl Pts',(-9.03770144493105,-18.3165489866805,10.));
#3950=CARTESIAN_POINT('Ctrl Pts',(-8.40842517319897,-17.9372157428668,10.));
#3951=CARTESIAN_POINT('Ctrl Pts',(-6.95672706782403,-16.812220318271,10.));
#3952=CARTESIAN_POINT('Ctrl Pts',(-6.55583983652198,-16.2393136456294,10.));
#3953=CARTESIAN_POINT('Ctrl Pts',(-6.32570660454965,-15.8988006516482,10.));
#3954=CARTESIAN_POINT('Ctrl Pts',(-6.27543631663793,-15.8126580301231,10.));
#3955=CARTESIAN_POINT('Ctrl Pts',(-6.23926603613602,-15.72166456162,10.));
#3956=CARTESIAN_POINT('',(-9.68336882179499,-18.6341711255607,3.));
#3957=CARTESIAN_POINT('Ctrl Pts',(-10.4957278820725,-13.2641951690732,3.));
#3958=CARTESIAN_POINT('Ctrl Pts',(-10.4957278820725,-13.2641951690732,10.));
#3959=CARTESIAN_POINT('Ctrl Pts',(-10.7090892811713,-13.5341446355873,3.));
#3960=CARTESIAN_POINT('Ctrl Pts',(-10.7090892811713,-13.5341446355873,10.));
#3961=CARTESIAN_POINT('Ctrl Pts',(-10.8838250185017,-14.0518016973279,3.));
#3962=CARTESIAN_POINT('Ctrl Pts',(-10.8838250185017,-14.0518016973279,10.));
#3963=CARTESIAN_POINT('Ctrl Pts',(-11.0171868350556,-14.4644511512778,3.));
#3964=CARTESIAN_POINT('Ctrl Pts',(-11.0171868350556,-14.4644511512778,10.));
#3965=CARTESIAN_POINT('Ctrl Pts',(-11.1210543340554,-14.8250836955263,3.));
#3966=CARTESIAN_POINT('Ctrl Pts',(-11.1210543340554,-14.8250836955263,10.));
#3967=CARTESIAN_POINT('Ctrl Pts',(-11.326881503755,-16.113712126866,3.));
#3968=CARTESIAN_POINT('Ctrl Pts',(-11.326881503755,-16.113712126866,10.));
#3969=CARTESIAN_POINT('Ctrl Pts',(-11.3481456382015,-16.919020693507,3.));
#3970=CARTESIAN_POINT('Ctrl Pts',(-11.3481456382015,-16.919020693507,10.));
#3971=CARTESIAN_POINT('Ctrl Pts',(-11.2959811623046,-17.703128956669,3.));
#3972=CARTESIAN_POINT('Ctrl Pts',(-11.2959811623046,-17.703128956669,10.));
#3973=CARTESIAN_POINT('',(-10.4957278820725,-13.2641951690732,3.));
#3974=CARTESIAN_POINT('',(-11.2959811623046,-17.703128956669,3.));
#3975=CARTESIAN_POINT('Ctrl Pts',(-10.4957278820725,-13.2641951690732,3.));
#3976=CARTESIAN_POINT('Ctrl Pts',(-10.7090892811713,-13.5341446355873,3.));
#3977=CARTESIAN_POINT('Ctrl Pts',(-10.8838250185017,-14.0518016973279,3.));
#3978=CARTESIAN_POINT('Ctrl Pts',(-11.0171868350556,-14.4644511512778,3.));
#3979=CARTESIAN_POINT('Ctrl Pts',(-11.1210543340554,-14.8250836955263,3.));
#3980=CARTESIAN_POINT('Ctrl Pts',(-11.326881503755,-16.113712126866,3.));
#3981=CARTESIAN_POINT('Ctrl Pts',(-11.3481456382015,-16.919020693507,3.));
#3982=CARTESIAN_POINT('Ctrl Pts',(-11.2959811623046,-17.703128956669,3.));
#3983=CARTESIAN_POINT('',(-11.2959811623046,-17.7031289566689,9.99999999999999));
#3984=CARTESIAN_POINT('',(-11.2959811623046,-17.7031289566689,2.99999999999999));
#3985=CARTESIAN_POINT('',(-10.4957278820725,-13.2641951690732,10.));
#3986=CARTESIAN_POINT('Ctrl Pts',(-10.4957278820725,-13.2641951690732,10.));
#3987=CARTESIAN_POINT('Ctrl Pts',(-10.7090892811713,-13.5341446355873,10.));
#3988=CARTESIAN_POINT('Ctrl Pts',(-10.8838250185017,-14.0518016973279,10.));
#3989=CARTESIAN_POINT('Ctrl Pts',(-11.0171868350556,-14.4644511512778,10.));
#3990=CARTESIAN_POINT('Ctrl Pts',(-11.1210543340554,-14.8250836955263,10.));
#3991=CARTESIAN_POINT('Ctrl Pts',(-11.326881503755,-16.113712126866,10.));
#3992=CARTESIAN_POINT('Ctrl Pts',(-11.3481456382015,-16.919020693507,10.));
#3993=CARTESIAN_POINT('Ctrl Pts',(-11.2959811623046,-17.703128956669,10.));
#3994=CARTESIAN_POINT('',(-10.4957278820725,-13.2641951690732,3.));
#3995=CARTESIAN_POINT('Ctrl Pts',(-17.703128956669,-11.2959811623046,3.));
#3996=CARTESIAN_POINT('Ctrl Pts',(-17.703128956669,-11.2959811623046,10.));
#3997=CARTESIAN_POINT('Ctrl Pts',(-16.9851535363674,-11.3437460096687,3.));
#3998=CARTESIAN_POINT('Ctrl Pts',(-16.9851535363674,-11.3437460096687,10.));
#3999=CARTESIAN_POINT('Ctrl Pts',(-16.2505176771678,-11.3298719198753,3.));
#4000=CARTESIAN_POINT('Ctrl Pts',(-16.2505176771678,-11.3298719198753,10.));
#4001=CARTESIAN_POINT('Ctrl Pts',(-14.4308125269626,-11.0814463557168,3.));
#4002=CARTESIAN_POINT('Ctrl Pts',(-14.4308125269626,-11.0814463557168,10.));
#4003=CARTESIAN_POINT('Ctrl Pts',(-13.797180664102,-10.78573823874,3.));
#4004=CARTESIAN_POINT('Ctrl Pts',(-13.797180664102,-10.78573823874,10.));
#4005=CARTESIAN_POINT('Ctrl Pts',(-13.4276229422585,-10.6059119517605,3.));
#4006=CARTESIAN_POINT('Ctrl Pts',(-13.4276229422585,-10.6059119517605,10.));
#4007=CARTESIAN_POINT('Ctrl Pts',(-13.3410162851042,-10.556445397126,3.));
#4008=CARTESIAN_POINT('Ctrl Pts',(-13.3410162851042,-10.556445397126,10.));
#4009=CARTESIAN_POINT('Ctrl Pts',(-13.2641951690733,-10.4957278820725,3.));
#4010=CARTESIAN_POINT('Ctrl Pts',(-13.2641951690733,-10.4957278820725,10.));
#4011=CARTESIAN_POINT('',(-17.703128956669,-11.2959811623046,3.));
#4012=CARTESIAN_POINT('',(-13.2641951690732,-10.4957278820725,3.));
#4013=CARTESIAN_POINT('Ctrl Pts',(-17.703128956669,-11.2959811623046,3.));
#4014=CARTESIAN_POINT('Ctrl Pts',(-16.9851535363674,-11.3437460096687,3.));
#4015=CARTESIAN_POINT('Ctrl Pts',(-16.2505176771678,-11.3298719198753,3.));
#4016=CARTESIAN_POINT('Ctrl Pts',(-14.4308125269626,-11.0814463557168,3.));
#4017=CARTESIAN_POINT('Ctrl Pts',(-13.797180664102,-10.78573823874,3.));
#4018=CARTESIAN_POINT('Ctrl Pts',(-13.4276229422585,-10.6059119517605,3.));
#4019=CARTESIAN_POINT('Ctrl Pts',(-13.3410162851042,-10.556445397126,3.));
#4020=CARTESIAN_POINT('Ctrl Pts',(-13.2641951690733,-10.4957278820725,3.));
#4021=CARTESIAN_POINT('',(-13.2641951690733,-10.4957278820724,9.99999999999999));
#4022=CARTESIAN_POINT('',(-13.2641951690733,-10.4957278820724,2.99999999999999));
#4023=CARTESIAN_POINT('',(-17.703128956669,-11.2959811623046,10.));
#4024=CARTESIAN_POINT('Ctrl Pts',(-17.703128956669,-11.2959811623046,10.));
#4025=CARTESIAN_POINT('Ctrl Pts',(-16.9851535363674,-11.3437460096687,10.));
#4026=CARTESIAN_POINT('Ctrl Pts',(-16.2505176771678,-11.3298719198753,10.));
#4027=CARTESIAN_POINT('Ctrl Pts',(-14.4308125269626,-11.0814463557168,10.));
#4028=CARTESIAN_POINT('Ctrl Pts',(-13.797180664102,-10.78573823874,10.));
#4029=CARTESIAN_POINT('Ctrl Pts',(-13.4276229422585,-10.6059119517605,10.));
#4030=CARTESIAN_POINT('Ctrl Pts',(-13.3410162851042,-10.556445397126,10.));
#4031=CARTESIAN_POINT('Ctrl Pts',(-13.2641951690733,-10.4957278820725,10.));
#4032=CARTESIAN_POINT('',(-17.703128956669,-11.2959811623046,3.));
#4033=CARTESIAN_POINT('Ctrl Pts',(-15.7216645616201,-6.23926603613602,3.));
#4034=CARTESIAN_POINT('Ctrl Pts',(-15.7216645616201,-6.23926603613602,10.));
#4035=CARTESIAN_POINT('Ctrl Pts',(-16.0414156867048,-6.36636843233394,3.));
#4036=CARTESIAN_POINT('Ctrl Pts',(-16.0414156867048,-6.36636843233394,10.));
#4037=CARTESIAN_POINT('Ctrl Pts',(-16.4515698050802,-6.72730472962071,3.));
#4038=CARTESIAN_POINT('Ctrl Pts',(-16.4515698050802,-6.72730472962071,10.));
#4039=CARTESIAN_POINT('Ctrl Pts',(-16.7733892530441,-7.01798873128464,3.));
#4040=CARTESIAN_POINT('Ctrl Pts',(-16.7733892530441,-7.01798873128464,10.));
#4041=CARTESIAN_POINT('Ctrl Pts',(-17.0436574179294,-7.27837192653759,3.));
#4042=CARTESIAN_POINT('Ctrl Pts',(-17.0436574179294,-7.27837192653759,10.));
#4043=CARTESIAN_POINT('Ctrl Pts',(-17.8662231913332,-8.29144329924817,3.));
#4044=CARTESIAN_POINT('Ctrl Pts',(-17.8662231913332,-8.29144329924817,10.));
#4045=CARTESIAN_POINT('Ctrl Pts',(-18.2872927552492,-8.97822890856571,3.));
#4046=CARTESIAN_POINT('Ctrl Pts',(-18.2872927552492,-8.97822890856571,10.));
#4047=CARTESIAN_POINT('Ctrl Pts',(-18.6341711255608,-9.68336882179496,3.));
#4048=CARTESIAN_POINT('Ctrl Pts',(-18.6341711255608,-9.68336882179496,10.));
#4049=CARTESIAN_POINT('',(-15.72166456162,-6.23926603613601,3.));
#4050=CARTESIAN_POINT('',(-18.6341711255608,-9.68336882179496,3.));
#4051=CARTESIAN_POINT('Ctrl Pts',(-15.7216645616201,-6.23926603613602,3.));
#4052=CARTESIAN_POINT('Ctrl Pts',(-16.0414156867048,-6.36636843233394,3.));
#4053=CARTESIAN_POINT('Ctrl Pts',(-16.4515698050802,-6.72730472962071,3.));
#4054=CARTESIAN_POINT('Ctrl Pts',(-16.7733892530441,-7.01798873128464,3.));
#4055=CARTESIAN_POINT('Ctrl Pts',(-17.0436574179294,-7.27837192653759,3.));
#4056=CARTESIAN_POINT('Ctrl Pts',(-17.8662231913332,-8.29144329924817,3.));
#4057=CARTESIAN_POINT('Ctrl Pts',(-18.2872927552492,-8.97822890856571,3.));
#4058=CARTESIAN_POINT('Ctrl Pts',(-18.6341711255608,-9.68336882179496,3.));
#4059=CARTESIAN_POINT('',(-18.6341711255608,-9.68336882179491,9.99999999999999));
#4060=CARTESIAN_POINT('',(-18.6341711255608,-9.68336882179491,2.99999999999999));
#4061=CARTESIAN_POINT('',(-15.7216645616201,-6.23926603613601,10.));
#4062=CARTESIAN_POINT('Ctrl Pts',(-15.7216645616201,-6.23926603613602,10.));
#4063=CARTESIAN_POINT('Ctrl Pts',(-16.0414156867048,-6.36636843233394,10.));
#4064=CARTESIAN_POINT('Ctrl Pts',(-16.4515698050802,-6.72730472962071,10.));
#4065=CARTESIAN_POINT('Ctrl Pts',(-16.7733892530441,-7.01798873128464,10.));
#4066=CARTESIAN_POINT('Ctrl Pts',(-17.0436574179294,-7.27837192653759,10.));
#4067=CARTESIAN_POINT('Ctrl Pts',(-17.8662231913332,-8.29144329924817,10.));
#4068=CARTESIAN_POINT('Ctrl Pts',(-18.2872927552492,-8.97822890856571,10.));
#4069=CARTESIAN_POINT('Ctrl Pts',(-18.6341711255608,-9.68336882179496,10.));
#4070=CARTESIAN_POINT('',(-15.7216645616201,-6.23926603613601,3.));
#4071=CARTESIAN_POINT('Ctrl Pts',(-20.9793499840996,-0.931042168891743,
3.));
#4072=CARTESIAN_POINT('Ctrl Pts',(-20.9793499840996,-0.931042168891743,
10.));
#4073=CARTESIAN_POINT('Ctrl Pts',(-20.3814474545385,-1.33139545024701,3.));
#4074=CARTESIAN_POINT('Ctrl Pts',(-20.3814474545385,-1.33139545024701,10.));
#4075=CARTESIAN_POINT('Ctrl Pts',(-19.7382970930688,-1.68669806562899,3.));
#4076=CARTESIAN_POINT('Ctrl Pts',(-19.7382970930688,-1.68669806562899,10.));
#4077=CARTESIAN_POINT('Ctrl Pts',(-18.0381734235386,-2.38140779121181,3.));
#4078=CARTESIAN_POINT('Ctrl Pts',(-18.0381734235386,-2.38140779121181,10.));
#4079=CARTESIAN_POINT('Ctrl Pts',(-17.3415780753557,-2.44213298124781,3.));
#4080=CARTESIAN_POINT('Ctrl Pts',(-17.3415780753557,-2.44213298124781,10.));
#4081=CARTESIAN_POINT('Ctrl Pts',(-16.9316185563173,-2.47117770939631,3.));
#4082=CARTESIAN_POINT('Ctrl Pts',(-16.9316185563173,-2.47117770939631,10.));
#4083=CARTESIAN_POINT('Ctrl Pts',(-16.8318817137672,-2.47164174502249,3.));
#4084=CARTESIAN_POINT('Ctrl Pts',(-16.8318817137672,-2.47164174502249,10.));
#4085=CARTESIAN_POINT('Ctrl Pts',(-16.7349939182085,-2.45746939254679,3.));
#4086=CARTESIAN_POINT('Ctrl Pts',(-16.7349939182085,-2.45746939254679,10.));
#4087=CARTESIAN_POINT('',(-20.9793499840996,-0.931042168891761,3.));
#4088=CARTESIAN_POINT('',(-16.7349939182085,-2.45746939254679,3.));
#4089=CARTESIAN_POINT('Ctrl Pts',(-20.9793499840996,-0.931042168891743,
3.));
#4090=CARTESIAN_POINT('Ctrl Pts',(-20.3814474545385,-1.33139545024701,3.));
#4091=CARTESIAN_POINT('Ctrl Pts',(-19.7382970930688,-1.68669806562899,3.));
#4092=CARTESIAN_POINT('Ctrl Pts',(-18.0381734235386,-2.38140779121181,3.));
#4093=CARTESIAN_POINT('Ctrl Pts',(-17.3415780753557,-2.44213298124781,3.));
#4094=CARTESIAN_POINT('Ctrl Pts',(-16.9316185563173,-2.47117770939631,3.));
#4095=CARTESIAN_POINT('Ctrl Pts',(-16.8318817137672,-2.47164174502249,3.));
#4096=CARTESIAN_POINT('Ctrl Pts',(-16.7349939182085,-2.45746939254679,3.));
#4097=CARTESIAN_POINT('',(-16.7349939182085,-2.45746939254675,9.99999999999999));
#4098=CARTESIAN_POINT('',(-16.7349939182085,-2.45746939254675,2.99999999999999));
#4099=CARTESIAN_POINT('',(-20.9793499840996,-0.931042168891747,10.));
#4100=CARTESIAN_POINT('Ctrl Pts',(-20.9793499840996,-0.931042168891743,
10.));
#4101=CARTESIAN_POINT('Ctrl Pts',(-20.3814474545385,-1.33139545024701,10.));
#4102=CARTESIAN_POINT('Ctrl Pts',(-19.7382970930688,-1.68669806562899,10.));
#4103=CARTESIAN_POINT('Ctrl Pts',(-18.0381734235386,-2.38140779121181,10.));
#4104=CARTESIAN_POINT('Ctrl Pts',(-17.3415780753557,-2.44213298124781,10.));
#4105=CARTESIAN_POINT('Ctrl Pts',(-16.9316185563173,-2.47117770939631,10.));
#4106=CARTESIAN_POINT('Ctrl Pts',(-16.8318817137672,-2.47164174502249,10.));
#4107=CARTESIAN_POINT('Ctrl Pts',(-16.7349939182085,-2.45746939254679,10.));
#4108=CARTESIAN_POINT('',(-20.9793499840996,-0.931042168891747,3.));
#4109=CARTESIAN_POINT('Ctrl Pts',(-16.7349939182085,2.4574693925468,3.));
#4110=CARTESIAN_POINT('Ctrl Pts',(-16.7349939182085,2.4574693925468,10.));
#4111=CARTESIAN_POINT('Ctrl Pts',(-17.0754577134877,2.50727105109508,3.));
#4112=CARTESIAN_POINT('Ctrl Pts',(-17.0754577134877,2.50727105109508,10.));
#4113=CARTESIAN_POINT('Ctrl Pts',(-17.6111297480537,2.39976810770841,3.));
#4114=CARTESIAN_POINT('Ctrl Pts',(-17.6111297480537,2.39976810770841,10.));
#4115=CARTESIAN_POINT('Ctrl Pts',(-18.0351755663249,2.30893810176057,3.));
#4116=CARTESIAN_POINT('Ctrl Pts',(-18.0351755663249,2.30893810176057,10.));
#4117=CARTESIAN_POINT('Ctrl Pts',(-18.399426260582,2.21857372239654,3.));
#4118=CARTESIAN_POINT('Ctrl Pts',(-18.399426260582,2.21857372239654,10.));
#4119=CARTESIAN_POINT('Ctrl Pts',(-19.6183248030072,1.75251106447714,3.));
#4120=CARTESIAN_POINT('Ctrl Pts',(-19.6183248030072,1.75251106447714,10.));
#4121=CARTESIAN_POINT('Ctrl Pts',(-20.3263745468316,1.36827206177509,3.));
#4122=CARTESIAN_POINT('Ctrl Pts',(-20.3263745468316,1.36827206177509,10.));
#4123=CARTESIAN_POINT('Ctrl Pts',(-20.9793499840996,0.931042168891746,3.));
#4124=CARTESIAN_POINT('Ctrl Pts',(-20.9793499840996,0.931042168891746,10.));
#4125=CARTESIAN_POINT('',(-16.7349939182085,2.4574693925468,3.));
#4126=CARTESIAN_POINT('',(-20.9793499840995,0.93104216889175,3.));
#4127=CARTESIAN_POINT('Ctrl Pts',(-16.7349939182085,2.4574693925468,3.));
#4128=CARTESIAN_POINT('Ctrl Pts',(-17.0754577134877,2.50727105109508,3.));
#4129=CARTESIAN_POINT('Ctrl Pts',(-17.6111297480537,2.39976810770841,3.));
#4130=CARTESIAN_POINT('Ctrl Pts',(-18.0351755663249,2.30893810176057,3.));
#4131=CARTESIAN_POINT('Ctrl Pts',(-18.399426260582,2.21857372239654,3.));
#4132=CARTESIAN_POINT('Ctrl Pts',(-19.6183248030072,1.75251106447714,3.));
#4133=CARTESIAN_POINT('Ctrl Pts',(-20.3263745468316,1.36827206177509,3.));
#4134=CARTESIAN_POINT('Ctrl Pts',(-20.9793499840996,0.931042168891746,3.));
#4135=CARTESIAN_POINT('',(-20.9793499840996,0.931042168891785,9.99999999999999));
#4136=CARTESIAN_POINT('',(-20.9793499840996,0.931042168891784,2.99999999999999));
#4137=CARTESIAN_POINT('',(-16.7349939182085,2.4574693925468,10.));
#4138=CARTESIAN_POINT('Ctrl Pts',(-16.7349939182085,2.4574693925468,10.));
#4139=CARTESIAN_POINT('Ctrl Pts',(-17.0754577134877,2.50727105109508,10.));
#4140=CARTESIAN_POINT('Ctrl Pts',(-17.6111297480537,2.39976810770841,10.));
#4141=CARTESIAN_POINT('Ctrl Pts',(-18.0351755663249,2.30893810176057,10.));
#4142=CARTESIAN_POINT('Ctrl Pts',(-18.399426260582,2.21857372239654,10.));
#4143=CARTESIAN_POINT('Ctrl Pts',(-19.6183248030072,1.75251106447714,10.));
#4144=CARTESIAN_POINT('Ctrl Pts',(-20.3263745468316,1.36827206177509,10.));
#4145=CARTESIAN_POINT('Ctrl Pts',(-20.9793499840996,0.931042168891746,10.));
#4146=CARTESIAN_POINT('',(-16.7349939182085,2.4574693925468,3.));
#4147=CARTESIAN_POINT('Ctrl Pts',(-18.6341711255608,9.68336882179497,3.));
#4148=CARTESIAN_POINT('Ctrl Pts',(-18.6341711255608,9.68336882179497,10.));
#4149=CARTESIAN_POINT('Ctrl Pts',(-18.3165489866797,9.03770144492977,3.));
#4150=CARTESIAN_POINT('Ctrl Pts',(-18.3165489866797,9.03770144492977,10.));
#4151=CARTESIAN_POINT('Ctrl Pts',(-17.9372157428655,8.40842517319698,3.));
#4152=CARTESIAN_POINT('Ctrl Pts',(-17.9372157428655,8.40842517319698,10.));
#4153=CARTESIAN_POINT('Ctrl Pts',(-16.8122203182686,6.95672706782144,3.));
#4154=CARTESIAN_POINT('Ctrl Pts',(-16.8122203182686,6.95672706782144,10.));
#4155=CARTESIAN_POINT('Ctrl Pts',(-16.2393136456273,6.55583983652033,3.));
#4156=CARTESIAN_POINT('Ctrl Pts',(-16.2393136456273,6.55583983652033,10.));
#4157=CARTESIAN_POINT('Ctrl Pts',(-15.8988006516515,6.32570660455203,3.));
#4158=CARTESIAN_POINT('Ctrl Pts',(-15.8988006516515,6.32570660455203,10.));
#4159=CARTESIAN_POINT('Ctrl Pts',(-15.8126580301239,6.27543631663821,3.));
#4160=CARTESIAN_POINT('Ctrl Pts',(-15.8126580301239,6.27543631663821,10.));
#4161=CARTESIAN_POINT('Ctrl Pts',(-15.72166456162,6.23926603613603,3.));
#4162=CARTESIAN_POINT('Ctrl Pts',(-15.72166456162,6.23926603613603,10.));
#4163=CARTESIAN_POINT('',(-18.6341711255608,9.68336882179496,3.));
#4164=CARTESIAN_POINT('',(-15.72166456162,6.23926603613602,3.));
#4165=CARTESIAN_POINT('Ctrl Pts',(-18.6341711255608,9.68336882179497,3.));
#4166=CARTESIAN_POINT('Ctrl Pts',(-18.3165489866797,9.03770144492977,3.));
#4167=CARTESIAN_POINT('Ctrl Pts',(-17.9372157428655,8.40842517319698,3.));
#4168=CARTESIAN_POINT('Ctrl Pts',(-16.8122203182686,6.95672706782144,3.));
#4169=CARTESIAN_POINT('Ctrl Pts',(-16.2393136456273,6.55583983652033,3.));
#4170=CARTESIAN_POINT('Ctrl Pts',(-15.8988006516515,6.32570660455203,3.));
#4171=CARTESIAN_POINT('Ctrl Pts',(-15.8126580301239,6.27543631663821,3.));
#4172=CARTESIAN_POINT('Ctrl Pts',(-15.72166456162,6.23926603613603,3.));
#4173=CARTESIAN_POINT('',(-15.7216645616201,6.23926603613605,9.99999999999999));
#4174=CARTESIAN_POINT('',(-15.7216645616201,6.23926603613605,2.99999999999999));
#4175=CARTESIAN_POINT('',(-18.6341711255608,9.68336882179497,10.));
#4176=CARTESIAN_POINT('Ctrl Pts',(-18.6341711255608,9.68336882179497,10.));
#4177=CARTESIAN_POINT('Ctrl Pts',(-18.3165489866797,9.03770144492977,10.));
#4178=CARTESIAN_POINT('Ctrl Pts',(-17.9372157428655,8.40842517319698,10.));
#4179=CARTESIAN_POINT('Ctrl Pts',(-16.8122203182686,6.95672706782144,10.));
#4180=CARTESIAN_POINT('Ctrl Pts',(-16.2393136456273,6.55583983652033,10.));
#4181=CARTESIAN_POINT('Ctrl Pts',(-15.8988006516515,6.32570660455203,10.));
#4182=CARTESIAN_POINT('Ctrl Pts',(-15.8126580301239,6.27543631663821,10.));
#4183=CARTESIAN_POINT('Ctrl Pts',(-15.72166456162,6.23926603613603,10.));
#4184=CARTESIAN_POINT('',(-18.6341711255608,9.68336882179497,3.));
#4185=CARTESIAN_POINT('Ctrl Pts',(-13.2641951690733,10.4957278820725,3.));
#4186=CARTESIAN_POINT('Ctrl Pts',(-13.2641951690733,10.4957278820725,10.));
#4187=CARTESIAN_POINT('Ctrl Pts',(-13.5341446355881,10.7090892811726,3.));
#4188=CARTESIAN_POINT('Ctrl Pts',(-13.5341446355881,10.7090892811726,10.));
#4189=CARTESIAN_POINT('Ctrl Pts',(-14.0518016973325,10.8838250185032,3.));
#4190=CARTESIAN_POINT('Ctrl Pts',(-14.0518016973325,10.8838250185032,10.));
#4191=CARTESIAN_POINT('Ctrl Pts',(-14.4644511512778,11.0171868350556,3.));
#4192=CARTESIAN_POINT('Ctrl Pts',(-14.4644511512778,11.0171868350556,10.));
#4193=CARTESIAN_POINT('Ctrl Pts',(-14.8250836955263,11.1210543340554,3.));
#4194=CARTESIAN_POINT('Ctrl Pts',(-14.8250836955263,11.1210543340554,10.));
#4195=CARTESIAN_POINT('Ctrl Pts',(-16.1137121268629,11.3268815037545,3.));
#4196=CARTESIAN_POINT('Ctrl Pts',(-16.1137121268629,11.3268815037545,10.));
#4197=CARTESIAN_POINT('Ctrl Pts',(-16.9190206934814,11.3481456382032,3.));
#4198=CARTESIAN_POINT('Ctrl Pts',(-16.9190206934814,11.3481456382032,10.));
#4199=CARTESIAN_POINT('Ctrl Pts',(-17.703128956669,11.2959811623046,3.));
#4200=CARTESIAN_POINT('Ctrl Pts',(-17.703128956669,11.2959811623046,10.));
#4201=CARTESIAN_POINT('',(-13.2641951690732,10.4957278820725,3.));
#4202=CARTESIAN_POINT('',(-17.703128956669,11.2959811623046,3.));
#4203=CARTESIAN_POINT('Ctrl Pts',(-13.2641951690733,10.4957278820725,3.));
#4204=CARTESIAN_POINT('Ctrl Pts',(-13.5341446355881,10.7090892811726,3.));
#4205=CARTESIAN_POINT('Ctrl Pts',(-14.0518016973325,10.8838250185032,3.));
#4206=CARTESIAN_POINT('Ctrl Pts',(-14.4644511512778,11.0171868350556,3.));
#4207=CARTESIAN_POINT('Ctrl Pts',(-14.8250836955263,11.1210543340554,3.));
#4208=CARTESIAN_POINT('Ctrl Pts',(-16.1137121268629,11.3268815037545,3.));
#4209=CARTESIAN_POINT('Ctrl Pts',(-16.9190206934814,11.3481456382032,3.));
#4210=CARTESIAN_POINT('Ctrl Pts',(-17.703128956669,11.2959811623046,3.));
#4211=CARTESIAN_POINT('',(-17.703128956669,11.2959811623046,9.99999999999999));
#4212=CARTESIAN_POINT('',(-17.703128956669,11.2959811623046,2.99999999999999));
#4213=CARTESIAN_POINT('',(-13.2641951690733,10.4957278820725,10.));
#4214=CARTESIAN_POINT('Ctrl Pts',(-13.2641951690733,10.4957278820725,10.));
#4215=CARTESIAN_POINT('Ctrl Pts',(-13.5341446355881,10.7090892811726,10.));
#4216=CARTESIAN_POINT('Ctrl Pts',(-14.0518016973325,10.8838250185032,10.));
#4217=CARTESIAN_POINT('Ctrl Pts',(-14.4644511512778,11.0171868350556,10.));
#4218=CARTESIAN_POINT('Ctrl Pts',(-14.8250836955263,11.1210543340554,10.));
#4219=CARTESIAN_POINT('Ctrl Pts',(-16.1137121268629,11.3268815037545,10.));
#4220=CARTESIAN_POINT('Ctrl Pts',(-16.9190206934814,11.3481456382032,10.));
#4221=CARTESIAN_POINT('Ctrl Pts',(-17.703128956669,11.2959811623046,10.));
#4222=CARTESIAN_POINT('',(-13.2641951690733,10.4957278820725,3.));
#4223=CARTESIAN_POINT('Ctrl Pts',(-11.2959811623046,17.703128956669,3.));
#4224=CARTESIAN_POINT('Ctrl Pts',(-11.2959811623046,17.703128956669,10.));
#4225=CARTESIAN_POINT('Ctrl Pts',(-11.3437460096656,16.9851535364118,3.));
#4226=CARTESIAN_POINT('Ctrl Pts',(-11.3437460096656,16.9851535364118,10.));
#4227=CARTESIAN_POINT('Ctrl Pts',(-11.329871919885,16.2505176772409,3.));
#4228=CARTESIAN_POINT('Ctrl Pts',(-11.329871919885,16.2505176772409,10.));
#4229=CARTESIAN_POINT('Ctrl Pts',(-11.0814463557328,14.4308125270764,3.));
#4230=CARTESIAN_POINT('Ctrl Pts',(-11.0814463557328,14.4308125270764,10.));
#4231=CARTESIAN_POINT('Ctrl Pts',(-10.7857382388903,13.7971806644109,3.));
#4232=CARTESIAN_POINT('Ctrl Pts',(-10.7857382388903,13.7971806644109,10.));
#4233=CARTESIAN_POINT('Ctrl Pts',(-10.6059119517541,13.4276229422452,3.));
#4234=CARTESIAN_POINT('Ctrl Pts',(-10.6059119517541,13.4276229422452,10.));
#4235=CARTESIAN_POINT('Ctrl Pts',(-10.5564453971204,13.3410162850973,3.));
#4236=CARTESIAN_POINT('Ctrl Pts',(-10.5564453971204,13.3410162850973,10.));
#4237=CARTESIAN_POINT('Ctrl Pts',(-10.4957278820725,13.2641951690732,3.));
#4238=CARTESIAN_POINT('Ctrl Pts',(-10.4957278820725,13.2641951690732,10.));
#4239=CARTESIAN_POINT('',(-11.2959811623046,17.703128956669,3.));
#4240=CARTESIAN_POINT('',(-10.4957278820725,13.2641951690732,3.));
#4241=CARTESIAN_POINT('Ctrl Pts',(-11.2959811623046,17.703128956669,3.));
#4242=CARTESIAN_POINT('Ctrl Pts',(-11.3437460096656,16.9851535364118,3.));
#4243=CARTESIAN_POINT('Ctrl Pts',(-11.329871919885,16.2505176772409,3.));
#4244=CARTESIAN_POINT('Ctrl Pts',(-11.0814463557328,14.4308125270764,3.));
#4245=CARTESIAN_POINT('Ctrl Pts',(-10.7857382388903,13.7971806644109,3.));
#4246=CARTESIAN_POINT('Ctrl Pts',(-10.6059119517541,13.4276229422452,3.));
#4247=CARTESIAN_POINT('Ctrl Pts',(-10.5564453971204,13.3410162850973,3.));
#4248=CARTESIAN_POINT('Ctrl Pts',(-10.4957278820725,13.2641951690732,3.));
#4249=CARTESIAN_POINT('',(-10.4957278820725,13.2641951690733,9.99999999999999));
#4250=CARTESIAN_POINT('',(-10.4957278820725,13.2641951690733,2.99999999999999));
#4251=CARTESIAN_POINT('',(-11.2959811623046,17.703128956669,10.));
#4252=CARTESIAN_POINT('Ctrl Pts',(-11.2959811623046,17.703128956669,10.));
#4253=CARTESIAN_POINT('Ctrl Pts',(-11.3437460096656,16.9851535364118,10.));
#4254=CARTESIAN_POINT('Ctrl Pts',(-11.329871919885,16.2505176772409,10.));
#4255=CARTESIAN_POINT('Ctrl Pts',(-11.0814463557328,14.4308125270764,10.));
#4256=CARTESIAN_POINT('Ctrl Pts',(-10.7857382388903,13.7971806644109,10.));
#4257=CARTESIAN_POINT('Ctrl Pts',(-10.6059119517541,13.4276229422452,10.));
#4258=CARTESIAN_POINT('Ctrl Pts',(-10.5564453971204,13.3410162850973,10.));
#4259=CARTESIAN_POINT('Ctrl Pts',(-10.4957278820725,13.2641951690732,10.));
#4260=CARTESIAN_POINT('',(-11.2959811623046,17.703128956669,3.));
#4261=CARTESIAN_POINT('Ctrl Pts',(-6.23926603613602,15.72166456162,3.));
#4262=CARTESIAN_POINT('Ctrl Pts',(-6.23926603613602,15.72166456162,10.));
#4263=CARTESIAN_POINT('Ctrl Pts',(-6.36636843232931,16.0414156866926,3.));
#4264=CARTESIAN_POINT('Ctrl Pts',(-6.36636843232931,16.0414156866926,10.));
#4265=CARTESIAN_POINT('Ctrl Pts',(-6.72730472959174,16.4515698050481,3.));
#4266=CARTESIAN_POINT('Ctrl Pts',(-6.72730472959174,16.4515698050481,10.));
#4267=CARTESIAN_POINT('Ctrl Pts',(-7.01798873128494,16.7733892530444,3.));
#4268=CARTESIAN_POINT('Ctrl Pts',(-7.01798873128494,16.7733892530444,10.));
#4269=CARTESIAN_POINT('Ctrl Pts',(-7.27837192653997,17.0436574179313,3.));
#4270=CARTESIAN_POINT('Ctrl Pts',(-7.27837192653997,17.0436574179313,10.));
#4271=CARTESIAN_POINT('Ctrl Pts',(-8.29144329924509,17.8662231913307,3.));
#4272=CARTESIAN_POINT('Ctrl Pts',(-8.29144329924509,17.8662231913307,10.));
#4273=CARTESIAN_POINT('Ctrl Pts',(-8.97822890856148,18.2872927552472,3.));
#4274=CARTESIAN_POINT('Ctrl Pts',(-8.97822890856148,18.2872927552472,10.));
#4275=CARTESIAN_POINT('Ctrl Pts',(-9.68336882179497,18.6341711255608,3.));
#4276=CARTESIAN_POINT('Ctrl Pts',(-9.68336882179497,18.6341711255608,10.));
#4277=CARTESIAN_POINT('',(-6.23926603613601,15.72166456162,3.));
#4278=CARTESIAN_POINT('',(-9.68336882179496,18.6341711255608,3.));
#4279=CARTESIAN_POINT('Ctrl Pts',(-6.23926603613602,15.72166456162,3.));
#4280=CARTESIAN_POINT('Ctrl Pts',(-6.36636843232931,16.0414156866926,3.));
#4281=CARTESIAN_POINT('Ctrl Pts',(-6.72730472959174,16.4515698050481,3.));
#4282=CARTESIAN_POINT('Ctrl Pts',(-7.01798873128494,16.7733892530444,3.));
#4283=CARTESIAN_POINT('Ctrl Pts',(-7.27837192653997,17.0436574179313,3.));
#4284=CARTESIAN_POINT('Ctrl Pts',(-8.29144329924509,17.8662231913307,3.));
#4285=CARTESIAN_POINT('Ctrl Pts',(-8.97822890856148,18.2872927552472,3.));
#4286=CARTESIAN_POINT('Ctrl Pts',(-9.68336882179497,18.6341711255608,3.));
#4287=CARTESIAN_POINT('',(-9.68336882179497,18.6341711255608,9.99999999999999));
#4288=CARTESIAN_POINT('',(-9.68336882179498,18.6341711255608,2.99999999999999));
#4289=CARTESIAN_POINT('',(-6.23926603613603,15.72166456162,10.));
#4290=CARTESIAN_POINT('Ctrl Pts',(-6.23926603613602,15.72166456162,10.));
#4291=CARTESIAN_POINT('Ctrl Pts',(-6.36636843232931,16.0414156866926,10.));
#4292=CARTESIAN_POINT('Ctrl Pts',(-6.72730472959174,16.4515698050481,10.));
#4293=CARTESIAN_POINT('Ctrl Pts',(-7.01798873128494,16.7733892530444,10.));
#4294=CARTESIAN_POINT('Ctrl Pts',(-7.27837192653997,17.0436574179313,10.));
#4295=CARTESIAN_POINT('Ctrl Pts',(-8.29144329924509,17.8662231913307,10.));
#4296=CARTESIAN_POINT('Ctrl Pts',(-8.97822890856148,18.2872927552472,10.));
#4297=CARTESIAN_POINT('Ctrl Pts',(-9.68336882179497,18.6341711255608,10.));
#4298=CARTESIAN_POINT('',(-6.23926603613603,15.72166456162,3.));
#4299=CARTESIAN_POINT('Ctrl Pts',(-0.931042168891757,20.9793499840996,3.));
#4300=CARTESIAN_POINT('Ctrl Pts',(-0.931042168891757,20.9793499840996,10.));
#4301=CARTESIAN_POINT('Ctrl Pts',(-1.33139545024997,20.381447454534,3.));
#4302=CARTESIAN_POINT('Ctrl Pts',(-1.33139545024997,20.381447454534,10.));
#4303=CARTESIAN_POINT('Ctrl Pts',(-1.686698065631,19.7382970930641,3.));
#4304=CARTESIAN_POINT('Ctrl Pts',(-1.686698065631,19.7382970930641,10.));
#4305=CARTESIAN_POINT('Ctrl Pts',(-2.38140779121397,18.038173423533,3.));
#4306=CARTESIAN_POINT('Ctrl Pts',(-2.38140779121397,18.038173423533,10.));
#4307=CARTESIAN_POINT('Ctrl Pts',(-2.4421329812493,17.3415780753354,3.));
#4308=CARTESIAN_POINT('Ctrl Pts',(-2.4421329812493,17.3415780753354,10.));
#4309=CARTESIAN_POINT('Ctrl Pts',(-2.47117770939644,16.9316185563151,3.));
#4310=CARTESIAN_POINT('Ctrl Pts',(-2.47117770939644,16.9316185563151,10.));
#4311=CARTESIAN_POINT('Ctrl Pts',(-2.47164174502226,16.8318817137656,3.));
#4312=CARTESIAN_POINT('Ctrl Pts',(-2.47164174502226,16.8318817137656,10.));
#4313=CARTESIAN_POINT('Ctrl Pts',(-2.4574693925468,16.7349939182085,3.));
#4314=CARTESIAN_POINT('Ctrl Pts',(-2.4574693925468,16.7349939182085,10.));
#4315=CARTESIAN_POINT('',(-0.931042168891763,20.9793499840996,3.));
#4316=CARTESIAN_POINT('',(-2.45746939254679,16.7349939182085,3.));
#4317=CARTESIAN_POINT('Ctrl Pts',(-0.931042168891757,20.9793499840996,3.));
#4318=CARTESIAN_POINT('Ctrl Pts',(-1.33139545024997,20.381447454534,3.));
#4319=CARTESIAN_POINT('Ctrl Pts',(-1.686698065631,19.7382970930641,3.));
#4320=CARTESIAN_POINT('Ctrl Pts',(-2.38140779121397,18.038173423533,3.));
#4321=CARTESIAN_POINT('Ctrl Pts',(-2.4421329812493,17.3415780753354,3.));
#4322=CARTESIAN_POINT('Ctrl Pts',(-2.47117770939644,16.9316185563151,3.));
#4323=CARTESIAN_POINT('Ctrl Pts',(-2.47164174502226,16.8318817137656,3.));
#4324=CARTESIAN_POINT('Ctrl Pts',(-2.4574693925468,16.7349939182085,3.));
#4325=CARTESIAN_POINT('',(-2.45746939254681,16.7349939182085,9.99999999999999));
#4326=CARTESIAN_POINT('',(-2.45746939254681,16.7349939182085,2.99999999999999));
#4327=CARTESIAN_POINT('',(-0.931042168891766,20.9793499840996,10.));
#4328=CARTESIAN_POINT('Ctrl Pts',(-0.931042168891757,20.9793499840996,10.));
#4329=CARTESIAN_POINT('Ctrl Pts',(-1.33139545024997,20.381447454534,10.));
#4330=CARTESIAN_POINT('Ctrl Pts',(-1.686698065631,19.7382970930641,10.));
#4331=CARTESIAN_POINT('Ctrl Pts',(-2.38140779121397,18.038173423533,10.));
#4332=CARTESIAN_POINT('Ctrl Pts',(-2.4421329812493,17.3415780753354,10.));
#4333=CARTESIAN_POINT('Ctrl Pts',(-2.47117770939644,16.9316185563151,10.));
#4334=CARTESIAN_POINT('Ctrl Pts',(-2.47164174502226,16.8318817137656,10.));
#4335=CARTESIAN_POINT('Ctrl Pts',(-2.4574693925468,16.7349939182085,10.));
#4336=CARTESIAN_POINT('',(-0.931042168891766,20.9793499840996,3.));
#4337=CARTESIAN_POINT('Ctrl Pts',(2.45746939254679,16.7349939182085,3.));
#4338=CARTESIAN_POINT('Ctrl Pts',(2.45746939254679,16.7349939182085,10.));
#4339=CARTESIAN_POINT('Ctrl Pts',(2.50727105109852,17.0754577135113,3.));
#4340=CARTESIAN_POINT('Ctrl Pts',(2.50727105109852,17.0754577135113,10.));
#4341=CARTESIAN_POINT('Ctrl Pts',(2.39976810769388,17.6111297481216,3.));
#4342=CARTESIAN_POINT('Ctrl Pts',(2.39976810769388,17.6111297481216,10.));
#4343=CARTESIAN_POINT('Ctrl Pts',(2.30893810175833,18.0351755663352,3.));
#4344=CARTESIAN_POINT('Ctrl Pts',(2.30893810175833,18.0351755663352,10.));
#4345=CARTESIAN_POINT('Ctrl Pts',(2.21857372239318,18.3994262605908,3.));
#4346=CARTESIAN_POINT('Ctrl Pts',(2.21857372239318,18.3994262605908,10.));
#4347=CARTESIAN_POINT('Ctrl Pts',(1.75251106447766,19.6183248030058,3.));
#4348=CARTESIAN_POINT('Ctrl Pts',(1.75251106447766,19.6183248030058,10.));
#4349=CARTESIAN_POINT('Ctrl Pts',(1.36827206177602,20.3263745468302,3.));
#4350=CARTESIAN_POINT('Ctrl Pts',(1.36827206177602,20.3263745468302,10.));
#4351=CARTESIAN_POINT('Ctrl Pts',(0.93104216889174,20.9793499840996,3.));
#4352=CARTESIAN_POINT('Ctrl Pts',(0.93104216889174,20.9793499840996,10.));
#4353=CARTESIAN_POINT('',(2.4574693925468,16.7349939182085,3.));
#4354=CARTESIAN_POINT('',(0.931042168891749,20.9793499840996,3.));
#4355=CARTESIAN_POINT('Ctrl Pts',(2.45746939254679,16.7349939182085,3.));
#4356=CARTESIAN_POINT('Ctrl Pts',(2.50727105109852,17.0754577135113,3.));
#4357=CARTESIAN_POINT('Ctrl Pts',(2.39976810769388,17.6111297481216,3.));
#4358=CARTESIAN_POINT('Ctrl Pts',(2.30893810175833,18.0351755663352,3.));
#4359=CARTESIAN_POINT('Ctrl Pts',(2.21857372239318,18.3994262605908,3.));
#4360=CARTESIAN_POINT('Ctrl Pts',(1.75251106447766,19.6183248030058,3.));
#4361=CARTESIAN_POINT('Ctrl Pts',(1.36827206177602,20.3263745468302,3.));
#4362=CARTESIAN_POINT('Ctrl Pts',(0.93104216889174,20.9793499840996,3.));
#4363=CARTESIAN_POINT('',(0.931042168891731,20.9793499840996,9.99999999999999));
#4364=CARTESIAN_POINT('',(0.931042168891731,20.9793499840996,2.99999999999999));
#4365=CARTESIAN_POINT('',(2.45746939254678,16.7349939182085,10.));
#4366=CARTESIAN_POINT('Ctrl Pts',(2.45746939254679,16.7349939182085,10.));
#4367=CARTESIAN_POINT('Ctrl Pts',(2.50727105109852,17.0754577135113,10.));
#4368=CARTESIAN_POINT('Ctrl Pts',(2.39976810769388,17.6111297481216,10.));
#4369=CARTESIAN_POINT('Ctrl Pts',(2.30893810175833,18.0351755663352,10.));
#4370=CARTESIAN_POINT('Ctrl Pts',(2.21857372239318,18.3994262605908,10.));
#4371=CARTESIAN_POINT('Ctrl Pts',(1.75251106447766,19.6183248030058,10.));
#4372=CARTESIAN_POINT('Ctrl Pts',(1.36827206177602,20.3263745468302,10.));
#4373=CARTESIAN_POINT('Ctrl Pts',(0.93104216889174,20.9793499840996,10.));
#4374=CARTESIAN_POINT('',(2.45746939254678,16.7349939182085,3.));
#4375=CARTESIAN_POINT('Ctrl Pts',(9.68336882179496,18.6341711255608,3.));
#4376=CARTESIAN_POINT('Ctrl Pts',(9.68336882179496,18.6341711255608,10.));
#4377=CARTESIAN_POINT('Ctrl Pts',(9.03770144486354,18.3165489866472,3.));
#4378=CARTESIAN_POINT('Ctrl Pts',(9.03770144486354,18.3165489866472,10.));
#4379=CARTESIAN_POINT('Ctrl Pts',(8.40842517316704,17.9372157428424,3.));
#4380=CARTESIAN_POINT('Ctrl Pts',(8.40842517316704,17.9372157428424,10.));
#4381=CARTESIAN_POINT('Ctrl Pts',(6.95672706778533,16.8122203182404,3.));
#4382=CARTESIAN_POINT('Ctrl Pts',(6.95672706778533,16.8122203182404,10.));
#4383=CARTESIAN_POINT('Ctrl Pts',(6.55583983643966,16.2393136455079,3.));
#4384=CARTESIAN_POINT('Ctrl Pts',(6.55583983643966,16.2393136455079,10.));
#4385=CARTESIAN_POINT('Ctrl Pts',(6.32570660455218,15.8988006516518,3.));
#4386=CARTESIAN_POINT('Ctrl Pts',(6.32570660455218,15.8988006516518,10.));
#4387=CARTESIAN_POINT('Ctrl Pts',(6.27543631663833,15.8126580301242,3.));
#4388=CARTESIAN_POINT('Ctrl Pts',(6.27543631663833,15.8126580301242,10.));
#4389=CARTESIAN_POINT('Ctrl Pts',(6.23926603613601,15.72166456162,3.));
#4390=CARTESIAN_POINT('Ctrl Pts',(6.23926603613601,15.72166456162,10.));
#4391=CARTESIAN_POINT('',(9.68336882179495,18.6341711255608,3.));
#4392=CARTESIAN_POINT('',(6.23926603613602,15.72166456162,3.));
#4393=CARTESIAN_POINT('Ctrl Pts',(9.68336882179496,18.6341711255608,3.));
#4394=CARTESIAN_POINT('Ctrl Pts',(9.03770144486354,18.3165489866472,3.));
#4395=CARTESIAN_POINT('Ctrl Pts',(8.40842517316704,17.9372157428424,3.));
#4396=CARTESIAN_POINT('Ctrl Pts',(6.95672706778533,16.8122203182404,3.));
#4397=CARTESIAN_POINT('Ctrl Pts',(6.55583983643966,16.2393136455079,3.));
#4398=CARTESIAN_POINT('Ctrl Pts',(6.32570660455218,15.8988006516518,3.));
#4399=CARTESIAN_POINT('Ctrl Pts',(6.27543631663833,15.8126580301242,3.));
#4400=CARTESIAN_POINT('Ctrl Pts',(6.23926603613601,15.72166456162,3.));
#4401=CARTESIAN_POINT('',(6.239266036136,15.72166456162,9.99999999999999));
#4402=CARTESIAN_POINT('',(6.239266036136,15.72166456162,2.99999999999999));
#4403=CARTESIAN_POINT('',(9.68336882179495,18.6341711255608,10.));
#4404=CARTESIAN_POINT('Ctrl Pts',(9.68336882179496,18.6341711255608,10.));
#4405=CARTESIAN_POINT('Ctrl Pts',(9.03770144486354,18.3165489866472,10.));
#4406=CARTESIAN_POINT('Ctrl Pts',(8.40842517316704,17.9372157428424,10.));
#4407=CARTESIAN_POINT('Ctrl Pts',(6.95672706778533,16.8122203182404,10.));
#4408=CARTESIAN_POINT('Ctrl Pts',(6.55583983643966,16.2393136455079,10.));
#4409=CARTESIAN_POINT('Ctrl Pts',(6.32570660455218,15.8988006516518,10.));
#4410=CARTESIAN_POINT('Ctrl Pts',(6.27543631663833,15.8126580301242,10.));
#4411=CARTESIAN_POINT('Ctrl Pts',(6.23926603613601,15.72166456162,10.));
#4412=CARTESIAN_POINT('',(9.68336882179495,18.6341711255608,3.));
#4413=CARTESIAN_POINT('Ctrl Pts',(10.4957278820725,13.2641951690732,3.));
#4414=CARTESIAN_POINT('Ctrl Pts',(10.4957278820725,13.2641951690732,10.));
#4415=CARTESIAN_POINT('Ctrl Pts',(10.7090892811463,13.5341446355554,3.));
#4416=CARTESIAN_POINT('Ctrl Pts',(10.7090892811463,13.5341446355554,10.));
#4417=CARTESIAN_POINT('Ctrl Pts',(10.8838250184672,14.0518016972213,3.));
#4418=CARTESIAN_POINT('Ctrl Pts',(10.8838250184672,14.0518016972213,10.));
#4419=CARTESIAN_POINT('Ctrl Pts',(11.0171868350476,14.4644511512529,3.));
#4420=CARTESIAN_POINT('Ctrl Pts',(11.0171868350476,14.4644511512529,10.));
#4421=CARTESIAN_POINT('Ctrl Pts',(11.1210543340532,14.8250836955128,3.));
#4422=CARTESIAN_POINT('Ctrl Pts',(11.1210543340532,14.8250836955128,10.));
#4423=CARTESIAN_POINT('Ctrl Pts',(11.3268815037529,16.113712126853,3.));
#4424=CARTESIAN_POINT('Ctrl Pts',(11.3268815037529,16.113712126853,10.));
#4425=CARTESIAN_POINT('Ctrl Pts',(11.3481456382037,16.9190206934726,3.));
#4426=CARTESIAN_POINT('Ctrl Pts',(11.3481456382037,16.9190206934726,10.));
#4427=CARTESIAN_POINT('Ctrl Pts',(11.2959811623046,17.703128956669,3.));
#4428=CARTESIAN_POINT('Ctrl Pts',(11.2959811623046,17.703128956669,10.));
#4429=CARTESIAN_POINT('',(10.4957278820725,13.2641951690732,3.));
#4430=CARTESIAN_POINT('',(11.2959811623046,17.703128956669,3.));
#4431=CARTESIAN_POINT('Ctrl Pts',(10.4957278820725,13.2641951690732,3.));
#4432=CARTESIAN_POINT('Ctrl Pts',(10.7090892811463,13.5341446355554,3.));
#4433=CARTESIAN_POINT('Ctrl Pts',(10.8838250184672,14.0518016972213,3.));
#4434=CARTESIAN_POINT('Ctrl Pts',(11.0171868350476,14.4644511512529,3.));
#4435=CARTESIAN_POINT('Ctrl Pts',(11.1210543340532,14.8250836955128,3.));
#4436=CARTESIAN_POINT('Ctrl Pts',(11.3268815037529,16.113712126853,3.));
#4437=CARTESIAN_POINT('Ctrl Pts',(11.3481456382037,16.9190206934726,3.));
#4438=CARTESIAN_POINT('Ctrl Pts',(11.2959811623046,17.703128956669,3.));
#4439=CARTESIAN_POINT('',(11.2959811623046,17.703128956669,9.99999999999999));
#4440=CARTESIAN_POINT('',(11.2959811623046,17.703128956669,2.99999999999999));
#4441=CARTESIAN_POINT('',(10.4957278820725,13.2641951690732,10.));
#4442=CARTESIAN_POINT('Ctrl Pts',(10.4957278820725,13.2641951690732,10.));
#4443=CARTESIAN_POINT('Ctrl Pts',(10.7090892811463,13.5341446355554,10.));
#4444=CARTESIAN_POINT('Ctrl Pts',(10.8838250184672,14.0518016972213,10.));
#4445=CARTESIAN_POINT('Ctrl Pts',(11.0171868350476,14.4644511512529,10.));
#4446=CARTESIAN_POINT('Ctrl Pts',(11.1210543340532,14.8250836955128,10.));
#4447=CARTESIAN_POINT('Ctrl Pts',(11.3268815037529,16.113712126853,10.));
#4448=CARTESIAN_POINT('Ctrl Pts',(11.3481456382037,16.9190206934726,10.));
#4449=CARTESIAN_POINT('Ctrl Pts',(11.2959811623046,17.703128956669,10.));
#4450=CARTESIAN_POINT('',(10.4957278820725,13.2641951690732,3.));
#4451=CARTESIAN_POINT('Ctrl Pts',(17.703128956669,11.2959811623046,3.));
#4452=CARTESIAN_POINT('Ctrl Pts',(17.703128956669,11.2959811623046,10.));
#4453=CARTESIAN_POINT('Ctrl Pts',(16.9851535364268,11.3437460096647,3.));
#4454=CARTESIAN_POINT('Ctrl Pts',(16.9851535364268,11.3437460096647,10.));
#4455=CARTESIAN_POINT('Ctrl Pts',(16.2505176772203,11.3298719198822,3.));
#4456=CARTESIAN_POINT('Ctrl Pts',(16.2505176772203,11.3298719198822,10.));
#4457=CARTESIAN_POINT('Ctrl Pts',(14.4308125270392,11.0814463557277,3.));
#4458=CARTESIAN_POINT('Ctrl Pts',(14.4308125270392,11.0814463557277,10.));
#4459=CARTESIAN_POINT('Ctrl Pts',(13.7971806643101,10.7857382388412,3.));
#4460=CARTESIAN_POINT('Ctrl Pts',(13.7971806643101,10.7857382388412,10.));
#4461=CARTESIAN_POINT('Ctrl Pts',(13.4276229422516,10.6059119517572,3.));
#4462=CARTESIAN_POINT('Ctrl Pts',(13.4276229422516,10.6059119517572,10.));
#4463=CARTESIAN_POINT('Ctrl Pts',(13.3410162851007,10.556445397123,3.));
#4464=CARTESIAN_POINT('Ctrl Pts',(13.3410162851007,10.556445397123,10.));
#4465=CARTESIAN_POINT('Ctrl Pts',(13.2641951690732,10.4957278820725,3.));
#4466=CARTESIAN_POINT('Ctrl Pts',(13.2641951690732,10.4957278820725,10.));
#4467=CARTESIAN_POINT('',(17.703128956669,11.2959811623046,3.));
#4468=CARTESIAN_POINT('',(13.2641951690732,10.4957278820725,3.));
#4469=CARTESIAN_POINT('Ctrl Pts',(17.703128956669,11.2959811623046,3.));
#4470=CARTESIAN_POINT('Ctrl Pts',(16.9851535364268,11.3437460096647,3.));
#4471=CARTESIAN_POINT('Ctrl Pts',(16.2505176772203,11.3298719198822,3.));
#4472=CARTESIAN_POINT('Ctrl Pts',(14.4308125270392,11.0814463557277,3.));
#4473=CARTESIAN_POINT('Ctrl Pts',(13.7971806643101,10.7857382388412,3.));
#4474=CARTESIAN_POINT('Ctrl Pts',(13.4276229422516,10.6059119517572,3.));
#4475=CARTESIAN_POINT('Ctrl Pts',(13.3410162851007,10.556445397123,3.));
#4476=CARTESIAN_POINT('Ctrl Pts',(13.2641951690732,10.4957278820725,3.));
#4477=CARTESIAN_POINT('',(13.2641951690732,10.4957278820725,9.99999999999999));
#4478=CARTESIAN_POINT('',(13.2641951690732,10.4957278820725,2.99999999999999));
#4479=CARTESIAN_POINT('',(17.703128956669,11.2959811623046,10.));
#4480=CARTESIAN_POINT('Ctrl Pts',(17.703128956669,11.2959811623046,10.));
#4481=CARTESIAN_POINT('Ctrl Pts',(16.9851535364268,11.3437460096647,10.));
#4482=CARTESIAN_POINT('Ctrl Pts',(16.2505176772203,11.3298719198822,10.));
#4483=CARTESIAN_POINT('Ctrl Pts',(14.4308125270392,11.0814463557277,10.));
#4484=CARTESIAN_POINT('Ctrl Pts',(13.7971806643101,10.7857382388412,10.));
#4485=CARTESIAN_POINT('Ctrl Pts',(13.4276229422516,10.6059119517572,10.));
#4486=CARTESIAN_POINT('Ctrl Pts',(13.3410162851007,10.556445397123,10.));
#4487=CARTESIAN_POINT('Ctrl Pts',(13.2641951690732,10.4957278820725,10.));
#4488=CARTESIAN_POINT('',(17.703128956669,11.2959811623046,3.));
#4489=CARTESIAN_POINT('Ctrl Pts',(15.72166456162,6.23926603613601,3.));
#4490=CARTESIAN_POINT('Ctrl Pts',(15.72166456162,6.23926603613601,10.));
#4491=CARTESIAN_POINT('Ctrl Pts',(16.0414156866958,6.3663684323305,3.));
#4492=CARTESIAN_POINT('Ctrl Pts',(16.0414156866958,6.3663684323305,10.));
#4493=CARTESIAN_POINT('Ctrl Pts',(16.4515698050596,6.72730472960218,3.));
#4494=CARTESIAN_POINT('Ctrl Pts',(16.4515698050596,6.72730472960218,10.));
#4495=CARTESIAN_POINT('Ctrl Pts',(16.7733892530394,7.01798873128045,3.));
#4496=CARTESIAN_POINT('Ctrl Pts',(16.7733892530394,7.01798873128045,10.));
#4497=CARTESIAN_POINT('Ctrl Pts',(17.043657417922,7.27837192652852,3.));
#4498=CARTESIAN_POINT('Ctrl Pts',(17.043657417922,7.27837192652852,10.));
#4499=CARTESIAN_POINT('Ctrl Pts',(17.8662231913393,8.29144329925578,3.));
#4500=CARTESIAN_POINT('Ctrl Pts',(17.8662231913393,8.29144329925578,10.));
#4501=CARTESIAN_POINT('Ctrl Pts',(18.2872927552544,8.97822890857597,3.));
#4502=CARTESIAN_POINT('Ctrl Pts',(18.2872927552544,8.97822890857597,10.));
#4503=CARTESIAN_POINT('Ctrl Pts',(18.6341711255607,9.68336882179496,3.));
#4504=CARTESIAN_POINT('Ctrl Pts',(18.6341711255607,9.68336882179496,10.));
#4505=CARTESIAN_POINT('',(15.72166456162,6.23926603613601,3.));
#4506=CARTESIAN_POINT('',(18.6341711255608,9.68336882179496,3.));
#4507=CARTESIAN_POINT('Ctrl Pts',(15.72166456162,6.23926603613601,3.));
#4508=CARTESIAN_POINT('Ctrl Pts',(16.0414156866958,6.3663684323305,3.));
#4509=CARTESIAN_POINT('Ctrl Pts',(16.4515698050596,6.72730472960218,3.));
#4510=CARTESIAN_POINT('Ctrl Pts',(16.7733892530394,7.01798873128045,3.));
#4511=CARTESIAN_POINT('Ctrl Pts',(17.043657417922,7.27837192652852,3.));
#4512=CARTESIAN_POINT('Ctrl Pts',(17.8662231913393,8.29144329925578,3.));
#4513=CARTESIAN_POINT('Ctrl Pts',(18.2872927552544,8.97822890857597,3.));
#4514=CARTESIAN_POINT('Ctrl Pts',(18.6341711255607,9.68336882179496,3.));
#4515=CARTESIAN_POINT('',(18.6341711255607,9.68336882179498,9.99999999999999));
#4516=CARTESIAN_POINT('',(18.6341711255607,9.68336882179498,2.99999999999999));
#4517=CARTESIAN_POINT('',(15.72166456162,6.23926603613601,10.));
#4518=CARTESIAN_POINT('Ctrl Pts',(15.72166456162,6.23926603613601,10.));
#4519=CARTESIAN_POINT('Ctrl Pts',(16.0414156866958,6.3663684323305,10.));
#4520=CARTESIAN_POINT('Ctrl Pts',(16.4515698050596,6.72730472960218,10.));
#4521=CARTESIAN_POINT('Ctrl Pts',(16.7733892530394,7.01798873128045,10.));
#4522=CARTESIAN_POINT('Ctrl Pts',(17.043657417922,7.27837192652852,10.));
#4523=CARTESIAN_POINT('Ctrl Pts',(17.8662231913393,8.29144329925578,10.));
#4524=CARTESIAN_POINT('Ctrl Pts',(18.2872927552544,8.97822890857597,10.));
#4525=CARTESIAN_POINT('Ctrl Pts',(18.6341711255607,9.68336882179496,10.));
#4526=CARTESIAN_POINT('',(15.72166456162,6.23926603613601,3.));
#4527=CARTESIAN_POINT('Ctrl Pts',(20.9793499840996,0.931042168891753,3.));
#4528=CARTESIAN_POINT('Ctrl Pts',(20.9793499840996,0.931042168891753,10.));
#4529=CARTESIAN_POINT('Ctrl Pts',(20.3814474545549,1.33139545023599,3.));
#4530=CARTESIAN_POINT('Ctrl Pts',(20.3814474545549,1.33139545023599,10.));
#4531=CARTESIAN_POINT('Ctrl Pts',(19.7382970930687,1.6866980656291,3.));
#4532=CARTESIAN_POINT('Ctrl Pts',(19.7382970930687,1.6866980656291,10.));
#4533=CARTESIAN_POINT('Ctrl Pts',(18.0381734235345,2.38140779121334,3.));
#4534=CARTESIAN_POINT('Ctrl Pts',(18.0381734235345,2.38140779121334,10.));
#4535=CARTESIAN_POINT('Ctrl Pts',(17.3415780753438,2.4421329812487,3.));
#4536=CARTESIAN_POINT('Ctrl Pts',(17.3415780753438,2.4421329812487,10.));
#4537=CARTESIAN_POINT('Ctrl Pts',(16.9316185563175,2.47117770939626,3.));
#4538=CARTESIAN_POINT('Ctrl Pts',(16.9316185563175,2.47117770939626,10.));
#4539=CARTESIAN_POINT('Ctrl Pts',(16.8318817137671,2.47164174502247,3.));
#4540=CARTESIAN_POINT('Ctrl Pts',(16.8318817137671,2.47164174502247,10.));
#4541=CARTESIAN_POINT('Ctrl Pts',(16.7349939182085,2.45746939254679,3.));
#4542=CARTESIAN_POINT('Ctrl Pts',(16.7349939182085,2.45746939254679,10.));
#4543=CARTESIAN_POINT('',(20.9793499840996,0.931042168891764,3.));
#4544=CARTESIAN_POINT('',(16.7349939182085,2.45746939254679,3.));
#4545=CARTESIAN_POINT('Ctrl Pts',(20.9793499840996,0.931042168891753,3.));
#4546=CARTESIAN_POINT('Ctrl Pts',(20.3814474545549,1.33139545023599,3.));
#4547=CARTESIAN_POINT('Ctrl Pts',(19.7382970930687,1.6866980656291,3.));
#4548=CARTESIAN_POINT('Ctrl Pts',(18.0381734235345,2.38140779121334,3.));
#4549=CARTESIAN_POINT('Ctrl Pts',(17.3415780753438,2.4421329812487,3.));
#4550=CARTESIAN_POINT('Ctrl Pts',(16.9316185563175,2.47117770939626,3.));
#4551=CARTESIAN_POINT('Ctrl Pts',(16.8318817137671,2.47164174502247,3.));
#4552=CARTESIAN_POINT('Ctrl Pts',(16.7349939182085,2.45746939254679,3.));
#4553=CARTESIAN_POINT('',(16.7349939182085,2.45746939254682,9.99999999999999));
#4554=CARTESIAN_POINT('',(16.7349939182085,2.45746939254683,2.99999999999999));
#4555=CARTESIAN_POINT('',(20.9793499840995,0.931042168891749,10.));
#4556=CARTESIAN_POINT('Ctrl Pts',(20.9793499840996,0.931042168891753,10.));
#4557=CARTESIAN_POINT('Ctrl Pts',(20.3814474545549,1.33139545023599,10.));
#4558=CARTESIAN_POINT('Ctrl Pts',(19.7382970930687,1.6866980656291,10.));
#4559=CARTESIAN_POINT('Ctrl Pts',(18.0381734235345,2.38140779121334,10.));
#4560=CARTESIAN_POINT('Ctrl Pts',(17.3415780753438,2.4421329812487,10.));
#4561=CARTESIAN_POINT('Ctrl Pts',(16.9316185563175,2.47117770939626,10.));
#4562=CARTESIAN_POINT('Ctrl Pts',(16.8318817137671,2.47164174502247,10.));
#4563=CARTESIAN_POINT('Ctrl Pts',(16.7349939182085,2.45746939254679,10.));
#4564=CARTESIAN_POINT('',(20.9793499840995,0.931042168891749,3.));
#4565=CARTESIAN_POINT('Ctrl Pts',(16.7349939182085,-2.45746939254679,3.));
#4566=CARTESIAN_POINT('Ctrl Pts',(16.7349939182085,-2.45746939254679,10.));
#4567=CARTESIAN_POINT('Ctrl Pts',(17.0754577135085,-2.50727105109811,3.));
#4568=CARTESIAN_POINT('Ctrl Pts',(17.0754577135085,-2.50727105109811,10.));
#4569=CARTESIAN_POINT('Ctrl Pts',(17.6111297481109,-2.39976810769617,3.));
#4570=CARTESIAN_POINT('Ctrl Pts',(17.6111297481109,-2.39976810769617,10.));
#4571=CARTESIAN_POINT('Ctrl Pts',(18.0351755663373,-2.30893810175787,3.));
#4572=CARTESIAN_POINT('Ctrl Pts',(18.0351755663373,-2.30893810175787,10.));
#4573=CARTESIAN_POINT('Ctrl Pts',(18.3994262605933,-2.21857372239223,3.));
#4574=CARTESIAN_POINT('Ctrl Pts',(18.3994262605933,-2.21857372239223,10.));
#4575=CARTESIAN_POINT('Ctrl Pts',(19.618324802999,-1.75251106448024,3.));
#4576=CARTESIAN_POINT('Ctrl Pts',(19.618324802999,-1.75251106448024,10.));
#4577=CARTESIAN_POINT('Ctrl Pts',(20.3263745467882,-1.36827206180399,3.));
#4578=CARTESIAN_POINT('Ctrl Pts',(20.3263745467882,-1.36827206180399,10.));
#4579=CARTESIAN_POINT('Ctrl Pts',(20.9793499840996,-0.931042168891753,3.));
#4580=CARTESIAN_POINT('Ctrl Pts',(20.9793499840996,-0.931042168891753,10.));
#4581=CARTESIAN_POINT('',(16.7349939182085,-2.45746939254679,3.));
#4582=CARTESIAN_POINT('',(20.9793499840996,-0.931042168891748,3.));
#4583=CARTESIAN_POINT('Ctrl Pts',(16.7349939182085,-2.45746939254679,3.));
#4584=CARTESIAN_POINT('Ctrl Pts',(17.0754577135085,-2.50727105109811,3.));
#4585=CARTESIAN_POINT('Ctrl Pts',(17.6111297481109,-2.39976810769617,3.));
#4586=CARTESIAN_POINT('Ctrl Pts',(18.0351755663373,-2.30893810175787,3.));
#4587=CARTESIAN_POINT('Ctrl Pts',(18.3994262605933,-2.21857372239223,3.));
#4588=CARTESIAN_POINT('Ctrl Pts',(19.618324802999,-1.75251106448024,3.));
#4589=CARTESIAN_POINT('Ctrl Pts',(20.3263745467882,-1.36827206180399,3.));
#4590=CARTESIAN_POINT('Ctrl Pts',(20.9793499840996,-0.931042168891753,3.));
#4591=CARTESIAN_POINT('',(20.9793499840995,-0.931042168891711,9.99999999999999));
#4592=CARTESIAN_POINT('',(20.9793499840995,-0.931042168891711,2.99999999999999));
#4593=CARTESIAN_POINT('',(16.7349939182085,-2.45746939254679,10.));
#4594=CARTESIAN_POINT('Ctrl Pts',(16.7349939182085,-2.45746939254679,10.));
#4595=CARTESIAN_POINT('Ctrl Pts',(17.0754577135085,-2.50727105109811,10.));
#4596=CARTESIAN_POINT('Ctrl Pts',(17.6111297481109,-2.39976810769617,10.));
#4597=CARTESIAN_POINT('Ctrl Pts',(18.0351755663373,-2.30893810175787,10.));
#4598=CARTESIAN_POINT('Ctrl Pts',(18.3994262605933,-2.21857372239223,10.));
#4599=CARTESIAN_POINT('Ctrl Pts',(19.618324802999,-1.75251106448024,10.));
#4600=CARTESIAN_POINT('Ctrl Pts',(20.3263745467882,-1.36827206180399,10.));
#4601=CARTESIAN_POINT('Ctrl Pts',(20.9793499840996,-0.931042168891753,10.));
#4602=CARTESIAN_POINT('',(16.7349939182085,-2.45746939254679,3.));
#4603=CARTESIAN_POINT('Origin',(-1.77635683940025E-14,3.5527136788005E-14,
9.99999999999999));
#4604=CARTESIAN_POINT('',(15.688156693827,-2.30434230318465,9.99999999999999));
#4605=CARTESIAN_POINT('',(15.688156693827,-2.30434230318465,9.99999999999999));
#4606=CARTESIAN_POINT('Origin',(-1.77635683940025E-14,3.55271367880051E-14,
9.99999999999999));
#4607=CARTESIAN_POINT('',(15.688156693827,2.30434230318472,9.99999999999999));
#4608=CARTESIAN_POINT('',(16.7349939182085,2.45746939254683,9.99999999999999));
#4609=CARTESIAN_POINT('',(13.9185346615396,3.48911410612529,9.99999999999999));
#4610=CARTESIAN_POINT('Origin',(15.4583887752311,3.8751264874647,9.99999999999999));
#4611=CARTESIAN_POINT('',(13.7983616534102,3.93760587816272,9.99999999999999));
#4612=CARTESIAN_POINT('Origin',(-1.77635683940025E-14,3.55271367880051E-14,
9.99999999999999));
#4613=CARTESIAN_POINT('',(14.7385133869974,5.84845937334044,9.99999999999999));
#4614=CARTESIAN_POINT('Origin',(15.3249206246587,4.37323640659323,9.99999999999999));
#4615=CARTESIAN_POINT('',(14.7385133869974,5.84845937334044,9.99999999999999));
#4616=CARTESIAN_POINT('Origin',(-1.77635683940025E-14,3.55271367880051E-14,
9.99999999999999));
#4617=CARTESIAN_POINT('',(12.4341710838127,9.8396973204866,9.99999999999999));
#4618=CARTESIAN_POINT('',(13.2641951690732,10.4957278820725,9.99999999999999));
#4619=CARTESIAN_POINT('',(10.3092475472849,9.98092878337693,9.99999999999999));
#4620=CARTESIAN_POINT('Origin',(11.449794137194,11.0851523686379,9.99999999999999));
#4621=CARTESIAN_POINT('',(9.9809287833769,10.3092475472849,9.99999999999999));
#4622=CARTESIAN_POINT('Origin',(-1.77635683940025E-14,3.55271367880051E-14,
9.99999999999999));
#4623=CARTESIAN_POINT('',(9.83969732048657,12.4341710838127,9.99999999999999));
#4624=CARTESIAN_POINT('Origin',(11.0851523686379,11.4497941371941,9.99999999999999));
#4625=CARTESIAN_POINT('',(9.83969732048657,12.4341710838127,9.99999999999999));
#4626=CARTESIAN_POINT('Origin',(-1.77635683940025E-14,3.55271367880051E-14,
9.99999999999999));
#4627=CARTESIAN_POINT('',(5.8484593733404,14.7385133869974,9.99999999999999));
#4628=CARTESIAN_POINT('',(6.239266036136,15.72166456162,9.99999999999999));
#4629=CARTESIAN_POINT('',(3.93760587816269,13.7983616534102,9.99999999999999));
#4630=CARTESIAN_POINT('Origin',(4.37323640659319,15.3249206246587,9.99999999999999));
#4631=CARTESIAN_POINT('',(3.48911410612524,13.9185346615396,9.99999999999999));
#4632=CARTESIAN_POINT('Origin',(-1.77635683940025E-14,3.55271367880051E-14,
9.99999999999999));
#4633=CARTESIAN_POINT('',(2.30434230318467,15.688156693827,9.99999999999999));
#4634=CARTESIAN_POINT('Origin',(3.87512648746465,15.4583887752311,9.99999999999999));
#4635=CARTESIAN_POINT('',(2.30434230318467,15.688156693827,9.99999999999999));
#4636=CARTESIAN_POINT('Origin',(-1.77635683940025E-14,3.55271367880051E-14,
9.99999999999999));
#4637=CARTESIAN_POINT('',(-2.30434230318471,15.688156693827,9.99999999999999));
#4638=CARTESIAN_POINT('',(-2.45746939254681,16.7349939182085,9.99999999999999));
#4639=CARTESIAN_POINT('',(-3.48911410612527,13.9185346615396,9.99999999999999));
#4640=CARTESIAN_POINT('Origin',(-3.87512648746469,15.4583887752311,9.99999999999999));
#4641=CARTESIAN_POINT('',(-3.93760587816271,13.7983616534102,9.99999999999999));
#4642=CARTESIAN_POINT('Origin',(-1.77635683940025E-14,3.55271367880051E-14,
9.99999999999999));
#4643=CARTESIAN_POINT('',(-5.84845937334043,14.7385133869974,9.99999999999999));
#4644=CARTESIAN_POINT('Origin',(-4.37323640659321,15.3249206246587,9.99999999999999));
#4645=CARTESIAN_POINT('',(-5.84845937334043,14.7385133869974,9.99999999999999));
#4646=CARTESIAN_POINT('Origin',(-1.77635683940025E-14,3.55271367880051E-14,
9.99999999999999));
#4647=CARTESIAN_POINT('',(-9.8396973204866,12.4341710838127,9.99999999999999));
#4648=CARTESIAN_POINT('',(-10.4957278820725,13.2641951690733,9.99999999999999));
#4649=CARTESIAN_POINT('',(-9.98092878337692,10.3092475472849,9.99999999999999));
#4650=CARTESIAN_POINT('Origin',(-11.0851523686379,11.4497941371941,9.99999999999999));
#4651=CARTESIAN_POINT('',(-10.3092475472849,9.98092878337694,9.99999999999999));
#4652=CARTESIAN_POINT('Origin',(-1.77635683940025E-14,3.55271367880051E-14,
9.99999999999999));
#4653=CARTESIAN_POINT('',(-12.4341710838127,9.83969732048661,9.99999999999999));
#4654=CARTESIAN_POINT('Origin',(-11.4497941371941,11.0851523686379,9.99999999999999));
#4655=CARTESIAN_POINT('',(-12.4341710838127,9.83969732048661,9.99999999999999));
#4656=CARTESIAN_POINT('Origin',(-1.77635683940025E-14,3.55271367880051E-14,
9.99999999999999));
#4657=CARTESIAN_POINT('',(-14.7385133869974,5.84845937334045,9.99999999999999));
#4658=CARTESIAN_POINT('',(-15.7216645616201,6.23926603613605,9.99999999999999));
#4659=CARTESIAN_POINT('',(-13.7983616534102,3.93760587816274,9.99999999999999));
#4660=CARTESIAN_POINT('Origin',(-15.3249206246587,4.37323640659324,9.99999999999999));
#4661=CARTESIAN_POINT('',(-13.9185346615396,3.48911410612529,9.99999999999999));
#4662=CARTESIAN_POINT('Origin',(-1.77635683940025E-14,3.55271367880051E-14,
9.99999999999999));
#4663=CARTESIAN_POINT('',(-15.688156693827,2.30434230318472,9.99999999999999));
#4664=CARTESIAN_POINT('Origin',(-15.4583887752311,3.8751264874647,9.99999999999999));
#4665=CARTESIAN_POINT('',(-15.688156693827,2.30434230318472,9.99999999999999));
#4666=CARTESIAN_POINT('Origin',(-1.77635683940025E-14,3.55271367880051E-14,
9.99999999999999));
#4667=CARTESIAN_POINT('',(-15.688156693827,-2.30434230318465,9.99999999999999));
#4668=CARTESIAN_POINT('',(-16.7349939182085,-2.45746939254675,9.99999999999999));
#4669=CARTESIAN_POINT('',(-13.9185346615396,-3.48911410612522,9.99999999999999));
#4670=CARTESIAN_POINT('Origin',(-15.4583887752311,-3.87512648746463,9.99999999999999));
#4671=CARTESIAN_POINT('',(-13.7983616534102,-3.93760587816265,9.99999999999999));
#4672=CARTESIAN_POINT('Origin',(-1.77635683940025E-14,3.55271367880051E-14,
9.99999999999999));
#4673=CARTESIAN_POINT('',(-14.7385133869974,-5.84845937334037,9.99999999999999));
#4674=CARTESIAN_POINT('Origin',(-15.3249206246587,-4.37323640659315,9.99999999999999));
#4675=CARTESIAN_POINT('',(-14.7385133869974,-5.84845937334037,9.99999999999999));
#4676=CARTESIAN_POINT('Origin',(-1.77635683940025E-14,3.55271367880051E-14,
9.99999999999999));
#4677=CARTESIAN_POINT('',(-12.4341710838127,-9.83969732048653,9.99999999999999));
#4678=CARTESIAN_POINT('',(-13.2641951690733,-10.4957278820724,9.99999999999999));
#4679=CARTESIAN_POINT('',(-10.3092475472849,-9.98092878337686,9.99999999999999));
#4680=CARTESIAN_POINT('Origin',(-11.4497941371941,-11.0851523686379,9.99999999999999));
#4681=CARTESIAN_POINT('',(-9.98092878337694,-10.3092475472849,9.99999999999999));
#4682=CARTESIAN_POINT('Origin',(-1.77635683940025E-14,3.55271367880051E-14,
9.99999999999999));
#4683=CARTESIAN_POINT('',(-9.83969732048661,-12.4341710838127,9.99999999999999));
#4684=CARTESIAN_POINT('Origin',(-11.0851523686379,-11.449794137194,9.99999999999999));
#4685=CARTESIAN_POINT('',(-9.83969732048661,-12.4341710838127,9.99999999999999));
#4686=CARTESIAN_POINT('Origin',(-1.77635683940025E-14,3.55271367880051E-14,
9.99999999999999));
#4687=CARTESIAN_POINT('',(-5.84845937334044,-14.7385133869974,9.99999999999999));
#4688=CARTESIAN_POINT('',(-6.23926603613604,-15.72166456162,9.99999999999999));
#4689=CARTESIAN_POINT('',(-3.93760587816273,-13.7983616534101,9.99999999999999));
#4690=CARTESIAN_POINT('Origin',(-4.37323640659323,-15.3249206246586,9.99999999999999));
#4691=CARTESIAN_POINT('',(-3.48911410612527,-13.9185346615396,9.99999999999999));
#4692=CARTESIAN_POINT('Origin',(-1.77635683940025E-14,3.55271367880051E-14,
9.99999999999999));
#4693=CARTESIAN_POINT('',(-2.30434230318471,-15.6881566938269,9.99999999999999));
#4694=CARTESIAN_POINT('Origin',(-3.87512648746469,-15.4583887752311,9.99999999999999));
#4695=CARTESIAN_POINT('',(-2.30434230318471,-15.6881566938269,9.99999999999999));
#4696=CARTESIAN_POINT('Origin',(-1.77635683940025E-14,3.55271367880051E-14,
9.99999999999999));
#4697=CARTESIAN_POINT('',(2.30434230318467,-15.6881566938269,9.99999999999999));
#4698=CARTESIAN_POINT('',(2.45746939254677,-16.7349939182084,9.99999999999999));
#4699=CARTESIAN_POINT('',(3.48911410612523,-13.9185346615396,9.99999999999999));
#4700=CARTESIAN_POINT('Origin',(3.87512648746465,-15.4583887752311,9.99999999999999));
#4701=CARTESIAN_POINT('',(3.93760587816267,-13.7983616534101,9.99999999999999));
#4702=CARTESIAN_POINT('Origin',(-1.77635683940025E-14,3.55271367880051E-14,
9.99999999999999));
#4703=CARTESIAN_POINT('',(5.84845937334039,-14.7385133869974,9.99999999999999));
#4704=CARTESIAN_POINT('Origin',(4.37323640659317,-15.3249206246586,9.99999999999999));
#4705=CARTESIAN_POINT('',(5.84845937334039,-14.7385133869974,9.99999999999999));
#4706=CARTESIAN_POINT('Origin',(-1.77635683940025E-14,3.55271367880051E-14,
9.99999999999999));
#4707=CARTESIAN_POINT('',(9.83969732048656,-12.4341710838127,9.99999999999999));
#4708=CARTESIAN_POINT('',(10.4957278820725,-13.2641951690732,9.99999999999999));
#4709=CARTESIAN_POINT('',(9.98092878337688,-10.3092475472849,9.99999999999999));
#4710=CARTESIAN_POINT('Origin',(11.0851523686379,-11.449794137194,9.99999999999999));
#4711=CARTESIAN_POINT('',(10.3092475472849,-9.98092878337687,9.99999999999999));
#4712=CARTESIAN_POINT('Origin',(-1.77635683940025E-14,3.55271367880051E-14,
9.99999999999999));
#4713=CARTESIAN_POINT('',(12.4341710838127,-9.83969732048654,9.99999999999999));
#4714=CARTESIAN_POINT('Origin',(11.449794137194,-11.0851523686379,9.99999999999999));
#4715=CARTESIAN_POINT('',(12.4341710838127,-9.83969732048654,9.99999999999999));
#4716=CARTESIAN_POINT('Origin',(-1.77635683940025E-14,3.55271367880051E-14,
9.99999999999999));
#4717=CARTESIAN_POINT('',(14.7385133869974,-5.84845937334038,9.99999999999999));
#4718=CARTESIAN_POINT('',(15.72166456162,-6.23926603613597,9.99999999999999));
#4719=CARTESIAN_POINT('',(13.7983616534102,-3.93760587816267,9.99999999999999));
#4720=CARTESIAN_POINT('Origin',(15.3249206246587,-4.37323640659317,9.99999999999999));
#4721=CARTESIAN_POINT('',(13.9185346615396,-3.48911410612522,9.99999999999999));
#4722=CARTESIAN_POINT('Origin',(-1.77635683940025E-14,3.55271367880051E-14,
9.99999999999999));
#4723=CARTESIAN_POINT('Origin',(15.4583887752311,-3.87512648746463,9.99999999999999));
#4724=CARTESIAN_POINT('Origin',(-9.00000013411048,7.105427357601E-14,2.99999999999999));
#4725=CARTESIAN_POINT('',(-8.25000013411048,7.11461220859461E-14,2.99999999999999));
#4726=CARTESIAN_POINT('Origin',(-9.00000013411048,7.105427357601E-14,3.));
#4727=CARTESIAN_POINT('',(-8.25000013411048,7.11461220859461E-14,-5.55111512312578E-16));
#4728=CARTESIAN_POINT('',(-8.25000013411048,7.0962425066074E-14,2.99999999999999));
#4729=CARTESIAN_POINT('Origin',(-9.00000013411048,7.105427357601E-14,-5.55111512312578E-16));
#4730=CARTESIAN_POINT('Origin',(-2.66453525910038E-14,9.00000013411052,
2.99999999999999));
#4731=CARTESIAN_POINT('',(0.749999999999973,9.00000013411052,2.99999999999999));
#4732=CARTESIAN_POINT('Origin',(-2.66453525910038E-14,9.00000013411052,
3.));
#4733=CARTESIAN_POINT('',(0.749999999999973,9.00000013411052,-5.55111512312578E-16));
#4734=CARTESIAN_POINT('',(0.749999999999973,9.00000013411052,2.99999999999999));
#4735=CARTESIAN_POINT('Origin',(-2.66453525910038E-14,9.00000013411052,
-5.55111512312578E-16));
#4736=CARTESIAN_POINT('Origin',(9.00000013411042,7.105427357601E-14,2.99999999999999));
#4737=CARTESIAN_POINT('',(9.75000013411042,7.11461220859461E-14,2.99999999999999));
#4738=CARTESIAN_POINT('Origin',(9.00000013411042,7.105427357601E-14,3.));
#4739=CARTESIAN_POINT('',(9.75000013411042,7.11461220859461E-14,-5.55111512312578E-16));
#4740=CARTESIAN_POINT('',(9.75000013411042,7.0962425066074E-14,2.99999999999999));
#4741=CARTESIAN_POINT('Origin',(9.00000013411042,7.105427357601E-14,-5.55111512312578E-16));
#4742=CARTESIAN_POINT('Origin',(-2.66453525910038E-14,-8.99999979883425,
2.99999999999999));
#4743=CARTESIAN_POINT('',(0.749999999999973,-8.99999979883425,2.99999999999999));
#4744=CARTESIAN_POINT('Origin',(-2.66453525910038E-14,-8.99999979883425,
3.));
#4745=CARTESIAN_POINT('',(0.749999999999973,-8.99999979883425,-5.55111512312578E-16));
#4746=CARTESIAN_POINT('',(0.749999999999973,-8.99999979883425,2.99999999999999));
#4747=CARTESIAN_POINT('Origin',(-2.66453525910038E-14,-8.99999979883425,
-5.55111512312578E-16));
#4748=CARTESIAN_POINT('Origin',(-12.000000178814,7.105427357601E-14,2.99999999999999));
#4749=CARTESIAN_POINT('',(-11.250000178814,7.11461220859461E-14,2.99999999999999));
#4750=CARTESIAN_POINT('Origin',(-12.000000178814,7.105427357601E-14,3.));
#4751=CARTESIAN_POINT('',(-11.250000178814,7.11461220859461E-14,-5.55111512312578E-16));
#4752=CARTESIAN_POINT('',(-11.250000178814,7.0962425066074E-14,2.99999999999999));
#4753=CARTESIAN_POINT('Origin',(-12.000000178814,7.105427357601E-14,-5.55111512312578E-16));
#4754=CARTESIAN_POINT('Origin',(-2.66453525910038E-14,12.000000178814,2.99999999999999));
#4755=CARTESIAN_POINT('',(0.749999999999973,12.000000178814,2.99999999999999));
#4756=CARTESIAN_POINT('Origin',(-2.66453525910038E-14,12.000000178814,3.));
#4757=CARTESIAN_POINT('',(0.749999999999973,12.000000178814,-5.55111512312578E-16));
#4758=CARTESIAN_POINT('',(0.749999999999973,12.000000178814,2.99999999999999));
#4759=CARTESIAN_POINT('Origin',(-2.66453525910038E-14,12.000000178814,-5.55111512312578E-16));
#4760=CARTESIAN_POINT('Origin',(12.0000001788139,7.105427357601E-14,2.99999999999999));
#4761=CARTESIAN_POINT('',(12.7500001788139,7.11461220859461E-14,2.99999999999999));
#4762=CARTESIAN_POINT('Origin',(12.0000001788139,7.105427357601E-14,3.));
#4763=CARTESIAN_POINT('',(12.7500001788139,7.11461220859461E-14,-5.55111512312578E-16));
#4764=CARTESIAN_POINT('',(12.7500001788139,7.0962425066074E-14,2.99999999999999));
#4765=CARTESIAN_POINT('Origin',(12.0000001788139,7.105427357601E-14,-5.55111512312578E-16));
#4766=CARTESIAN_POINT('Origin',(-2.66453525910038E-14,-12.0000001788139,
2.99999999999999));
#4767=CARTESIAN_POINT('',(0.749999999999973,-12.0000001788139,2.99999999999999));
#4768=CARTESIAN_POINT('Origin',(-2.66453525910038E-14,-12.0000001788139,
3.));
#4769=CARTESIAN_POINT('',(0.749999999999973,-12.0000001788139,-5.55111512312578E-16));
#4770=CARTESIAN_POINT('',(0.749999999999973,-12.0000001788139,2.99999999999999));
#4771=CARTESIAN_POINT('Origin',(-2.66453525910038E-14,-12.0000001788139,
-5.55111512312578E-16));
#4772=CARTESIAN_POINT('Origin',(15.3249206246587,-4.37323640659321,0.));
#4773=CARTESIAN_POINT('',(14.7385133869974,-5.84845937334043,-5.55111512312578E-16));
#4774=CARTESIAN_POINT('',(14.7385133869974,-5.84845937334043,0.));
#4775=CARTESIAN_POINT('',(13.7983616534102,-3.93760587816271,-5.55111512312578E-16));
#4776=CARTESIAN_POINT('Origin',(15.3249206246587,-4.37323640659321,-5.55111512312578E-16));
#4777=CARTESIAN_POINT('',(13.7983616534102,-3.93760587816271,0.));
#4778=CARTESIAN_POINT('Origin',(15.72166456162,-6.23926603613602,0.));
#4779=CARTESIAN_POINT('',(15.72166456162,-6.23926603613602,-5.55111512312578E-16));
#4780=CARTESIAN_POINT('',(15.72166456162,-6.23926603613602,0.));
#4781=CARTESIAN_POINT('',(7.86257619142102,-3.11524586726209,-5.55111512312578E-16));
#4782=CARTESIAN_POINT('Origin',(11.449794137194,-11.0851523686379,0.));
#4783=CARTESIAN_POINT('',(10.3092475472849,-9.98092878337692,-5.55111512312578E-16));
#4784=CARTESIAN_POINT('',(12.4341710838127,-9.83969732048659,-5.55111512312578E-16));
#4785=CARTESIAN_POINT('Origin',(11.449794137194,-11.0851523686379,-5.55111512312578E-16));
#4786=CARTESIAN_POINT('',(12.4341710838127,-9.83969732048659,0.));
#4787=CARTESIAN_POINT('',(10.3092475472849,-9.98092878337692,0.));
#4788=CARTESIAN_POINT('Origin',(11.2439640002303,-8.89898700218172,0.));
#4789=CARTESIAN_POINT('',(13.2641951690732,-10.4957278820725,-5.55111512312578E-16));
#4790=CARTESIAN_POINT('',(5.61905457137247,-4.45319734738488,-5.55111512312578E-16));
#4791=CARTESIAN_POINT('',(13.2641951690732,-10.4957278820725,0.));
#4792=CARTESIAN_POINT('Origin',(11.0851523686379,-11.4497941371941,0.));
#4793=CARTESIAN_POINT('',(9.83969732048658,-12.4341710838127,-5.55111512312578E-16));
#4794=CARTESIAN_POINT('',(9.83969732048658,-12.4341710838127,0.));
#4795=CARTESIAN_POINT('',(9.98092878337691,-10.3092475472849,-5.55111512312578E-16));
#4796=CARTESIAN_POINT('Origin',(11.0851523686379,-11.4497941371941,-5.55111512312578E-16));
#4797=CARTESIAN_POINT('',(9.98092878337691,-10.3092475472849,0.));
#4798=CARTESIAN_POINT('Origin',(10.4957278820725,-13.2641951690733,0.));
#4799=CARTESIAN_POINT('',(10.4957278820725,-13.2641951690733,-5.55111512312578E-16));
#4800=CARTESIAN_POINT('',(10.4957278820725,-13.2641951690733,0.));
#4801=CARTESIAN_POINT('',(5.25156778733026,-6.62917015579397,-5.55111512312578E-16));
#4802=CARTESIAN_POINT('Origin',(4.37323640659319,-15.3249206246587,0.));
#4803=CARTESIAN_POINT('',(3.93760587816269,-13.7983616534102,-5.55111512312578E-16));
#4804=CARTESIAN_POINT('',(5.84845937334041,-14.7385133869974,-5.55111512312578E-16));
#4805=CARTESIAN_POINT('Origin',(4.37323640659319,-15.3249206246587,-5.55111512312578E-16));
#4806=CARTESIAN_POINT('',(5.84845937334041,-14.7385133869974,0.));
#4807=CARTESIAN_POINT('',(3.93760587816269,-13.7983616534102,0.));
#4808=CARTESIAN_POINT('Origin',(5.28806496234624,-13.328730811952,0.));
#4809=CARTESIAN_POINT('',(6.239266036136,-15.72166456162,-5.55111512312578E-16));
#4810=CARTESIAN_POINT('',(2.6396453303672,-6.66610931658702,-5.55111512312578E-16));
#4811=CARTESIAN_POINT('',(6.239266036136,-15.72166456162,0.));
#4812=CARTESIAN_POINT('Origin',(3.87512648746466,-15.4583887752311,0.));
#4813=CARTESIAN_POINT('',(2.30434230318469,-15.688156693827,-5.55111512312578E-16));
#4814=CARTESIAN_POINT('',(2.30434230318469,-15.688156693827,0.));
#4815=CARTESIAN_POINT('',(3.48911410612525,-13.9185346615396,-5.55111512312578E-16));
#4816=CARTESIAN_POINT('Origin',(3.87512648746466,-15.4583887752311,-5.55111512312578E-16));
#4817=CARTESIAN_POINT('',(3.48911410612525,-13.9185346615396,0.));
#4818=CARTESIAN_POINT('Origin',(2.45746939254679,-16.7349939182085,0.));
#4819=CARTESIAN_POINT('',(2.45746939254679,-16.7349939182085,-5.55111512312578E-16));
#4820=CARTESIAN_POINT('',(2.45746939254679,-16.7349939182085,0.));
#4821=CARTESIAN_POINT('',(1.23340603562706,-8.36681365459235,-5.55111512312578E-16));
#4822=CARTESIAN_POINT('Origin',(-3.87512648746467,-15.4583887752311,0.));
#4823=CARTESIAN_POINT('',(-3.48911410612526,-13.9185346615396,-5.55111512312578E-16));
#4824=CARTESIAN_POINT('',(-2.30434230318469,-15.688156693827,-5.55111512312578E-16));
#4825=CARTESIAN_POINT('Origin',(-3.87512648746467,-15.4583887752311,-5.55111512312578E-16));
#4826=CARTESIAN_POINT('',(-2.30434230318469,-15.688156693827,0.));
#4827=CARTESIAN_POINT('',(-3.48911410612526,-13.9185346615396,0.));
#4828=CARTESIAN_POINT('Origin',(-2.08476681172177,-14.187051964528,0.));
#4829=CARTESIAN_POINT('',(-2.4574693925468,-16.7349939182085,-5.55111512312578E-16));
#4830=CARTESIAN_POINT('',(-1.04705474521454,-7.09284267775208,-5.55111512312578E-16));
#4831=CARTESIAN_POINT('',(-2.4574693925468,-16.7349939182085,0.));
#4832=CARTESIAN_POINT('Origin',(-4.37323640659321,-15.3249206246587,0.));
#4833=CARTESIAN_POINT('',(-5.84845937334043,-14.7385133869974,-5.55111512312578E-16));
#4834=CARTESIAN_POINT('',(-5.84845937334043,-14.7385133869974,0.));
#4835=CARTESIAN_POINT('',(-3.93760587816271,-13.7983616534102,-5.55111512312578E-16));
#4836=CARTESIAN_POINT('Origin',(-4.37323640659321,-15.3249206246587,-5.55111512312578E-16));
#4837=CARTESIAN_POINT('',(-3.93760587816271,-13.7983616534102,0.));
#4838=CARTESIAN_POINT('Origin',(-6.23926603613602,-15.72166456162,0.));
#4839=CARTESIAN_POINT('',(-6.23926603613602,-15.72166456162,-5.55111512312578E-16));
#4840=CARTESIAN_POINT('',(-6.23926603613602,-15.72166456162,0.));
#4841=CARTESIAN_POINT('',(-3.11524586726209,-7.86257619142102,-5.55111512312578E-16));
#4842=CARTESIAN_POINT('Origin',(-11.0851523686379,-11.449794137194,0.));
#4843=CARTESIAN_POINT('',(-9.98092878337692,-10.3092475472849,-5.55111512312578E-16));
#4844=CARTESIAN_POINT('',(-9.83969732048659,-12.4341710838127,-5.55111512312578E-16));
#4845=CARTESIAN_POINT('Origin',(-11.0851523686379,-11.449794137194,-5.55111512312578E-16));
#4846=CARTESIAN_POINT('',(-9.83969732048659,-12.4341710838127,0.));
#4847=CARTESIAN_POINT('',(-9.98092878337692,-10.3092475472849,0.));
#4848=CARTESIAN_POINT('Origin',(-8.89898700218172,-11.2439640002303,0.));
#4849=CARTESIAN_POINT('',(-10.4957278820725,-13.2641951690732,-5.55111512312578E-16));
#4850=CARTESIAN_POINT('',(-4.45319734738488,-5.61905457137247,-5.55111512312578E-16));
#4851=CARTESIAN_POINT('',(-10.4957278820725,-13.2641951690732,0.));
#4852=CARTESIAN_POINT('Origin',(-11.449794137194,-11.0851523686379,0.));
#4853=CARTESIAN_POINT('',(-12.4341710838127,-9.83969732048658,-5.55111512312578E-16));
#4854=CARTESIAN_POINT('',(-12.4341710838127,-9.83969732048658,0.));
#4855=CARTESIAN_POINT('',(-10.3092475472849,-9.98092878337691,-5.55111512312578E-16));
#4856=CARTESIAN_POINT('Origin',(-11.449794137194,-11.0851523686379,-5.55111512312578E-16));
#4857=CARTESIAN_POINT('',(-10.3092475472849,-9.98092878337691,0.));
#4858=CARTESIAN_POINT('Origin',(-13.2641951690732,-10.4957278820725,0.));
#4859=CARTESIAN_POINT('',(-13.2641951690732,-10.4957278820725,-5.55111512312578E-16));
#4860=CARTESIAN_POINT('',(-13.2641951690732,-10.4957278820725,0.));
#4861=CARTESIAN_POINT('',(-6.62917015579396,-5.25156778733026,-5.55111512312578E-16));
#4862=CARTESIAN_POINT('Origin',(-15.3249206246587,-4.3732364065932,0.));
#4863=CARTESIAN_POINT('',(-13.7983616534102,-3.9376058781627,-5.55111512312578E-16));
#4864=CARTESIAN_POINT('',(-14.7385133869974,-5.84845937334042,-5.55111512312578E-16));
#4865=CARTESIAN_POINT('Origin',(-15.3249206246587,-4.3732364065932,-5.55111512312578E-16));
#4866=CARTESIAN_POINT('',(-14.7385133869974,-5.84845937334042,0.));
#4867=CARTESIAN_POINT('',(-13.7983616534102,-3.9376058781627,0.));
#4868=CARTESIAN_POINT('Origin',(-13.328730811952,-5.28806496234624,0.));
#4869=CARTESIAN_POINT('',(-15.72166456162,-6.23926603613601,-5.55111512312578E-16));
#4870=CARTESIAN_POINT('',(-6.66610931658702,-2.6396453303672,-5.55111512312578E-16));
#4871=CARTESIAN_POINT('',(-15.72166456162,-6.23926603613601,0.));
#4872=CARTESIAN_POINT('Origin',(-15.4583887752311,-3.87512648746467,0.));
#4873=CARTESIAN_POINT('',(-15.688156693827,-2.30434230318469,-5.55111512312578E-16));
#4874=CARTESIAN_POINT('',(-15.688156693827,-2.30434230318469,0.));
#4875=CARTESIAN_POINT('',(-13.9185346615396,-3.48911410612526,-5.55111512312578E-16));
#4876=CARTESIAN_POINT('Origin',(-15.4583887752311,-3.87512648746467,-5.55111512312578E-16));
#4877=CARTESIAN_POINT('',(-13.9185346615396,-3.48911410612526,0.));
#4878=CARTESIAN_POINT('Origin',(-16.7349939182085,-2.45746939254679,0.));
#4879=CARTESIAN_POINT('',(-16.7349939182085,-2.45746939254679,-5.55111512312578E-16));
#4880=CARTESIAN_POINT('',(-16.7349939182085,-2.45746939254679,0.));
#4881=CARTESIAN_POINT('',(-8.36681365459235,-1.23340603562706,-5.55111512312578E-16));
#4882=CARTESIAN_POINT('Origin',(-15.4583887752311,3.87512648746467,0.));
#4883=CARTESIAN_POINT('',(-13.9185346615396,3.48911410612526,-5.55111512312578E-16));
#4884=CARTESIAN_POINT('',(-15.688156693827,2.30434230318469,-5.55111512312578E-16));
#4885=CARTESIAN_POINT('Origin',(-15.4583887752311,3.87512648746467,-5.55111512312578E-16));
#4886=CARTESIAN_POINT('',(-15.688156693827,2.30434230318469,0.));
#4887=CARTESIAN_POINT('',(-13.9185346615396,3.48911410612526,0.));
#4888=CARTESIAN_POINT('Origin',(-14.187051964528,2.08476681172177,0.));
#4889=CARTESIAN_POINT('',(-16.7349939182085,2.4574693925468,-5.55111512312578E-16));
#4890=CARTESIAN_POINT('',(-7.09284267775208,1.04705474521454,-5.55111512312578E-16));
#4891=CARTESIAN_POINT('',(-16.7349939182085,2.4574693925468,0.));
#4892=CARTESIAN_POINT('Origin',(-15.3249206246587,4.37323640659321,0.));
#4893=CARTESIAN_POINT('',(-14.7385133869974,5.84845937334043,-5.55111512312578E-16));
#4894=CARTESIAN_POINT('',(-14.7385133869974,5.84845937334043,0.));
#4895=CARTESIAN_POINT('',(-13.7983616534102,3.93760587816271,-5.55111512312578E-16));
#4896=CARTESIAN_POINT('Origin',(-15.3249206246587,4.37323640659321,-5.55111512312578E-16));
#4897=CARTESIAN_POINT('',(-13.7983616534102,3.93760587816271,0.));
#4898=CARTESIAN_POINT('Origin',(-15.72166456162,6.23926603613602,0.));
#4899=CARTESIAN_POINT('',(-15.72166456162,6.23926603613602,-5.55111512312578E-16));
#4900=CARTESIAN_POINT('',(-15.72166456162,6.23926603613602,0.));
#4901=CARTESIAN_POINT('',(-7.86257619142102,3.11524586726209,-5.55111512312578E-16));
#4902=CARTESIAN_POINT('Origin',(-11.449794137194,11.0851523686379,0.));
#4903=CARTESIAN_POINT('',(-10.3092475472849,9.98092878337692,-5.55111512312578E-16));
#4904=CARTESIAN_POINT('',(-12.4341710838127,9.83969732048659,-5.55111512312578E-16));
#4905=CARTESIAN_POINT('Origin',(-11.449794137194,11.0851523686379,-5.55111512312578E-16));
#4906=CARTESIAN_POINT('',(-12.4341710838127,9.83969732048659,0.));
#4907=CARTESIAN_POINT('',(-10.3092475472849,9.98092878337692,0.));
#4908=CARTESIAN_POINT('Origin',(-11.2439640002303,8.89898700218172,0.));
#4909=CARTESIAN_POINT('',(-13.2641951690732,10.4957278820725,-5.55111512312578E-16));
#4910=CARTESIAN_POINT('',(-5.61905457137247,4.45319734738488,-5.55111512312578E-16));
#4911=CARTESIAN_POINT('',(-13.2641951690732,10.4957278820725,0.));
#4912=CARTESIAN_POINT('Origin',(-11.0851523686379,11.449794137194,0.));
#4913=CARTESIAN_POINT('',(-9.83969732048658,12.4341710838127,-5.55111512312578E-16));
#4914=CARTESIAN_POINT('',(-9.83969732048658,12.4341710838127,0.));
#4915=CARTESIAN_POINT('',(-9.98092878337691,10.3092475472849,-5.55111512312578E-16));
#4916=CARTESIAN_POINT('Origin',(-11.0851523686379,11.449794137194,-5.55111512312578E-16));
#4917=CARTESIAN_POINT('',(-9.98092878337691,10.3092475472849,0.));
#4918=CARTESIAN_POINT('Origin',(-10.4957278820725,13.2641951690732,0.));
#4919=CARTESIAN_POINT('',(-10.4957278820725,13.2641951690732,-5.55111512312578E-16));
#4920=CARTESIAN_POINT('',(-10.4957278820725,13.2641951690732,0.));
#4921=CARTESIAN_POINT('',(-5.25156778733026,6.62917015579396,-5.55111512312578E-16));
#4922=CARTESIAN_POINT('Origin',(-4.3732364065932,15.3249206246587,0.));
#4923=CARTESIAN_POINT('',(-3.9376058781627,13.7983616534102,-5.55111512312578E-16));
#4924=CARTESIAN_POINT('',(-5.84845937334041,14.7385133869974,-5.55111512312578E-16));
#4925=CARTESIAN_POINT('Origin',(-4.3732364065932,15.3249206246587,-5.55111512312578E-16));
#4926=CARTESIAN_POINT('',(-5.84845937334041,14.7385133869974,0.));
#4927=CARTESIAN_POINT('',(-3.9376058781627,13.7983616534102,0.));
#4928=CARTESIAN_POINT('Origin',(-5.28806496234624,13.328730811952,0.));
#4929=CARTESIAN_POINT('',(-6.23926603613601,15.72166456162,-5.55111512312578E-16));
#4930=CARTESIAN_POINT('',(-2.6396453303672,6.66610931658702,-5.55111512312578E-16));
#4931=CARTESIAN_POINT('',(-6.23926603613601,15.72166456162,0.));
#4932=CARTESIAN_POINT('Origin',(-3.87512648746467,15.4583887752311,0.));
#4933=CARTESIAN_POINT('',(-2.30434230318469,15.688156693827,-5.55111512312578E-16));
#4934=CARTESIAN_POINT('',(-2.30434230318469,15.688156693827,0.));
#4935=CARTESIAN_POINT('',(-3.48911410612526,13.9185346615396,-5.55111512312578E-16));
#4936=CARTESIAN_POINT('Origin',(-3.87512648746467,15.4583887752311,-5.55111512312578E-16));
#4937=CARTESIAN_POINT('',(-3.48911410612526,13.9185346615396,0.));
#4938=CARTESIAN_POINT('Origin',(-2.45746939254679,16.7349939182085,0.));
#4939=CARTESIAN_POINT('',(-2.45746939254679,16.7349939182085,-5.55111512312578E-16));
#4940=CARTESIAN_POINT('',(-2.45746939254679,16.7349939182085,0.));
#4941=CARTESIAN_POINT('',(-1.23340603562706,8.36681365459235,-5.55111512312578E-16));
#4942=CARTESIAN_POINT('Origin',(3.87512648746467,15.4583887752311,0.));
#4943=CARTESIAN_POINT('',(3.48911410612526,13.9185346615396,-5.55111512312578E-16));
#4944=CARTESIAN_POINT('',(2.30434230318469,15.688156693827,-5.55111512312578E-16));
#4945=CARTESIAN_POINT('Origin',(3.87512648746467,15.4583887752311,-5.55111512312578E-16));
#4946=CARTESIAN_POINT('',(2.30434230318469,15.688156693827,0.));
#4947=CARTESIAN_POINT('',(3.48911410612526,13.9185346615396,0.));
#4948=CARTESIAN_POINT('Origin',(2.08476681172176,14.187051964528,0.));
#4949=CARTESIAN_POINT('',(2.4574693925468,16.7349939182085,-5.55111512312578E-16));
#4950=CARTESIAN_POINT('',(1.04705474521454,7.09284267775208,-5.55111512312578E-16));
#4951=CARTESIAN_POINT('',(2.4574693925468,16.7349939182085,0.));
#4952=CARTESIAN_POINT('Origin',(4.37323640659321,15.3249206246587,0.));
#4953=CARTESIAN_POINT('',(5.84845937334042,14.7385133869974,-5.55111512312578E-16));
#4954=CARTESIAN_POINT('',(5.84845937334042,14.7385133869974,0.));
#4955=CARTESIAN_POINT('',(3.93760587816271,13.7983616534102,-5.55111512312578E-16));
#4956=CARTESIAN_POINT('Origin',(4.37323640659321,15.3249206246587,-5.55111512312578E-16));
#4957=CARTESIAN_POINT('',(3.93760587816271,13.7983616534102,0.));
#4958=CARTESIAN_POINT('Origin',(6.23926603613602,15.72166456162,0.));
#4959=CARTESIAN_POINT('',(6.23926603613602,15.72166456162,-5.55111512312578E-16));
#4960=CARTESIAN_POINT('',(6.23926603613602,15.72166456162,0.));
#4961=CARTESIAN_POINT('',(3.11524586726209,7.86257619142102,-5.55111512312578E-16));
#4962=CARTESIAN_POINT('Origin',(11.0851523686379,11.449794137194,0.));
#4963=CARTESIAN_POINT('',(9.98092878337692,10.3092475472849,-5.55111512312578E-16));
#4964=CARTESIAN_POINT('',(9.83969732048659,12.4341710838127,-5.55111512312578E-16));
#4965=CARTESIAN_POINT('Origin',(11.0851523686379,11.449794137194,-5.55111512312578E-16));
#4966=CARTESIAN_POINT('',(9.83969732048659,12.4341710838127,0.));
#4967=CARTESIAN_POINT('',(9.98092878337692,10.3092475472849,0.));
#4968=CARTESIAN_POINT('Origin',(8.89898700218172,11.2439640002303,0.));
#4969=CARTESIAN_POINT('',(10.4957278820725,13.2641951690732,-5.55111512312578E-16));
#4970=CARTESIAN_POINT('',(4.45319734738488,5.61905457137247,-5.55111512312578E-16));
#4971=CARTESIAN_POINT('',(10.4957278820725,13.2641951690732,0.));
#4972=CARTESIAN_POINT('Origin',(11.449794137194,11.0851523686379,0.));
#4973=CARTESIAN_POINT('',(12.4341710838127,9.83969732048659,-5.55111512312578E-16));
#4974=CARTESIAN_POINT('',(12.4341710838127,9.83969732048659,0.));
#4975=CARTESIAN_POINT('',(10.3092475472849,9.98092878337691,-5.55111512312578E-16));
#4976=CARTESIAN_POINT('Origin',(11.449794137194,11.0851523686379,-5.55111512312578E-16));
#4977=CARTESIAN_POINT('',(10.3092475472849,9.98092878337691,0.));
#4978=CARTESIAN_POINT('Origin',(13.2641951690732,10.4957278820725,0.));
#4979=CARTESIAN_POINT('',(13.2641951690732,10.4957278820725,-5.55111512312578E-16));
#4980=CARTESIAN_POINT('',(13.2641951690732,10.4957278820725,0.));
#4981=CARTESIAN_POINT('',(6.62917015579396,5.25156778733026,-5.55111512312578E-16));
#4982=CARTESIAN_POINT('Origin',(15.3249206246587,4.3732364065932,0.));
#4983=CARTESIAN_POINT('',(13.7983616534102,3.9376058781627,-5.55111512312578E-16));
#4984=CARTESIAN_POINT('',(14.7385133869974,5.84845937334042,-5.55111512312578E-16));
#4985=CARTESIAN_POINT('Origin',(15.3249206246587,4.3732364065932,-5.55111512312578E-16));
#4986=CARTESIAN_POINT('',(14.7385133869974,5.84845937334042,0.));
#4987=CARTESIAN_POINT('',(13.7983616534102,3.9376058781627,0.));
#4988=CARTESIAN_POINT('Origin',(13.328730811952,5.28806496234624,0.));
#4989=CARTESIAN_POINT('',(15.72166456162,6.23926603613601,-5.55111512312578E-16));
#4990=CARTESIAN_POINT('',(6.66610931658702,2.6396453303672,-5.55111512312578E-16));
#4991=CARTESIAN_POINT('',(15.72166456162,6.23926603613601,0.));
#4992=CARTESIAN_POINT('Ctrl Pts',(18.6341711255607,-9.68336882179497,-27.5));
#4993=CARTESIAN_POINT('Ctrl Pts',(18.6341711255607,-9.68336882179497,11.5));
#4994=CARTESIAN_POINT('Ctrl Pts',(18.6279954746569,-9.6708148596134,-27.5));
#4995=CARTESIAN_POINT('Ctrl Pts',(18.6279954746569,-9.6708148596134,11.5));
#4996=CARTESIAN_POINT('Ctrl Pts',(18.6156145206641,-9.64573602675299,-27.5));
#4997=CARTESIAN_POINT('Ctrl Pts',(18.6156145206641,-9.64573602675299,11.5));
#4998=CARTESIAN_POINT('Ctrl Pts',(18.5969541331302,-9.60820505197998,-27.5));
#4999=CARTESIAN_POINT('Ctrl Pts',(18.5969541331302,-9.60820505197998,11.5));
#5000=CARTESIAN_POINT('Ctrl Pts',(18.5718956441315,-9.55833835922736,-27.5));
#5001=CARTESIAN_POINT('Ctrl Pts',(18.5718956441315,-9.55833835922736,11.5));
#5002=CARTESIAN_POINT('Ctrl Pts',(18.540275576952,-9.49629650795661,-27.5));
#5003=CARTESIAN_POINT('Ctrl Pts',(18.540275576952,-9.49629650795661,11.5));
#5004=CARTESIAN_POINT('Ctrl Pts',(18.508358138567,-9.43454709779136,-27.5));
#5005=CARTESIAN_POINT('Ctrl Pts',(18.508358138567,-9.43454709779136,11.5));
#5006=CARTESIAN_POINT('Ctrl Pts',(18.4761429471643,-9.37309154735116,-27.5));
#5007=CARTESIAN_POINT('Ctrl Pts',(18.4761429471643,-9.37309154735116,11.5));
#5008=CARTESIAN_POINT('Ctrl Pts',(18.4436297599477,-9.31193182422334,-27.5));
#5009=CARTESIAN_POINT('Ctrl Pts',(18.4436297599477,-9.31193182422334,11.5));
#5010=CARTESIAN_POINT('Ctrl Pts',(18.4108186041577,-9.2510705289134,-27.5));
#5011=CARTESIAN_POINT('Ctrl Pts',(18.4108186041577,-9.2510705289134,11.5));
#5012=CARTESIAN_POINT('Ctrl Pts',(18.3777097207339,-9.19051075601376,-27.5));
#5013=CARTESIAN_POINT('Ctrl Pts',(18.3777097207339,-9.19051075601376,11.5));
#5014=CARTESIAN_POINT('Ctrl Pts',(18.3443034755065,-9.1302559163613,-27.5));
#5015=CARTESIAN_POINT('Ctrl Pts',(18.3443034755065,-9.1302559163613,11.5));
#5016=CARTESIAN_POINT('Ctrl Pts',(18.310600281562,-9.07030956428596,-27.5));
#5017=CARTESIAN_POINT('Ctrl Pts',(18.310600281562,-9.07030956428596,11.5));
#5018=CARTESIAN_POINT('Ctrl Pts',(18.2766005246161,-9.01067523618777,-27.5));
#5019=CARTESIAN_POINT('Ctrl Pts',(18.2766005246161,-9.01067523618777,11.5));
#5020=CARTESIAN_POINT('Ctrl Pts',(18.2423044755825,-8.95135624283597,-27.5));
#5021=CARTESIAN_POINT('Ctrl Pts',(18.2423044755825,-8.95135624283597,11.5));
#5022=CARTESIAN_POINT('Ctrl Pts',(18.2077122863624,-8.89235569448271,-27.5));
#5023=CARTESIAN_POINT('Ctrl Pts',(18.2077122863624,-8.89235569448271,11.5));
#5024=CARTESIAN_POINT('Ctrl Pts',(18.1728240227388,-8.83367662388487,-27.5));
#5025=CARTESIAN_POINT('Ctrl Pts',(18.1728240227388,-8.83367662388487,11.5));
#5026=CARTESIAN_POINT('Ctrl Pts',(18.1376396880447,-8.7753220799145,-27.5));
#5027=CARTESIAN_POINT('Ctrl Pts',(18.1376396880447,-8.7753220799145,11.5));
#5028=CARTESIAN_POINT('Ctrl Pts',(18.1021592509799,-8.71729522135083,-27.5));
#5029=CARTESIAN_POINT('Ctrl Pts',(18.1021592509799,-8.71729522135083,11.5));
#5030=CARTESIAN_POINT('Ctrl Pts',(18.0663826782163,-8.65959943231185,-27.5));
#5031=CARTESIAN_POINT('Ctrl Pts',(18.0663826782163,-8.65959943231185,11.5));
#5032=CARTESIAN_POINT('Ctrl Pts',(18.030309947477,-8.60223832164988,-27.5));
#5033=CARTESIAN_POINT('Ctrl Pts',(18.030309947477,-8.60223832164988,11.5));
#5034=CARTESIAN_POINT('Ctrl Pts',(17.9939410447152,-8.54521563723016,-27.5));
#5035=CARTESIAN_POINT('Ctrl Pts',(17.9939410447152,-8.54521563723016,11.5));
#5036=CARTESIAN_POINT('Ctrl Pts',(17.9572759694815,-8.48853519803009,-27.5));
#5037=CARTESIAN_POINT('Ctrl Pts',(17.9572759694815,-8.48853519803009,11.5));
#5038=CARTESIAN_POINT('Ctrl Pts',(17.9203147358444,-8.4322008278784,-27.5));
#5039=CARTESIAN_POINT('Ctrl Pts',(17.9203147358444,-8.4322008278784,11.5));
#5040=CARTESIAN_POINT('Ctrl Pts',(17.8830573854041,-8.37621625830133,-27.5));
#5041=CARTESIAN_POINT('Ctrl Pts',(17.8830573854041,-8.37621625830133,11.5));
#5042=CARTESIAN_POINT('Ctrl Pts',(17.8455039669834,-8.32058514807245,-27.5));
#5043=CARTESIAN_POINT('Ctrl Pts',(17.8455039669834,-8.32058514807245,11.5));
#5044=CARTESIAN_POINT('Ctrl Pts',(17.8076544833656,-8.26531122597931,-27.5));
#5045=CARTESIAN_POINT('Ctrl Pts',(17.8076544833656,-8.26531122597931,11.5));
#5046=CARTESIAN_POINT('Ctrl Pts',(17.7695088450109,-8.21039840667259,-27.5));
#5047=CARTESIAN_POINT('Ctrl Pts',(17.7695088450109,-8.21039840667259,11.5));
#5048=CARTESIAN_POINT('Ctrl Pts',(17.731066830899,-8.15585089734559,-27.5));
#5049=CARTESIAN_POINT('Ctrl Pts',(17.731066830899,-8.15585089734559,11.5));
#5050=CARTESIAN_POINT('Ctrl Pts',(17.6923280292408,-8.10167334893822,-27.5));
#5051=CARTESIAN_POINT('Ctrl Pts',(17.6923280292408,-8.10167334893822,11.5));
#5052=CARTESIAN_POINT('Ctrl Pts',(17.6532918566393,-8.04787083355246,-27.5));
#5053=CARTESIAN_POINT('Ctrl Pts',(17.6532918566393,-8.04787083355246,11.5));
#5054=CARTESIAN_POINT('Ctrl Pts',(17.6139576829664,-7.99444858350276,-27.5));
#5055=CARTESIAN_POINT('Ctrl Pts',(17.6139576829664,-7.99444858350276,11.5));
#5056=CARTESIAN_POINT('Ctrl Pts',(17.5743249414962,-7.94141176819591,-27.5));
#5057=CARTESIAN_POINT('Ctrl Pts',(17.5743249414962,-7.94141176819591,11.5));
#5058=CARTESIAN_POINT('Ctrl Pts',(17.5343932275743,-7.88876529180084,-27.5));
#5059=CARTESIAN_POINT('Ctrl Pts',(17.5343932275743,-7.88876529180084,11.5));
#5060=CARTESIAN_POINT('Ctrl Pts',(17.4941624517951,-7.83651348553077,-27.5));
#5061=CARTESIAN_POINT('Ctrl Pts',(17.4941624517951,-7.83651348553077,11.5));
#5062=CARTESIAN_POINT('Ctrl Pts',(17.453632810828,-7.78466016116182,-27.5));
#5063=CARTESIAN_POINT('Ctrl Pts',(17.453632810828,-7.78466016116182,11.5));
#5064=CARTESIAN_POINT('Ctrl Pts',(17.4128044592041,-7.73320925776238,-27.5));
#5065=CARTESIAN_POINT('Ctrl Pts',(17.4128044592041,-7.73320925776238,11.5));
#5066=CARTESIAN_POINT('Ctrl Pts',(17.3716772307044,-7.68216539068496,-27.5));
#5067=CARTESIAN_POINT('Ctrl Pts',(17.3716772307044,-7.68216539068496,11.5));
#5068=CARTESIAN_POINT('Ctrl Pts',(17.3302503854967,-7.63153435194702,-27.5));
#5069=CARTESIAN_POINT('Ctrl Pts',(17.3302503854967,-7.63153435194702,11.5));
#5070=CARTESIAN_POINT('Ctrl Pts',(17.2885222427238,-7.58132383518686,-27.5));
#5071=CARTESIAN_POINT('Ctrl Pts',(17.2885222427238,-7.58132383518686,11.5));
#5072=CARTESIAN_POINT('Ctrl Pts',(17.2464902180529,-7.53154337009878,-27.5));
#5073=CARTESIAN_POINT('Ctrl Pts',(17.2464902180529,-7.53154337009878,11.5));
#5074=CARTESIAN_POINT('Ctrl Pts',(17.2041515645029,-7.48220288257496,-27.5));
#5075=CARTESIAN_POINT('Ctrl Pts',(17.2041515645029,-7.48220288257496,11.5));
#5076=CARTESIAN_POINT('Ctrl Pts',(17.1615040092019,-7.43331145982139,-27.5));
#5077=CARTESIAN_POINT('Ctrl Pts',(17.1615040092019,-7.43331145982139,11.5));
#5078=CARTESIAN_POINT('Ctrl Pts',(17.1185463262627,-7.38487623998075,-27.5));
#5079=CARTESIAN_POINT('Ctrl Pts',(17.1185463262627,-7.38487623998075,11.5));
#5080=CARTESIAN_POINT('Ctrl Pts',(17.0752792001313,-7.33690073789036,-27.5));
#5081=CARTESIAN_POINT('Ctrl Pts',(17.0752792001313,-7.33690073789036,11.5));
#5082=CARTESIAN_POINT('Ctrl Pts',(17.0317050833898,-7.28938512756192,-27.5));
#5083=CARTESIAN_POINT('Ctrl Pts',(17.0317050833898,-7.28938512756192,11.5));
#5084=CARTESIAN_POINT('Ctrl Pts',(16.9878264010786,-7.24232974212969,-27.5));
#5085=CARTESIAN_POINT('Ctrl Pts',(16.9878264010786,-7.24232974212969,11.5));
#5086=CARTESIAN_POINT('Ctrl Pts',(16.9436440057727,-7.19573808648988,-27.5));
#5087=CARTESIAN_POINT('Ctrl Pts',(16.9436440057727,-7.19573808648988,11.5));
#5088=CARTESIAN_POINT('Ctrl Pts',(16.8991558042135,-7.14961951779043,-27.5));
#5089=CARTESIAN_POINT('Ctrl Pts',(16.8991558042135,-7.14961951779043,11.5));
#5090=CARTESIAN_POINT('Ctrl Pts',(16.8543546549481,-7.10399334293935,-27.5));
#5091=CARTESIAN_POINT('Ctrl Pts',(16.8543546549481,-7.10399334293935,11.5));
#5092=CARTESIAN_POINT('Ctrl Pts',(16.8092288852223,-7.0588878279677,-27.5));
#5093=CARTESIAN_POINT('Ctrl Pts',(16.8092288852223,-7.0588878279677,11.5));
#5094=CARTESIAN_POINT('Ctrl Pts',(16.7637664236434,-7.01433218368563,-27.5));
#5095=CARTESIAN_POINT('Ctrl Pts',(16.7637664236434,-7.01433218368563,11.5));
#5096=CARTESIAN_POINT('Ctrl Pts',(16.7179583870496,-6.97034961145971,-27.5));
#5097=CARTESIAN_POINT('Ctrl Pts',(16.7179583870496,-6.97034961145971,11.5));
#5098=CARTESIAN_POINT('Ctrl Pts',(16.6718021888995,-6.92695128171654,-27.5));
#5099=CARTESIAN_POINT('Ctrl Pts',(16.6718021888995,-6.92695128171654,11.5));
#5100=CARTESIAN_POINT('Ctrl Pts',(16.6253065740022,-6.88412656474418,-27.5));
#5101=CARTESIAN_POINT('Ctrl Pts',(16.6253065740022,-6.88412656474418,11.5));
#5102=CARTESIAN_POINT('Ctrl Pts',(16.5784893672416,-6.84184743873847,-27.5));
#5103=CARTESIAN_POINT('Ctrl Pts',(16.5784893672416,-6.84184743873847,11.5));
#5104=CARTESIAN_POINT('Ctrl Pts',(16.5313676130638,-6.80008770540387,-27.5));
#5105=CARTESIAN_POINT('Ctrl Pts',(16.5313676130638,-6.80008770540387,11.5));
#5106=CARTESIAN_POINT('Ctrl Pts',(16.483948930396,-6.75883983865991,-27.5));
#5107=CARTESIAN_POINT('Ctrl Pts',(16.483948930396,-6.75883983865991,11.5));
#5108=CARTESIAN_POINT('Ctrl Pts',(16.4362240966974,-6.71812944880289,-27.5));
#5109=CARTESIAN_POINT('Ctrl Pts',(16.4362240966974,-6.71812944880289,11.5));
#5110=CARTESIAN_POINT('Ctrl Pts',(16.3881548195136,-6.67803909545318,-27.5));
#5111=CARTESIAN_POINT('Ctrl Pts',(16.3881548195136,-6.67803909545318,11.5));
#5112=CARTESIAN_POINT('Ctrl Pts',(16.3396817937835,-6.63869269959348,-27.5));
#5113=CARTESIAN_POINT('Ctrl Pts',(16.3396817937835,-6.63869269959348,11.5));
#5114=CARTESIAN_POINT('Ctrl Pts',(16.290747119825,-6.60021209090997,-27.5));
#5115=CARTESIAN_POINT('Ctrl Pts',(16.290747119825,-6.60021209090997,11.5));
#5116=CARTESIAN_POINT('Ctrl Pts',(16.2413143163433,-6.56267817569862,-27.5));
#5117=CARTESIAN_POINT('Ctrl Pts',(16.2413143163433,-6.56267817569862,11.5));
#5118=CARTESIAN_POINT('Ctrl Pts',(16.1913854339651,-6.52609785451196,-27.5));
#5119=CARTESIAN_POINT('Ctrl Pts',(16.1913854339651,-6.52609785451196,11.5));
#5120=CARTESIAN_POINT('Ctrl Pts',(16.1410293317459,-6.49034896712809,-27.5));
#5121=CARTESIAN_POINT('Ctrl Pts',(16.1410293317459,-6.49034896712809,11.5));
#5122=CARTESIAN_POINT('Ctrl Pts',(16.0903521201344,-6.45523897231561,-27.5));
#5123=CARTESIAN_POINT('Ctrl Pts',(16.0903521201344,-6.45523897231561,11.5));
#5124=CARTESIAN_POINT('Ctrl Pts',(16.039442944698,-6.42061206213067,-27.5));
#5125=CARTESIAN_POINT('Ctrl Pts',(16.039442944698,-6.42061206213067,11.5));
#5126=CARTESIAN_POINT('Ctrl Pts',(15.9883252735785,-6.38644556832088,-27.5));
#5127=CARTESIAN_POINT('Ctrl Pts',(15.9883252735785,-6.38644556832088,11.5));
#5128=CARTESIAN_POINT('Ctrl Pts',(15.936911149952,-6.35294028906404,-27.5));
#5129=CARTESIAN_POINT('Ctrl Pts',(15.936911149952,-6.35294028906404,11.5));
#5130=CARTESIAN_POINT('Ctrl Pts',(15.8849401177533,-6.32064160720157,-27.5));
#5131=CARTESIAN_POINT('Ctrl Pts',(15.8849401177533,-6.32064160720157,11.5));
#5132=CARTESIAN_POINT('Ctrl Pts',(15.8320483941676,-6.29029940790353,-27.5));
#5133=CARTESIAN_POINT('Ctrl Pts',(15.8320483941676,-6.29029940790353,11.5));
#5134=CARTESIAN_POINT('Ctrl Pts',(15.7887006723502,-6.2682010577258,-27.5));
#5135=CARTESIAN_POINT('Ctrl Pts',(15.7887006723502,-6.2682010577258,11.5));
#5136=CARTESIAN_POINT('Ctrl Pts',(15.7554753704825,-6.25312195649747,-27.5));
#5137=CARTESIAN_POINT('Ctrl Pts',(15.7554753704825,-6.25312195649747,11.5));
#5138=CARTESIAN_POINT('Ctrl Pts',(15.7329905946487,-6.24376818116204,-27.5));
#5139=CARTESIAN_POINT('Ctrl Pts',(15.7329905946487,-6.24376818116204,11.5));
#5140=CARTESIAN_POINT('Ctrl Pts',(15.72166456162,-6.23926603613602,-27.5));
#5141=CARTESIAN_POINT('Ctrl Pts',(15.72166456162,-6.23926603613602,11.5));
#5142=CARTESIAN_POINT('',(18.6341711255608,-9.68336882179496,-5.55111512312578E-16));
#5143=CARTESIAN_POINT('Ctrl Pts',(18.6341711255607,-9.68336882179497,3.5527136788005E-15));
#5144=CARTESIAN_POINT('Ctrl Pts',(18.5820365151327,-9.57738874975841,3.5527136788005E-15));
#5145=CARTESIAN_POINT('Ctrl Pts',(18.5286346641174,-9.4726487423109,3.5527136788005E-15));
#5146=CARTESIAN_POINT('Ctrl Pts',(18.4739584092318,-9.36917028940608,3.5527136788005E-15));
#5147=CARTESIAN_POINT('Ctrl Pts',(18.3798428614303,-9.19105034865349,3.5527136788005E-15));
#5148=CARTESIAN_POINT('Ctrl Pts',(18.2819504397677,-9.01667403504554,3.5527136788005E-15));
#5149=CARTESIAN_POINT('Ctrl Pts',(18.1803113533835,-8.84640559144455,3.5527136788005E-15));
#5150=CARTESIAN_POINT('Ctrl Pts',(18.0983944478823,-8.70917625870958,3.5527136788005E-15));
#5151=CARTESIAN_POINT('Ctrl Pts',(18.014040699272,-8.57460739577046,3.5527136788005E-15));
#5152=CARTESIAN_POINT('Ctrl Pts',(17.9272494578099,-8.4429091856199,3.5527136788005E-15));
#5153=CARTESIAN_POINT('Ctrl Pts',(17.8565451217887,-8.33562146456629,3.5527136788005E-15));
#5154=CARTESIAN_POINT('Ctrl Pts',(17.784224841839,-8.23023748324838,3.5527136788005E-15));
#5155=CARTESIAN_POINT('Ctrl Pts',(17.7102839333047,-8.12688433682072,3.5527136788005E-15));
#5156=CARTESIAN_POINT('Ctrl Pts',(17.6401078625772,-8.02879360656878,3.5527136788005E-15));
#5157=CARTESIAN_POINT('Ctrl Pts',(17.5684685068701,-7.93253889997471,3.5527136788005E-15));
#5158=CARTESIAN_POINT('Ctrl Pts',(17.4953561802963,-7.83824858787327,3.5527136788005E-15));
#5159=CARTESIAN_POINT('Ctrl Pts',(17.4435598369386,-7.77144872511716,3.5527136788005E-15));
#5160=CARTESIAN_POINT('Ctrl Pts',(17.3910269076135,-7.7056296444182,3.5527136788005E-15));
#5161=CARTESIAN_POINT('Ctrl Pts',(17.337752625415,-7.64084166978133,3.5527136788005E-15));
#5162=CARTESIAN_POINT('Ctrl Pts',(17.2786132334592,-7.56892101185862,3.5527136788005E-15));
#5163=CARTESIAN_POINT('Ctrl Pts',(17.2185570269775,-7.49827715623317,3.5527136788005E-15));
#5164=CARTESIAN_POINT('Ctrl Pts',(17.157554800702,-7.4290270063578,3.5527136788005E-15));
#5165=CARTESIAN_POINT('Ctrl Pts',(17.104177852711,-7.36843312521684,3.5527136788005E-15));
#5166=CARTESIAN_POINT('Ctrl Pts',(17.0500774455636,-7.3089046947147,3.5527136788005E-15));
#5167=CARTESIAN_POINT('Ctrl Pts',(16.995269874859,-7.25045352943469,3.5527136788005E-15));
#5168=CARTESIAN_POINT('Ctrl Pts',(16.9604681947976,-7.21333824176291,3.5527136788005E-15));
#5169=CARTESIAN_POINT('Ctrl Pts',(16.9253827295923,-7.17665475648063,3.5527136788005E-15));
#5170=CARTESIAN_POINT('Ctrl Pts',(16.8900027737767,-7.14043583700422,3.5527136788005E-15));
#5171=CARTESIAN_POINT('Ctrl Pts',(16.845671781406,-7.09505362535435,3.5527136788005E-15));
#5172=CARTESIAN_POINT('Ctrl Pts',(16.8008741994876,-7.05040892722383,3.5527136788005E-15));
#5173=CARTESIAN_POINT('Ctrl Pts',(16.7555639006893,-7.00661679152591,3.5527136788005E-15));
#5174=CARTESIAN_POINT('Ctrl Pts',(16.7248566907875,-6.97693845484332,3.5527136788005E-15));
#5175=CARTESIAN_POINT('Ctrl Pts',(16.6939131924378,-6.94765329365049,3.5527136788005E-15));
#5176=CARTESIAN_POINT('Ctrl Pts',(16.6627403509411,-6.91875641118153,3.5527136788005E-15));
#5177=CARTESIAN_POINT('Ctrl Pts',(16.6263892611655,-6.88505934930242,3.5527136788005E-15));
#5178=CARTESIAN_POINT('Ctrl Pts',(16.5897302160753,-6.85188261825526,3.5527136788005E-15));
#5179=CARTESIAN_POINT('Ctrl Pts',(16.5527964466215,-6.81917656731826,3.5527136788005E-15));
#5180=CARTESIAN_POINT('Ctrl Pts',(16.5280443551614,-6.79725778740319,3.5527136788005E-15));
#5181=CARTESIAN_POINT('Ctrl Pts',(16.5031693952549,-6.77554942455799,3.5527136788005E-15));
#5182=CARTESIAN_POINT('Ctrl Pts',(16.4781664767174,-6.75406634012128,3.5527136788005E-15));
#5183=CARTESIAN_POINT('Ctrl Pts',(16.4512452882092,-6.7309350338703,3.5527136788005E-15));
#5184=CARTESIAN_POINT('Ctrl Pts',(16.4241759834901,-6.70806443608513,3.5527136788005E-15));
#5185=CARTESIAN_POINT('Ctrl Pts',(16.3969202487496,-6.68553583489917,3.5527136788005E-15));
#5186=CARTESIAN_POINT('Ctrl Pts',(16.3704412140033,-6.66364922574084,3.5527136788005E-15));
#5187=CARTESIAN_POINT('Ctrl Pts',(16.3437832944071,-6.64209108155878,3.5527136788005E-15));
#5188=CARTESIAN_POINT('Ctrl Pts',(16.3169075122465,-6.62094417408203,3.5527136788005E-15));
#5189=CARTESIAN_POINT('Ctrl Pts',(16.2950188345492,-6.60372131376534,3.5527136788005E-15));
#5190=CARTESIAN_POINT('Ctrl Pts',(16.2729850319412,-6.58677243418186,3.5527136788005E-15));
#5191=CARTESIAN_POINT('Ctrl Pts',(16.2508018415427,-6.57011007638346,3.5527136788005E-15));
#5192=CARTESIAN_POINT('Ctrl Pts',(16.2291965877253,-6.5538818214318,3.5527136788005E-15));
#5193=CARTESIAN_POINT('Ctrl Pts',(16.2074493166433,-6.5379259473865,3.5527136788005E-15));
#5194=CARTESIAN_POINT('Ctrl Pts',(16.1855830377299,-6.52220213562924,3.5527136788005E-15));
#5195=CARTESIAN_POINT('Ctrl Pts',(16.1606416010636,-6.50426701019479,3.5527136788005E-15));
#5196=CARTESIAN_POINT('Ctrl Pts',(16.1355480033145,-6.48662846870126,3.5527136788005E-15));
#5197=CARTESIAN_POINT('Ctrl Pts',(16.1103555794787,-6.46919122445965,3.5527136788005E-15));
#5198=CARTESIAN_POINT('Ctrl Pts',(16.0915254304503,-6.45615770653163,3.5527136788005E-15));
#5199=CARTESIAN_POINT('Ctrl Pts',(16.0726408804122,-6.44323509889251,3.5527136788005E-15));
#5200=CARTESIAN_POINT('Ctrl Pts',(16.053711998855,-6.43040871052176,3.5527136788005E-15));
#5201=CARTESIAN_POINT('Ctrl Pts',(16.0367681678057,-6.4189274110657,3.5527136788005E-15));
#5202=CARTESIAN_POINT('Ctrl Pts',(16.0197891132072,-6.40752263146776,3.5527136788005E-15));
#5203=CARTESIAN_POINT('Ctrl Pts',(16.0027649940107,-6.39621813449888,3.5527136788005E-15));
#5204=CARTESIAN_POINT('Ctrl Pts',(15.9858373446365,-6.38497769622237,3.5527136788005E-15));
#5205=CARTESIAN_POINT('Ctrl Pts',(15.9688655137886,-6.37383567206478,3.5527136788005E-15));
#5206=CARTESIAN_POINT('Ctrl Pts',(15.9518156943065,-6.36286366335974,3.5527136788005E-15));
#5207=CARTESIAN_POINT('Ctrl Pts',(15.9304879334699,-6.34913868651744,3.5527136788005E-15));
#5208=CARTESIAN_POINT('Ctrl Pts',(15.909037717945,-6.3356806489291,3.5527136788005E-15));
#5209=CARTESIAN_POINT('Ctrl Pts',(15.8873576240431,-6.3227115671771,3.5527136788005E-15));
#5210=CARTESIAN_POINT('Ctrl Pts',(15.8652889790839,-6.30951005329401,3.5527136788005E-15));
#5211=CARTESIAN_POINT('Ctrl Pts',(15.8429790057683,-6.29682152026615,3.5527136788005E-15));
#5212=CARTESIAN_POINT('Ctrl Pts',(15.8203084725744,-6.28489034144385,3.5527136788005E-15));
#5213=CARTESIAN_POINT('Ctrl Pts',(15.8034450838759,-6.27601538008357,3.5527136788005E-15));
#5214=CARTESIAN_POINT('Ctrl Pts',(15.7863818078917,-6.26756021327296,3.5527136788005E-15));
#5215=CARTESIAN_POINT('Ctrl Pts',(15.7690830023105,-6.25959763595897,3.5527136788005E-15));
#5216=CARTESIAN_POINT('Ctrl Pts',(15.753472218362,-6.25241204886523,3.5527136788005E-15));
#5217=CARTESIAN_POINT('Ctrl Pts',(15.7376694150015,-6.24562803162563,3.5527136788005E-15));
#5218=CARTESIAN_POINT('Ctrl Pts',(15.72166456162,-6.23926603613602,3.5527136788005E-15));
#5219=CARTESIAN_POINT('',(18.6341711255608,-9.68336882179496,0.));
#5220=CARTESIAN_POINT('Origin',(4.23398735699579E-14,-2.4364813957804E-14,
0.));
#5221=CARTESIAN_POINT('',(17.703128956669,-11.2959811623046,-5.55111512312578E-16));
#5222=CARTESIAN_POINT('Origin',(4.23398735699579E-14,-2.4364813957804E-14,
-5.55111512312578E-16));
#5223=CARTESIAN_POINT('',(17.703128956669,-11.2959811623046,0.));
#5224=CARTESIAN_POINT('Ctrl Pts',(13.2641951690732,-10.4957278820725,-27.5));
#5225=CARTESIAN_POINT('Ctrl Pts',(13.2641951690732,-10.4957278820725,11.5));
#5226=CARTESIAN_POINT('Ctrl Pts',(13.2737571575516,-10.5032854418864,-27.5));
#5227=CARTESIAN_POINT('Ctrl Pts',(13.2737571575516,-10.5032854418864,11.5));
#5228=CARTESIAN_POINT('Ctrl Pts',(13.2931001525303,-10.5180809412892,-27.5));
#5229=CARTESIAN_POINT('Ctrl Pts',(13.2931001525303,-10.5180809412892,11.5));
#5230=CARTESIAN_POINT('Ctrl Pts',(13.3227716881941,-10.5393153461408,-27.5));
#5231=CARTESIAN_POINT('Ctrl Pts',(13.3227716881941,-10.5393153461408,11.5));
#5232=CARTESIAN_POINT('Ctrl Pts',(13.3635832817385,-10.5658063993421,-27.5));
#5233=CARTESIAN_POINT('Ctrl Pts',(13.3635832817385,-10.5658063993421,11.5));
#5234=CARTESIAN_POINT('Ctrl Pts',(13.4163062589301,-10.5964408759682,-27.5));
#5235=CARTESIAN_POINT('Ctrl Pts',(13.4163062589301,-10.5964408759682,11.5));
#5236=CARTESIAN_POINT('Ctrl Pts',(13.4702632540311,-10.6252997691819,-27.5));
#5237=CARTESIAN_POINT('Ctrl Pts',(13.4702632540311,-10.6252997691819,11.5));
#5238=CARTESIAN_POINT('Ctrl Pts',(13.5249867388417,-10.6530730667274,-27.5));
#5239=CARTESIAN_POINT('Ctrl Pts',(13.5249867388417,-10.6530730667274,11.5));
#5240=CARTESIAN_POINT('Ctrl Pts',(13.5801346259989,-10.6802590215943,-27.5));
#5241=CARTESIAN_POINT('Ctrl Pts',(13.5801346259989,-10.6802590215943,11.5));
#5242=CARTESIAN_POINT('Ctrl Pts',(13.6355769975918,-10.7070342057154,-27.5));
#5243=CARTESIAN_POINT('Ctrl Pts',(13.6355769975918,-10.7070342057154,11.5));
#5244=CARTESIAN_POINT('Ctrl Pts',(13.6913217508319,-10.7333669609577,-27.5));
#5245=CARTESIAN_POINT('Ctrl Pts',(13.6913217508319,-10.7333669609577,11.5));
#5246=CARTESIAN_POINT('Ctrl Pts',(13.747459246573,-10.7591021810231,-27.5));
#5247=CARTESIAN_POINT('Ctrl Pts',(13.747459246573,-10.7591021810231,11.5));
#5248=CARTESIAN_POINT('Ctrl Pts',(13.8041031751884,-10.7840517009519,-27.5));
#5249=CARTESIAN_POINT('Ctrl Pts',(13.8041031751884,-10.7840517009519,11.5));
#5250=CARTESIAN_POINT('Ctrl Pts',(13.8613249010058,-10.8080948069417,-27.5));
#5251=CARTESIAN_POINT('Ctrl Pts',(13.8613249010058,-10.8080948069417,11.5));
#5252=CARTESIAN_POINT('Ctrl Pts',(13.919117422658,-10.8312331733738,-27.5));
#5253=CARTESIAN_POINT('Ctrl Pts',(13.919117422658,-10.8312331733738,11.5));
#5254=CARTESIAN_POINT('Ctrl Pts',(13.9774289138849,-10.8535388471246,-27.5));
#5255=CARTESIAN_POINT('Ctrl Pts',(13.9774289138849,-10.8535388471246,11.5));
#5256=CARTESIAN_POINT('Ctrl Pts',(14.0361828169243,-10.8751228856325,-27.5));
#5257=CARTESIAN_POINT('Ctrl Pts',(14.0361828169243,-10.8751228856325,11.5));
#5258=CARTESIAN_POINT('Ctrl Pts',(14.0953014655878,-10.8960986090783,-27.5));
#5259=CARTESIAN_POINT('Ctrl Pts',(14.0953014655878,-10.8960986090783,11.5));
#5260=CARTESIAN_POINT('Ctrl Pts',(14.1547325073739,-10.9165404595107,-27.5));
#5261=CARTESIAN_POINT('Ctrl Pts',(14.1547325073739,-10.9165404595107,11.5));
#5262=CARTESIAN_POINT('Ctrl Pts',(14.2144583743858,-10.9364692290322,-27.5));
#5263=CARTESIAN_POINT('Ctrl Pts',(14.2144583743858,-10.9364692290322,11.5));
#5264=CARTESIAN_POINT('Ctrl Pts',(14.2744817749369,-10.9558745564183,-27.5));
#5265=CARTESIAN_POINT('Ctrl Pts',(14.2744817749369,-10.9558745564183,11.5));
#5266=CARTESIAN_POINT('Ctrl Pts',(14.3348168751934,-10.9747285815977,-27.5));
#5267=CARTESIAN_POINT('Ctrl Pts',(14.3348168751934,-10.9747285815977,11.5));
#5268=CARTESIAN_POINT('Ctrl Pts',(14.3954790303079,-10.9930018568663,-27.5));
#5269=CARTESIAN_POINT('Ctrl Pts',(14.3954790303079,-10.9930018568663,11.5));
#5270=CARTESIAN_POINT('Ctrl Pts',(14.4564730734762,-11.010681494141,-27.5));
#5271=CARTESIAN_POINT('Ctrl Pts',(14.4564730734762,-11.010681494141,11.5));
#5272=CARTESIAN_POINT('Ctrl Pts',(14.5177906240959,-11.0277753186459,-27.5));
#5273=CARTESIAN_POINT('Ctrl Pts',(14.5177906240959,-11.0277753186459,11.5));
#5274=CARTESIAN_POINT('Ctrl Pts',(14.5794160307751,-11.0443026241079,-27.5));
#5275=CARTESIAN_POINT('Ctrl Pts',(14.5794160307751,-11.0443026241079,11.5));
#5276=CARTESIAN_POINT('Ctrl Pts',(14.6413300319063,-11.0602884700649,-27.5));
#5277=CARTESIAN_POINT('Ctrl Pts',(14.6413300319063,-11.0602884700649,11.5));
#5278=CARTESIAN_POINT('Ctrl Pts',(14.7035139847658,-11.0757570984341,-27.5));
#5279=CARTESIAN_POINT('Ctrl Pts',(14.7035139847658,-11.0757570984341,11.5));
#5280=CARTESIAN_POINT('Ctrl Pts',(14.7659547398072,-11.0907243473492,-27.5));
#5281=CARTESIAN_POINT('Ctrl Pts',(14.7659547398072,-11.0907243473492,11.5));
#5282=CARTESIAN_POINT('Ctrl Pts',(14.828645240132,-11.1051967081992,-27.5));
#5283=CARTESIAN_POINT('Ctrl Pts',(14.828645240132,-11.1051967081992,11.5));
#5284=CARTESIAN_POINT('Ctrl Pts',(14.8915820241235,-11.1191751950806,-27.5));
#5285=CARTESIAN_POINT('Ctrl Pts',(14.8915820241235,-11.1191751950806,11.5));
#5286=CARTESIAN_POINT('Ctrl Pts',(14.9547635907588,-11.1326578744139,-27.5));
#5287=CARTESIAN_POINT('Ctrl Pts',(14.9547635907588,-11.1326578744139,11.5));
#5288=CARTESIAN_POINT('Ctrl Pts',(15.0181885630483,-11.1456427092067,-27.5));
#5289=CARTESIAN_POINT('Ctrl Pts',(15.0181885630483,-11.1456427092067,11.5));
#5290=CARTESIAN_POINT('Ctrl Pts',(15.0818535548305,-11.1581308641298,-27.5));
#5291=CARTESIAN_POINT('Ctrl Pts',(15.0818535548305,-11.1581308641298,11.5));
#5292=CARTESIAN_POINT('Ctrl Pts',(15.1457529972362,-11.1701269699043,-27.5));
#5293=CARTESIAN_POINT('Ctrl Pts',(15.1457529972362,-11.1701269699043,11.5));
#5294=CARTESIAN_POINT('Ctrl Pts',(15.2098801569502,-11.1816375384977,-27.5));
#5295=CARTESIAN_POINT('Ctrl Pts',(15.2098801569502,-11.1816375384977,11.5));
#5296=CARTESIAN_POINT('Ctrl Pts',(15.2742278113881,-11.1926699118117,-27.5));
#5297=CARTESIAN_POINT('Ctrl Pts',(15.2742278113881,-11.1926699118117,11.5));
#5298=CARTESIAN_POINT('Ctrl Pts',(15.338788999759,-11.2032310927912,-27.5));
#5299=CARTESIAN_POINT('Ctrl Pts',(15.338788999759,-11.2032310927912,11.5));
#5300=CARTESIAN_POINT('Ctrl Pts',(15.4035578996052,-11.2133263839205,-27.5));
#5301=CARTESIAN_POINT('Ctrl Pts',(15.4035578996052,-11.2133263839205,11.5));
#5302=CARTESIAN_POINT('Ctrl Pts',(15.4685298648088,-11.2229593219217,-27.5));
#5303=CARTESIAN_POINT('Ctrl Pts',(15.4685298648088,-11.2229593219217,11.5));
#5304=CARTESIAN_POINT('Ctrl Pts',(15.5337009814665,-11.2321323584211,-27.5));
#5305=CARTESIAN_POINT('Ctrl Pts',(15.5337009814665,-11.2321323584211,11.5));
#5306=CARTESIAN_POINT('Ctrl Pts',(15.5990677609796,-11.2408473291248,-27.5));
#5307=CARTESIAN_POINT('Ctrl Pts',(15.5990677609796,-11.2408473291248,11.5));
#5308=CARTESIAN_POINT('Ctrl Pts',(15.6646268039185,-11.2491059696003,-27.5));
#5309=CARTESIAN_POINT('Ctrl Pts',(15.6646268039185,-11.2491059696003,11.5));
#5310=CARTESIAN_POINT('Ctrl Pts',(15.7303744040451,-11.2569105228816,-27.5));
#5311=CARTESIAN_POINT('Ctrl Pts',(15.7303744040451,-11.2569105228816,11.5));
#5312=CARTESIAN_POINT('Ctrl Pts',(15.7963065165519,-11.2642637914944,-27.5));
#5313=CARTESIAN_POINT('Ctrl Pts',(15.7963065165519,-11.2642637914944,11.5));
#5314=CARTESIAN_POINT('Ctrl Pts',(15.8624189479643,-11.2711688509409,-27.5));
#5315=CARTESIAN_POINT('Ctrl Pts',(15.8624189479643,-11.2711688509409,11.5));
#5316=CARTESIAN_POINT('Ctrl Pts',(15.9287074820289,-11.2776288630854,-27.5));
#5317=CARTESIAN_POINT('Ctrl Pts',(15.9287074820289,-11.2776288630854,11.5));
#5318=CARTESIAN_POINT('Ctrl Pts',(15.9951680178752,-11.2836468692154,-27.5));
#5319=CARTESIAN_POINT('Ctrl Pts',(15.9951680178752,-11.2836468692154,11.5));
#5320=CARTESIAN_POINT('Ctrl Pts',(16.0617967335656,-11.2892255514209,-27.5));
#5321=CARTESIAN_POINT('Ctrl Pts',(16.0617967335656,-11.2892255514209,11.5));
#5322=CARTESIAN_POINT('Ctrl Pts',(16.1285900960739,-11.2943672047074,-27.5));
#5323=CARTESIAN_POINT('Ctrl Pts',(16.1285900960739,-11.2943672047074,11.5));
#5324=CARTESIAN_POINT('Ctrl Pts',(16.1955447599832,-11.2990738639442,-27.5));
#5325=CARTESIAN_POINT('Ctrl Pts',(16.1955447599832,-11.2990738639442,11.5));
#5326=CARTESIAN_POINT('Ctrl Pts',(16.2626574946771,-11.3033473911147,-27.5));
#5327=CARTESIAN_POINT('Ctrl Pts',(16.2626574946771,-11.3033473911147,11.5));
#5328=CARTESIAN_POINT('Ctrl Pts',(16.3299251071532,-11.3071895733238,-27.5));
#5329=CARTESIAN_POINT('Ctrl Pts',(16.3299251071532,-11.3071895733238,11.5));
#5330=CARTESIAN_POINT('Ctrl Pts',(16.397344345015,-11.3106022403078,-27.5));
#5331=CARTESIAN_POINT('Ctrl Pts',(16.397344345015,-11.3106022403078,11.5));
#5332=CARTESIAN_POINT('Ctrl Pts',(16.4649118896953,-11.3135872917974,-27.5));
#5333=CARTESIAN_POINT('Ctrl Pts',(16.4649118896953,-11.3135872917974,11.5));
#5334=CARTESIAN_POINT('Ctrl Pts',(16.5326244340875,-11.3161466376706,-27.5));
#5335=CARTESIAN_POINT('Ctrl Pts',(16.5326244340875,-11.3161466376706,11.5));
#5336=CARTESIAN_POINT('Ctrl Pts',(16.6004787394685,-11.3182821640247,-27.5));
#5337=CARTESIAN_POINT('Ctrl Pts',(16.6004787394685,-11.3182821640247,11.5));
#5338=CARTESIAN_POINT('Ctrl Pts',(16.6684716916188,-11.3199956945783,-27.5));
#5339=CARTESIAN_POINT('Ctrl Pts',(16.6684716916188,-11.3199956945783,11.5));
#5340=CARTESIAN_POINT('Ctrl Pts',(16.7366003764704,-11.3212889502535,-27.5));
#5341=CARTESIAN_POINT('Ctrl Pts',(16.7366003764704,-11.3212889502535,11.5));
#5342=CARTESIAN_POINT('Ctrl Pts',(16.8048620740904,-11.3221635375465,-27.5));
#5343=CARTESIAN_POINT('Ctrl Pts',(16.8048620740904,-11.3221635375465,11.5));
#5344=CARTESIAN_POINT('Ctrl Pts',(16.8732541424116,-11.322620978007,-27.5));
#5345=CARTESIAN_POINT('Ctrl Pts',(16.8732541424116,-11.322620978007,11.5));
#5346=CARTESIAN_POINT('Ctrl Pts',(16.941773922098,-11.3226627310436,-27.5));
#5347=CARTESIAN_POINT('Ctrl Pts',(16.941773922098,-11.3226627310436,11.5));
#5348=CARTESIAN_POINT('Ctrl Pts',(17.0104186436416,-11.3222902202322,-27.5));
#5349=CARTESIAN_POINT('Ctrl Pts',(17.0104186436416,-11.3222902202322,11.5));
#5350=CARTESIAN_POINT('Ctrl Pts',(17.0791853043753,-11.3215048663392,-27.5));
#5351=CARTESIAN_POINT('Ctrl Pts',(17.0791853043753,-11.3215048663392,11.5));
#5352=CARTESIAN_POINT('Ctrl Pts',(17.148070648829,-11.3203081035249,-27.5));
#5353=CARTESIAN_POINT('Ctrl Pts',(17.148070648829,-11.3203081035249,11.5));
#5354=CARTESIAN_POINT('Ctrl Pts',(17.2170713923194,-11.3187013512111,-27.5));
#5355=CARTESIAN_POINT('Ctrl Pts',(17.2170713923194,-11.3187013512111,11.5));
#5356=CARTESIAN_POINT('Ctrl Pts',(17.28618439806,-11.3166859979978,-27.5));
#5357=CARTESIAN_POINT('Ctrl Pts',(17.28618439806,-11.3166859979978,11.5));
#5358=CARTESIAN_POINT('Ctrl Pts',(17.3554068655854,-11.3142633825214,-27.5));
#5359=CARTESIAN_POINT('Ctrl Pts',(17.3554068655854,-11.3142633825214,11.5));
#5360=CARTESIAN_POINT('Ctrl Pts',(17.4247365291716,-11.3114347814439,-27.5));
#5361=CARTESIAN_POINT('Ctrl Pts',(17.4247365291716,-11.3114347814439,11.5));
#5362=CARTESIAN_POINT('Ctrl Pts',(17.4941718062359,-11.3082013888263,-27.5));
#5363=CARTESIAN_POINT('Ctrl Pts',(17.4941718062359,-11.3082013888263,11.5));
#5364=CARTESIAN_POINT('Ctrl Pts',(17.5637116591239,-11.3045642446378,-27.5));
#5365=CARTESIAN_POINT('Ctrl Pts',(17.5637116591239,-11.3045642446378,11.5));
#5366=CARTESIAN_POINT('Ctrl Pts',(17.6194267263497,-11.3013321863148,-27.5));
#5367=CARTESIAN_POINT('Ctrl Pts',(17.6194267263497,-11.3013321863148,11.5));
#5368=CARTESIAN_POINT('Ctrl Pts',(17.6612596976989,-11.2987270685771,-27.5));
#5369=CARTESIAN_POINT('Ctrl Pts',(17.6612596976989,-11.2987270685771,11.5));
#5370=CARTESIAN_POINT('Ctrl Pts',(17.6891690810497,-11.2969098728277,-27.5));
#5371=CARTESIAN_POINT('Ctrl Pts',(17.6891690810497,-11.2969098728277,11.5));
#5372=CARTESIAN_POINT('Ctrl Pts',(17.703128956669,-11.2959811623046,-27.5));
#5373=CARTESIAN_POINT('Ctrl Pts',(17.703128956669,-11.2959811623046,11.5));
#5374=CARTESIAN_POINT('Ctrl Pts',(13.2641951690732,-10.4957278820725,0.));
#5375=CARTESIAN_POINT('Ctrl Pts',(13.2785845521467,-10.5071008954901,0.));
#5376=CARTESIAN_POINT('Ctrl Pts',(13.2932741366659,-10.5180357372975,-9.6666151639002E-16));
#5377=CARTESIAN_POINT('Ctrl Pts',(13.3082476946267,-10.5285565794728,-1.03934976381316E-15));
#5378=CARTESIAN_POINT('Ctrl Pts',(13.3252242695919,-10.5404847976261,-1.12176153826896E-15));
#5379=CARTESIAN_POINT('Ctrl Pts',(13.3425654623084,-10.5518814754629,1.57583297544616E-15));
#5380=CARTESIAN_POINT('Ctrl Pts',(13.3602098831618,-10.5628379083707,2.0428965044613E-15));
#5381=CARTESIAN_POINT('Ctrl Pts',(13.3910350705665,-10.5819790352161,2.85886665907332E-15));
#5382=CARTESIAN_POINT('Ctrl Pts',(13.4227829555427,-10.5997809921337,-3.5527136788005E-15));
#5383=CARTESIAN_POINT('Ctrl Pts',(13.4550133309759,-10.616895478543,-3.5527136788005E-15));
#5384=CARTESIAN_POINT('Ctrl Pts',(13.4736784993841,-10.6268067739206,-3.5527136788005E-15));
#5385=CARTESIAN_POINT('Ctrl Pts',(13.4925037242745,-10.6364900426567,-3.5527136788005E-15));
#5386=CARTESIAN_POINT('Ctrl Pts',(13.5114203333189,-10.6460457165041,-3.5527136788005E-15));
#5387=CARTESIAN_POINT('Ctrl Pts',(13.5292046193465,-10.655029400445,-3.5527136788005E-15));
#5388=CARTESIAN_POINT('Ctrl Pts',(13.5470693899577,-10.663900726861,-3.5527136788005E-15));
#5389=CARTESIAN_POINT('Ctrl Pts',(13.5649855174837,-10.67270072426,-3.5527136788005E-15));
#5390=CARTESIAN_POINT('Ctrl Pts',(13.5850865117541,-10.6825738788824,-3.5527136788005E-15));
#5391=CARTESIAN_POINT('Ctrl Pts',(13.6052525269663,-10.6923566657394,0.));
#5392=CARTESIAN_POINT('Ctrl Pts',(13.6254776071741,-10.7020538140944,0.));
#5393=CARTESIAN_POINT('Ctrl Pts',(13.6510008065724,-10.7142912069016,0.));
#5394=CARTESIAN_POINT('Ctrl Pts',(13.6766187074152,-10.7263911897439,-1.02819525182202E-15));
#5395=CARTESIAN_POINT('Ctrl Pts',(13.7023664580241,-10.7382926261866,9.60188936823968E-16));
#5396=CARTESIAN_POINT('Ctrl Pts',(13.7282986078827,-10.7502792978789,2.96281345885544E-15));
#5397=CARTESIAN_POINT('Ctrl Pts',(13.7543660213259,-10.7620591397132,1.49720326992077E-15));
#5398=CARTESIAN_POINT('Ctrl Pts',(13.7806106376562,-10.7735621089034,1.97748400177883E-15));
#5399=CARTESIAN_POINT('Ctrl Pts',(13.8051576861717,-10.7843210371052,2.42669896753121E-15));
#5400=CARTESIAN_POINT('Ctrl Pts',(13.8298607257965,-10.7948362925958,2.08091599775578E-15));
#5401=CARTESIAN_POINT('Ctrl Pts',(13.8547255802632,-10.805095406523,2.09426814270707E-15));
#5402=CARTESIAN_POINT('Ctrl Pts',(13.8839835166854,-10.8171670839758,2.10997932286335E-15));
#5403=CARTESIAN_POINT('Ctrl Pts',(13.9134645618804,-10.8288855558511,4.68994077676505E-16));
#5404=CARTESIAN_POINT('Ctrl Pts',(13.9431371823629,-10.8402948158334,1.68716882772386E-15));
#5405=CARTESIAN_POINT('Ctrl Pts',(13.9780821076709,-10.853731301436,3.12179188966843E-15));
#5406=CARTESIAN_POINT('Ctrl Pts',(14.0132893540561,-10.8667441723499,-1.40891938994942E-15));
#5407=CARTESIAN_POINT('Ctrl Pts',(14.0486869690331,-10.8794379709699,1.01514737157622E-15));
#5408=CARTESIAN_POINT('Ctrl Pts',(14.078898819377,-10.8902721230578,3.0840873911426E-15));
#5409=CARTESIAN_POINT('Ctrl Pts',(14.1092481513459,-10.9008757205883,0.));
#5410=CARTESIAN_POINT('Ctrl Pts',(14.1397133523476,-10.9112782889735,0.));
#5411=CARTESIAN_POINT('Ctrl Pts',(14.178008979089,-10.9243546141881,0.));
#5412=CARTESIAN_POINT('Ctrl Pts',(14.2164884582098,-10.9371120847574,0.));
#5413=CARTESIAN_POINT('Ctrl Pts',(14.2551565037914,-10.9495360639817,0.));
#5414=CARTESIAN_POINT('Ctrl Pts',(14.2965028478879,-10.9628205760982,0.));
#5415=CARTESIAN_POINT('Ctrl Pts',(14.3380685926073,-10.9757178913471,0.));
#5416=CARTESIAN_POINT('Ctrl Pts',(14.379870671976,-10.9881935552845,0.));
#5417=CARTESIAN_POINT('Ctrl Pts',(14.4238502738255,-11.0013190921253,0.));
#5418=CARTESIAN_POINT('Ctrl Pts',(14.4680921185772,-11.0139769091391,2.08587505754039E-15));
#5419=CARTESIAN_POINT('Ctrl Pts',(14.5125790447514,-11.0261848894708,2.09491772543924E-15));
#5420=CARTESIAN_POINT('Ctrl Pts',(14.574132718011,-11.0430762797537,2.10742947828684E-15));
#5421=CARTESIAN_POINT('Ctrl Pts',(14.6361497883881,-11.0591154299686,2.08462516457734E-15));
#5422=CARTESIAN_POINT('Ctrl Pts',(14.6985521400828,-11.0744022668623,2.09497898531509E-15));
#5423=CARTESIAN_POINT('Ctrl Pts',(14.755883228111,-11.0884467855034,2.10449138015317E-15));
#5424=CARTESIAN_POINT('Ctrl Pts',(14.8135399523861,-11.1018556693587,1.57269100834009E-15));
#5425=CARTESIAN_POINT('Ctrl Pts',(14.8715061742916,-11.114638596624,2.05105375031237E-15));
#5426=CARTESIAN_POINT('Ctrl Pts',(14.9379299255147,-11.1292866097712,2.59921174168511E-15));
#5427=CARTESIAN_POINT('Ctrl Pts',(15.0047648902406,-11.143105198732,2.0189706202706E-15));
#5428=CARTESIAN_POINT('Ctrl Pts',(15.0719948703955,-11.1560977957444,2.0924110337285E-15));
#5429=CARTESIAN_POINT('Ctrl Pts',(15.170027965358,-11.1750432794971,2.19950002899557E-15));
#5430=CARTESIAN_POINT('Ctrl Pts',(15.2688952282414,-11.1922411974177,0.));
#5431=CARTESIAN_POINT('Ctrl Pts',(15.3684879442418,-11.2077976687253,0.));
#5432=CARTESIAN_POINT('Ctrl Pts',(15.5013211677259,-11.2285463370298,0.));
#5433=CARTESIAN_POINT('Ctrl Pts',(15.6354492300933,-11.2463682422095,2.20318530501225E-16));
#5434=CARTESIAN_POINT('Ctrl Pts',(15.770727995155,-11.2613494633036,2.00384242574016E-15));
#5435=CARTESIAN_POINT('Ctrl Pts',(15.8953705749524,-11.2751527978094,3.64713817383182E-15));
#5436=CARTESIAN_POINT('Ctrl Pts',(16.0209852725872,-11.286551725092,-5.47342882747908E-15));
#5437=CARTESIAN_POINT('Ctrl Pts',(16.1474561926552,-11.2956270220914,1.30073478936359E-15));
#5438=CARTESIAN_POINT('Ctrl Pts',(16.323846575123,-11.308284438578,1.07487352516994E-14));
#5439=CARTESIAN_POINT('Ctrl Pts',(16.5019081262948,-11.3164135982855,-1.0607211120936E-14));
#5440=CARTESIAN_POINT('Ctrl Pts',(16.6813750869198,-11.3201673626716,9.32091399719435E-16));
#5441=CARTESIAN_POINT('Ctrl Pts',(16.8380233311774,-11.3234438465346,1.10042042472516E-14));
#5442=CARTESIAN_POINT('Ctrl Pts',(16.9957481565631,-11.3233868608513,-1.10490712832112E-14));
#5443=CARTESIAN_POINT('Ctrl Pts',(17.1543913574447,-11.32007599216,4.70737415566353E-16));
#5444=CARTESIAN_POINT('Ctrl Pts',(17.2696559587128,-11.3176704307653,8.84062751467239E-15));
#5445=CARTESIAN_POINT('Ctrl Pts',(17.3853987601082,-11.3135475370196,-1.09773360705404E-18));
#5446=CARTESIAN_POINT('Ctrl Pts',(17.5015749117846,-11.3077335153568,1.41212487665166E-20));
#5447=CARTESIAN_POINT('Ctrl Pts',(17.5686143307999,-11.3043785356231,6.55716812813344E-19));
#5448=CARTESIAN_POINT('Ctrl Pts',(17.6357994038486,-11.3004604045219,-4.60030873793397E-15));
#5449=CARTESIAN_POINT('Ctrl Pts',(17.703128956669,-11.2959811623046,-4.60030873793399E-15));
#5450=CARTESIAN_POINT('Ctrl Pts',(11.2959811623046,-17.703128956669,-27.5));
#5451=CARTESIAN_POINT('Ctrl Pts',(11.2959811623046,-17.703128956669,11.5));
#5452=CARTESIAN_POINT('Ctrl Pts',(11.2969098728277,-17.6891690810497,-27.5));
#5453=CARTESIAN_POINT('Ctrl Pts',(11.2969098728277,-17.6891690810497,11.5));
#5454=CARTESIAN_POINT('Ctrl Pts',(11.2987270685771,-17.6612596976989,-27.5));
#5455=CARTESIAN_POINT('Ctrl Pts',(11.2987270685771,-17.6612596976989,11.5));
#5456=CARTESIAN_POINT('Ctrl Pts',(11.3013321863148,-17.6194267263498,-27.5));
#5457=CARTESIAN_POINT('Ctrl Pts',(11.3013321863148,-17.6194267263498,11.5));
#5458=CARTESIAN_POINT('Ctrl Pts',(11.3045642446378,-17.5637116591239,-27.5));
#5459=CARTESIAN_POINT('Ctrl Pts',(11.3045642446378,-17.5637116591239,11.5));
#5460=CARTESIAN_POINT('Ctrl Pts',(11.3082013888263,-17.4941718062359,-27.5));
#5461=CARTESIAN_POINT('Ctrl Pts',(11.3082013888263,-17.4941718062359,11.5));
#5462=CARTESIAN_POINT('Ctrl Pts',(11.3114347814438,-17.4247365291716,-27.5));
#5463=CARTESIAN_POINT('Ctrl Pts',(11.3114347814438,-17.4247365291716,11.5));
#5464=CARTESIAN_POINT('Ctrl Pts',(11.3142633825214,-17.3554068655854,-27.5));
#5465=CARTESIAN_POINT('Ctrl Pts',(11.3142633825214,-17.3554068655854,11.5));
#5466=CARTESIAN_POINT('Ctrl Pts',(11.3166859979977,-17.28618439806,-27.5));
#5467=CARTESIAN_POINT('Ctrl Pts',(11.3166859979977,-17.28618439806,11.5));
#5468=CARTESIAN_POINT('Ctrl Pts',(11.3187013512111,-17.2170713923194,-27.5));
#5469=CARTESIAN_POINT('Ctrl Pts',(11.3187013512111,-17.2170713923194,11.5));
#5470=CARTESIAN_POINT('Ctrl Pts',(11.3203081035249,-17.148070648829,-27.5));
#5471=CARTESIAN_POINT('Ctrl Pts',(11.3203081035249,-17.148070648829,11.5));
#5472=CARTESIAN_POINT('Ctrl Pts',(11.3215048663391,-17.0791853043753,-27.5));
#5473=CARTESIAN_POINT('Ctrl Pts',(11.3215048663391,-17.0791853043753,11.5));
#5474=CARTESIAN_POINT('Ctrl Pts',(11.3222902202322,-17.0104186436416,-27.5));
#5475=CARTESIAN_POINT('Ctrl Pts',(11.3222902202322,-17.0104186436416,11.5));
#5476=CARTESIAN_POINT('Ctrl Pts',(11.3226627310436,-16.941773922098,-27.5));
#5477=CARTESIAN_POINT('Ctrl Pts',(11.3226627310436,-16.941773922098,11.5));
#5478=CARTESIAN_POINT('Ctrl Pts',(11.322620978007,-16.8732541424116,-27.5));
#5479=CARTESIAN_POINT('Ctrl Pts',(11.322620978007,-16.8732541424116,11.5));
#5480=CARTESIAN_POINT('Ctrl Pts',(11.3221635375465,-16.8048620740904,-27.5));
#5481=CARTESIAN_POINT('Ctrl Pts',(11.3221635375465,-16.8048620740904,11.5));
#5482=CARTESIAN_POINT('Ctrl Pts',(11.3212889502534,-16.7366003764704,-27.5));
#5483=CARTESIAN_POINT('Ctrl Pts',(11.3212889502534,-16.7366003764704,11.5));
#5484=CARTESIAN_POINT('Ctrl Pts',(11.3199956945783,-16.6684716916188,-27.5));
#5485=CARTESIAN_POINT('Ctrl Pts',(11.3199956945783,-16.6684716916188,11.5));
#5486=CARTESIAN_POINT('Ctrl Pts',(11.3182821640247,-16.6004787394685,-27.5));
#5487=CARTESIAN_POINT('Ctrl Pts',(11.3182821640247,-16.6004787394685,11.5));
#5488=CARTESIAN_POINT('Ctrl Pts',(11.3161466376706,-16.5326244340875,-27.5));
#5489=CARTESIAN_POINT('Ctrl Pts',(11.3161466376706,-16.5326244340875,11.5));
#5490=CARTESIAN_POINT('Ctrl Pts',(11.3135872917974,-16.4649118896953,-27.5));
#5491=CARTESIAN_POINT('Ctrl Pts',(11.3135872917974,-16.4649118896953,11.5));
#5492=CARTESIAN_POINT('Ctrl Pts',(11.3106022403078,-16.397344345015,-27.5));
#5493=CARTESIAN_POINT('Ctrl Pts',(11.3106022403078,-16.397344345015,11.5));
#5494=CARTESIAN_POINT('Ctrl Pts',(11.3071895733238,-16.3299251071532,-27.5));
#5495=CARTESIAN_POINT('Ctrl Pts',(11.3071895733238,-16.3299251071532,11.5));
#5496=CARTESIAN_POINT('Ctrl Pts',(11.3033473911147,-16.2626574946771,-27.5));
#5497=CARTESIAN_POINT('Ctrl Pts',(11.3033473911147,-16.2626574946771,11.5));
#5498=CARTESIAN_POINT('Ctrl Pts',(11.2990738639442,-16.1955447599832,-27.5));
#5499=CARTESIAN_POINT('Ctrl Pts',(11.2990738639442,-16.1955447599832,11.5));
#5500=CARTESIAN_POINT('Ctrl Pts',(11.2943672047073,-16.1285900960739,-27.5));
#5501=CARTESIAN_POINT('Ctrl Pts',(11.2943672047073,-16.1285900960739,11.5));
#5502=CARTESIAN_POINT('Ctrl Pts',(11.2892255514208,-16.0617967335656,-27.5));
#5503=CARTESIAN_POINT('Ctrl Pts',(11.2892255514208,-16.0617967335656,11.5));
#5504=CARTESIAN_POINT('Ctrl Pts',(11.2836468692154,-15.9951680178752,-27.5));
#5505=CARTESIAN_POINT('Ctrl Pts',(11.2836468692154,-15.9951680178752,11.5));
#5506=CARTESIAN_POINT('Ctrl Pts',(11.2776288630854,-15.9287074820289,-27.5));
#5507=CARTESIAN_POINT('Ctrl Pts',(11.2776288630854,-15.9287074820289,11.5));
#5508=CARTESIAN_POINT('Ctrl Pts',(11.2711688509409,-15.8624189479643,-27.5));
#5509=CARTESIAN_POINT('Ctrl Pts',(11.2711688509409,-15.8624189479643,11.5));
#5510=CARTESIAN_POINT('Ctrl Pts',(11.2642637914944,-15.7963065165519,-27.5));
#5511=CARTESIAN_POINT('Ctrl Pts',(11.2642637914944,-15.7963065165519,11.5));
#5512=CARTESIAN_POINT('Ctrl Pts',(11.2569105228816,-15.7303744040451,-27.5));
#5513=CARTESIAN_POINT('Ctrl Pts',(11.2569105228816,-15.7303744040451,11.5));
#5514=CARTESIAN_POINT('Ctrl Pts',(11.2491059696003,-15.6646268039185,-27.5));
#5515=CARTESIAN_POINT('Ctrl Pts',(11.2491059696003,-15.6646268039185,11.5));
#5516=CARTESIAN_POINT('Ctrl Pts',(11.2408473291247,-15.5990677609796,-27.5));
#5517=CARTESIAN_POINT('Ctrl Pts',(11.2408473291247,-15.5990677609796,11.5));
#5518=CARTESIAN_POINT('Ctrl Pts',(11.232132358421,-15.5337009814665,-27.5));
#5519=CARTESIAN_POINT('Ctrl Pts',(11.232132358421,-15.5337009814665,11.5));
#5520=CARTESIAN_POINT('Ctrl Pts',(11.2229593219217,-15.4685298648088,-27.5));
#5521=CARTESIAN_POINT('Ctrl Pts',(11.2229593219217,-15.4685298648088,11.5));
#5522=CARTESIAN_POINT('Ctrl Pts',(11.2133263839205,-15.4035578996053,-27.5));
#5523=CARTESIAN_POINT('Ctrl Pts',(11.2133263839205,-15.4035578996053,11.5));
#5524=CARTESIAN_POINT('Ctrl Pts',(11.2032310927912,-15.338788999759,-27.5));
#5525=CARTESIAN_POINT('Ctrl Pts',(11.2032310927912,-15.338788999759,11.5));
#5526=CARTESIAN_POINT('Ctrl Pts',(11.1926699118117,-15.2742278113881,-27.5));
#5527=CARTESIAN_POINT('Ctrl Pts',(11.1926699118117,-15.2742278113881,11.5));
#5528=CARTESIAN_POINT('Ctrl Pts',(11.1816375384977,-15.2098801569502,-27.5));
#5529=CARTESIAN_POINT('Ctrl Pts',(11.1816375384977,-15.2098801569502,11.5));
#5530=CARTESIAN_POINT('Ctrl Pts',(11.1701269699042,-15.1457529972363,-27.5));
#5531=CARTESIAN_POINT('Ctrl Pts',(11.1701269699042,-15.1457529972363,11.5));
#5532=CARTESIAN_POINT('Ctrl Pts',(11.1581308641298,-15.0818535548305,-27.5));
#5533=CARTESIAN_POINT('Ctrl Pts',(11.1581308641298,-15.0818535548305,11.5));
#5534=CARTESIAN_POINT('Ctrl Pts',(11.1456427092067,-15.0181885630483,-27.5));
#5535=CARTESIAN_POINT('Ctrl Pts',(11.1456427092067,-15.0181885630483,11.5));
#5536=CARTESIAN_POINT('Ctrl Pts',(11.1326578744139,-14.9547635907588,-27.5));
#5537=CARTESIAN_POINT('Ctrl Pts',(11.1326578744139,-14.9547635907588,11.5));
#5538=CARTESIAN_POINT('Ctrl Pts',(11.1191751950805,-14.8915820241235,-27.5));
#5539=CARTESIAN_POINT('Ctrl Pts',(11.1191751950805,-14.8915820241235,11.5));
#5540=CARTESIAN_POINT('Ctrl Pts',(11.1051967081992,-14.828645240132,-27.5));
#5541=CARTESIAN_POINT('Ctrl Pts',(11.1051967081992,-14.828645240132,11.5));
#5542=CARTESIAN_POINT('Ctrl Pts',(11.0907243473492,-14.7659547398072,-27.5));
#5543=CARTESIAN_POINT('Ctrl Pts',(11.0907243473492,-14.7659547398072,11.5));
#5544=CARTESIAN_POINT('Ctrl Pts',(11.0757570984341,-14.7035139847658,-27.5));
#5545=CARTESIAN_POINT('Ctrl Pts',(11.0757570984341,-14.7035139847658,11.5));
#5546=CARTESIAN_POINT('Ctrl Pts',(11.0602884700649,-14.6413300319063,-27.5));
#5547=CARTESIAN_POINT('Ctrl Pts',(11.0602884700649,-14.6413300319063,11.5));
#5548=CARTESIAN_POINT('Ctrl Pts',(11.0443026241079,-14.5794160307751,-27.5));
#5549=CARTESIAN_POINT('Ctrl Pts',(11.0443026241079,-14.5794160307751,11.5));
#5550=CARTESIAN_POINT('Ctrl Pts',(11.0277753186459,-14.517790624096,-27.5));
#5551=CARTESIAN_POINT('Ctrl Pts',(11.0277753186459,-14.517790624096,11.5));
#5552=CARTESIAN_POINT('Ctrl Pts',(11.010681494141,-14.4564730734762,-27.5));
#5553=CARTESIAN_POINT('Ctrl Pts',(11.010681494141,-14.4564730734762,11.5));
#5554=CARTESIAN_POINT('Ctrl Pts',(10.9930018568662,-14.3954790303079,-27.5));
#5555=CARTESIAN_POINT('Ctrl Pts',(10.9930018568662,-14.3954790303079,11.5));
#5556=CARTESIAN_POINT('Ctrl Pts',(10.9747285815977,-14.3348168751934,-27.5));
#5557=CARTESIAN_POINT('Ctrl Pts',(10.9747285815977,-14.3348168751934,11.5));
#5558=CARTESIAN_POINT('Ctrl Pts',(10.9558745564183,-14.2744817749369,-27.5));
#5559=CARTESIAN_POINT('Ctrl Pts',(10.9558745564183,-14.2744817749369,11.5));
#5560=CARTESIAN_POINT('Ctrl Pts',(10.9364692290322,-14.2144583743858,-27.5));
#5561=CARTESIAN_POINT('Ctrl Pts',(10.9364692290322,-14.2144583743858,11.5));
#5562=CARTESIAN_POINT('Ctrl Pts',(10.9165404595107,-14.1547325073739,-27.5));
#5563=CARTESIAN_POINT('Ctrl Pts',(10.9165404595107,-14.1547325073739,11.5));
#5564=CARTESIAN_POINT('Ctrl Pts',(10.8960986090783,-14.0953014655878,-27.5));
#5565=CARTESIAN_POINT('Ctrl Pts',(10.8960986090783,-14.0953014655878,11.5));
#5566=CARTESIAN_POINT('Ctrl Pts',(10.8751228856324,-14.0361828169244,-27.5));
#5567=CARTESIAN_POINT('Ctrl Pts',(10.8751228856324,-14.0361828169244,11.5));
#5568=CARTESIAN_POINT('Ctrl Pts',(10.8535388471245,-13.9774289138849,-27.5));
#5569=CARTESIAN_POINT('Ctrl Pts',(10.8535388471245,-13.9774289138849,11.5));
#5570=CARTESIAN_POINT('Ctrl Pts',(10.8312331733738,-13.919117422658,-27.5));
#5571=CARTESIAN_POINT('Ctrl Pts',(10.8312331733738,-13.919117422658,11.5));
#5572=CARTESIAN_POINT('Ctrl Pts',(10.8080948069417,-13.8613249010058,-27.5));
#5573=CARTESIAN_POINT('Ctrl Pts',(10.8080948069417,-13.8613249010058,11.5));
#5574=CARTESIAN_POINT('Ctrl Pts',(10.7840517009519,-13.8041031751884,-27.5));
#5575=CARTESIAN_POINT('Ctrl Pts',(10.7840517009519,-13.8041031751884,11.5));
#5576=CARTESIAN_POINT('Ctrl Pts',(10.7591021810231,-13.747459246573,-27.5));
#5577=CARTESIAN_POINT('Ctrl Pts',(10.7591021810231,-13.747459246573,11.5));
#5578=CARTESIAN_POINT('Ctrl Pts',(10.7333669609577,-13.691321750832,-27.5));
#5579=CARTESIAN_POINT('Ctrl Pts',(10.7333669609577,-13.691321750832,11.5));
#5580=CARTESIAN_POINT('Ctrl Pts',(10.7070342057153,-13.6355769975918,-27.5));
#5581=CARTESIAN_POINT('Ctrl Pts',(10.7070342057153,-13.6355769975918,11.5));
#5582=CARTESIAN_POINT('Ctrl Pts',(10.6802590215942,-13.580134625999,-27.5));
#5583=CARTESIAN_POINT('Ctrl Pts',(10.6802590215942,-13.580134625999,11.5));
#5584=CARTESIAN_POINT('Ctrl Pts',(10.6530730667273,-13.5249867388417,-27.5));
#5585=CARTESIAN_POINT('Ctrl Pts',(10.6530730667273,-13.5249867388417,11.5));
#5586=CARTESIAN_POINT('Ctrl Pts',(10.6252997691819,-13.4702632540311,-27.5));
#5587=CARTESIAN_POINT('Ctrl Pts',(10.6252997691819,-13.4702632540311,11.5));
#5588=CARTESIAN_POINT('Ctrl Pts',(10.5964408759681,-13.4163062589301,-27.5));
#5589=CARTESIAN_POINT('Ctrl Pts',(10.5964408759681,-13.4163062589301,11.5));
#5590=CARTESIAN_POINT('Ctrl Pts',(10.565806399342,-13.3635832817385,-27.5));
#5591=CARTESIAN_POINT('Ctrl Pts',(10.565806399342,-13.3635832817385,11.5));
#5592=CARTESIAN_POINT('Ctrl Pts',(10.5393153461408,-13.3227716881941,-27.5));
#5593=CARTESIAN_POINT('Ctrl Pts',(10.5393153461408,-13.3227716881941,11.5));
#5594=CARTESIAN_POINT('Ctrl Pts',(10.5180809412892,-13.2931001525303,-27.5));
#5595=CARTESIAN_POINT('Ctrl Pts',(10.5180809412892,-13.2931001525303,11.5));
#5596=CARTESIAN_POINT('Ctrl Pts',(10.5032854418864,-13.2737571575516,-27.5));
#5597=CARTESIAN_POINT('Ctrl Pts',(10.5032854418864,-13.2737571575516,11.5));
#5598=CARTESIAN_POINT('Ctrl Pts',(10.4957278820725,-13.2641951690733,-27.5));
#5599=CARTESIAN_POINT('Ctrl Pts',(10.4957278820725,-13.2641951690733,11.5));
#5600=CARTESIAN_POINT('',(11.2959811623046,-17.703128956669,-5.55111512312578E-16));
#5601=CARTESIAN_POINT('Ctrl Pts',(11.2959811623046,-17.703128956669,0.));
#5602=CARTESIAN_POINT('Ctrl Pts',(11.3038213012569,-17.5852802170585,0.));
#5603=CARTESIAN_POINT('Ctrl Pts',(11.3099439453818,-17.4678717845887,-8.29877328844321E-15));
#5604=CARTESIAN_POINT('Ctrl Pts',(11.3143321461173,-17.3509186884638,3.38681389122498E-16));
#5605=CARTESIAN_POINT('Ctrl Pts',(11.3218856612229,-17.1496045208898,1.52065391542151E-14));
#5606=CARTESIAN_POINT('Ctrl Pts',(11.3242964940428,-16.9496439925951,1.57094582638664E-15));
#5607=CARTESIAN_POINT('Ctrl Pts',(11.321408685028,-16.7513676517217,2.08526377658502E-15));
#5608=CARTESIAN_POINT('Ctrl Pts',(11.3190812302411,-16.5915651106479,2.49978280089005E-15));
#5609=CARTESIAN_POINT('Ctrl Pts',(11.3133131725177,-16.4328481824487,1.80485695400226E-15));
#5610=CARTESIAN_POINT('Ctrl Pts',(11.3039988576678,-16.2753985660643,2.08926317489456E-15));
#5611=CARTESIAN_POINT('Ctrl Pts',(11.2964109670879,-16.1471325067549,2.32095421380995E-15));
#5612=CARTESIAN_POINT('Ctrl Pts',(11.286471758171,-16.0197071624459,-6.91264584963524E-16));
#5613=CARTESIAN_POINT('Ctrl Pts',(11.2741136263095,-15.8932302584401,1.91934101095279E-15));
#5614=CARTESIAN_POINT('Ctrl Pts',(11.2623847314676,-15.7731931586871,4.39702282010169E-15));
#5615=CARTESIAN_POINT('Ctrl Pts',(11.2484705828285,-15.6540144595746,2.09403628676186E-15));
#5616=CARTESIAN_POINT('Ctrl Pts',(11.2322986067498,-15.5358004905636,2.09518511197774E-15));
#5617=CARTESIAN_POINT('Ctrl Pts',(11.2208415890069,-15.4520519409845,2.0959989958728E-15));
#5618=CARTESIAN_POINT('Ctrl Pts',(11.2082562780815,-15.3687844805959,3.63359100758416E-15));
#5619=CARTESIAN_POINT('Ctrl Pts',(11.1945133837105,-15.286039307811,1.66001192901555E-15));
#5620=CARTESIAN_POINT('Ctrl Pts',(11.1792574968834,-15.1941844948863,-5.30843814620296E-16));
#5621=CARTESIAN_POINT('Ctrl Pts',(11.162569224235,-15.1029770179244,-6.67031889856528E-15));
#5622=CARTESIAN_POINT('Ctrl Pts',(11.1443648215345,-15.0125035156519,4.66579108497413E-16));
#5623=CARTESIAN_POINT('Ctrl Pts',(11.1284359691715,-14.9333392011633,6.71136486467727E-15));
#5624=CARTESIAN_POINT('Ctrl Pts',(11.1113478574781,-14.8547358644175,1.9775973322598E-15));
#5625=CARTESIAN_POINT('Ctrl Pts',(11.0931086915656,-14.7767118849433,2.09118208139046E-15));
#5626=CARTESIAN_POINT('Ctrl Pts',(11.0815271963678,-14.7271682628323,2.16330606079309E-15));
#5627=CARTESIAN_POINT('Ctrl Pts',(11.0694840348301,-14.6778566999887,-2.38276011757726E-15));
#5628=CARTESIAN_POINT('Ctrl Pts',(11.0569535540387,-14.6288002176299,9.92880714669755E-16));
#5629=CARTESIAN_POINT('Ctrl Pts',(11.0412528942916,-14.5673325731928,5.2225498724866E-15));
#5630=CARTESIAN_POINT('Ctrl Pts',(11.0247793993824,-14.5062703394254,-3.44860866778532E-15));
#5631=CARTESIAN_POINT('Ctrl Pts',(11.0074355974126,-14.4456900879437,8.77348571156076E-16));
#5632=CARTESIAN_POINT('Ctrl Pts',(10.9956815425599,-14.4046342917492,3.8090897641038E-15));
#5633=CARTESIAN_POINT('Ctrl Pts',(10.9835262682088,-14.3638008512679,0.));
#5634=CARTESIAN_POINT('Ctrl Pts',(10.9709782375459,-14.323188998428,0.));
#5635=CARTESIAN_POINT('Ctrl Pts',(10.9563458012396,-14.2758309415405,0.));
#5636=CARTESIAN_POINT('Ctrl Pts',(10.9411865023799,-14.2287695267208,0.));
#5637=CARTESIAN_POINT('Ctrl Pts',(10.9255539451788,-14.1819783706563,0.));
#5638=CARTESIAN_POINT('Ctrl Pts',(10.9150773950701,-14.1506201043891,0.));
#5639=CARTESIAN_POINT('Ctrl Pts',(10.9043892292262,-14.119382630429,-1.93771863912608E-15));
#5640=CARTESIAN_POINT('Ctrl Pts',(10.8934776087511,-14.0882762739789,6.11995380331756E-16));
#5641=CARTESIAN_POINT('Ctrl Pts',(10.8817288289437,-14.0547833813904,3.35732808820725E-15));
#5642=CARTESIAN_POINT('Ctrl Pts',(10.8697214225131,-14.021442210844,2.02645169243498E-15));
#5643=CARTESIAN_POINT('Ctrl Pts',(10.857381564666,-13.9883040030184,2.08987154425555E-15));
#5644=CARTESIAN_POINT('Ctrl Pts',(10.8453933524181,-13.9561101257593,2.15148413767191E-15));
#5645=CARTESIAN_POINT('Ctrl Pts',(10.8330859888585,-13.9241112650879,7.43178103938786E-16));
#5646=CARTESIAN_POINT('Ctrl Pts',(10.8203843324271,-13.8923596145702,1.80223074339258E-15));
#5647=CARTESIAN_POINT('Ctrl Pts',(10.8100396115304,-13.8664998407376,2.66476422705314E-15));
#5648=CARTESIAN_POINT('Ctrl Pts',(10.7994322184024,-13.8408047787282,2.03049516582483E-15));
#5649=CARTESIAN_POINT('Ctrl Pts',(10.7885521907507,-13.8152831579737,2.08867994348243E-15));
#5650=CARTESIAN_POINT('Ctrl Pts',(10.777955619804,-13.7904264504672,2.14534883663307E-15));
#5651=CARTESIAN_POINT('Ctrl Pts',(10.7670998678539,-13.765734623107,-1.55023063488964E-15));
#5652=CARTESIAN_POINT('Ctrl Pts',(10.7560250209574,-13.7411842636658,5.81151041325587E-16));
#5653=CARTESIAN_POINT('Ctrl Pts',(10.7433926653739,-13.713181269759,3.01227911645916E-15));
#5654=CARTESIAN_POINT('Ctrl Pts',(10.7304802424231,-13.6853590445594,1.54471387311563E-15));
#5655=CARTESIAN_POINT('Ctrl Pts',(10.7173815849246,-13.6576617348636,1.99753687189501E-15));
#5656=CARTESIAN_POINT('Ctrl Pts',(10.7075909564262,-13.6369593025976,2.33600069974327E-15));
#5657=CARTESIAN_POINT('Ctrl Pts',(10.6976977601242,-13.616325720956,1.9318846280393E-15));
#5658=CARTESIAN_POINT('Ctrl Pts',(10.6877180619655,-13.5957533018862,2.06807102030207E-15));
#5659=CARTESIAN_POINT('Ctrl Pts',(10.678784923544,-13.5773382892984,2.18997569856558E-15));
#5660=CARTESIAN_POINT('Ctrl Pts',(10.6697830207045,-13.5589719330771,1.94242816433327E-15));
#5661=CARTESIAN_POINT('Ctrl Pts',(10.660691949465,-13.5406698918604,2.06718518389672E-15));
#5662=CARTESIAN_POINT('Ctrl Pts',(10.6516523942548,-13.5224715621281,2.19123524757906E-15));
#5663=CARTESIAN_POINT('Ctrl Pts',(10.6425253697087,-13.5043363707843,-3.5527136788005E-15));
#5664=CARTESIAN_POINT('Ctrl Pts',(10.6332457973027,-13.486309422821,-3.5527136788005E-15));
#5665=CARTESIAN_POINT('Ctrl Pts',(10.6216379033407,-13.4637593643421,-3.5527136788005E-15));
#5666=CARTESIAN_POINT('Ctrl Pts',(10.6097904908989,-13.4413792546816,-3.5527136788005E-15));
#5667=CARTESIAN_POINT('Ctrl Pts',(10.5974995200603,-13.4193076539836,-3.5527136788005E-15));
#5668=CARTESIAN_POINT('Ctrl Pts',(10.5849882696175,-13.3968404845767,-3.5527136788005E-15));
#5669=CARTESIAN_POINT('Ctrl Pts',(10.5720115322532,-13.3746969054487,5.78612360191913E-17));
#5670=CARTESIAN_POINT('Ctrl Pts',(10.558343863749,-13.3530289343793,-8.88007123337345E-18));
#5671=CARTESIAN_POINT('Ctrl Pts',(10.5481772214305,-13.3369112979614,-5.85253343226478E-17));
#5672=CARTESIAN_POINT('Ctrl Pts',(10.5376275743718,-13.3210572706439,-1.34786955208077E-16));
#5673=CARTESIAN_POINT('Ctrl Pts',(10.5266276579501,-13.3055120735457,2.89836387610058E-17));
#5674=CARTESIAN_POINT('Ctrl Pts',(10.5167011155479,-13.2914837798543,1.76773465786781E-16));
#5675=CARTESIAN_POINT('Ctrl Pts',(10.5064074944933,-13.277707246177,1.04759505913348E-15));
#5676=CARTESIAN_POINT('Ctrl Pts',(10.4957278820725,-13.2641951690733,1.04759505913348E-15));
#5677=CARTESIAN_POINT('',(11.2959811623046,-17.703128956669,0.));
#5678=CARTESIAN_POINT('Origin',(2.44849991257029E-14,-4.22704846309189E-14,
0.));
#5679=CARTESIAN_POINT('',(9.68336882179495,-18.6341711255608,-5.55111512312578E-16));
#5680=CARTESIAN_POINT('Origin',(2.44849991257029E-14,-4.22704846309189E-14,
-5.55111512312578E-16));
#5681=CARTESIAN_POINT('',(9.68336882179495,-18.6341711255608,0.));
#5682=CARTESIAN_POINT('Ctrl Pts',(6.239266036136,-15.72166456162,-27.5));
#5683=CARTESIAN_POINT('Ctrl Pts',(6.239266036136,-15.72166456162,11.5));
#5684=CARTESIAN_POINT('Ctrl Pts',(6.24376818116202,-15.7329905946487,-27.5));
#5685=CARTESIAN_POINT('Ctrl Pts',(6.24376818116202,-15.7329905946487,11.5));
#5686=CARTESIAN_POINT('Ctrl Pts',(6.25312195649745,-15.7554753704825,-27.5));
#5687=CARTESIAN_POINT('Ctrl Pts',(6.25312195649745,-15.7554753704825,11.5));
#5688=CARTESIAN_POINT('Ctrl Pts',(6.26820105772578,-15.7887006723502,-27.5));
#5689=CARTESIAN_POINT('Ctrl Pts',(6.26820105772578,-15.7887006723502,11.5));
#5690=CARTESIAN_POINT('Ctrl Pts',(6.29029940790351,-15.8320483941677,-27.5));
#5691=CARTESIAN_POINT('Ctrl Pts',(6.29029940790351,-15.8320483941677,11.5));
#5692=CARTESIAN_POINT('Ctrl Pts',(6.32064160720155,-15.8849401177533,-27.5));
#5693=CARTESIAN_POINT('Ctrl Pts',(6.32064160720155,-15.8849401177533,11.5));
#5694=CARTESIAN_POINT('Ctrl Pts',(6.35294028906402,-15.936911149952,-27.5));
#5695=CARTESIAN_POINT('Ctrl Pts',(6.35294028906402,-15.936911149952,11.5));
#5696=CARTESIAN_POINT('Ctrl Pts',(6.38644556832086,-15.9883252735785,-27.5));
#5697=CARTESIAN_POINT('Ctrl Pts',(6.38644556832086,-15.9883252735785,11.5));
#5698=CARTESIAN_POINT('Ctrl Pts',(6.42061206213064,-16.039442944698,-27.5));
#5699=CARTESIAN_POINT('Ctrl Pts',(6.42061206213064,-16.039442944698,11.5));
#5700=CARTESIAN_POINT('Ctrl Pts',(6.45523897231558,-16.0903521201344,-27.5));
#5701=CARTESIAN_POINT('Ctrl Pts',(6.45523897231558,-16.0903521201344,11.5));
#5702=CARTESIAN_POINT('Ctrl Pts',(6.49034896712807,-16.1410293317459,-27.5));
#5703=CARTESIAN_POINT('Ctrl Pts',(6.49034896712807,-16.1410293317459,11.5));
#5704=CARTESIAN_POINT('Ctrl Pts',(6.52609785451194,-16.1913854339651,-27.5));
#5705=CARTESIAN_POINT('Ctrl Pts',(6.52609785451194,-16.1913854339651,11.5));
#5706=CARTESIAN_POINT('Ctrl Pts',(6.5626781756986,-16.2413143163433,-27.5));
#5707=CARTESIAN_POINT('Ctrl Pts',(6.5626781756986,-16.2413143163433,11.5));
#5708=CARTESIAN_POINT('Ctrl Pts',(6.60021209090995,-16.2907471198251,-27.5));
#5709=CARTESIAN_POINT('Ctrl Pts',(6.60021209090995,-16.2907471198251,11.5));
#5710=CARTESIAN_POINT('Ctrl Pts',(6.63869269959346,-16.3396817937835,-27.5));
#5711=CARTESIAN_POINT('Ctrl Pts',(6.63869269959346,-16.3396817937835,11.5));
#5712=CARTESIAN_POINT('Ctrl Pts',(6.67803909545316,-16.3881548195136,-27.5));
#5713=CARTESIAN_POINT('Ctrl Pts',(6.67803909545316,-16.3881548195136,11.5));
#5714=CARTESIAN_POINT('Ctrl Pts',(6.71812944880287,-16.4362240966974,-27.5));
#5715=CARTESIAN_POINT('Ctrl Pts',(6.71812944880287,-16.4362240966974,11.5));
#5716=CARTESIAN_POINT('Ctrl Pts',(6.75883983865989,-16.483948930396,-27.5));
#5717=CARTESIAN_POINT('Ctrl Pts',(6.75883983865989,-16.483948930396,11.5));
#5718=CARTESIAN_POINT('Ctrl Pts',(6.80008770540385,-16.5313676130639,-27.5));
#5719=CARTESIAN_POINT('Ctrl Pts',(6.80008770540385,-16.5313676130639,11.5));
#5720=CARTESIAN_POINT('Ctrl Pts',(6.84184743873845,-16.5784893672416,-27.5));
#5721=CARTESIAN_POINT('Ctrl Pts',(6.84184743873845,-16.5784893672416,11.5));
#5722=CARTESIAN_POINT('Ctrl Pts',(6.88412656474415,-16.6253065740023,-27.5));
#5723=CARTESIAN_POINT('Ctrl Pts',(6.88412656474415,-16.6253065740023,11.5));
#5724=CARTESIAN_POINT('Ctrl Pts',(6.92695128171652,-16.6718021888995,-27.5));
#5725=CARTESIAN_POINT('Ctrl Pts',(6.92695128171652,-16.6718021888995,11.5));
#5726=CARTESIAN_POINT('Ctrl Pts',(6.97034961145968,-16.7179583870496,-27.5));
#5727=CARTESIAN_POINT('Ctrl Pts',(6.97034961145968,-16.7179583870496,11.5));
#5728=CARTESIAN_POINT('Ctrl Pts',(7.01433218368561,-16.7637664236434,-27.5));
#5729=CARTESIAN_POINT('Ctrl Pts',(7.01433218368561,-16.7637664236434,11.5));
#5730=CARTESIAN_POINT('Ctrl Pts',(7.05888782796768,-16.8092288852223,-27.5));
#5731=CARTESIAN_POINT('Ctrl Pts',(7.05888782796768,-16.8092288852223,11.5));
#5732=CARTESIAN_POINT('Ctrl Pts',(7.10399334293933,-16.8543546549481,-27.5));
#5733=CARTESIAN_POINT('Ctrl Pts',(7.10399334293933,-16.8543546549481,11.5));
#5734=CARTESIAN_POINT('Ctrl Pts',(7.1496195177904,-16.8991558042135,-27.5));
#5735=CARTESIAN_POINT('Ctrl Pts',(7.1496195177904,-16.8991558042135,11.5));
#5736=CARTESIAN_POINT('Ctrl Pts',(7.19573808648985,-16.9436440057727,-27.5));
#5737=CARTESIAN_POINT('Ctrl Pts',(7.19573808648985,-16.9436440057727,11.5));
#5738=CARTESIAN_POINT('Ctrl Pts',(7.24232974212967,-16.9878264010786,-27.5));
#5739=CARTESIAN_POINT('Ctrl Pts',(7.24232974212967,-16.9878264010786,11.5));
#5740=CARTESIAN_POINT('Ctrl Pts',(7.2893851275619,-17.0317050833899,-27.5));
#5741=CARTESIAN_POINT('Ctrl Pts',(7.2893851275619,-17.0317050833899,11.5));
#5742=CARTESIAN_POINT('Ctrl Pts',(7.33690073789034,-17.0752792001313,-27.5));
#5743=CARTESIAN_POINT('Ctrl Pts',(7.33690073789034,-17.0752792001313,11.5));
#5744=CARTESIAN_POINT('Ctrl Pts',(7.38487623998073,-17.1185463262627,-27.5));
#5745=CARTESIAN_POINT('Ctrl Pts',(7.38487623998073,-17.1185463262627,11.5));
#5746=CARTESIAN_POINT('Ctrl Pts',(7.43331145982136,-17.1615040092019,-27.5));
#5747=CARTESIAN_POINT('Ctrl Pts',(7.43331145982136,-17.1615040092019,11.5));
#5748=CARTESIAN_POINT('Ctrl Pts',(7.48220288257494,-17.2041515645029,-27.5));
#5749=CARTESIAN_POINT('Ctrl Pts',(7.48220288257494,-17.2041515645029,11.5));
#5750=CARTESIAN_POINT('Ctrl Pts',(7.53154337009876,-17.2464902180529,-27.5));
#5751=CARTESIAN_POINT('Ctrl Pts',(7.53154337009876,-17.2464902180529,11.5));
#5752=CARTESIAN_POINT('Ctrl Pts',(7.58132383518684,-17.2885222427238,-27.5));
#5753=CARTESIAN_POINT('Ctrl Pts',(7.58132383518684,-17.2885222427238,11.5));
#5754=CARTESIAN_POINT('Ctrl Pts',(7.63153435194699,-17.3302503854967,-27.5));
#5755=CARTESIAN_POINT('Ctrl Pts',(7.63153435194699,-17.3302503854967,11.5));
#5756=CARTESIAN_POINT('Ctrl Pts',(7.68216539068494,-17.3716772307044,-27.5));
#5757=CARTESIAN_POINT('Ctrl Pts',(7.68216539068494,-17.3716772307044,11.5));
#5758=CARTESIAN_POINT('Ctrl Pts',(7.73320925776236,-17.4128044592041,-27.5));
#5759=CARTESIAN_POINT('Ctrl Pts',(7.73320925776236,-17.4128044592041,11.5));
#5760=CARTESIAN_POINT('Ctrl Pts',(7.7846601611618,-17.453632810828,-27.5));
#5761=CARTESIAN_POINT('Ctrl Pts',(7.7846601611618,-17.453632810828,11.5));
#5762=CARTESIAN_POINT('Ctrl Pts',(7.83651348553074,-17.4941624517951,-27.5));
#5763=CARTESIAN_POINT('Ctrl Pts',(7.83651348553074,-17.4941624517951,11.5));
#5764=CARTESIAN_POINT('Ctrl Pts',(7.88876529180081,-17.5343932275743,-27.5));
#5765=CARTESIAN_POINT('Ctrl Pts',(7.88876529180081,-17.5343932275743,11.5));
#5766=CARTESIAN_POINT('Ctrl Pts',(7.94141176819588,-17.5743249414962,-27.5));
#5767=CARTESIAN_POINT('Ctrl Pts',(7.94141176819588,-17.5743249414962,11.5));
#5768=CARTESIAN_POINT('Ctrl Pts',(7.99444858350274,-17.6139576829664,-27.5));
#5769=CARTESIAN_POINT('Ctrl Pts',(7.99444858350274,-17.6139576829664,11.5));
#5770=CARTESIAN_POINT('Ctrl Pts',(8.04787083355243,-17.6532918566393,-27.5));
#5771=CARTESIAN_POINT('Ctrl Pts',(8.04787083355243,-17.6532918566393,11.5));
#5772=CARTESIAN_POINT('Ctrl Pts',(8.1016733489382,-17.6923280292409,-27.5));
#5773=CARTESIAN_POINT('Ctrl Pts',(8.1016733489382,-17.6923280292409,11.5));
#5774=CARTESIAN_POINT('Ctrl Pts',(8.15585089734556,-17.731066830899,-27.5));
#5775=CARTESIAN_POINT('Ctrl Pts',(8.15585089734556,-17.731066830899,11.5));
#5776=CARTESIAN_POINT('Ctrl Pts',(8.21039840667257,-17.7695088450109,-27.5));
#5777=CARTESIAN_POINT('Ctrl Pts',(8.21039840667257,-17.7695088450109,11.5));
#5778=CARTESIAN_POINT('Ctrl Pts',(8.26531122597928,-17.8076544833657,-27.5));
#5779=CARTESIAN_POINT('Ctrl Pts',(8.26531122597928,-17.8076544833657,11.5));
#5780=CARTESIAN_POINT('Ctrl Pts',(8.32058514807242,-17.8455039669834,-27.5));
#5781=CARTESIAN_POINT('Ctrl Pts',(8.32058514807242,-17.8455039669834,11.5));
#5782=CARTESIAN_POINT('Ctrl Pts',(8.37621625830131,-17.8830573854041,-27.5));
#5783=CARTESIAN_POINT('Ctrl Pts',(8.37621625830131,-17.8830573854041,11.5));
#5784=CARTESIAN_POINT('Ctrl Pts',(8.43220082787837,-17.9203147358445,-27.5));
#5785=CARTESIAN_POINT('Ctrl Pts',(8.43220082787837,-17.9203147358445,11.5));
#5786=CARTESIAN_POINT('Ctrl Pts',(8.48853519803007,-17.9572759694815,-27.5));
#5787=CARTESIAN_POINT('Ctrl Pts',(8.48853519803007,-17.9572759694815,11.5));
#5788=CARTESIAN_POINT('Ctrl Pts',(8.54521563723014,-17.9939410447152,-27.5));
#5789=CARTESIAN_POINT('Ctrl Pts',(8.54521563723014,-17.9939410447152,11.5));
#5790=CARTESIAN_POINT('Ctrl Pts',(8.60223832164985,-18.030309947477,-27.5));
#5791=CARTESIAN_POINT('Ctrl Pts',(8.60223832164985,-18.030309947477,11.5));
#5792=CARTESIAN_POINT('Ctrl Pts',(8.65959943231183,-18.0663826782164,-27.5));
#5793=CARTESIAN_POINT('Ctrl Pts',(8.65959943231183,-18.0663826782164,11.5));
#5794=CARTESIAN_POINT('Ctrl Pts',(8.71729522135081,-18.10215925098,-27.5));
#5795=CARTESIAN_POINT('Ctrl Pts',(8.71729522135081,-18.10215925098,11.5));
#5796=CARTESIAN_POINT('Ctrl Pts',(8.77532207991447,-18.1376396880447,-27.5));
#5797=CARTESIAN_POINT('Ctrl Pts',(8.77532207991447,-18.1376396880447,11.5));
#5798=CARTESIAN_POINT('Ctrl Pts',(8.83367662388485,-18.1728240227388,-27.5));
#5799=CARTESIAN_POINT('Ctrl Pts',(8.83367662388485,-18.1728240227388,11.5));
#5800=CARTESIAN_POINT('Ctrl Pts',(8.89235569448269,-18.2077122863624,-27.5));
#5801=CARTESIAN_POINT('Ctrl Pts',(8.89235569448269,-18.2077122863624,11.5));
#5802=CARTESIAN_POINT('Ctrl Pts',(8.95135624283595,-18.2423044755825,-27.5));
#5803=CARTESIAN_POINT('Ctrl Pts',(8.95135624283595,-18.2423044755825,11.5));
#5804=CARTESIAN_POINT('Ctrl Pts',(9.01067523618774,-18.2766005246161,-27.5));
#5805=CARTESIAN_POINT('Ctrl Pts',(9.01067523618774,-18.2766005246161,11.5));
#5806=CARTESIAN_POINT('Ctrl Pts',(9.07030956428593,-18.310600281562,-27.5));
#5807=CARTESIAN_POINT('Ctrl Pts',(9.07030956428593,-18.310600281562,11.5));
#5808=CARTESIAN_POINT('Ctrl Pts',(9.13025591636128,-18.3443034755065,-27.5));
#5809=CARTESIAN_POINT('Ctrl Pts',(9.13025591636128,-18.3443034755065,11.5));
#5810=CARTESIAN_POINT('Ctrl Pts',(9.19051075601373,-18.3777097207339,-27.5));
#5811=CARTESIAN_POINT('Ctrl Pts',(9.19051075601373,-18.3777097207339,11.5));
#5812=CARTESIAN_POINT('Ctrl Pts',(9.25107052891337,-18.4108186041578,-27.5));
#5813=CARTESIAN_POINT('Ctrl Pts',(9.25107052891337,-18.4108186041578,11.5));
#5814=CARTESIAN_POINT('Ctrl Pts',(9.31193182422331,-18.4436297599477,-27.5));
#5815=CARTESIAN_POINT('Ctrl Pts',(9.31193182422331,-18.4436297599477,11.5));
#5816=CARTESIAN_POINT('Ctrl Pts',(9.37309154735113,-18.4761429471643,-27.5));
#5817=CARTESIAN_POINT('Ctrl Pts',(9.37309154735113,-18.4761429471643,11.5));
#5818=CARTESIAN_POINT('Ctrl Pts',(9.43454709779133,-18.5083581385671,-27.5));
#5819=CARTESIAN_POINT('Ctrl Pts',(9.43454709779133,-18.5083581385671,11.5));
#5820=CARTESIAN_POINT('Ctrl Pts',(9.49629650795658,-18.540275576952,-27.5));
#5821=CARTESIAN_POINT('Ctrl Pts',(9.49629650795658,-18.540275576952,11.5));
#5822=CARTESIAN_POINT('Ctrl Pts',(9.55833835922733,-18.5718956441315,-27.5));
#5823=CARTESIAN_POINT('Ctrl Pts',(9.55833835922733,-18.5718956441315,11.5));
#5824=CARTESIAN_POINT('Ctrl Pts',(9.60820505197996,-18.5969541331302,-27.5));
#5825=CARTESIAN_POINT('Ctrl Pts',(9.60820505197996,-18.5969541331302,11.5));
#5826=CARTESIAN_POINT('Ctrl Pts',(9.64573602675296,-18.6156145206642,-27.5));
#5827=CARTESIAN_POINT('Ctrl Pts',(9.64573602675296,-18.6156145206642,11.5));
#5828=CARTESIAN_POINT('Ctrl Pts',(9.67081485961338,-18.6279954746569,-27.5));
#5829=CARTESIAN_POINT('Ctrl Pts',(9.67081485961338,-18.6279954746569,11.5));
#5830=CARTESIAN_POINT('Ctrl Pts',(9.68336882179495,-18.6341711255608,-27.5));
#5831=CARTESIAN_POINT('Ctrl Pts',(9.68336882179495,-18.6341711255608,11.5));
#5832=CARTESIAN_POINT('Ctrl Pts',(6.239266036136,-15.72166456162,0.));
#5833=CARTESIAN_POINT('Ctrl Pts',(6.24604110071324,-15.738708571693,0.));
#5834=CARTESIAN_POINT('Ctrl Pts',(6.25329523317368,-15.7555232147431,-9.66661516309485E-16));
#5835=CARTESIAN_POINT('Ctrl Pts',(6.26100229366462,-15.7721213103156,-1.03934976380017E-15));
#5836=CARTESIAN_POINT('Ctrl Pts',(6.26974032977659,-15.7909397377398,-1.12176153833281E-15));
#5837=CARTESIAN_POINT('Ctrl Pts',(6.27905990428192,-15.8094801466225,1.57583297469804E-15));
#5838=CARTESIAN_POINT('Ctrl Pts',(6.2888622045215,-15.8277909062812,2.04289650430877E-15));
#5839=CARTESIAN_POINT('Ctrl Pts',(6.30598703645574,-15.8597802020669,2.85886665944649E-15));
#5840=CARTESIAN_POINT('Ctrl Pts',(6.3245805328888,-15.8910710914617,3.5527136788005E-15));
#5841=CARTESIAN_POINT('Ctrl Pts',(6.34393561356842,-15.9220078591608,3.5527136788005E-15));
#5842=CARTESIAN_POINT('Ctrl Pts',(6.35514447588658,-15.9399238769469,3.5527136788005E-15));
#5843=CARTESIAN_POINT('Ctrl Pts',(6.36660596450534,-15.9577224461099,3.5527136788005E-15));
#5844=CARTESIAN_POINT('Ctrl Pts',(6.37821039156734,-15.9754562069347,3.5527136788005E-15));
#5845=CARTESIAN_POINT('Ctrl Pts',(6.38912019308077,-15.9921284484553,3.5527136788005E-15));
#5846=CARTESIAN_POINT('Ctrl Pts',(6.40015587505076,-16.0087436277967,3.5527136788005E-15));
#5847=CARTESIAN_POINT('Ctrl Pts',(6.411271697922,-16.0253227128549,3.5527136788005E-15));
#5848=CARTESIAN_POINT('Ctrl Pts',(6.42374309228764,-16.0439236127052,3.5527136788005E-15));
#5849=CARTESIAN_POINT('Ctrl Pts',(6.43631598032328,-16.0624787622458,0.));
#5850=CARTESIAN_POINT('Ctrl Pts',(6.44898283939656,-16.080989279166,0.));
#5851=CARTESIAN_POINT('Ctrl Pts',(6.46496788204562,-16.1043487718954,0.));
#5852=CARTESIAN_POINT('Ctrl Pts',(6.48110364353364,-16.1276366148267,-1.02819527333491E-15));
#5853=CARTESIAN_POINT('Ctrl Pts',(6.49745113141701,-16.1508174364156,9.60188924372218E-16));
#5854=CARTESIAN_POINT('Ctrl Pts',(6.51391569613424,-16.1741642735548,2.96281345845659E-15));
#5855=CARTESIAN_POINT('Ctrl Pts',(6.53060081748106,-16.1973996225748,1.49720326214901E-15));
#5856=CARTESIAN_POINT('Ctrl Pts',(6.5475778373522,-16.2204837942948,1.97748399984269E-15));
#5857=CARTESIAN_POINT('Ctrl Pts',(6.5634567408354,-16.2420748236694,2.42669897023009E-15));
#5858=CARTESIAN_POINT('Ctrl Pts',(6.57959257293697,-16.2635328218408,2.08091599657846E-15));
#5859=CARTESIAN_POINT('Ctrl Pts',(6.59599661158346,-16.2848499023326,2.09426814260531E-15));
#5860=CARTESIAN_POINT('Ctrl Pts',(6.61529888903311,-16.3099332498507,2.10997932402305E-15));
#5861=CARTESIAN_POINT('Ctrl Pts',(6.63497098713551,-16.3348222667528,4.68994041857465E-16));
#5862=CARTESIAN_POINT('Ctrl Pts',(6.65496360024947,-16.3595392859445,1.68716881483936E-15));
#5863=CARTESIAN_POINT('Ctrl Pts',(6.67850855049786,-16.388648086472,3.12179190588859E-15));
#5864=CARTESIAN_POINT('Ctrl Pts',(6.70249248480784,-16.4175211864562,-1.40891944397228E-15));
#5865=CARTESIAN_POINT('Ctrl Pts',(6.72680081930156,-16.4462131460239,1.01514735048577E-15));
#5866=CARTESIAN_POINT('Ctrl Pts',(6.74754797314301,-16.470701722126,3.08408739734875E-15));
#5867=CARTESIAN_POINT('Ctrl Pts',(6.76852946684293,-16.495059372937,0.));
#5868=CARTESIAN_POINT('Ctrl Pts',(6.78971182064144,-16.5193008619176,0.));
#5869=CARTESIAN_POINT('Ctrl Pts',(6.81633864359188,-16.5497731050537,0.));
#5870=CARTESIAN_POINT('Ctrl Pts',(6.84328411469498,-16.5800611381572,0.));
#5871=CARTESIAN_POINT('Ctrl Pts',(6.87055963481455,-16.6101546425153,0.));
#5872=CARTESIAN_POINT('Ctrl Pts',(6.89972436312962,-16.6423325395748,0.));
#5873=CARTESIAN_POINT('Ctrl Pts',(6.92927269639241,-16.6742848146218,0.));
#5874=CARTESIAN_POINT('Ctrl Pts',(6.9592365271219,-16.7059900962454,0.));
#5875=CARTESIAN_POINT('Ctrl Pts',(6.99076121106653,-16.7393469454275,0.));
#5876=CARTESIAN_POINT('Ctrl Pts',(7.02274686393751,-16.7724298588102,2.08587505353039E-15));
#5877=CARTESIAN_POINT('Ctrl Pts',(7.05516968188542,-16.805245742911,2.09491772528205E-15));
#5878=CARTESIAN_POINT('Ctrl Pts',(7.10003103148786,-16.8506509526472,2.10742948349637E-15));
#5879=CARTESIAN_POINT('Ctrl Pts',(7.14571981480108,-16.8955497993926,2.08462516000733E-15));
#5880=CARTESIAN_POINT('Ctrl Pts',(7.19211841818419,-16.9399897643487,2.09497898519314E-15));
#5881=CARTESIAN_POINT('Ctrl Pts',(7.23474633733046,-16.9808182181141,2.10449138407358E-15));
#5882=CARTESIAN_POINT('Ctrl Pts',(7.27797408312681,-17.0212590141343,1.57269090189618E-15));
#5883=CARTESIAN_POINT('Ctrl Pts',(7.32178284002343,-17.0613124646645,2.05105373788374E-15));
#5884=CARTESIAN_POINT('Ctrl Pts',(7.37198348945811,-17.1072098918264,2.59921183989647E-15));
#5885=CARTESIAN_POINT('Ctrl Pts',(7.42295497232717,-17.1525946233228,2.018970590285E-15));
#5886=CARTESIAN_POINT('Ctrl Pts',(7.47468154456847,-17.197461532522,2.09241103226533E-15));
#5887=CARTESIAN_POINT('Ctrl Pts',(7.55010795413502,-17.2628853509313,2.19950007017253E-15));
#5888=CARTESIAN_POINT('Ctrl Pts',(7.62713055726291,-17.3272128168719,0.));
#5889=CARTESIAN_POINT('Ctrl Pts',(7.70560214455616,-17.3904814748826,0.));
#5890=CARTESIAN_POINT('Ctrl Pts',(7.81026475590412,-17.4748669600281,0.));
#5891=CARTESIAN_POINT('Ctrl Pts',(7.91751211215416,-17.5573652134176,2.20318506420504E-16));
#5892=CARTESIAN_POINT('Ctrl Pts',(8.02717634818828,-17.6379787135908,2.00384242348676E-15));
#5893=CARTESIAN_POINT('Ctrl Pts',(8.12821832143281,-17.712254041831,3.64713819999804E-15));
#5894=CARTESIAN_POINT('Ctrl Pts',(8.2313043770317,-17.7849331512536,-5.47342887983954E-15));
#5895=CARTESIAN_POINT('Ctrl Pts',(8.33629375815076,-17.8560280490384,1.30073478037797E-15));
#5896=CARTESIAN_POINT('Ctrl Pts',(8.48272360096905,-17.9551848837283,1.07487352297386E-14));
#5897=CARTESIAN_POINT('Ctrl Pts',(8.63286484667102,-18.0512557174127,-1.06072126268918E-14));
#5898=CARTESIAN_POINT('Ctrl Pts',(8.78641091027236,-18.1442400523715,9.32091120062531E-16));
#5899=CARTESIAN_POINT('Ctrl Pts',(8.92043402743479,-18.2254016928992,1.10042051279228E-14));
#5900=CARTESIAN_POINT('Ctrl Pts',(9.05705622598416,-18.3042147546756,-1.10490721843614E-14));
#5901=CARTESIAN_POINT('Ctrl Pts',(9.19610070255444,-18.3806690588486,4.707371361201E-16));
#5902=CARTESIAN_POINT('Ctrl Pts',(9.29712555583313,-18.4362180820973,8.84062765681107E-15));
#5903=CARTESIAN_POINT('Ctrl Pts',(9.39942320874038,-18.4905189519731,-1.09773080081207E-18));
#5904=CARTESIAN_POINT('Ctrl Pts',(9.50294171795264,-18.543571937258,1.41212035401425E-20));
#5905=CARTESIAN_POINT('Ctrl Pts',(9.56267704912613,-18.5741861498259,6.55715138782279E-19));
#5906=CARTESIAN_POINT('Ctrl Pts',(9.62282009609569,-18.6043854860005,2.50511861966703E-15));
#5907=CARTESIAN_POINT('Ctrl Pts',(9.68336882179495,-18.6341711255608,2.50511861966702E-15));
#5908=CARTESIAN_POINT('Ctrl Pts',(0.931042168891745,-20.9793499840996,-27.5));
#5909=CARTESIAN_POINT('Ctrl Pts',(0.931042168891745,-20.9793499840996,11.5));
#5910=CARTESIAN_POINT('Ctrl Pts',(0.938826393607196,-20.9677247324411,-27.5));
#5911=CARTESIAN_POINT('Ctrl Pts',(0.938826393607196,-20.9677247324411,11.5));
#5912=CARTESIAN_POINT('Ctrl Pts',(0.954354822965217,-20.9444630953301,-27.5));
#5913=CARTESIAN_POINT('Ctrl Pts',(0.954354822965217,-20.9444630953301,11.5));
#5914=CARTESIAN_POINT('Ctrl Pts',(0.97752740678046,-20.9095372382948,-27.5));
#5915=CARTESIAN_POINT('Ctrl Pts',(0.97752740678046,-20.9095372382948,11.5));
#5916=CARTESIAN_POINT('Ctrl Pts',(1.00818398500761,-20.8629026038651,-27.5));
#5917=CARTESIAN_POINT('Ctrl Pts',(1.00818398500761,-20.8629026038651,11.5));
#5918=CARTESIAN_POINT('Ctrl Pts',(1.04610377071613,-20.8044978967829,-27.5));
#5919=CARTESIAN_POINT('Ctrl Pts',(1.04610377071613,-20.8044978967829,11.5));
#5920=CARTESIAN_POINT('Ctrl Pts',(1.08362160939546,-20.7459818792352,-27.5));
#5921=CARTESIAN_POINT('Ctrl Pts',(1.08362160939546,-20.7459818792352,11.5));
#5922=CARTESIAN_POINT('Ctrl Pts',(1.12073608157886,-20.6873549298725,-27.5));
#5923=CARTESIAN_POINT('Ctrl Pts',(1.12073608157886,-20.6873549298725,11.5));
#5924=CARTESIAN_POINT('Ctrl Pts',(1.15744536188768,-20.6286178222211,-27.5));
#5925=CARTESIAN_POINT('Ctrl Pts',(1.15744536188768,-20.6286178222211,11.5));
#5926=CARTESIAN_POINT('Ctrl Pts',(1.19374721183833,-20.5697718801245,-27.5));
#5927=CARTESIAN_POINT('Ctrl Pts',(1.19374721183833,-20.5697718801245,11.5));
#5928=CARTESIAN_POINT('Ctrl Pts',(1.22963907190491,-20.5108188595387,-27.5));
#5929=CARTESIAN_POINT('Ctrl Pts',(1.22963907190491,-20.5108188595387,11.5));
#5930=CARTESIAN_POINT('Ctrl Pts',(1.2651181711312,-20.4517607827005,-27.5));
#5931=CARTESIAN_POINT('Ctrl Pts',(1.2651181711312,-20.4517607827005,11.5));
#5932=CARTESIAN_POINT('Ctrl Pts',(1.30018163792039,-20.3925997845181,-27.5));
#5933=CARTESIAN_POINT('Ctrl Pts',(1.30018163792039,-20.3925997845181,11.5));
#5934=CARTESIAN_POINT('Ctrl Pts',(1.33482660251809,-20.3333379672314,-27.5));
#5935=CARTESIAN_POINT('Ctrl Pts',(1.33482660251809,-20.3333379672314,11.5));
#5936=CARTESIAN_POINT('Ctrl Pts',(1.36905033317087,-20.273977220843,-27.5));
#5937=CARTESIAN_POINT('Ctrl Pts',(1.36905033317087,-20.273977220843,11.5));
#5938=CARTESIAN_POINT('Ctrl Pts',(1.40285021227195,-20.2145192320292,-27.5));
#5939=CARTESIAN_POINT('Ctrl Pts',(1.40285021227195,-20.2145192320292,11.5));
#5940=CARTESIAN_POINT('Ctrl Pts',(1.43622364626834,-20.1549655741383,-27.5));
#5941=CARTESIAN_POINT('Ctrl Pts',(1.43622364626834,-20.1549655741383,11.5));
#5942=CARTESIAN_POINT('Ctrl Pts',(1.46916799642589,-20.0953177744928,-27.5));
#5943=CARTESIAN_POINT('Ctrl Pts',(1.46916799642589,-20.0953177744928,11.5));
#5944=CARTESIAN_POINT('Ctrl Pts',(1.50168051151147,-20.0355773853755,-27.5));
#5945=CARTESIAN_POINT('Ctrl Pts',(1.50168051151147,-20.0355773853755,11.5));
#5946=CARTESIAN_POINT('Ctrl Pts',(1.53375824412881,-19.9757460699824,-27.5));
#5947=CARTESIAN_POINT('Ctrl Pts',(1.53375824412881,-19.9757460699824,11.5));
#5948=CARTESIAN_POINT('Ctrl Pts',(1.56539805778169,-19.9158256134473,-27.5));
#5949=CARTESIAN_POINT('Ctrl Pts',(1.56539805778169,-19.9158256134473,11.5));
#5950=CARTESIAN_POINT('Ctrl Pts',(1.59659669970027,-19.855817877538,-27.5));
#5951=CARTESIAN_POINT('Ctrl Pts',(1.59659669970027,-19.855817877538,11.5));
#5952=CARTESIAN_POINT('Ctrl Pts',(1.62735086232832,-19.7957247713539,-27.5));
#5953=CARTESIAN_POINT('Ctrl Pts',(1.62735086232832,-19.7957247713539,11.5));
#5954=CARTESIAN_POINT('Ctrl Pts',(1.65765724116737,-19.7355482189931,-27.5));
#5955=CARTESIAN_POINT('Ctrl Pts',(1.65765724116737,-19.7355482189931,11.5));
#5956=CARTESIAN_POINT('Ctrl Pts',(1.68751262542086,-19.6752901222455,-27.5));
#5957=CARTESIAN_POINT('Ctrl Pts',(1.68751262542086,-19.6752901222455,11.5));
#5958=CARTESIAN_POINT('Ctrl Pts',(1.71691387090944,-19.6149523527798,-27.5));
#5959=CARTESIAN_POINT('Ctrl Pts',(1.71691387090944,-19.6149523527798,11.5));
#5960=CARTESIAN_POINT('Ctrl Pts',(1.74585774980004,-19.5545367774002,-27.5));
#5961=CARTESIAN_POINT('Ctrl Pts',(1.74585774980004,-19.5545367774002,11.5));
#5962=CARTESIAN_POINT('Ctrl Pts',(1.77434082713571,-19.494045275888,-27.5));
#5963=CARTESIAN_POINT('Ctrl Pts',(1.77434082713571,-19.494045275888,11.5));
#5964=CARTESIAN_POINT('Ctrl Pts',(1.80235934887013,-19.433479760431,-27.5));
#5965=CARTESIAN_POINT('Ctrl Pts',(1.80235934887013,-19.433479760431,11.5));
#5966=CARTESIAN_POINT('Ctrl Pts',(1.82990908127658,-19.3728421998792,-27.5));
#5967=CARTESIAN_POINT('Ctrl Pts',(1.82990908127658,-19.3728421998792,11.5));
#5968=CARTESIAN_POINT('Ctrl Pts',(1.85698534008739,-19.3121346250468,-27.5));
#5969=CARTESIAN_POINT('Ctrl Pts',(1.85698534008739,-19.3121346250468,11.5));
#5970=CARTESIAN_POINT('Ctrl Pts',(1.88358327892127,-19.2513591063843,-27.5));
#5971=CARTESIAN_POINT('Ctrl Pts',(1.88358327892127,-19.2513591063843,11.5));
#5972=CARTESIAN_POINT('Ctrl Pts',(1.90969813757777,-19.1905177377962,-27.5));
#5973=CARTESIAN_POINT('Ctrl Pts',(1.90969813757777,-19.1905177377962,11.5));
#5974=CARTESIAN_POINT('Ctrl Pts',(1.93532546659467,-19.1296126209256,-27.5));
#5975=CARTESIAN_POINT('Ctrl Pts',(1.93532546659467,-19.1296126209256,11.5));
#5976=CARTESIAN_POINT('Ctrl Pts',(1.96046147032858,-19.0686458439518,-27.5));
#5977=CARTESIAN_POINT('Ctrl Pts',(1.96046147032858,-19.0686458439518,11.5));
#5978=CARTESIAN_POINT('Ctrl Pts',(1.98510294601921,-19.0076194830836,-27.5));
#5979=CARTESIAN_POINT('Ctrl Pts',(1.98510294601921,-19.0076194830836,11.5));
#5980=CARTESIAN_POINT('Ctrl Pts',(2.00924655959882,-18.9465356416829,-27.5));
#5981=CARTESIAN_POINT('Ctrl Pts',(2.00924655959882,-18.9465356416829,11.5));
#5982=CARTESIAN_POINT('Ctrl Pts',(2.03288823094541,-18.8853964834762,-27.5));
#5983=CARTESIAN_POINT('Ctrl Pts',(2.03288823094541,-18.8853964834762,11.5));
#5984=CARTESIAN_POINT('Ctrl Pts',(2.05602257410862,-18.8242042637587,-27.5));
#5985=CARTESIAN_POINT('Ctrl Pts',(2.05602257410862,-18.8242042637587,11.5));
#5986=CARTESIAN_POINT('Ctrl Pts',(2.07864208577362,-18.7629613736846,-27.5));
#5987=CARTESIAN_POINT('Ctrl Pts',(2.07864208577362,-18.7629613736846,11.5));
#5988=CARTESIAN_POINT('Ctrl Pts',(2.10073722081665,-18.701670340003,-27.5));
#5989=CARTESIAN_POINT('Ctrl Pts',(2.10073722081665,-18.701670340003,11.5));
#5990=CARTESIAN_POINT('Ctrl Pts',(2.12229800967238,-18.6403337467048,-27.5));
#5991=CARTESIAN_POINT('Ctrl Pts',(2.12229800967238,-18.6403337467048,11.5));
#5992=CARTESIAN_POINT('Ctrl Pts',(2.14331544615366,-18.5789541690281,-27.5));
#5993=CARTESIAN_POINT('Ctrl Pts',(2.14331544615366,-18.5789541690281,11.5));
#5994=CARTESIAN_POINT('Ctrl Pts',(2.16378273550392,-18.5175341143946,-27.5));
#5995=CARTESIAN_POINT('Ctrl Pts',(2.16378273550392,-18.5175341143946,11.5));
#5996=CARTESIAN_POINT('Ctrl Pts',(2.18369717600781,-18.4560759329709,-27.5));
#5997=CARTESIAN_POINT('Ctrl Pts',(2.18369717600781,-18.4560759329709,11.5));
#5998=CARTESIAN_POINT('Ctrl Pts',(2.20305984325783,-18.3945818357611,-27.5));
#5999=CARTESIAN_POINT('Ctrl Pts',(2.20305984325783,-18.3945818357611,11.5));
#6000=CARTESIAN_POINT('Ctrl Pts',(2.22187166127139,-18.3330540894789,-27.5));
#6001=CARTESIAN_POINT('Ctrl Pts',(2.22187166127139,-18.3330540894789,11.5));
#6002=CARTESIAN_POINT('Ctrl Pts',(2.24013002100688,-18.271495184924,-27.5));
#6003=CARTESIAN_POINT('Ctrl Pts',(2.24013002100688,-18.271495184924,11.5));
#6004=CARTESIAN_POINT('Ctrl Pts',(2.25782577230718,-18.2099079878553,-27.5));
#6005=CARTESIAN_POINT('Ctrl Pts',(2.25782577230718,-18.2099079878553,11.5));
#6006=CARTESIAN_POINT('Ctrl Pts',(2.27493862417306,-18.1482959670473,-27.5));
#6007=CARTESIAN_POINT('Ctrl Pts',(2.27493862417306,-18.1482959670473,11.5));
#6008=CARTESIAN_POINT('Ctrl Pts',(2.29143826112639,-18.0866631466136,-27.5));
#6009=CARTESIAN_POINT('Ctrl Pts',(2.29143826112639,-18.0866631466136,11.5));
#6010=CARTESIAN_POINT('Ctrl Pts',(2.30729335016716,-18.0250136778266,-27.5));
#6011=CARTESIAN_POINT('Ctrl Pts',(2.30729335016716,-18.0250136778266,11.5));
#6012=CARTESIAN_POINT('Ctrl Pts',(2.32247935674172,-17.9633514683259,-27.5));
#6013=CARTESIAN_POINT('Ctrl Pts',(2.32247935674172,-17.9633514683259,11.5));
#6014=CARTESIAN_POINT('Ctrl Pts',(2.33698531370604,-17.9016798633142,-27.5));
#6015=CARTESIAN_POINT('Ctrl Pts',(2.33698531370604,-17.9016798633142,11.5));
#6016=CARTESIAN_POINT('Ctrl Pts',(2.35082479906537,-17.8400011211625,-27.5));
#6017=CARTESIAN_POINT('Ctrl Pts',(2.35082479906537,-17.8400011211625,11.5));
#6018=CARTESIAN_POINT('Ctrl Pts',(2.36403099285581,-17.7783166677707,-27.5));
#6019=CARTESIAN_POINT('Ctrl Pts',(2.36403099285581,-17.7783166677707,11.5));
#6020=CARTESIAN_POINT('Ctrl Pts',(2.37663510568995,-17.7166281649145,-27.5));
#6021=CARTESIAN_POINT('Ctrl Pts',(2.37663510568995,-17.7166281649145,11.5));
#6022=CARTESIAN_POINT('Ctrl Pts',(2.38864746480819,-17.6549384477382,-27.5));
#6023=CARTESIAN_POINT('Ctrl Pts',(2.38864746480819,-17.6549384477382,11.5));
#6024=CARTESIAN_POINT('Ctrl Pts',(2.40004127977306,-17.5932523344353,-27.5));
#6025=CARTESIAN_POINT('Ctrl Pts',(2.40004127977306,-17.5932523344353,11.5));
#6026=CARTESIAN_POINT('Ctrl Pts',(2.41072590562869,-17.5315779425777,-27.5));
#6027=CARTESIAN_POINT('Ctrl Pts',(2.41072590562869,-17.5315779425777,11.5));
#6028=CARTESIAN_POINT('Ctrl Pts',(2.42056437112549,-17.4699258729673,-27.5));
#6029=CARTESIAN_POINT('Ctrl Pts',(2.42056437112549,-17.4699258729673,11.5));
#6030=CARTESIAN_POINT('Ctrl Pts',(2.42942221881928,-17.4083068978517,-27.5));
#6031=CARTESIAN_POINT('Ctrl Pts',(2.42942221881928,-17.4083068978517,11.5));
#6032=CARTESIAN_POINT('Ctrl Pts',(2.43721114115493,-17.3467298766505,-27.5));
#6033=CARTESIAN_POINT('Ctrl Pts',(2.43721114115493,-17.3467298766505,11.5));
#6034=CARTESIAN_POINT('Ctrl Pts',(2.44392618739206,-17.2852000355351,-27.5));
#6035=CARTESIAN_POINT('Ctrl Pts',(2.44392618739206,-17.2852000355351,11.5));
#6036=CARTESIAN_POINT('Ctrl Pts',(2.44970758091393,-17.2237159280857,-27.5));
#6037=CARTESIAN_POINT('Ctrl Pts',(2.44970758091393,-17.2237159280857,11.5));
#6038=CARTESIAN_POINT('Ctrl Pts',(2.45477512254252,-17.162273178031,-27.5));
#6039=CARTESIAN_POINT('Ctrl Pts',(2.45477512254252,-17.162273178031,11.5));
#6040=CARTESIAN_POINT('Ctrl Pts',(2.45930831869907,-17.1008710837249,-27.5));
#6041=CARTESIAN_POINT('Ctrl Pts',(2.45930831869907,-17.1008710837249,11.5));
#6042=CARTESIAN_POINT('Ctrl Pts',(2.46333853473684,-17.0395186350482,-27.5));
#6043=CARTESIAN_POINT('Ctrl Pts',(2.46333853473684,-17.0395186350482,11.5));
#6044=CARTESIAN_POINT('Ctrl Pts',(2.46664789592089,-16.9782400582459,-27.5));
#6045=CARTESIAN_POINT('Ctrl Pts',(2.46664789592089,-16.9782400582459,11.5));
#6046=CARTESIAN_POINT('Ctrl Pts',(2.46863385882319,-16.9170824831697,-27.5));
#6047=CARTESIAN_POINT('Ctrl Pts',(2.46863385882319,-16.9170824831697,11.5));
#6048=CARTESIAN_POINT('Ctrl Pts',(2.46846511242915,-16.8561058072456,-27.5));
#6049=CARTESIAN_POINT('Ctrl Pts',(2.46846511242915,-16.8561058072456,11.5));
#6050=CARTESIAN_POINT('Ctrl Pts',(2.46592898415608,-16.8075164038666,-27.5));
#6051=CARTESIAN_POINT('Ctrl Pts',(2.46592898415608,-16.8075164038666,11.5));
#6052=CARTESIAN_POINT('Ctrl Pts',(2.46237521795221,-16.7712028977866,-27.5));
#6053=CARTESIAN_POINT('Ctrl Pts',(2.46237521795221,-16.7712028977866,11.5));
#6054=CARTESIAN_POINT('Ctrl Pts',(2.45923343709708,-16.7470536230484,-27.5));
#6055=CARTESIAN_POINT('Ctrl Pts',(2.45923343709708,-16.7470536230484,11.5));
#6056=CARTESIAN_POINT('Ctrl Pts',(2.45746939254679,-16.7349939182085,-27.5));
#6057=CARTESIAN_POINT('Ctrl Pts',(2.45746939254679,-16.7349939182085,11.5));
#6058=CARTESIAN_POINT('',(0.931042168891759,-20.9793499840996,-5.55111512312578E-16));
#6059=CARTESIAN_POINT('Ctrl Pts',(0.931042168891745,-20.9793499840996,0.));
#6060=CARTESIAN_POINT('Ctrl Pts',(0.996756298239016,-20.8812100512092,0.));
#6061=CARTESIAN_POINT('Ctrl Pts',(1.06076287986238,-20.7825926880739,-8.2987732592339E-15));
#6062=CARTESIAN_POINT('Ctrl Pts',(1.12303972127457,-20.6835024360852,3.38681404926361E-16));
#6063=CARTESIAN_POINT('Ctrl Pts',(1.23023834099233,-20.5129360104317,1.52065391330382E-14));
#6064=CARTESIAN_POINT('Ctrl Pts',(1.33230644757072,-20.3409705296398,1.5709458282841E-15));
#6065=CARTESIAN_POINT('Ctrl Pts',(1.4289437020076,-20.1678142770229,2.08526377662966E-15));
#6066=CARTESIAN_POINT('Ctrl Pts',(1.50682933757232,-20.0282574894707,2.4997827995744E-15));
#6067=CARTESIAN_POINT('Ctrl Pts',(1.58119251715232,-19.8879205687785,1.8048569549717E-15));
#6068=CARTESIAN_POINT('Ctrl Pts',(1.6518508920651,-19.7469080437491,2.08926317492136E-15));
#6069=CARTESIAN_POINT('Ctrl Pts',(1.70941261599582,-19.6320324320961,2.32095421419486E-15));
#6070=CARTESIAN_POINT('Ctrl Pts',(1.76451768099018,-19.5167092418179,-6.91264171080826E-16));
#6071=CARTESIAN_POINT('Ctrl Pts',(1.81705367708769,-19.4009979634605,1.91934104928298E-15));
#6072=CARTESIAN_POINT('Ctrl Pts',(1.86691470601676,-19.291178338324,4.39702248837357E-15));
#6073=CARTESIAN_POINT('Ctrl Pts',(1.91445404932563,-19.181009483051,2.09403628944587E-15));
#6074=CARTESIAN_POINT('Ctrl Pts',(1.95955569166656,-19.0705471948345,2.09518511199329E-15));
#6075=CARTESIAN_POINT('Ctrl Pts',(1.99150789811947,-18.9922903142607,2.09599899400085E-15));
#6076=CARTESIAN_POINT('Ctrl Pts',(2.02224242941081,-18.9138859225555,3.63359183660861E-15));
#6077=CARTESIAN_POINT('Ctrl Pts',(2.05171332022108,-18.8353550534598,1.6600118735426E-15));
#6078=CARTESIAN_POINT('Ctrl Pts',(2.08442874107298,-18.7481785086829,-5.30844843082936E-16));
#6079=CARTESIAN_POINT('Ctrl Pts',(2.11558001143644,-18.6608463803846,-6.67031852158356E-15));
#6080=CARTESIAN_POINT('Ctrl Pts',(2.14505128731752,-18.5733918277874,4.6657926661671E-16));
#6081=CARTESIAN_POINT('Ctrl Pts',(2.17083865371347,-18.4968690942648,6.71136483129194E-15));
#6082=CARTESIAN_POINT('Ctrl Pts',(2.195341583211,-18.4202525520535,1.97759738725735E-15));
#6083=CARTESIAN_POINT('Ctrl Pts',(2.21855799188047,-18.3435622208481,2.09118208390695E-15));
#6084=CARTESIAN_POINT('Ctrl Pts',(2.23329993385169,-18.2948654379615,2.16330602997743E-15));
#6085=CARTESIAN_POINT('Ctrl Pts',(2.24752603141178,-18.2461387911258,-2.38275984821376E-15));
#6086=CARTESIAN_POINT('Ctrl Pts',(2.26120255787672,-18.1973893908433,9.92880820676698E-16));
#6087=CARTESIAN_POINT('Ctrl Pts',(2.2783392098656,-18.1363065194396,5.2225497743085E-15));
#6088=CARTESIAN_POINT('Ctrl Pts',(2.2946038616371,-18.075188326394,-3.44860837035273E-15));
#6089=CARTESIAN_POINT('Ctrl Pts',(2.30987381424354,-18.0140523887219,8.77348666023736E-16));
#6090=CARTESIAN_POINT('Ctrl Pts',(2.32022240272544,-17.9726199968389,3.80908986481435E-15));
#6091=CARTESIAN_POINT('Ctrl Pts',(2.33011234702812,-17.9311795609024,0.));
#6092=CARTESIAN_POINT('Ctrl Pts',(2.33955136052521,-17.8897346473363,0.));
#6093=CARTESIAN_POINT('Ctrl Pts',(2.35055832727848,-17.8414051491474,0.));
#6094=CARTESIAN_POINT('Ctrl Pts',(2.36096069665371,-17.7930691192486,0.));
#6095=CARTESIAN_POINT('Ctrl Pts',(2.37081808291338,-17.744730511127,0.));
#6096=CARTESIAN_POINT('Ctrl Pts',(2.37742425742417,-17.7123351811229,0.));
#6097=CARTESIAN_POINT('Ctrl Pts',(2.38378677118311,-17.6799386524579,-1.93771789954268E-15));
#6098=CARTESIAN_POINT('Ctrl Pts',(2.38989020880155,-17.647543947572,6.1199582132138E-16));
#6099=CARTESIAN_POINT('Ctrl Pts',(2.39646191337373,-17.6126638613777,3.35732826586309E-15));
#6100=CARTESIAN_POINT('Ctrl Pts',(2.40273377968795,-17.5777858570149,2.02645181538046E-15));
#6101=CARTESIAN_POINT('Ctrl Pts',(2.40861625325153,-17.542917397817,2.08987155696828E-15));
#6102=CARTESIAN_POINT('Ctrl Pts',(2.4143310954283,-17.5090425764328,2.15148404194565E-15));
#6103=CARTESIAN_POINT('Ctrl Pts',(2.41967203616655,-17.4751770687124,7.43178760608054E-16));
#6104=CARTESIAN_POINT('Ctrl Pts',(2.42454790418823,-17.4413285048292,1.80223093459583E-15));
#6105=CARTESIAN_POINT('Ctrl Pts',(2.4285189999157,-17.4137609236685,2.66476403528226E-15));
#6106=CARTESIAN_POINT('Ctrl Pts',(2.43218025891183,-17.3862046510151,2.03049524658535E-15));
#6107=CARTESIAN_POINT('Ctrl Pts',(2.43551868886643,-17.3586622656325,2.0886799540946E-15));
#6108=CARTESIAN_POINT('Ctrl Pts',(2.43877014300223,-17.3318374395676,2.14534878059213E-15));
#6109=CARTESIAN_POINT('Ctrl Pts',(2.44171469972276,-17.3050258133968,-1.55022991454035E-15));
#6110=CARTESIAN_POINT('Ctrl Pts',(2.44439878069141,-17.2782271545647,5.81151544890188E-16));
#6111=CARTESIAN_POINT('Ctrl Pts',(2.44746033663147,-17.2476596738921,3.01227923584955E-15));
#6112=CARTESIAN_POINT('Ctrl Pts',(2.45018896279743,-17.217108709827,1.54471405866781E-15));
#6113=CARTESIAN_POINT('Ctrl Pts',(2.45269384738288,-17.1865728084864,1.99753691137723E-15));
#6114=CARTESIAN_POINT('Ctrl Pts',(2.454566130498,-17.1637486620897,2.33600064188077E-15));
#6115=CARTESIAN_POINT('Ctrl Pts',(2.4563151619801,-17.140932858181,1.93188469257994E-15));
#6116=CARTESIAN_POINT('Ctrl Pts',(2.45795869937181,-17.1181267716848,2.06807103414092E-15));
#6117=CARTESIAN_POINT('Ctrl Pts',(2.45942988084635,-17.097712333821,2.18997566728189E-15));
#6118=CARTESIAN_POINT('Ctrl Pts',(2.46081718240515,-17.0773056513978,1.94242821973856E-15));
#6119=CARTESIAN_POINT('Ctrl Pts',(2.46209510436084,-17.0569100832024,2.0671851969888E-15));
#6120=CARTESIAN_POINT('Ctrl Pts',(2.46336578477157,-17.0366300896893,2.19123521928357E-15));
#6121=CARTESIAN_POINT('Ctrl Pts',(2.46452914531874,-17.0163610409569,3.5527136788005E-15));
#6122=CARTESIAN_POINT('Ctrl Pts',(2.46550627384867,-16.9961094598123,3.5527136788005E-15));
#6123=CARTESIAN_POINT('Ctrl Pts',(2.46672857204076,-16.9707765887909,3.5527136788005E-15));
#6124=CARTESIAN_POINT('Ctrl Pts',(2.46765846671661,-16.9454711385254,3.5527136788005E-15));
#6125=CARTESIAN_POINT('Ctrl Pts',(2.46804997403449,-16.9202110856632,3.5527136788005E-15));
#6126=CARTESIAN_POINT('Ctrl Pts',(2.46844849795672,-16.8944983214766,3.5527136788005E-15));
#6127=CARTESIAN_POINT('Ctrl Pts',(2.46828210324724,-16.8688330512304,5.78612628148413E-17));
#6128=CARTESIAN_POINT('Ctrl Pts',(2.46727954061287,-16.8432342040732,-8.88007760133804E-18));
#6129=CARTESIAN_POINT('Ctrl Pts',(2.46653378826522,-16.8241926003767,-5.85253661791827E-17));
#6130=CARTESIAN_POINT('Ctrl Pts',(2.46532453953066,-16.8051877864878,-1.34787001916208E-16));
#6131=CARTESIAN_POINT('Ctrl Pts',(2.46357093097969,-16.7862252927328,2.89836585683417E-17));
#6132=CARTESIAN_POINT('Ctrl Pts',(2.46198843996472,-16.7691131635907,1.76773539377334E-16));
#6133=CARTESIAN_POINT('Ctrl Pts',(2.45996216954259,-16.7520355256873,1.04759505913348E-15));
#6134=CARTESIAN_POINT('Ctrl Pts',(2.45746939254679,-16.7349939182085,1.04759505913348E-15));
#6135=CARTESIAN_POINT('',(0.931042168891759,-20.9793499840996,0.));
#6136=CARTESIAN_POINT('Origin',(6.93889390390605E-17,-4.88498130835069E-14,
0.));
#6137=CARTESIAN_POINT('',(-0.931042168891753,-20.9793499840996,-5.55111512312578E-16));
#6138=CARTESIAN_POINT('Origin',(6.93889390390605E-17,-4.88498130835069E-14,
-5.55111512312578E-16));
#6139=CARTESIAN_POINT('',(-0.931042168891753,-20.9793499840996,0.));
#6140=CARTESIAN_POINT('Ctrl Pts',(-2.4574693925468,-16.7349939182085,-27.5));
#6141=CARTESIAN_POINT('Ctrl Pts',(-2.4574693925468,-16.7349939182085,11.5));
#6142=CARTESIAN_POINT('Ctrl Pts',(-2.45923343709709,-16.7470536230484,-27.5));
#6143=CARTESIAN_POINT('Ctrl Pts',(-2.45923343709709,-16.7470536230484,11.5));
#6144=CARTESIAN_POINT('Ctrl Pts',(-2.46237521795222,-16.7712028977866,-27.5));
#6145=CARTESIAN_POINT('Ctrl Pts',(-2.46237521795222,-16.7712028977866,11.5));
#6146=CARTESIAN_POINT('Ctrl Pts',(-2.46592898415609,-16.8075164038666,-27.5));
#6147=CARTESIAN_POINT('Ctrl Pts',(-2.46592898415609,-16.8075164038666,11.5));
#6148=CARTESIAN_POINT('Ctrl Pts',(-2.46846511242916,-16.8561058072456,-27.5));
#6149=CARTESIAN_POINT('Ctrl Pts',(-2.46846511242916,-16.8561058072456,11.5));
#6150=CARTESIAN_POINT('Ctrl Pts',(-2.4686338588232,-16.9170824831697,-27.5));
#6151=CARTESIAN_POINT('Ctrl Pts',(-2.4686338588232,-16.9170824831697,11.5));
#6152=CARTESIAN_POINT('Ctrl Pts',(-2.4666478959209,-16.9782400582459,-27.5));
#6153=CARTESIAN_POINT('Ctrl Pts',(-2.4666478959209,-16.9782400582459,11.5));
#6154=CARTESIAN_POINT('Ctrl Pts',(-2.46333853473685,-17.0395186350482,-27.5));
#6155=CARTESIAN_POINT('Ctrl Pts',(-2.46333853473685,-17.0395186350482,11.5));
#6156=CARTESIAN_POINT('Ctrl Pts',(-2.45930831869908,-17.1008710837249,-27.5));
#6157=CARTESIAN_POINT('Ctrl Pts',(-2.45930831869908,-17.1008710837249,11.5));
#6158=CARTESIAN_POINT('Ctrl Pts',(-2.45477512254253,-17.162273178031,-27.5));
#6159=CARTESIAN_POINT('Ctrl Pts',(-2.45477512254253,-17.162273178031,11.5));
#6160=CARTESIAN_POINT('Ctrl Pts',(-2.44970758091394,-17.2237159280857,-27.5));
#6161=CARTESIAN_POINT('Ctrl Pts',(-2.44970758091394,-17.2237159280857,11.5));
#6162=CARTESIAN_POINT('Ctrl Pts',(-2.44392618739207,-17.2852000355351,-27.5));
#6163=CARTESIAN_POINT('Ctrl Pts',(-2.44392618739207,-17.2852000355351,11.5));
#6164=CARTESIAN_POINT('Ctrl Pts',(-2.43721114115494,-17.3467298766505,-27.5));
#6165=CARTESIAN_POINT('Ctrl Pts',(-2.43721114115494,-17.3467298766505,11.5));
#6166=CARTESIAN_POINT('Ctrl Pts',(-2.42942221881929,-17.4083068978517,-27.5));
#6167=CARTESIAN_POINT('Ctrl Pts',(-2.42942221881929,-17.4083068978517,11.5));
#6168=CARTESIAN_POINT('Ctrl Pts',(-2.4205643711255,-17.4699258729673,-27.5));
#6169=CARTESIAN_POINT('Ctrl Pts',(-2.4205643711255,-17.4699258729673,11.5));
#6170=CARTESIAN_POINT('Ctrl Pts',(-2.4107259056287,-17.5315779425777,-27.5));
#6171=CARTESIAN_POINT('Ctrl Pts',(-2.4107259056287,-17.5315779425777,11.5));
#6172=CARTESIAN_POINT('Ctrl Pts',(-2.40004127977307,-17.5932523344353,-27.5));
#6173=CARTESIAN_POINT('Ctrl Pts',(-2.40004127977307,-17.5932523344353,11.5));
#6174=CARTESIAN_POINT('Ctrl Pts',(-2.3886474648082,-17.6549384477382,-27.5));
#6175=CARTESIAN_POINT('Ctrl Pts',(-2.3886474648082,-17.6549384477382,11.5));
#6176=CARTESIAN_POINT('Ctrl Pts',(-2.37663510568995,-17.7166281649145,-27.5));
#6177=CARTESIAN_POINT('Ctrl Pts',(-2.37663510568995,-17.7166281649145,11.5));
#6178=CARTESIAN_POINT('Ctrl Pts',(-2.36403099285582,-17.7783166677707,-27.5));
#6179=CARTESIAN_POINT('Ctrl Pts',(-2.36403099285582,-17.7783166677707,11.5));
#6180=CARTESIAN_POINT('Ctrl Pts',(-2.35082479906538,-17.8400011211625,-27.5));
#6181=CARTESIAN_POINT('Ctrl Pts',(-2.35082479906538,-17.8400011211625,11.5));
#6182=CARTESIAN_POINT('Ctrl Pts',(-2.33698531370605,-17.9016798633142,-27.5));
#6183=CARTESIAN_POINT('Ctrl Pts',(-2.33698531370605,-17.9016798633142,11.5));
#6184=CARTESIAN_POINT('Ctrl Pts',(-2.32247935674173,-17.9633514683259,-27.5));
#6185=CARTESIAN_POINT('Ctrl Pts',(-2.32247935674173,-17.9633514683259,11.5));
#6186=CARTESIAN_POINT('Ctrl Pts',(-2.30729335016717,-18.0250136778266,-27.5));
#6187=CARTESIAN_POINT('Ctrl Pts',(-2.30729335016717,-18.0250136778266,11.5));
#6188=CARTESIAN_POINT('Ctrl Pts',(-2.2914382611264,-18.0866631466136,-27.5));
#6189=CARTESIAN_POINT('Ctrl Pts',(-2.2914382611264,-18.0866631466136,11.5));
#6190=CARTESIAN_POINT('Ctrl Pts',(-2.27493862417306,-18.1482959670473,-27.5));
#6191=CARTESIAN_POINT('Ctrl Pts',(-2.27493862417306,-18.1482959670473,11.5));
#6192=CARTESIAN_POINT('Ctrl Pts',(-2.25782577230719,-18.2099079878553,-27.5));
#6193=CARTESIAN_POINT('Ctrl Pts',(-2.25782577230719,-18.2099079878553,11.5));
#6194=CARTESIAN_POINT('Ctrl Pts',(-2.24013002100689,-18.271495184924,-27.5));
#6195=CARTESIAN_POINT('Ctrl Pts',(-2.24013002100689,-18.271495184924,11.5));
#6196=CARTESIAN_POINT('Ctrl Pts',(-2.22187166127139,-18.3330540894789,-27.5));
#6197=CARTESIAN_POINT('Ctrl Pts',(-2.22187166127139,-18.3330540894789,11.5));
#6198=CARTESIAN_POINT('Ctrl Pts',(-2.20305984325784,-18.3945818357611,-27.5));
#6199=CARTESIAN_POINT('Ctrl Pts',(-2.20305984325784,-18.3945818357611,11.5));
#6200=CARTESIAN_POINT('Ctrl Pts',(-2.18369717600781,-18.4560759329709,-27.5));
#6201=CARTESIAN_POINT('Ctrl Pts',(-2.18369717600781,-18.4560759329709,11.5));
#6202=CARTESIAN_POINT('Ctrl Pts',(-2.16378273550393,-18.5175341143946,-27.5));
#6203=CARTESIAN_POINT('Ctrl Pts',(-2.16378273550393,-18.5175341143946,11.5));
#6204=CARTESIAN_POINT('Ctrl Pts',(-2.14331544615367,-18.5789541690281,-27.5));
#6205=CARTESIAN_POINT('Ctrl Pts',(-2.14331544615367,-18.5789541690281,11.5));
#6206=CARTESIAN_POINT('Ctrl Pts',(-2.12229800967238,-18.6403337467048,-27.5));
#6207=CARTESIAN_POINT('Ctrl Pts',(-2.12229800967238,-18.6403337467048,11.5));
#6208=CARTESIAN_POINT('Ctrl Pts',(-2.10073722081666,-18.701670340003,-27.5));
#6209=CARTESIAN_POINT('Ctrl Pts',(-2.10073722081666,-18.701670340003,11.5));
#6210=CARTESIAN_POINT('Ctrl Pts',(-2.07864208577363,-18.7629613736846,-27.5));
#6211=CARTESIAN_POINT('Ctrl Pts',(-2.07864208577363,-18.7629613736846,11.5));
#6212=CARTESIAN_POINT('Ctrl Pts',(-2.05602257410862,-18.8242042637587,-27.5));
#6213=CARTESIAN_POINT('Ctrl Pts',(-2.05602257410862,-18.8242042637587,11.5));
#6214=CARTESIAN_POINT('Ctrl Pts',(-2.03288823094541,-18.8853964834762,-27.5));
#6215=CARTESIAN_POINT('Ctrl Pts',(-2.03288823094541,-18.8853964834762,11.5));
#6216=CARTESIAN_POINT('Ctrl Pts',(-2.00924655959883,-18.9465356416829,-27.5));
#6217=CARTESIAN_POINT('Ctrl Pts',(-2.00924655959883,-18.9465356416829,11.5));
#6218=CARTESIAN_POINT('Ctrl Pts',(-1.98510294601921,-19.0076194830836,-27.5));
#6219=CARTESIAN_POINT('Ctrl Pts',(-1.98510294601921,-19.0076194830836,11.5));
#6220=CARTESIAN_POINT('Ctrl Pts',(-1.96046147032859,-19.0686458439518,-27.5));
#6221=CARTESIAN_POINT('Ctrl Pts',(-1.96046147032859,-19.0686458439518,11.5));
#6222=CARTESIAN_POINT('Ctrl Pts',(-1.93532546659468,-19.1296126209256,-27.5));
#6223=CARTESIAN_POINT('Ctrl Pts',(-1.93532546659468,-19.1296126209256,11.5));
#6224=CARTESIAN_POINT('Ctrl Pts',(-1.90969813757778,-19.1905177377962,-27.5));
#6225=CARTESIAN_POINT('Ctrl Pts',(-1.90969813757778,-19.1905177377962,11.5));
#6226=CARTESIAN_POINT('Ctrl Pts',(-1.88358327892128,-19.2513591063843,-27.5));
#6227=CARTESIAN_POINT('Ctrl Pts',(-1.88358327892128,-19.2513591063843,11.5));
#6228=CARTESIAN_POINT('Ctrl Pts',(-1.8569853400874,-19.3121346250468,-27.5));
#6229=CARTESIAN_POINT('Ctrl Pts',(-1.8569853400874,-19.3121346250468,11.5));
#6230=CARTESIAN_POINT('Ctrl Pts',(-1.82990908127659,-19.3728421998792,-27.5));
#6231=CARTESIAN_POINT('Ctrl Pts',(-1.82990908127659,-19.3728421998792,11.5));
#6232=CARTESIAN_POINT('Ctrl Pts',(-1.80235934887014,-19.433479760431,-27.5));
#6233=CARTESIAN_POINT('Ctrl Pts',(-1.80235934887014,-19.433479760431,11.5));
#6234=CARTESIAN_POINT('Ctrl Pts',(-1.77434082713572,-19.494045275888,-27.5));
#6235=CARTESIAN_POINT('Ctrl Pts',(-1.77434082713572,-19.494045275888,11.5));
#6236=CARTESIAN_POINT('Ctrl Pts',(-1.74585774980005,-19.5545367774002,-27.5));
#6237=CARTESIAN_POINT('Ctrl Pts',(-1.74585774980005,-19.5545367774002,11.5));
#6238=CARTESIAN_POINT('Ctrl Pts',(-1.71691387090945,-19.6149523527798,-27.5));
#6239=CARTESIAN_POINT('Ctrl Pts',(-1.71691387090945,-19.6149523527798,11.5));
#6240=CARTESIAN_POINT('Ctrl Pts',(-1.68751262542087,-19.6752901222455,-27.5));
#6241=CARTESIAN_POINT('Ctrl Pts',(-1.68751262542087,-19.6752901222455,11.5));
#6242=CARTESIAN_POINT('Ctrl Pts',(-1.65765724116737,-19.7355482189931,-27.5));
#6243=CARTESIAN_POINT('Ctrl Pts',(-1.65765724116737,-19.7355482189931,11.5));
#6244=CARTESIAN_POINT('Ctrl Pts',(-1.62735086232833,-19.7957247713539,-27.5));
#6245=CARTESIAN_POINT('Ctrl Pts',(-1.62735086232833,-19.7957247713539,11.5));
#6246=CARTESIAN_POINT('Ctrl Pts',(-1.59659669970028,-19.855817877538,-27.5));
#6247=CARTESIAN_POINT('Ctrl Pts',(-1.59659669970028,-19.855817877538,11.5));
#6248=CARTESIAN_POINT('Ctrl Pts',(-1.5653980577817,-19.9158256134473,-27.5));
#6249=CARTESIAN_POINT('Ctrl Pts',(-1.5653980577817,-19.9158256134473,11.5));
#6250=CARTESIAN_POINT('Ctrl Pts',(-1.53375824412882,-19.9757460699824,-27.5));
#6251=CARTESIAN_POINT('Ctrl Pts',(-1.53375824412882,-19.9757460699824,11.5));
#6252=CARTESIAN_POINT('Ctrl Pts',(-1.50168051151148,-20.0355773853755,-27.5));
#6253=CARTESIAN_POINT('Ctrl Pts',(-1.50168051151148,-20.0355773853755,11.5));
#6254=CARTESIAN_POINT('Ctrl Pts',(-1.4691679964259,-20.0953177744928,-27.5));
#6255=CARTESIAN_POINT('Ctrl Pts',(-1.4691679964259,-20.0953177744928,11.5));
#6256=CARTESIAN_POINT('Ctrl Pts',(-1.43622364626835,-20.1549655741383,-27.5));
#6257=CARTESIAN_POINT('Ctrl Pts',(-1.43622364626835,-20.1549655741383,11.5));
#6258=CARTESIAN_POINT('Ctrl Pts',(-1.40285021227196,-20.2145192320292,-27.5));
#6259=CARTESIAN_POINT('Ctrl Pts',(-1.40285021227196,-20.2145192320292,11.5));
#6260=CARTESIAN_POINT('Ctrl Pts',(-1.36905033317088,-20.273977220843,-27.5));
#6261=CARTESIAN_POINT('Ctrl Pts',(-1.36905033317088,-20.273977220843,11.5));
#6262=CARTESIAN_POINT('Ctrl Pts',(-1.33482660251809,-20.3333379672314,-27.5));
#6263=CARTESIAN_POINT('Ctrl Pts',(-1.33482660251809,-20.3333379672314,11.5));
#6264=CARTESIAN_POINT('Ctrl Pts',(-1.3001816379204,-20.3925997845181,-27.5));
#6265=CARTESIAN_POINT('Ctrl Pts',(-1.3001816379204,-20.3925997845181,11.5));
#6266=CARTESIAN_POINT('Ctrl Pts',(-1.26511817113121,-20.4517607827005,-27.5));
#6267=CARTESIAN_POINT('Ctrl Pts',(-1.26511817113121,-20.4517607827005,11.5));
#6268=CARTESIAN_POINT('Ctrl Pts',(-1.22963907190492,-20.5108188595386,-27.5));
#6269=CARTESIAN_POINT('Ctrl Pts',(-1.22963907190492,-20.5108188595386,11.5));
#6270=CARTESIAN_POINT('Ctrl Pts',(-1.19374721183834,-20.5697718801245,-27.5));
#6271=CARTESIAN_POINT('Ctrl Pts',(-1.19374721183834,-20.5697718801245,11.5));
#6272=CARTESIAN_POINT('Ctrl Pts',(-1.15744536188769,-20.6286178222211,-27.5));
#6273=CARTESIAN_POINT('Ctrl Pts',(-1.15744536188769,-20.6286178222211,11.5));
#6274=CARTESIAN_POINT('Ctrl Pts',(-1.12073608157887,-20.6873549298725,-27.5));
#6275=CARTESIAN_POINT('Ctrl Pts',(-1.12073608157887,-20.6873549298725,11.5));
#6276=CARTESIAN_POINT('Ctrl Pts',(-1.08362160939547,-20.7459818792352,-27.5));
#6277=CARTESIAN_POINT('Ctrl Pts',(-1.08362160939547,-20.7459818792352,11.5));
#6278=CARTESIAN_POINT('Ctrl Pts',(-1.04610377071613,-20.8044978967829,-27.5));
#6279=CARTESIAN_POINT('Ctrl Pts',(-1.04610377071613,-20.8044978967829,11.5));
#6280=CARTESIAN_POINT('Ctrl Pts',(-1.00818398500762,-20.8629026038651,-27.5));
#6281=CARTESIAN_POINT('Ctrl Pts',(-1.00818398500762,-20.8629026038651,11.5));
#6282=CARTESIAN_POINT('Ctrl Pts',(-0.977527406780468,-20.9095372382948,
-27.5));
#6283=CARTESIAN_POINT('Ctrl Pts',(-0.977527406780468,-20.9095372382948,
11.5));
#6284=CARTESIAN_POINT('Ctrl Pts',(-0.954354822965223,-20.9444630953301,
-27.5));
#6285=CARTESIAN_POINT('Ctrl Pts',(-0.954354822965223,-20.9444630953301,
11.5));
#6286=CARTESIAN_POINT('Ctrl Pts',(-0.938826393607206,-20.9677247324411,
-27.5));
#6287=CARTESIAN_POINT('Ctrl Pts',(-0.938826393607206,-20.9677247324411,
11.5));
#6288=CARTESIAN_POINT('Ctrl Pts',(-0.931042168891753,-20.9793499840996,
-27.5));
#6289=CARTESIAN_POINT('Ctrl Pts',(-0.931042168891753,-20.9793499840996,
11.5));
#6290=CARTESIAN_POINT('Ctrl Pts',(-2.4574693925468,-16.7349939182085,3.5527136788005E-15));
#6291=CARTESIAN_POINT('Ctrl Pts',(-2.46012401954742,-16.7531419962049,3.5527136788005E-15));
#6292=CARTESIAN_POINT('Ctrl Pts',(-2.46224907807953,-16.7713309704743,3.5527136788005E-15));
#6293=CARTESIAN_POINT('Ctrl Pts',(-2.46387361569221,-16.7895588731422,3.5527136788005E-15));
#6294=CARTESIAN_POINT('Ctrl Pts',(-2.46571546815202,-16.810225127407,3.5527136788005E-15));
#6295=CARTESIAN_POINT('Ctrl Pts',(-2.46691468431915,-16.8309413797488,3.5527136788005E-15));
#6296=CARTESIAN_POINT('Ctrl Pts',(-2.46758102312539,-16.8517001128958,3.5527136788005E-15));
#6297=CARTESIAN_POINT('Ctrl Pts',(-2.46874513152765,-16.8879660716695,3.5527136788005E-15));
#6298=CARTESIAN_POINT('Ctrl Pts',(-2.46828813596829,-16.9243615250161,3.5527136788005E-15));
#6299=CARTESIAN_POINT('Ctrl Pts',(-2.46699452825631,-16.9608310921014,3.5527136788005E-15));
#6300=CARTESIAN_POINT('Ctrl Pts',(-2.46624537763408,-16.9819512497978,3.5527136788005E-15));
#6301=CARTESIAN_POINT('Ctrl Pts',(-2.46521872190634,-17.0030960071532,3.5527136788005E-15));
#6302=CARTESIAN_POINT('Ctrl Pts',(-2.46403587368657,-17.024256108063,3.5527136788005E-15));
#6303=CARTESIAN_POINT('Ctrl Pts',(-2.46292382918591,-17.0441495935134,3.5527136788005E-15));
#6304=CARTESIAN_POINT('Ctrl Pts',(-2.46167423792251,-17.0640566018954,3.5527136788005E-15));
#6305=CARTESIAN_POINT('Ctrl Pts',(-2.46033719546112,-17.0839724221618,3.5527136788005E-15));
#6306=CARTESIAN_POINT('Ctrl Pts',(-2.45883710104481,-17.1063169711499,3.5527136788005E-15));
#6307=CARTESIAN_POINT('Ctrl Pts',(-2.45722623537712,-17.1286726460425,3.5527136788005E-15));
#6308=CARTESIAN_POINT('Ctrl Pts',(-2.4555116720934,-17.151036653471,3.5527136788005E-15));
#6309=CARTESIAN_POINT('Ctrl Pts',(-2.45334796544283,-17.1792590889248,3.5527136788005E-15));
#6310=CARTESIAN_POINT('Ctrl Pts',(-2.4510179075498,-17.2074948332529,3.5527136788005E-15));
#6311=CARTESIAN_POINT('Ctrl Pts',(-2.44845097854832,-17.2357437575773,3.5527136788005E-15));
#6312=CARTESIAN_POINT('Ctrl Pts',(-2.4458656658108,-17.2641949939907,3.5527136788005E-15));
#6313=CARTESIAN_POINT('Ctrl Pts',(-2.44303360136956,-17.2926599571754,3.5527136788005E-15));
#6314=CARTESIAN_POINT('Ctrl Pts',(-2.43987315674099,-17.32113994624,3.5527136788005E-15));
#6315=CARTESIAN_POINT('Ctrl Pts',(-2.43691713762668,-17.3477777779201,3.5527136788005E-15));
#6316=CARTESIAN_POINT('Ctrl Pts',(-2.43367209620016,-17.374428865508,3.5527136788005E-15));
#6317=CARTESIAN_POINT('Ctrl Pts',(-2.43012432225235,-17.4010920180779,3.5527136788005E-15));
#6318=CARTESIAN_POINT('Ctrl Pts',(-2.42594973338831,-17.432465972968,3.5527136788005E-15));
#6319=CARTESIAN_POINT('Ctrl Pts',(-2.42135770513608,-17.4638565429343,3.5527136788005E-15));
#6320=CARTESIAN_POINT('Ctrl Pts',(-2.41640210388637,-17.4952584160198,3.5527136788005E-15));
#6321=CARTESIAN_POINT('Ctrl Pts',(-2.41056597910376,-17.532239851874,3.5527136788005E-15));
#6322=CARTESIAN_POINT('Ctrl Pts',(-2.40423183270034,-17.5692366571006,3.5527136788005E-15));
#6323=CARTESIAN_POINT('Ctrl Pts',(-2.39752617728869,-17.6062387902169,3.5527136788005E-15));
#6324=CARTESIAN_POINT('Ctrl Pts',(-2.39180290305535,-17.6378200961508,3.5527136788005E-15));
#6325=CARTESIAN_POINT('Ctrl Pts',(-2.38581122190584,-17.6694051873859,3.5527136788005E-15));
#6326=CARTESIAN_POINT('Ctrl Pts',(-2.3795875098931,-17.7009901095742,3.5527136788005E-15));
#6327=CARTESIAN_POINT('Ctrl Pts',(-2.37176412635842,-17.7406932577416,3.5527136788005E-15));
#6328=CARTESIAN_POINT('Ctrl Pts',(-2.3635726804119,-17.7803961994174,3.5527136788005E-15));
#6329=CARTESIAN_POINT('Ctrl Pts',(-2.35499813925936,-17.8200956987662,3.5527136788005E-15));
#6330=CARTESIAN_POINT('Ctrl Pts',(-2.34582969217583,-17.8625449392033,3.5527136788005E-15));
#6331=CARTESIAN_POINT('Ctrl Pts',(-2.33621622245649,-17.9049905877197,3.5527136788005E-15));
#6332=CARTESIAN_POINT('Ctrl Pts',(-2.32611942466446,-17.9474300823903,3.5527136788005E-15));
#6333=CARTESIAN_POINT('Ctrl Pts',(-2.31549667210915,-17.9920803031578,3.5527136788005E-15));
#6334=CARTESIAN_POINT('Ctrl Pts',(-2.30433774085323,-18.0367237730272,3.5527136788005E-15));
#6335=CARTESIAN_POINT('Ctrl Pts',(-2.2926666988939,-18.0813545712934,3.5527136788005E-15));
#6336=CARTESIAN_POINT('Ctrl Pts',(-2.27651823535746,-18.1431073111871,3.5527136788005E-15));
#6337=CARTESIAN_POINT('Ctrl Pts',(-2.25940001171238,-18.2048352447227,3.5527136788005E-15));
#6338=CARTESIAN_POINT('Ctrl Pts',(-2.24143762496012,-18.2665206850064,3.5527136788005E-15));
#6339=CARTESIAN_POINT('Ctrl Pts',(-2.22493499093648,-18.3231931227858,3.5527136788005E-15));
#6340=CARTESIAN_POINT('Ctrl Pts',(-2.20771906292219,-18.3798297524348,3.5527136788005E-15));
#6341=CARTESIAN_POINT('Ctrl Pts',(-2.189806291789,-18.4364214365995,3.5527136788005E-15));
#6342=CARTESIAN_POINT('Ctrl Pts',(-2.16927996767956,-18.5012700991782,3.5527136788005E-15));
#6343=CARTESIAN_POINT('Ctrl Pts',(-2.14782973440191,-18.5660601710033,3.5527136788005E-15));
#6344=CARTESIAN_POINT('Ctrl Pts',(-2.12546666339807,-18.6307793402506,3.5527136788005E-15));
#6345=CARTESIAN_POINT('Ctrl Pts',(-2.0928573858719,-18.725151233578,3.5527136788005E-15));
#6346=CARTESIAN_POINT('Ctrl Pts',(-2.05831758794662,-18.8193717545974,3.5527136788005E-15));
#6347=CARTESIAN_POINT('Ctrl Pts',(-2.02199352896732,-18.9133998131354,3.5527136788005E-15));
#6348=CARTESIAN_POINT('Ctrl Pts',(-1.97354579107215,-19.0388110932304,3.5527136788005E-15));
#6349=CARTESIAN_POINT('Ctrl Pts',(-1.92191598252206,-19.1638803551298,3.5527136788005E-15));
#6350=CARTESIAN_POINT('Ctrl Pts',(-1.86725071804579,-19.2885258127519,3.5527136788005E-15));
#6351=CARTESIAN_POINT('Ctrl Pts',(-1.8168834664423,-19.4033711205618,3.5527136788005E-15));
#6352=CARTESIAN_POINT('Ctrl Pts',(-1.7639478781816,-19.5178561035022,3.5527136788005E-15));
#6353=CARTESIAN_POINT('Ctrl Pts',(-1.70857185584777,-19.6319207816787,3.5527136788005E-15));
#6354=CARTESIAN_POINT('Ctrl Pts',(-1.63133830946674,-19.7910080407684,3.5527136788005E-15));
#6355=CARTESIAN_POINT('Ctrl Pts',(-1.54934759340965,-19.9492784460339,3.5527136788005E-15));
#6356=CARTESIAN_POINT('Ctrl Pts',(-1.46286496920074,-20.1065782739449,3.5527136788005E-15));
#6357=CARTESIAN_POINT('Ctrl Pts',(-1.38737836528418,-20.2438778750415,3.5527136788005E-15));
#6358=CARTESIAN_POINT('Ctrl Pts',(-1.30846660148427,-20.3804430879698,3.5527136788005E-15));
#6359=CARTESIAN_POINT('Ctrl Pts',(-1.22627770458152,-20.5161766959024,3.5527136788005E-15));
#6360=CARTESIAN_POINT('Ctrl Pts',(-1.1665621267601,-20.6147959879592,3.5527136788005E-15));
#6361=CARTESIAN_POINT('Ctrl Pts',(-1.1051201954356,-20.7129707473,3.5527136788005E-15));
#6362=CARTESIAN_POINT('Ctrl Pts',(-1.04199702923677,-20.8106752350354,3.5527136788005E-15));
#6363=CARTESIAN_POINT('Ctrl Pts',(-1.00557182153188,-20.8670555859236,3.5527136788005E-15));
#6364=CARTESIAN_POINT('Ctrl Pts',(-0.968586083403358,-20.9232805012165,
3.5527136788005E-15));
#6365=CARTESIAN_POINT('Ctrl Pts',(-0.931042168891753,-20.9793499840996,
3.5527136788005E-15));
#6366=CARTESIAN_POINT('Ctrl Pts',(-9.68336882179497,-18.6341711255607,-27.5));
#6367=CARTESIAN_POINT('Ctrl Pts',(-9.68336882179497,-18.6341711255607,11.5));
#6368=CARTESIAN_POINT('Ctrl Pts',(-9.6708148596134,-18.6279954746569,-27.5));
#6369=CARTESIAN_POINT('Ctrl Pts',(-9.6708148596134,-18.6279954746569,11.5));
#6370=CARTESIAN_POINT('Ctrl Pts',(-9.64573602675299,-18.6156145206641,-27.5));
#6371=CARTESIAN_POINT('Ctrl Pts',(-9.64573602675299,-18.6156145206641,11.5));
#6372=CARTESIAN_POINT('Ctrl Pts',(-9.60820505197998,-18.5969541331302,-27.5));
#6373=CARTESIAN_POINT('Ctrl Pts',(-9.60820505197998,-18.5969541331302,11.5));
#6374=CARTESIAN_POINT('Ctrl Pts',(-9.55833835922736,-18.5718956441315,-27.5));
#6375=CARTESIAN_POINT('Ctrl Pts',(-9.55833835922736,-18.5718956441315,11.5));
#6376=CARTESIAN_POINT('Ctrl Pts',(-9.49629650795661,-18.540275576952,-27.5));
#6377=CARTESIAN_POINT('Ctrl Pts',(-9.49629650795661,-18.540275576952,11.5));
#6378=CARTESIAN_POINT('Ctrl Pts',(-9.43454709779136,-18.508358138567,-27.5));
#6379=CARTESIAN_POINT('Ctrl Pts',(-9.43454709779136,-18.508358138567,11.5));
#6380=CARTESIAN_POINT('Ctrl Pts',(-9.37309154735116,-18.4761429471643,-27.5));
#6381=CARTESIAN_POINT('Ctrl Pts',(-9.37309154735116,-18.4761429471643,11.5));
#6382=CARTESIAN_POINT('Ctrl Pts',(-9.31193182422334,-18.4436297599477,-27.5));
#6383=CARTESIAN_POINT('Ctrl Pts',(-9.31193182422334,-18.4436297599477,11.5));
#6384=CARTESIAN_POINT('Ctrl Pts',(-9.2510705289134,-18.4108186041577,-27.5));
#6385=CARTESIAN_POINT('Ctrl Pts',(-9.2510705289134,-18.4108186041577,11.5));
#6386=CARTESIAN_POINT('Ctrl Pts',(-9.19051075601376,-18.3777097207339,-27.5));
#6387=CARTESIAN_POINT('Ctrl Pts',(-9.19051075601376,-18.3777097207339,11.5));
#6388=CARTESIAN_POINT('Ctrl Pts',(-9.1302559163613,-18.3443034755065,-27.5));
#6389=CARTESIAN_POINT('Ctrl Pts',(-9.1302559163613,-18.3443034755065,11.5));
#6390=CARTESIAN_POINT('Ctrl Pts',(-9.07030956428596,-18.310600281562,-27.5));
#6391=CARTESIAN_POINT('Ctrl Pts',(-9.07030956428596,-18.310600281562,11.5));
#6392=CARTESIAN_POINT('Ctrl Pts',(-9.01067523618777,-18.2766005246161,-27.5));
#6393=CARTESIAN_POINT('Ctrl Pts',(-9.01067523618777,-18.2766005246161,11.5));
#6394=CARTESIAN_POINT('Ctrl Pts',(-8.95135624283597,-18.2423044755825,-27.5));
#6395=CARTESIAN_POINT('Ctrl Pts',(-8.95135624283597,-18.2423044755825,11.5));
#6396=CARTESIAN_POINT('Ctrl Pts',(-8.89235569448271,-18.2077122863624,-27.5));
#6397=CARTESIAN_POINT('Ctrl Pts',(-8.89235569448271,-18.2077122863624,11.5));
#6398=CARTESIAN_POINT('Ctrl Pts',(-8.83367662388487,-18.1728240227388,-27.5));
#6399=CARTESIAN_POINT('Ctrl Pts',(-8.83367662388487,-18.1728240227388,11.5));
#6400=CARTESIAN_POINT('Ctrl Pts',(-8.7753220799145,-18.1376396880447,-27.5));
#6401=CARTESIAN_POINT('Ctrl Pts',(-8.7753220799145,-18.1376396880447,11.5));
#6402=CARTESIAN_POINT('Ctrl Pts',(-8.71729522135083,-18.1021592509799,-27.5));
#6403=CARTESIAN_POINT('Ctrl Pts',(-8.71729522135083,-18.1021592509799,11.5));
#6404=CARTESIAN_POINT('Ctrl Pts',(-8.65959943231185,-18.0663826782163,-27.5));
#6405=CARTESIAN_POINT('Ctrl Pts',(-8.65959943231185,-18.0663826782163,11.5));
#6406=CARTESIAN_POINT('Ctrl Pts',(-8.60223832164988,-18.030309947477,-27.5));
#6407=CARTESIAN_POINT('Ctrl Pts',(-8.60223832164988,-18.030309947477,11.5));
#6408=CARTESIAN_POINT('Ctrl Pts',(-8.54521563723016,-17.9939410447152,-27.5));
#6409=CARTESIAN_POINT('Ctrl Pts',(-8.54521563723016,-17.9939410447152,11.5));
#6410=CARTESIAN_POINT('Ctrl Pts',(-8.48853519803009,-17.9572759694815,-27.5));
#6411=CARTESIAN_POINT('Ctrl Pts',(-8.48853519803009,-17.9572759694815,11.5));
#6412=CARTESIAN_POINT('Ctrl Pts',(-8.4322008278784,-17.9203147358444,-27.5));
#6413=CARTESIAN_POINT('Ctrl Pts',(-8.4322008278784,-17.9203147358444,11.5));
#6414=CARTESIAN_POINT('Ctrl Pts',(-8.37621625830133,-17.8830573854041,-27.5));
#6415=CARTESIAN_POINT('Ctrl Pts',(-8.37621625830133,-17.8830573854041,11.5));
#6416=CARTESIAN_POINT('Ctrl Pts',(-8.32058514807245,-17.8455039669834,-27.5));
#6417=CARTESIAN_POINT('Ctrl Pts',(-8.32058514807245,-17.8455039669834,11.5));
#6418=CARTESIAN_POINT('Ctrl Pts',(-8.26531122597931,-17.8076544833656,-27.5));
#6419=CARTESIAN_POINT('Ctrl Pts',(-8.26531122597931,-17.8076544833656,11.5));
#6420=CARTESIAN_POINT('Ctrl Pts',(-8.21039840667259,-17.7695088450109,-27.5));
#6421=CARTESIAN_POINT('Ctrl Pts',(-8.21039840667259,-17.7695088450109,11.5));
#6422=CARTESIAN_POINT('Ctrl Pts',(-8.15585089734559,-17.731066830899,-27.5));
#6423=CARTESIAN_POINT('Ctrl Pts',(-8.15585089734559,-17.731066830899,11.5));
#6424=CARTESIAN_POINT('Ctrl Pts',(-8.10167334893822,-17.6923280292408,-27.5));
#6425=CARTESIAN_POINT('Ctrl Pts',(-8.10167334893822,-17.6923280292408,11.5));
#6426=CARTESIAN_POINT('Ctrl Pts',(-8.04787083355246,-17.6532918566393,-27.5));
#6427=CARTESIAN_POINT('Ctrl Pts',(-8.04787083355246,-17.6532918566393,11.5));
#6428=CARTESIAN_POINT('Ctrl Pts',(-7.99444858350276,-17.6139576829664,-27.5));
#6429=CARTESIAN_POINT('Ctrl Pts',(-7.99444858350276,-17.6139576829664,11.5));
#6430=CARTESIAN_POINT('Ctrl Pts',(-7.94141176819591,-17.5743249414962,-27.5));
#6431=CARTESIAN_POINT('Ctrl Pts',(-7.94141176819591,-17.5743249414962,11.5));
#6432=CARTESIAN_POINT('Ctrl Pts',(-7.88876529180084,-17.5343932275743,-27.5));
#6433=CARTESIAN_POINT('Ctrl Pts',(-7.88876529180084,-17.5343932275743,11.5));
#6434=CARTESIAN_POINT('Ctrl Pts',(-7.83651348553077,-17.4941624517951,-27.5));
#6435=CARTESIAN_POINT('Ctrl Pts',(-7.83651348553077,-17.4941624517951,11.5));
#6436=CARTESIAN_POINT('Ctrl Pts',(-7.78466016116182,-17.453632810828,-27.5));
#6437=CARTESIAN_POINT('Ctrl Pts',(-7.78466016116182,-17.453632810828,11.5));
#6438=CARTESIAN_POINT('Ctrl Pts',(-7.73320925776238,-17.4128044592041,-27.5));
#6439=CARTESIAN_POINT('Ctrl Pts',(-7.73320925776238,-17.4128044592041,11.5));
#6440=CARTESIAN_POINT('Ctrl Pts',(-7.68216539068496,-17.3716772307044,-27.5));
#6441=CARTESIAN_POINT('Ctrl Pts',(-7.68216539068496,-17.3716772307044,11.5));
#6442=CARTESIAN_POINT('Ctrl Pts',(-7.63153435194702,-17.3302503854967,-27.5));
#6443=CARTESIAN_POINT('Ctrl Pts',(-7.63153435194702,-17.3302503854967,11.5));
#6444=CARTESIAN_POINT('Ctrl Pts',(-7.58132383518686,-17.2885222427238,-27.5));
#6445=CARTESIAN_POINT('Ctrl Pts',(-7.58132383518686,-17.2885222427238,11.5));
#6446=CARTESIAN_POINT('Ctrl Pts',(-7.53154337009878,-17.2464902180529,-27.5));
#6447=CARTESIAN_POINT('Ctrl Pts',(-7.53154337009878,-17.2464902180529,11.5));
#6448=CARTESIAN_POINT('Ctrl Pts',(-7.48220288257496,-17.2041515645029,-27.5));
#6449=CARTESIAN_POINT('Ctrl Pts',(-7.48220288257496,-17.2041515645029,11.5));
#6450=CARTESIAN_POINT('Ctrl Pts',(-7.43331145982139,-17.1615040092019,-27.5));
#6451=CARTESIAN_POINT('Ctrl Pts',(-7.43331145982139,-17.1615040092019,11.5));
#6452=CARTESIAN_POINT('Ctrl Pts',(-7.38487623998075,-17.1185463262627,-27.5));
#6453=CARTESIAN_POINT('Ctrl Pts',(-7.38487623998075,-17.1185463262627,11.5));
#6454=CARTESIAN_POINT('Ctrl Pts',(-7.33690073789036,-17.0752792001313,-27.5));
#6455=CARTESIAN_POINT('Ctrl Pts',(-7.33690073789036,-17.0752792001313,11.5));
#6456=CARTESIAN_POINT('Ctrl Pts',(-7.28938512756192,-17.0317050833898,-27.5));
#6457=CARTESIAN_POINT('Ctrl Pts',(-7.28938512756192,-17.0317050833898,11.5));
#6458=CARTESIAN_POINT('Ctrl Pts',(-7.24232974212969,-16.9878264010786,-27.5));
#6459=CARTESIAN_POINT('Ctrl Pts',(-7.24232974212969,-16.9878264010786,11.5));
#6460=CARTESIAN_POINT('Ctrl Pts',(-7.19573808648988,-16.9436440057727,-27.5));
#6461=CARTESIAN_POINT('Ctrl Pts',(-7.19573808648988,-16.9436440057727,11.5));
#6462=CARTESIAN_POINT('Ctrl Pts',(-7.14961951779043,-16.8991558042135,-27.5));
#6463=CARTESIAN_POINT('Ctrl Pts',(-7.14961951779043,-16.8991558042135,11.5));
#6464=CARTESIAN_POINT('Ctrl Pts',(-7.10399334293935,-16.8543546549481,-27.5));
#6465=CARTESIAN_POINT('Ctrl Pts',(-7.10399334293935,-16.8543546549481,11.5));
#6466=CARTESIAN_POINT('Ctrl Pts',(-7.0588878279677,-16.8092288852223,-27.5));
#6467=CARTESIAN_POINT('Ctrl Pts',(-7.0588878279677,-16.8092288852223,11.5));
#6468=CARTESIAN_POINT('Ctrl Pts',(-7.01433218368563,-16.7637664236434,-27.5));
#6469=CARTESIAN_POINT('Ctrl Pts',(-7.01433218368563,-16.7637664236434,11.5));
#6470=CARTESIAN_POINT('Ctrl Pts',(-6.97034961145971,-16.7179583870496,-27.5));
#6471=CARTESIAN_POINT('Ctrl Pts',(-6.97034961145971,-16.7179583870496,11.5));
#6472=CARTESIAN_POINT('Ctrl Pts',(-6.92695128171654,-16.6718021888995,-27.5));
#6473=CARTESIAN_POINT('Ctrl Pts',(-6.92695128171654,-16.6718021888995,11.5));
#6474=CARTESIAN_POINT('Ctrl Pts',(-6.88412656474418,-16.6253065740022,-27.5));
#6475=CARTESIAN_POINT('Ctrl Pts',(-6.88412656474418,-16.6253065740022,11.5));
#6476=CARTESIAN_POINT('Ctrl Pts',(-6.84184743873847,-16.5784893672416,-27.5));
#6477=CARTESIAN_POINT('Ctrl Pts',(-6.84184743873847,-16.5784893672416,11.5));
#6478=CARTESIAN_POINT('Ctrl Pts',(-6.80008770540387,-16.5313676130638,-27.5));
#6479=CARTESIAN_POINT('Ctrl Pts',(-6.80008770540387,-16.5313676130638,11.5));
#6480=CARTESIAN_POINT('Ctrl Pts',(-6.75883983865991,-16.483948930396,-27.5));
#6481=CARTESIAN_POINT('Ctrl Pts',(-6.75883983865991,-16.483948930396,11.5));
#6482=CARTESIAN_POINT('Ctrl Pts',(-6.71812944880289,-16.4362240966974,-27.5));
#6483=CARTESIAN_POINT('Ctrl Pts',(-6.71812944880289,-16.4362240966974,11.5));
#6484=CARTESIAN_POINT('Ctrl Pts',(-6.67803909545318,-16.3881548195136,-27.5));
#6485=CARTESIAN_POINT('Ctrl Pts',(-6.67803909545318,-16.3881548195136,11.5));
#6486=CARTESIAN_POINT('Ctrl Pts',(-6.63869269959348,-16.3396817937835,-27.5));
#6487=CARTESIAN_POINT('Ctrl Pts',(-6.63869269959348,-16.3396817937835,11.5));
#6488=CARTESIAN_POINT('Ctrl Pts',(-6.60021209090997,-16.290747119825,-27.5));
#6489=CARTESIAN_POINT('Ctrl Pts',(-6.60021209090997,-16.290747119825,11.5));
#6490=CARTESIAN_POINT('Ctrl Pts',(-6.56267817569862,-16.2413143163433,-27.5));
#6491=CARTESIAN_POINT('Ctrl Pts',(-6.56267817569862,-16.2413143163433,11.5));
#6492=CARTESIAN_POINT('Ctrl Pts',(-6.52609785451196,-16.1913854339651,-27.5));
#6493=CARTESIAN_POINT('Ctrl Pts',(-6.52609785451196,-16.1913854339651,11.5));
#6494=CARTESIAN_POINT('Ctrl Pts',(-6.49034896712809,-16.1410293317459,-27.5));
#6495=CARTESIAN_POINT('Ctrl Pts',(-6.49034896712809,-16.1410293317459,11.5));
#6496=CARTESIAN_POINT('Ctrl Pts',(-6.45523897231561,-16.0903521201344,-27.5));
#6497=CARTESIAN_POINT('Ctrl Pts',(-6.45523897231561,-16.0903521201344,11.5));
#6498=CARTESIAN_POINT('Ctrl Pts',(-6.42061206213067,-16.039442944698,-27.5));
#6499=CARTESIAN_POINT('Ctrl Pts',(-6.42061206213067,-16.039442944698,11.5));
#6500=CARTESIAN_POINT('Ctrl Pts',(-6.38644556832088,-15.9883252735785,-27.5));
#6501=CARTESIAN_POINT('Ctrl Pts',(-6.38644556832088,-15.9883252735785,11.5));
#6502=CARTESIAN_POINT('Ctrl Pts',(-6.35294028906404,-15.936911149952,-27.5));
#6503=CARTESIAN_POINT('Ctrl Pts',(-6.35294028906404,-15.936911149952,11.5));
#6504=CARTESIAN_POINT('Ctrl Pts',(-6.32064160720157,-15.8849401177533,-27.5));
#6505=CARTESIAN_POINT('Ctrl Pts',(-6.32064160720157,-15.8849401177533,11.5));
#6506=CARTESIAN_POINT('Ctrl Pts',(-6.29029940790353,-15.8320483941676,-27.5));
#6507=CARTESIAN_POINT('Ctrl Pts',(-6.29029940790353,-15.8320483941676,11.5));
#6508=CARTESIAN_POINT('Ctrl Pts',(-6.2682010577258,-15.7887006723502,-27.5));
#6509=CARTESIAN_POINT('Ctrl Pts',(-6.2682010577258,-15.7887006723502,11.5));
#6510=CARTESIAN_POINT('Ctrl Pts',(-6.25312195649747,-15.7554753704825,-27.5));
#6511=CARTESIAN_POINT('Ctrl Pts',(-6.25312195649747,-15.7554753704825,11.5));
#6512=CARTESIAN_POINT('Ctrl Pts',(-6.24376818116204,-15.7329905946487,-27.5));
#6513=CARTESIAN_POINT('Ctrl Pts',(-6.24376818116204,-15.7329905946487,11.5));
#6514=CARTESIAN_POINT('Ctrl Pts',(-6.23926603613602,-15.72166456162,-27.5));
#6515=CARTESIAN_POINT('Ctrl Pts',(-6.23926603613602,-15.72166456162,11.5));
#6516=CARTESIAN_POINT('',(-9.68336882179496,-18.6341711255608,-5.55111512312578E-16));
#6517=CARTESIAN_POINT('Ctrl Pts',(-9.68336882179497,-18.6341711255607,3.5527136788005E-15));
#6518=CARTESIAN_POINT('Ctrl Pts',(-9.57738874975841,-18.5820365151327,3.5527136788005E-15));
#6519=CARTESIAN_POINT('Ctrl Pts',(-9.4726487423109,-18.5286346641174,3.5527136788005E-15));
#6520=CARTESIAN_POINT('Ctrl Pts',(-9.36917028940608,-18.4739584092318,3.5527136788005E-15));
#6521=CARTESIAN_POINT('Ctrl Pts',(-9.19105034865349,-18.3798428614303,3.5527136788005E-15));
#6522=CARTESIAN_POINT('Ctrl Pts',(-9.01667403504554,-18.2819504397677,3.5527136788005E-15));
#6523=CARTESIAN_POINT('Ctrl Pts',(-8.84640559144455,-18.1803113533835,3.5527136788005E-15));
#6524=CARTESIAN_POINT('Ctrl Pts',(-8.70917625870958,-18.0983944478823,3.5527136788005E-15));
#6525=CARTESIAN_POINT('Ctrl Pts',(-8.57460739577046,-18.014040699272,3.5527136788005E-15));
#6526=CARTESIAN_POINT('Ctrl Pts',(-8.4429091856199,-17.9272494578099,3.5527136788005E-15));
#6527=CARTESIAN_POINT('Ctrl Pts',(-8.33562146456629,-17.8565451217887,3.5527136788005E-15));
#6528=CARTESIAN_POINT('Ctrl Pts',(-8.23023748324838,-17.784224841839,3.5527136788005E-15));
#6529=CARTESIAN_POINT('Ctrl Pts',(-8.12688433682072,-17.7102839333047,3.5527136788005E-15));
#6530=CARTESIAN_POINT('Ctrl Pts',(-8.02879360656878,-17.6401078625772,3.5527136788005E-15));
#6531=CARTESIAN_POINT('Ctrl Pts',(-7.93253889997471,-17.5684685068701,3.5527136788005E-15));
#6532=CARTESIAN_POINT('Ctrl Pts',(-7.83824858787327,-17.4953561802963,3.5527136788005E-15));
#6533=CARTESIAN_POINT('Ctrl Pts',(-7.77144872511716,-17.4435598369386,3.5527136788005E-15));
#6534=CARTESIAN_POINT('Ctrl Pts',(-7.7056296444182,-17.3910269076135,3.5527136788005E-15));
#6535=CARTESIAN_POINT('Ctrl Pts',(-7.64084166978133,-17.337752625415,3.5527136788005E-15));
#6536=CARTESIAN_POINT('Ctrl Pts',(-7.56892101185862,-17.2786132334592,3.5527136788005E-15));
#6537=CARTESIAN_POINT('Ctrl Pts',(-7.49827715623317,-17.2185570269775,3.5527136788005E-15));
#6538=CARTESIAN_POINT('Ctrl Pts',(-7.4290270063578,-17.157554800702,3.5527136788005E-15));
#6539=CARTESIAN_POINT('Ctrl Pts',(-7.36843312521684,-17.104177852711,3.5527136788005E-15));
#6540=CARTESIAN_POINT('Ctrl Pts',(-7.3089046947147,-17.0500774455636,3.5527136788005E-15));
#6541=CARTESIAN_POINT('Ctrl Pts',(-7.25045352943469,-16.995269874859,3.5527136788005E-15));
#6542=CARTESIAN_POINT('Ctrl Pts',(-7.21333824176291,-16.9604681947976,3.5527136788005E-15));
#6543=CARTESIAN_POINT('Ctrl Pts',(-7.17665475648063,-16.9253827295923,3.5527136788005E-15));
#6544=CARTESIAN_POINT('Ctrl Pts',(-7.14043583700422,-16.8900027737767,3.5527136788005E-15));
#6545=CARTESIAN_POINT('Ctrl Pts',(-7.09505362535435,-16.845671781406,3.5527136788005E-15));
#6546=CARTESIAN_POINT('Ctrl Pts',(-7.05040892722383,-16.8008741994876,3.5527136788005E-15));
#6547=CARTESIAN_POINT('Ctrl Pts',(-7.00661679152591,-16.7555639006893,3.5527136788005E-15));
#6548=CARTESIAN_POINT('Ctrl Pts',(-6.97693845484332,-16.7248566907875,3.5527136788005E-15));
#6549=CARTESIAN_POINT('Ctrl Pts',(-6.94765329365049,-16.6939131924378,3.5527136788005E-15));
#6550=CARTESIAN_POINT('Ctrl Pts',(-6.91875641118153,-16.6627403509411,3.5527136788005E-15));
#6551=CARTESIAN_POINT('Ctrl Pts',(-6.88505934930242,-16.6263892611655,3.5527136788005E-15));
#6552=CARTESIAN_POINT('Ctrl Pts',(-6.85188261825526,-16.5897302160753,3.5527136788005E-15));
#6553=CARTESIAN_POINT('Ctrl Pts',(-6.81917656731826,-16.5527964466215,3.5527136788005E-15));
#6554=CARTESIAN_POINT('Ctrl Pts',(-6.79725778740319,-16.5280443551614,3.5527136788005E-15));
#6555=CARTESIAN_POINT('Ctrl Pts',(-6.77554942455799,-16.5031693952549,3.5527136788005E-15));
#6556=CARTESIAN_POINT('Ctrl Pts',(-6.75406634012128,-16.4781664767174,3.5527136788005E-15));
#6557=CARTESIAN_POINT('Ctrl Pts',(-6.7309350338703,-16.4512452882092,3.5527136788005E-15));
#6558=CARTESIAN_POINT('Ctrl Pts',(-6.70806443608513,-16.4241759834901,3.5527136788005E-15));
#6559=CARTESIAN_POINT('Ctrl Pts',(-6.68553583489917,-16.3969202487496,3.5527136788005E-15));
#6560=CARTESIAN_POINT('Ctrl Pts',(-6.66364922574084,-16.3704412140033,3.5527136788005E-15));
#6561=CARTESIAN_POINT('Ctrl Pts',(-6.64209108155878,-16.3437832944071,3.5527136788005E-15));
#6562=CARTESIAN_POINT('Ctrl Pts',(-6.62094417408203,-16.3169075122465,3.5527136788005E-15));
#6563=CARTESIAN_POINT('Ctrl Pts',(-6.60372131376534,-16.2950188345492,3.5527136788005E-15));
#6564=CARTESIAN_POINT('Ctrl Pts',(-6.58677243418186,-16.2729850319412,3.5527136788005E-15));
#6565=CARTESIAN_POINT('Ctrl Pts',(-6.57011007638346,-16.2508018415427,3.5527136788005E-15));
#6566=CARTESIAN_POINT('Ctrl Pts',(-6.5538818214318,-16.2291965877253,3.5527136788005E-15));
#6567=CARTESIAN_POINT('Ctrl Pts',(-6.5379259473865,-16.2074493166433,3.5527136788005E-15));
#6568=CARTESIAN_POINT('Ctrl Pts',(-6.52220213562924,-16.1855830377299,3.5527136788005E-15));
#6569=CARTESIAN_POINT('Ctrl Pts',(-6.50426701019479,-16.1606416010636,3.5527136788005E-15));
#6570=CARTESIAN_POINT('Ctrl Pts',(-6.48662846870126,-16.1355480033145,3.5527136788005E-15));
#6571=CARTESIAN_POINT('Ctrl Pts',(-6.46919122445965,-16.1103555794787,3.5527136788005E-15));
#6572=CARTESIAN_POINT('Ctrl Pts',(-6.45615770653163,-16.0915254304503,3.5527136788005E-15));
#6573=CARTESIAN_POINT('Ctrl Pts',(-6.44323509889251,-16.0726408804122,3.5527136788005E-15));
#6574=CARTESIAN_POINT('Ctrl Pts',(-6.43040871052176,-16.053711998855,3.5527136788005E-15));
#6575=CARTESIAN_POINT('Ctrl Pts',(-6.4189274110657,-16.0367681678057,3.5527136788005E-15));
#6576=CARTESIAN_POINT('Ctrl Pts',(-6.40752263146776,-16.0197891132072,3.5527136788005E-15));
#6577=CARTESIAN_POINT('Ctrl Pts',(-6.39621813449888,-16.0027649940107,3.5527136788005E-15));
#6578=CARTESIAN_POINT('Ctrl Pts',(-6.38497769622237,-15.9858373446365,3.5527136788005E-15));
#6579=CARTESIAN_POINT('Ctrl Pts',(-6.37383567206478,-15.9688655137886,3.5527136788005E-15));
#6580=CARTESIAN_POINT('Ctrl Pts',(-6.36286366335974,-15.9518156943065,3.5527136788005E-15));
#6581=CARTESIAN_POINT('Ctrl Pts',(-6.34913868651744,-15.9304879334699,3.5527136788005E-15));
#6582=CARTESIAN_POINT('Ctrl Pts',(-6.3356806489291,-15.909037717945,3.5527136788005E-15));
#6583=CARTESIAN_POINT('Ctrl Pts',(-6.3227115671771,-15.8873576240431,3.5527136788005E-15));
#6584=CARTESIAN_POINT('Ctrl Pts',(-6.30951005329401,-15.8652889790839,3.5527136788005E-15));
#6585=CARTESIAN_POINT('Ctrl Pts',(-6.29682152026615,-15.8429790057683,3.5527136788005E-15));
#6586=CARTESIAN_POINT('Ctrl Pts',(-6.28489034144385,-15.8203084725744,3.5527136788005E-15));
#6587=CARTESIAN_POINT('Ctrl Pts',(-6.27601538008357,-15.8034450838759,3.5527136788005E-15));
#6588=CARTESIAN_POINT('Ctrl Pts',(-6.26756021327296,-15.7863818078917,3.5527136788005E-15));
#6589=CARTESIAN_POINT('Ctrl Pts',(-6.25959763595897,-15.7690830023105,3.5527136788005E-15));
#6590=CARTESIAN_POINT('Ctrl Pts',(-6.25241204886523,-15.753472218362,3.5527136788005E-15));
#6591=CARTESIAN_POINT('Ctrl Pts',(-6.24562803162563,-15.7376694150015,3.5527136788005E-15));
#6592=CARTESIAN_POINT('Ctrl Pts',(-6.23926603613602,-15.72166456162,3.5527136788005E-15));
#6593=CARTESIAN_POINT('',(-9.68336882179496,-18.6341711255608,0.));
#6594=CARTESIAN_POINT('Origin',(-2.4364813957804E-14,-4.23398735699579E-14,
0.));
#6595=CARTESIAN_POINT('',(-11.2959811623046,-17.703128956669,-5.55111512312578E-16));
#6596=CARTESIAN_POINT('Origin',(-2.4364813957804E-14,-4.23398735699579E-14,
-5.55111512312578E-16));
#6597=CARTESIAN_POINT('',(-11.2959811623046,-17.703128956669,0.));
#6598=CARTESIAN_POINT('Ctrl Pts',(-10.4957278820725,-13.2641951690732,-27.5));
#6599=CARTESIAN_POINT('Ctrl Pts',(-10.4957278820725,-13.2641951690732,11.5));
#6600=CARTESIAN_POINT('Ctrl Pts',(-10.5032854418864,-13.2737571575516,-27.5));
#6601=CARTESIAN_POINT('Ctrl Pts',(-10.5032854418864,-13.2737571575516,11.5));
#6602=CARTESIAN_POINT('Ctrl Pts',(-10.5180809412892,-13.2931001525303,-27.5));
#6603=CARTESIAN_POINT('Ctrl Pts',(-10.5180809412892,-13.2931001525303,11.5));
#6604=CARTESIAN_POINT('Ctrl Pts',(-10.5393153461408,-13.3227716881941,-27.5));
#6605=CARTESIAN_POINT('Ctrl Pts',(-10.5393153461408,-13.3227716881941,11.5));
#6606=CARTESIAN_POINT('Ctrl Pts',(-10.5658063993421,-13.3635832817385,-27.5));
#6607=CARTESIAN_POINT('Ctrl Pts',(-10.5658063993421,-13.3635832817385,11.5));
#6608=CARTESIAN_POINT('Ctrl Pts',(-10.5964408759682,-13.4163062589301,-27.5));
#6609=CARTESIAN_POINT('Ctrl Pts',(-10.5964408759682,-13.4163062589301,11.5));
#6610=CARTESIAN_POINT('Ctrl Pts',(-10.6252997691819,-13.4702632540311,-27.5));
#6611=CARTESIAN_POINT('Ctrl Pts',(-10.6252997691819,-13.4702632540311,11.5));
#6612=CARTESIAN_POINT('Ctrl Pts',(-10.6530730667274,-13.5249867388417,-27.5));
#6613=CARTESIAN_POINT('Ctrl Pts',(-10.6530730667274,-13.5249867388417,11.5));
#6614=CARTESIAN_POINT('Ctrl Pts',(-10.6802590215943,-13.5801346259989,-27.5));
#6615=CARTESIAN_POINT('Ctrl Pts',(-10.6802590215943,-13.5801346259989,11.5));
#6616=CARTESIAN_POINT('Ctrl Pts',(-10.7070342057154,-13.6355769975918,-27.5));
#6617=CARTESIAN_POINT('Ctrl Pts',(-10.7070342057154,-13.6355769975918,11.5));
#6618=CARTESIAN_POINT('Ctrl Pts',(-10.7333669609577,-13.6913217508319,-27.5));
#6619=CARTESIAN_POINT('Ctrl Pts',(-10.7333669609577,-13.6913217508319,11.5));
#6620=CARTESIAN_POINT('Ctrl Pts',(-10.7591021810231,-13.747459246573,-27.5));
#6621=CARTESIAN_POINT('Ctrl Pts',(-10.7591021810231,-13.747459246573,11.5));
#6622=CARTESIAN_POINT('Ctrl Pts',(-10.7840517009519,-13.8041031751884,-27.5));
#6623=CARTESIAN_POINT('Ctrl Pts',(-10.7840517009519,-13.8041031751884,11.5));
#6624=CARTESIAN_POINT('Ctrl Pts',(-10.8080948069417,-13.8613249010058,-27.5));
#6625=CARTESIAN_POINT('Ctrl Pts',(-10.8080948069417,-13.8613249010058,11.5));
#6626=CARTESIAN_POINT('Ctrl Pts',(-10.8312331733738,-13.919117422658,-27.5));
#6627=CARTESIAN_POINT('Ctrl Pts',(-10.8312331733738,-13.919117422658,11.5));
#6628=CARTESIAN_POINT('Ctrl Pts',(-10.8535388471246,-13.9774289138849,-27.5));
#6629=CARTESIAN_POINT('Ctrl Pts',(-10.8535388471246,-13.9774289138849,11.5));
#6630=CARTESIAN_POINT('Ctrl Pts',(-10.8751228856325,-14.0361828169243,-27.5));
#6631=CARTESIAN_POINT('Ctrl Pts',(-10.8751228856325,-14.0361828169243,11.5));
#6632=CARTESIAN_POINT('Ctrl Pts',(-10.8960986090783,-14.0953014655878,-27.5));
#6633=CARTESIAN_POINT('Ctrl Pts',(-10.8960986090783,-14.0953014655878,11.5));
#6634=CARTESIAN_POINT('Ctrl Pts',(-10.9165404595107,-14.1547325073739,-27.5));
#6635=CARTESIAN_POINT('Ctrl Pts',(-10.9165404595107,-14.1547325073739,11.5));
#6636=CARTESIAN_POINT('Ctrl Pts',(-10.9364692290322,-14.2144583743858,-27.5));
#6637=CARTESIAN_POINT('Ctrl Pts',(-10.9364692290322,-14.2144583743858,11.5));
#6638=CARTESIAN_POINT('Ctrl Pts',(-10.9558745564183,-14.2744817749369,-27.5));
#6639=CARTESIAN_POINT('Ctrl Pts',(-10.9558745564183,-14.2744817749369,11.5));
#6640=CARTESIAN_POINT('Ctrl Pts',(-10.9747285815977,-14.3348168751934,-27.5));
#6641=CARTESIAN_POINT('Ctrl Pts',(-10.9747285815977,-14.3348168751934,11.5));
#6642=CARTESIAN_POINT('Ctrl Pts',(-10.9930018568663,-14.3954790303079,-27.5));
#6643=CARTESIAN_POINT('Ctrl Pts',(-10.9930018568663,-14.3954790303079,11.5));
#6644=CARTESIAN_POINT('Ctrl Pts',(-11.010681494141,-14.4564730734762,-27.5));
#6645=CARTESIAN_POINT('Ctrl Pts',(-11.010681494141,-14.4564730734762,11.5));
#6646=CARTESIAN_POINT('Ctrl Pts',(-11.0277753186459,-14.5177906240959,-27.5));
#6647=CARTESIAN_POINT('Ctrl Pts',(-11.0277753186459,-14.5177906240959,11.5));
#6648=CARTESIAN_POINT('Ctrl Pts',(-11.0443026241079,-14.5794160307751,-27.5));
#6649=CARTESIAN_POINT('Ctrl Pts',(-11.0443026241079,-14.5794160307751,11.5));
#6650=CARTESIAN_POINT('Ctrl Pts',(-11.0602884700649,-14.6413300319063,-27.5));
#6651=CARTESIAN_POINT('Ctrl Pts',(-11.0602884700649,-14.6413300319063,11.5));
#6652=CARTESIAN_POINT('Ctrl Pts',(-11.0757570984341,-14.7035139847658,-27.5));
#6653=CARTESIAN_POINT('Ctrl Pts',(-11.0757570984341,-14.7035139847658,11.5));
#6654=CARTESIAN_POINT('Ctrl Pts',(-11.0907243473492,-14.7659547398072,-27.5));
#6655=CARTESIAN_POINT('Ctrl Pts',(-11.0907243473492,-14.7659547398072,11.5));
#6656=CARTESIAN_POINT('Ctrl Pts',(-11.1051967081992,-14.828645240132,-27.5));
#6657=CARTESIAN_POINT('Ctrl Pts',(-11.1051967081992,-14.828645240132,11.5));
#6658=CARTESIAN_POINT('Ctrl Pts',(-11.1191751950806,-14.8915820241235,-27.5));
#6659=CARTESIAN_POINT('Ctrl Pts',(-11.1191751950806,-14.8915820241235,11.5));
#6660=CARTESIAN_POINT('Ctrl Pts',(-11.1326578744139,-14.9547635907588,-27.5));
#6661=CARTESIAN_POINT('Ctrl Pts',(-11.1326578744139,-14.9547635907588,11.5));
#6662=CARTESIAN_POINT('Ctrl Pts',(-11.1456427092067,-15.0181885630483,-27.5));
#6663=CARTESIAN_POINT('Ctrl Pts',(-11.1456427092067,-15.0181885630483,11.5));
#6664=CARTESIAN_POINT('Ctrl Pts',(-11.1581308641298,-15.0818535548305,-27.5));
#6665=CARTESIAN_POINT('Ctrl Pts',(-11.1581308641298,-15.0818535548305,11.5));
#6666=CARTESIAN_POINT('Ctrl Pts',(-11.1701269699043,-15.1457529972362,-27.5));
#6667=CARTESIAN_POINT('Ctrl Pts',(-11.1701269699043,-15.1457529972362,11.5));
#6668=CARTESIAN_POINT('Ctrl Pts',(-11.1816375384977,-15.2098801569502,-27.5));
#6669=CARTESIAN_POINT('Ctrl Pts',(-11.1816375384977,-15.2098801569502,11.5));
#6670=CARTESIAN_POINT('Ctrl Pts',(-11.1926699118117,-15.2742278113881,-27.5));
#6671=CARTESIAN_POINT('Ctrl Pts',(-11.1926699118117,-15.2742278113881,11.5));
#6672=CARTESIAN_POINT('Ctrl Pts',(-11.2032310927912,-15.338788999759,-27.5));
#6673=CARTESIAN_POINT('Ctrl Pts',(-11.2032310927912,-15.338788999759,11.5));
#6674=CARTESIAN_POINT('Ctrl Pts',(-11.2133263839205,-15.4035578996052,-27.5));
#6675=CARTESIAN_POINT('Ctrl Pts',(-11.2133263839205,-15.4035578996052,11.5));
#6676=CARTESIAN_POINT('Ctrl Pts',(-11.2229593219217,-15.4685298648088,-27.5));
#6677=CARTESIAN_POINT('Ctrl Pts',(-11.2229593219217,-15.4685298648088,11.5));
#6678=CARTESIAN_POINT('Ctrl Pts',(-11.2321323584211,-15.5337009814665,-27.5));
#6679=CARTESIAN_POINT('Ctrl Pts',(-11.2321323584211,-15.5337009814665,11.5));
#6680=CARTESIAN_POINT('Ctrl Pts',(-11.2408473291248,-15.5990677609796,-27.5));
#6681=CARTESIAN_POINT('Ctrl Pts',(-11.2408473291248,-15.5990677609796,11.5));
#6682=CARTESIAN_POINT('Ctrl Pts',(-11.2491059696003,-15.6646268039185,-27.5));
#6683=CARTESIAN_POINT('Ctrl Pts',(-11.2491059696003,-15.6646268039185,11.5));
#6684=CARTESIAN_POINT('Ctrl Pts',(-11.2569105228816,-15.7303744040451,-27.5));
#6685=CARTESIAN_POINT('Ctrl Pts',(-11.2569105228816,-15.7303744040451,11.5));
#6686=CARTESIAN_POINT('Ctrl Pts',(-11.2642637914944,-15.7963065165519,-27.5));
#6687=CARTESIAN_POINT('Ctrl Pts',(-11.2642637914944,-15.7963065165519,11.5));
#6688=CARTESIAN_POINT('Ctrl Pts',(-11.2711688509409,-15.8624189479643,-27.5));
#6689=CARTESIAN_POINT('Ctrl Pts',(-11.2711688509409,-15.8624189479643,11.5));
#6690=CARTESIAN_POINT('Ctrl Pts',(-11.2776288630854,-15.9287074820289,-27.5));
#6691=CARTESIAN_POINT('Ctrl Pts',(-11.2776288630854,-15.9287074820289,11.5));
#6692=CARTESIAN_POINT('Ctrl Pts',(-11.2836468692154,-15.9951680178752,-27.5));
#6693=CARTESIAN_POINT('Ctrl Pts',(-11.2836468692154,-15.9951680178752,11.5));
#6694=CARTESIAN_POINT('Ctrl Pts',(-11.2892255514209,-16.0617967335656,-27.5));
#6695=CARTESIAN_POINT('Ctrl Pts',(-11.2892255514209,-16.0617967335656,11.5));
#6696=CARTESIAN_POINT('Ctrl Pts',(-11.2943672047074,-16.1285900960739,-27.5));
#6697=CARTESIAN_POINT('Ctrl Pts',(-11.2943672047074,-16.1285900960739,11.5));
#6698=CARTESIAN_POINT('Ctrl Pts',(-11.2990738639442,-16.1955447599832,-27.5));
#6699=CARTESIAN_POINT('Ctrl Pts',(-11.2990738639442,-16.1955447599832,11.5));
#6700=CARTESIAN_POINT('Ctrl Pts',(-11.3033473911147,-16.2626574946771,-27.5));
#6701=CARTESIAN_POINT('Ctrl Pts',(-11.3033473911147,-16.2626574946771,11.5));
#6702=CARTESIAN_POINT('Ctrl Pts',(-11.3071895733238,-16.3299251071532,-27.5));
#6703=CARTESIAN_POINT('Ctrl Pts',(-11.3071895733238,-16.3299251071532,11.5));
#6704=CARTESIAN_POINT('Ctrl Pts',(-11.3106022403078,-16.397344345015,-27.5));
#6705=CARTESIAN_POINT('Ctrl Pts',(-11.3106022403078,-16.397344345015,11.5));
#6706=CARTESIAN_POINT('Ctrl Pts',(-11.3135872917974,-16.4649118896953,-27.5));
#6707=CARTESIAN_POINT('Ctrl Pts',(-11.3135872917974,-16.4649118896953,11.5));
#6708=CARTESIAN_POINT('Ctrl Pts',(-11.3161466376706,-16.5326244340875,-27.5));
#6709=CARTESIAN_POINT('Ctrl Pts',(-11.3161466376706,-16.5326244340875,11.5));
#6710=CARTESIAN_POINT('Ctrl Pts',(-11.3182821640247,-16.6004787394685,-27.5));
#6711=CARTESIAN_POINT('Ctrl Pts',(-11.3182821640247,-16.6004787394685,11.5));
#6712=CARTESIAN_POINT('Ctrl Pts',(-11.3199956945783,-16.6684716916188,-27.5));
#6713=CARTESIAN_POINT('Ctrl Pts',(-11.3199956945783,-16.6684716916188,11.5));
#6714=CARTESIAN_POINT('Ctrl Pts',(-11.3212889502535,-16.7366003764704,-27.5));
#6715=CARTESIAN_POINT('Ctrl Pts',(-11.3212889502535,-16.7366003764704,11.5));
#6716=CARTESIAN_POINT('Ctrl Pts',(-11.3221635375465,-16.8048620740904,-27.5));
#6717=CARTESIAN_POINT('Ctrl Pts',(-11.3221635375465,-16.8048620740904,11.5));
#6718=CARTESIAN_POINT('Ctrl Pts',(-11.322620978007,-16.8732541424116,-27.5));
#6719=CARTESIAN_POINT('Ctrl Pts',(-11.322620978007,-16.8732541424116,11.5));
#6720=CARTESIAN_POINT('Ctrl Pts',(-11.3226627310436,-16.941773922098,-27.5));
#6721=CARTESIAN_POINT('Ctrl Pts',(-11.3226627310436,-16.941773922098,11.5));
#6722=CARTESIAN_POINT('Ctrl Pts',(-11.3222902202322,-17.0104186436416,-27.5));
#6723=CARTESIAN_POINT('Ctrl Pts',(-11.3222902202322,-17.0104186436416,11.5));
#6724=CARTESIAN_POINT('Ctrl Pts',(-11.3215048663392,-17.0791853043753,-27.5));
#6725=CARTESIAN_POINT('Ctrl Pts',(-11.3215048663392,-17.0791853043753,11.5));
#6726=CARTESIAN_POINT('Ctrl Pts',(-11.3203081035249,-17.148070648829,-27.5));
#6727=CARTESIAN_POINT('Ctrl Pts',(-11.3203081035249,-17.148070648829,11.5));
#6728=CARTESIAN_POINT('Ctrl Pts',(-11.3187013512111,-17.2170713923194,-27.5));
#6729=CARTESIAN_POINT('Ctrl Pts',(-11.3187013512111,-17.2170713923194,11.5));
#6730=CARTESIAN_POINT('Ctrl Pts',(-11.3166859979978,-17.28618439806,-27.5));
#6731=CARTESIAN_POINT('Ctrl Pts',(-11.3166859979978,-17.28618439806,11.5));
#6732=CARTESIAN_POINT('Ctrl Pts',(-11.3142633825214,-17.3554068655854,-27.5));
#6733=CARTESIAN_POINT('Ctrl Pts',(-11.3142633825214,-17.3554068655854,11.5));
#6734=CARTESIAN_POINT('Ctrl Pts',(-11.3114347814439,-17.4247365291716,-27.5));
#6735=CARTESIAN_POINT('Ctrl Pts',(-11.3114347814439,-17.4247365291716,11.5));
#6736=CARTESIAN_POINT('Ctrl Pts',(-11.3082013888263,-17.4941718062359,-27.5));
#6737=CARTESIAN_POINT('Ctrl Pts',(-11.3082013888263,-17.4941718062359,11.5));
#6738=CARTESIAN_POINT('Ctrl Pts',(-11.3045642446378,-17.5637116591239,-27.5));
#6739=CARTESIAN_POINT('Ctrl Pts',(-11.3045642446378,-17.5637116591239,11.5));
#6740=CARTESIAN_POINT('Ctrl Pts',(-11.3013321863148,-17.6194267263497,-27.5));
#6741=CARTESIAN_POINT('Ctrl Pts',(-11.3013321863148,-17.6194267263497,11.5));
#6742=CARTESIAN_POINT('Ctrl Pts',(-11.2987270685771,-17.6612596976989,-27.5));
#6743=CARTESIAN_POINT('Ctrl Pts',(-11.2987270685771,-17.6612596976989,11.5));
#6744=CARTESIAN_POINT('Ctrl Pts',(-11.2969098728277,-17.6891690810497,-27.5));
#6745=CARTESIAN_POINT('Ctrl Pts',(-11.2969098728277,-17.6891690810497,11.5));
#6746=CARTESIAN_POINT('Ctrl Pts',(-11.2959811623046,-17.703128956669,-27.5));
#6747=CARTESIAN_POINT('Ctrl Pts',(-11.2959811623046,-17.703128956669,11.5));
#6748=CARTESIAN_POINT('Ctrl Pts',(-10.4957278820725,-13.2641951690732,0.));
#6749=CARTESIAN_POINT('Ctrl Pts',(-10.5071008954901,-13.2785845521467,0.));
#6750=CARTESIAN_POINT('Ctrl Pts',(-10.5180357372975,-13.2932741366659,-9.6666151639002E-16));
#6751=CARTESIAN_POINT('Ctrl Pts',(-10.5285565794728,-13.3082476946267,-1.03934976381316E-15));
#6752=CARTESIAN_POINT('Ctrl Pts',(-10.5404847976261,-13.3252242695919,-1.12176153826896E-15));
#6753=CARTESIAN_POINT('Ctrl Pts',(-10.5518814754629,-13.3425654623084,1.57583297544616E-15));
#6754=CARTESIAN_POINT('Ctrl Pts',(-10.5628379083707,-13.3602098831618,2.0428965044613E-15));
#6755=CARTESIAN_POINT('Ctrl Pts',(-10.5819790352161,-13.3910350705665,2.85886665907332E-15));
#6756=CARTESIAN_POINT('Ctrl Pts',(-10.5997809921337,-13.4227829555427,-3.5527136788005E-15));
#6757=CARTESIAN_POINT('Ctrl Pts',(-10.616895478543,-13.4550133309759,-3.5527136788005E-15));
#6758=CARTESIAN_POINT('Ctrl Pts',(-10.6268067739206,-13.4736784993841,-3.5527136788005E-15));
#6759=CARTESIAN_POINT('Ctrl Pts',(-10.6364900426567,-13.4925037242745,-3.5527136788005E-15));
#6760=CARTESIAN_POINT('Ctrl Pts',(-10.6460457165041,-13.5114203333189,-3.5527136788005E-15));
#6761=CARTESIAN_POINT('Ctrl Pts',(-10.655029400445,-13.5292046193465,-3.5527136788005E-15));
#6762=CARTESIAN_POINT('Ctrl Pts',(-10.663900726861,-13.5470693899577,-3.5527136788005E-15));
#6763=CARTESIAN_POINT('Ctrl Pts',(-10.67270072426,-13.5649855174837,-3.5527136788005E-15));
#6764=CARTESIAN_POINT('Ctrl Pts',(-10.6825738788824,-13.5850865117541,-3.5527136788005E-15));
#6765=CARTESIAN_POINT('Ctrl Pts',(-10.6923566657394,-13.6052525269663,0.));
#6766=CARTESIAN_POINT('Ctrl Pts',(-10.7020538140944,-13.6254776071741,0.));
#6767=CARTESIAN_POINT('Ctrl Pts',(-10.7142912069016,-13.6510008065724,0.));
#6768=CARTESIAN_POINT('Ctrl Pts',(-10.7263911897439,-13.6766187074152,-1.02819525182202E-15));
#6769=CARTESIAN_POINT('Ctrl Pts',(-10.7382926261866,-13.7023664580241,9.60188936823968E-16));
#6770=CARTESIAN_POINT('Ctrl Pts',(-10.7502792978789,-13.7282986078827,2.96281345885544E-15));
#6771=CARTESIAN_POINT('Ctrl Pts',(-10.7620591397132,-13.7543660213259,1.49720326992077E-15));
#6772=CARTESIAN_POINT('Ctrl Pts',(-10.7735621089034,-13.7806106376562,1.97748400177883E-15));
#6773=CARTESIAN_POINT('Ctrl Pts',(-10.7843210371052,-13.8051576861717,2.42669896753121E-15));
#6774=CARTESIAN_POINT('Ctrl Pts',(-10.7948362925958,-13.8298607257965,2.08091599775578E-15));
#6775=CARTESIAN_POINT('Ctrl Pts',(-10.805095406523,-13.8547255802632,2.09426814270707E-15));
#6776=CARTESIAN_POINT('Ctrl Pts',(-10.8171670839758,-13.8839835166854,2.10997932286335E-15));
#6777=CARTESIAN_POINT('Ctrl Pts',(-10.8288855558511,-13.9134645618804,4.68994077676505E-16));
#6778=CARTESIAN_POINT('Ctrl Pts',(-10.8402948158334,-13.9431371823629,1.68716882772386E-15));
#6779=CARTESIAN_POINT('Ctrl Pts',(-10.853731301436,-13.9780821076709,3.12179188966843E-15));
#6780=CARTESIAN_POINT('Ctrl Pts',(-10.8667441723499,-14.0132893540561,-1.40891938994942E-15));
#6781=CARTESIAN_POINT('Ctrl Pts',(-10.8794379709699,-14.0486869690331,1.01514737157622E-15));
#6782=CARTESIAN_POINT('Ctrl Pts',(-10.8902721230578,-14.078898819377,3.0840873911426E-15));
#6783=CARTESIAN_POINT('Ctrl Pts',(-10.9008757205883,-14.1092481513459,0.));
#6784=CARTESIAN_POINT('Ctrl Pts',(-10.9112782889735,-14.1397133523476,0.));
#6785=CARTESIAN_POINT('Ctrl Pts',(-10.9243546141881,-14.178008979089,0.));
#6786=CARTESIAN_POINT('Ctrl Pts',(-10.9371120847574,-14.2164884582098,0.));
#6787=CARTESIAN_POINT('Ctrl Pts',(-10.9495360639817,-14.2551565037914,0.));
#6788=CARTESIAN_POINT('Ctrl Pts',(-10.9628205760982,-14.2965028478879,0.));
#6789=CARTESIAN_POINT('Ctrl Pts',(-10.9757178913471,-14.3380685926073,0.));
#6790=CARTESIAN_POINT('Ctrl Pts',(-10.9881935552845,-14.379870671976,0.));
#6791=CARTESIAN_POINT('Ctrl Pts',(-11.0013190921253,-14.4238502738255,0.));
#6792=CARTESIAN_POINT('Ctrl Pts',(-11.0139769091391,-14.4680921185772,2.08587505754039E-15));
#6793=CARTESIAN_POINT('Ctrl Pts',(-11.0261848894708,-14.5125790447514,2.09491772543924E-15));
#6794=CARTESIAN_POINT('Ctrl Pts',(-11.0430762797537,-14.574132718011,2.10742947828684E-15));
#6795=CARTESIAN_POINT('Ctrl Pts',(-11.0591154299686,-14.6361497883881,2.08462516457734E-15));
#6796=CARTESIAN_POINT('Ctrl Pts',(-11.0744022668623,-14.6985521400828,2.09497898531509E-15));
#6797=CARTESIAN_POINT('Ctrl Pts',(-11.0884467855034,-14.755883228111,2.10449138015317E-15));
#6798=CARTESIAN_POINT('Ctrl Pts',(-11.1018556693587,-14.8135399523861,1.57269100834009E-15));
#6799=CARTESIAN_POINT('Ctrl Pts',(-11.114638596624,-14.8715061742916,2.05105375031237E-15));
#6800=CARTESIAN_POINT('Ctrl Pts',(-11.1292866097712,-14.9379299255147,2.59921174168511E-15));
#6801=CARTESIAN_POINT('Ctrl Pts',(-11.143105198732,-15.0047648902406,2.0189706202706E-15));
#6802=CARTESIAN_POINT('Ctrl Pts',(-11.1560977957444,-15.0719948703955,2.0924110337285E-15));
#6803=CARTESIAN_POINT('Ctrl Pts',(-11.1750432794971,-15.170027965358,2.19950002899557E-15));
#6804=CARTESIAN_POINT('Ctrl Pts',(-11.1922411974177,-15.2688952282414,0.));
#6805=CARTESIAN_POINT('Ctrl Pts',(-11.2077976687253,-15.3684879442418,0.));
#6806=CARTESIAN_POINT('Ctrl Pts',(-11.2285463370298,-15.5013211677259,0.));
#6807=CARTESIAN_POINT('Ctrl Pts',(-11.2463682422095,-15.6354492300933,2.20318530501225E-16));
#6808=CARTESIAN_POINT('Ctrl Pts',(-11.2613494633036,-15.770727995155,2.00384242574016E-15));
#6809=CARTESIAN_POINT('Ctrl Pts',(-11.2751527978094,-15.8953705749524,3.64713817383182E-15));
#6810=CARTESIAN_POINT('Ctrl Pts',(-11.286551725092,-16.0209852725872,-5.47342882747908E-15));
#6811=CARTESIAN_POINT('Ctrl Pts',(-11.2956270220914,-16.1474561926552,1.30073478936359E-15));
#6812=CARTESIAN_POINT('Ctrl Pts',(-11.308284438578,-16.323846575123,1.07487352516994E-14));
#6813=CARTESIAN_POINT('Ctrl Pts',(-11.3164135982855,-16.5019081262948,-1.0607211120936E-14));
#6814=CARTESIAN_POINT('Ctrl Pts',(-11.3201673626716,-16.6813750869198,9.32091399719435E-16));
#6815=CARTESIAN_POINT('Ctrl Pts',(-11.3234438465346,-16.8380233311774,1.10042042472516E-14));
#6816=CARTESIAN_POINT('Ctrl Pts',(-11.3233868608513,-16.9957481565631,-1.10490712832112E-14));
#6817=CARTESIAN_POINT('Ctrl Pts',(-11.32007599216,-17.1543913574447,4.70737415566353E-16));
#6818=CARTESIAN_POINT('Ctrl Pts',(-11.3176704307653,-17.2696559587128,8.84062751467239E-15));
#6819=CARTESIAN_POINT('Ctrl Pts',(-11.3135475370196,-17.3853987601082,-1.09773360705404E-18));
#6820=CARTESIAN_POINT('Ctrl Pts',(-11.3077335153568,-17.5015749117846,1.41212487665166E-20));
#6821=CARTESIAN_POINT('Ctrl Pts',(-11.3043785356231,-17.5686143307999,6.55716812813344E-19));
#6822=CARTESIAN_POINT('Ctrl Pts',(-11.3004604045219,-17.6357994038486,-4.60030873793397E-15));
#6823=CARTESIAN_POINT('Ctrl Pts',(-11.2959811623046,-17.703128956669,-4.60030873793399E-15));
#6824=CARTESIAN_POINT('Ctrl Pts',(-17.703128956669,-11.2959811623046,-27.5));
#6825=CARTESIAN_POINT('Ctrl Pts',(-17.703128956669,-11.2959811623046,11.5));
#6826=CARTESIAN_POINT('Ctrl Pts',(-17.6891690810497,-11.2969098728277,-27.5));
#6827=CARTESIAN_POINT('Ctrl Pts',(-17.6891690810497,-11.2969098728277,11.5));
#6828=CARTESIAN_POINT('Ctrl Pts',(-17.6612596976989,-11.2987270685771,-27.5));
#6829=CARTESIAN_POINT('Ctrl Pts',(-17.6612596976989,-11.2987270685771,11.5));
#6830=CARTESIAN_POINT('Ctrl Pts',(-17.6194267263497,-11.3013321863148,-27.5));
#6831=CARTESIAN_POINT('Ctrl Pts',(-17.6194267263497,-11.3013321863148,11.5));
#6832=CARTESIAN_POINT('Ctrl Pts',(-17.5637116591239,-11.3045642446378,-27.5));
#6833=CARTESIAN_POINT('Ctrl Pts',(-17.5637116591239,-11.3045642446378,11.5));
#6834=CARTESIAN_POINT('Ctrl Pts',(-17.4941718062359,-11.3082013888263,-27.5));
#6835=CARTESIAN_POINT('Ctrl Pts',(-17.4941718062359,-11.3082013888263,11.5));
#6836=CARTESIAN_POINT('Ctrl Pts',(-17.4247365291716,-11.3114347814438,-27.5));
#6837=CARTESIAN_POINT('Ctrl Pts',(-17.4247365291716,-11.3114347814438,11.5));
#6838=CARTESIAN_POINT('Ctrl Pts',(-17.3554068655854,-11.3142633825214,-27.5));
#6839=CARTESIAN_POINT('Ctrl Pts',(-17.3554068655854,-11.3142633825214,11.5));
#6840=CARTESIAN_POINT('Ctrl Pts',(-17.28618439806,-11.3166859979977,-27.5));
#6841=CARTESIAN_POINT('Ctrl Pts',(-17.28618439806,-11.3166859979977,11.5));
#6842=CARTESIAN_POINT('Ctrl Pts',(-17.2170713923194,-11.3187013512111,-27.5));
#6843=CARTESIAN_POINT('Ctrl Pts',(-17.2170713923194,-11.3187013512111,11.5));
#6844=CARTESIAN_POINT('Ctrl Pts',(-17.148070648829,-11.3203081035249,-27.5));
#6845=CARTESIAN_POINT('Ctrl Pts',(-17.148070648829,-11.3203081035249,11.5));
#6846=CARTESIAN_POINT('Ctrl Pts',(-17.0791853043753,-11.3215048663392,-27.5));
#6847=CARTESIAN_POINT('Ctrl Pts',(-17.0791853043753,-11.3215048663392,11.5));
#6848=CARTESIAN_POINT('Ctrl Pts',(-17.0104186436416,-11.3222902202322,-27.5));
#6849=CARTESIAN_POINT('Ctrl Pts',(-17.0104186436416,-11.3222902202322,11.5));
#6850=CARTESIAN_POINT('Ctrl Pts',(-16.941773922098,-11.3226627310436,-27.5));
#6851=CARTESIAN_POINT('Ctrl Pts',(-16.941773922098,-11.3226627310436,11.5));
#6852=CARTESIAN_POINT('Ctrl Pts',(-16.8732541424116,-11.322620978007,-27.5));
#6853=CARTESIAN_POINT('Ctrl Pts',(-16.8732541424116,-11.322620978007,11.5));
#6854=CARTESIAN_POINT('Ctrl Pts',(-16.8048620740904,-11.3221635375465,-27.5));
#6855=CARTESIAN_POINT('Ctrl Pts',(-16.8048620740904,-11.3221635375465,11.5));
#6856=CARTESIAN_POINT('Ctrl Pts',(-16.7366003764704,-11.3212889502535,-27.5));
#6857=CARTESIAN_POINT('Ctrl Pts',(-16.7366003764704,-11.3212889502535,11.5));
#6858=CARTESIAN_POINT('Ctrl Pts',(-16.6684716916188,-11.3199956945783,-27.5));
#6859=CARTESIAN_POINT('Ctrl Pts',(-16.6684716916188,-11.3199956945783,11.5));
#6860=CARTESIAN_POINT('Ctrl Pts',(-16.6004787394685,-11.3182821640247,-27.5));
#6861=CARTESIAN_POINT('Ctrl Pts',(-16.6004787394685,-11.3182821640247,11.5));
#6862=CARTESIAN_POINT('Ctrl Pts',(-16.5326244340875,-11.3161466376706,-27.5));
#6863=CARTESIAN_POINT('Ctrl Pts',(-16.5326244340875,-11.3161466376706,11.5));
#6864=CARTESIAN_POINT('Ctrl Pts',(-16.4649118896953,-11.3135872917974,-27.5));
#6865=CARTESIAN_POINT('Ctrl Pts',(-16.4649118896953,-11.3135872917974,11.5));
#6866=CARTESIAN_POINT('Ctrl Pts',(-16.397344345015,-11.3106022403078,-27.5));
#6867=CARTESIAN_POINT('Ctrl Pts',(-16.397344345015,-11.3106022403078,11.5));
#6868=CARTESIAN_POINT('Ctrl Pts',(-16.3299251071532,-11.3071895733238,-27.5));
#6869=CARTESIAN_POINT('Ctrl Pts',(-16.3299251071532,-11.3071895733238,11.5));
#6870=CARTESIAN_POINT('Ctrl Pts',(-16.2626574946771,-11.3033473911147,-27.5));
#6871=CARTESIAN_POINT('Ctrl Pts',(-16.2626574946771,-11.3033473911147,11.5));
#6872=CARTESIAN_POINT('Ctrl Pts',(-16.1955447599832,-11.2990738639442,-27.5));
#6873=CARTESIAN_POINT('Ctrl Pts',(-16.1955447599832,-11.2990738639442,11.5));
#6874=CARTESIAN_POINT('Ctrl Pts',(-16.1285900960739,-11.2943672047073,-27.5));
#6875=CARTESIAN_POINT('Ctrl Pts',(-16.1285900960739,-11.2943672047073,11.5));
#6876=CARTESIAN_POINT('Ctrl Pts',(-16.0617967335656,-11.2892255514208,-27.5));
#6877=CARTESIAN_POINT('Ctrl Pts',(-16.0617967335656,-11.2892255514208,11.5));
#6878=CARTESIAN_POINT('Ctrl Pts',(-15.9951680178752,-11.2836468692154,-27.5));
#6879=CARTESIAN_POINT('Ctrl Pts',(-15.9951680178752,-11.2836468692154,11.5));
#6880=CARTESIAN_POINT('Ctrl Pts',(-15.9287074820289,-11.2776288630854,-27.5));
#6881=CARTESIAN_POINT('Ctrl Pts',(-15.9287074820289,-11.2776288630854,11.5));
#6882=CARTESIAN_POINT('Ctrl Pts',(-15.8624189479643,-11.2711688509409,-27.5));
#6883=CARTESIAN_POINT('Ctrl Pts',(-15.8624189479643,-11.2711688509409,11.5));
#6884=CARTESIAN_POINT('Ctrl Pts',(-15.7963065165519,-11.2642637914944,-27.5));
#6885=CARTESIAN_POINT('Ctrl Pts',(-15.7963065165519,-11.2642637914944,11.5));
#6886=CARTESIAN_POINT('Ctrl Pts',(-15.7303744040451,-11.2569105228816,-27.5));
#6887=CARTESIAN_POINT('Ctrl Pts',(-15.7303744040451,-11.2569105228816,11.5));
#6888=CARTESIAN_POINT('Ctrl Pts',(-15.6646268039185,-11.2491059696003,-27.5));
#6889=CARTESIAN_POINT('Ctrl Pts',(-15.6646268039185,-11.2491059696003,11.5));
#6890=CARTESIAN_POINT('Ctrl Pts',(-15.5990677609796,-11.2408473291247,-27.5));
#6891=CARTESIAN_POINT('Ctrl Pts',(-15.5990677609796,-11.2408473291247,11.5));
#6892=CARTESIAN_POINT('Ctrl Pts',(-15.5337009814665,-11.2321323584211,-27.5));
#6893=CARTESIAN_POINT('Ctrl Pts',(-15.5337009814665,-11.2321323584211,11.5));
#6894=CARTESIAN_POINT('Ctrl Pts',(-15.4685298648088,-11.2229593219217,-27.5));
#6895=CARTESIAN_POINT('Ctrl Pts',(-15.4685298648088,-11.2229593219217,11.5));
#6896=CARTESIAN_POINT('Ctrl Pts',(-15.4035578996053,-11.2133263839205,-27.5));
#6897=CARTESIAN_POINT('Ctrl Pts',(-15.4035578996053,-11.2133263839205,11.5));
#6898=CARTESIAN_POINT('Ctrl Pts',(-15.338788999759,-11.2032310927912,-27.5));
#6899=CARTESIAN_POINT('Ctrl Pts',(-15.338788999759,-11.2032310927912,11.5));
#6900=CARTESIAN_POINT('Ctrl Pts',(-15.2742278113881,-11.1926699118117,-27.5));
#6901=CARTESIAN_POINT('Ctrl Pts',(-15.2742278113881,-11.1926699118117,11.5));
#6902=CARTESIAN_POINT('Ctrl Pts',(-15.2098801569502,-11.1816375384977,-27.5));
#6903=CARTESIAN_POINT('Ctrl Pts',(-15.2098801569502,-11.1816375384977,11.5));
#6904=CARTESIAN_POINT('Ctrl Pts',(-15.1457529972363,-11.1701269699043,-27.5));
#6905=CARTESIAN_POINT('Ctrl Pts',(-15.1457529972363,-11.1701269699043,11.5));
#6906=CARTESIAN_POINT('Ctrl Pts',(-15.0818535548305,-11.1581308641298,-27.5));
#6907=CARTESIAN_POINT('Ctrl Pts',(-15.0818535548305,-11.1581308641298,11.5));
#6908=CARTESIAN_POINT('Ctrl Pts',(-15.0181885630483,-11.1456427092067,-27.5));
#6909=CARTESIAN_POINT('Ctrl Pts',(-15.0181885630483,-11.1456427092067,11.5));
#6910=CARTESIAN_POINT('Ctrl Pts',(-14.9547635907588,-11.1326578744139,-27.5));
#6911=CARTESIAN_POINT('Ctrl Pts',(-14.9547635907588,-11.1326578744139,11.5));
#6912=CARTESIAN_POINT('Ctrl Pts',(-14.8915820241235,-11.1191751950806,-27.5));
#6913=CARTESIAN_POINT('Ctrl Pts',(-14.8915820241235,-11.1191751950806,11.5));
#6914=CARTESIAN_POINT('Ctrl Pts',(-14.828645240132,-11.1051967081992,-27.5));
#6915=CARTESIAN_POINT('Ctrl Pts',(-14.828645240132,-11.1051967081992,11.5));
#6916=CARTESIAN_POINT('Ctrl Pts',(-14.7659547398072,-11.0907243473492,-27.5));
#6917=CARTESIAN_POINT('Ctrl Pts',(-14.7659547398072,-11.0907243473492,11.5));
#6918=CARTESIAN_POINT('Ctrl Pts',(-14.7035139847658,-11.0757570984341,-27.5));
#6919=CARTESIAN_POINT('Ctrl Pts',(-14.7035139847658,-11.0757570984341,11.5));
#6920=CARTESIAN_POINT('Ctrl Pts',(-14.6413300319063,-11.0602884700649,-27.5));
#6921=CARTESIAN_POINT('Ctrl Pts',(-14.6413300319063,-11.0602884700649,11.5));
#6922=CARTESIAN_POINT('Ctrl Pts',(-14.5794160307751,-11.0443026241079,-27.5));
#6923=CARTESIAN_POINT('Ctrl Pts',(-14.5794160307751,-11.0443026241079,11.5));
#6924=CARTESIAN_POINT('Ctrl Pts',(-14.5177906240959,-11.0277753186459,-27.5));
#6925=CARTESIAN_POINT('Ctrl Pts',(-14.5177906240959,-11.0277753186459,11.5));
#6926=CARTESIAN_POINT('Ctrl Pts',(-14.4564730734762,-11.010681494141,-27.5));
#6927=CARTESIAN_POINT('Ctrl Pts',(-14.4564730734762,-11.010681494141,11.5));
#6928=CARTESIAN_POINT('Ctrl Pts',(-14.3954790303079,-10.9930018568662,-27.5));
#6929=CARTESIAN_POINT('Ctrl Pts',(-14.3954790303079,-10.9930018568662,11.5));
#6930=CARTESIAN_POINT('Ctrl Pts',(-14.3348168751934,-10.9747285815977,-27.5));
#6931=CARTESIAN_POINT('Ctrl Pts',(-14.3348168751934,-10.9747285815977,11.5));
#6932=CARTESIAN_POINT('Ctrl Pts',(-14.2744817749369,-10.9558745564183,-27.5));
#6933=CARTESIAN_POINT('Ctrl Pts',(-14.2744817749369,-10.9558745564183,11.5));
#6934=CARTESIAN_POINT('Ctrl Pts',(-14.2144583743858,-10.9364692290322,-27.5));
#6935=CARTESIAN_POINT('Ctrl Pts',(-14.2144583743858,-10.9364692290322,11.5));
#6936=CARTESIAN_POINT('Ctrl Pts',(-14.1547325073739,-10.9165404595107,-27.5));
#6937=CARTESIAN_POINT('Ctrl Pts',(-14.1547325073739,-10.9165404595107,11.5));
#6938=CARTESIAN_POINT('Ctrl Pts',(-14.0953014655878,-10.8960986090783,-27.5));
#6939=CARTESIAN_POINT('Ctrl Pts',(-14.0953014655878,-10.8960986090783,11.5));
#6940=CARTESIAN_POINT('Ctrl Pts',(-14.0361828169244,-10.8751228856325,-27.5));
#6941=CARTESIAN_POINT('Ctrl Pts',(-14.0361828169244,-10.8751228856325,11.5));
#6942=CARTESIAN_POINT('Ctrl Pts',(-13.9774289138849,-10.8535388471246,-27.5));
#6943=CARTESIAN_POINT('Ctrl Pts',(-13.9774289138849,-10.8535388471246,11.5));
#6944=CARTESIAN_POINT('Ctrl Pts',(-13.919117422658,-10.8312331733738,-27.5));
#6945=CARTESIAN_POINT('Ctrl Pts',(-13.919117422658,-10.8312331733738,11.5));
#6946=CARTESIAN_POINT('Ctrl Pts',(-13.8613249010058,-10.8080948069417,-27.5));
#6947=CARTESIAN_POINT('Ctrl Pts',(-13.8613249010058,-10.8080948069417,11.5));
#6948=CARTESIAN_POINT('Ctrl Pts',(-13.8041031751884,-10.7840517009519,-27.5));
#6949=CARTESIAN_POINT('Ctrl Pts',(-13.8041031751884,-10.7840517009519,11.5));
#6950=CARTESIAN_POINT('Ctrl Pts',(-13.747459246573,-10.7591021810231,-27.5));
#6951=CARTESIAN_POINT('Ctrl Pts',(-13.747459246573,-10.7591021810231,11.5));
#6952=CARTESIAN_POINT('Ctrl Pts',(-13.691321750832,-10.7333669609577,-27.5));
#6953=CARTESIAN_POINT('Ctrl Pts',(-13.691321750832,-10.7333669609577,11.5));
#6954=CARTESIAN_POINT('Ctrl Pts',(-13.6355769975918,-10.7070342057154,-27.5));
#6955=CARTESIAN_POINT('Ctrl Pts',(-13.6355769975918,-10.7070342057154,11.5));
#6956=CARTESIAN_POINT('Ctrl Pts',(-13.580134625999,-10.6802590215942,-27.5));
#6957=CARTESIAN_POINT('Ctrl Pts',(-13.580134625999,-10.6802590215942,11.5));
#6958=CARTESIAN_POINT('Ctrl Pts',(-13.5249867388417,-10.6530730667274,-27.5));
#6959=CARTESIAN_POINT('Ctrl Pts',(-13.5249867388417,-10.6530730667274,11.5));
#6960=CARTESIAN_POINT('Ctrl Pts',(-13.4702632540311,-10.6252997691819,-27.5));
#6961=CARTESIAN_POINT('Ctrl Pts',(-13.4702632540311,-10.6252997691819,11.5));
#6962=CARTESIAN_POINT('Ctrl Pts',(-13.4163062589301,-10.5964408759681,-27.5));
#6963=CARTESIAN_POINT('Ctrl Pts',(-13.4163062589301,-10.5964408759681,11.5));
#6964=CARTESIAN_POINT('Ctrl Pts',(-13.3635832817385,-10.565806399342,-27.5));
#6965=CARTESIAN_POINT('Ctrl Pts',(-13.3635832817385,-10.565806399342,11.5));
#6966=CARTESIAN_POINT('Ctrl Pts',(-13.3227716881941,-10.5393153461408,-27.5));
#6967=CARTESIAN_POINT('Ctrl Pts',(-13.3227716881941,-10.5393153461408,11.5));
#6968=CARTESIAN_POINT('Ctrl Pts',(-13.2931001525303,-10.5180809412892,-27.5));
#6969=CARTESIAN_POINT('Ctrl Pts',(-13.2931001525303,-10.5180809412892,11.5));
#6970=CARTESIAN_POINT('Ctrl Pts',(-13.2737571575516,-10.5032854418864,-27.5));
#6971=CARTESIAN_POINT('Ctrl Pts',(-13.2737571575516,-10.5032854418864,11.5));
#6972=CARTESIAN_POINT('Ctrl Pts',(-13.2641951690732,-10.4957278820725,-27.5));
#6973=CARTESIAN_POINT('Ctrl Pts',(-13.2641951690732,-10.4957278820725,11.5));
#6974=CARTESIAN_POINT('',(-17.703128956669,-11.2959811623046,-5.55111512312578E-16));
#6975=CARTESIAN_POINT('Ctrl Pts',(-17.703128956669,-11.2959811623046,-3.5527136788005E-15));
#6976=CARTESIAN_POINT('Ctrl Pts',(-17.5852802169665,-11.3038213012631,-3.5527136788005E-15));
#6977=CARTESIAN_POINT('Ctrl Pts',(-17.4678717844054,-11.3099439453914,-3.5527136788005E-15));
#6978=CARTESIAN_POINT('Ctrl Pts',(-17.3509186881899,-11.3143321461276,-3.5527136788005E-15));
#6979=CARTESIAN_POINT('Ctrl Pts',(-17.1496045209291,-11.3218856612168,-3.5527136788005E-15));
#6980=CARTESIAN_POINT('Ctrl Pts',(-16.9496439929436,-11.3242964940362,-3.5527136788005E-15));
#6981=CARTESIAN_POINT('Ctrl Pts',(-16.7513676523737,-11.3214086850376,-3.5527136788005E-15));
#6982=CARTESIAN_POINT('Ctrl Pts',(-16.5915651112697,-11.3190812302596,-3.5527136788005E-15));
#6983=CARTESIAN_POINT('Ctrl Pts',(-16.4328481830406,-11.3133131725441,-3.5527136788005E-15));
#6984=CARTESIAN_POINT('Ctrl Pts',(-16.2753985666264,-11.3039988577011,-3.5527136788005E-15));
#6985=CARTESIAN_POINT('Ctrl Pts',(-16.1471325070777,-11.2964109671141,-3.5527136788005E-15));
#6986=CARTESIAN_POINT('Ctrl Pts',(-16.0197071625322,-11.2864717581813,-3.5527136788005E-15));
#6987=CARTESIAN_POINT('Ctrl Pts',(-15.8932302582935,-11.2741136262952,-3.5527136788005E-15));
#6988=CARTESIAN_POINT('Ctrl Pts',(-15.7731931585473,-11.2623847314522,-3.5527136788005E-15));
#6989=CARTESIAN_POINT('Ctrl Pts',(-15.6540144594417,-11.248470582812,-3.5527136788005E-15));
#6990=CARTESIAN_POINT('Ctrl Pts',(-15.5358004904374,-11.2322986067325,-3.5527136788005E-15));
#6991=CARTESIAN_POINT('Ctrl Pts',(-15.452051940806,-11.2208415889812,-3.5527136788005E-15));
#6992=CARTESIAN_POINT('Ctrl Pts',(-15.3687844803659,-11.2082562780462,-3.5527136788005E-15));
#6993=CARTESIAN_POINT('Ctrl Pts',(-15.2860393075301,-11.1945133836639,-3.5527136788005E-15));
#6994=CARTESIAN_POINT('Ctrl Pts',(-15.1941844946185,-11.1792574968358,-3.5527136788005E-15));
#6995=CARTESIAN_POINT('Ctrl Pts',(-15.1029770176695,-11.1625692241867,-3.5527136788005E-15));
#6996=CARTESIAN_POINT('Ctrl Pts',(-15.0125035154098,-11.1443648214858,-3.5527136788005E-15));
#6997=CARTESIAN_POINT('Ctrl Pts',(-14.9333392009325,-11.1284359691225,-3.5527136788005E-15));
#6998=CARTESIAN_POINT('Ctrl Pts',(-14.8547358641978,-11.111347857429,-3.5527136788005E-15));
#6999=CARTESIAN_POINT('Ctrl Pts',(-14.7767118847346,-11.0931086915168,-3.5527136788005E-15));
#7000=CARTESIAN_POINT('Ctrl Pts',(-14.727168262658,-11.0815271963256,-3.5527136788005E-15));
#7001=CARTESIAN_POINT('Ctrl Pts',(-14.6778566998485,-11.0694840347951,-3.5527136788005E-15));
#7002=CARTESIAN_POINT('Ctrl Pts',(-14.6288002175235,-11.0569535540116,-3.5527136788005E-15));
#7003=CARTESIAN_POINT('Ctrl Pts',(-14.5673325730914,-11.0412528942646,-3.5527136788005E-15));
#7004=CARTESIAN_POINT('Ctrl Pts',(-14.5062703393288,-11.0247793993558,-3.5527136788005E-15));
#7005=CARTESIAN_POINT('Ctrl Pts',(-14.4456900878519,-11.0074355973864,-3.5527136788005E-15));
#7006=CARTESIAN_POINT('Ctrl Pts',(-14.4046342915573,-10.9956815425043,-3.5527136788005E-15));
#7007=CARTESIAN_POINT('Ctrl Pts',(-14.3638008509771,-10.9835262681219,-3.5527136788005E-15));
#7008=CARTESIAN_POINT('Ctrl Pts',(-14.3231889980394,-10.9709782374258,-3.5527136788005E-15));
#7009=CARTESIAN_POINT('Ctrl Pts',(-14.2758309411696,-10.9563458011216,-3.5527136788005E-15));
#7010=CARTESIAN_POINT('Ctrl Pts',(-14.2287695263674,-10.9411865022646,-3.5527136788005E-15));
#7011=CARTESIAN_POINT('Ctrl Pts',(-14.1819783703203,-10.9255539450665,-3.5527136788005E-15));
#7012=CARTESIAN_POINT('Ctrl Pts',(-14.1506201040671,-10.9150773949607,-3.5527136788005E-15));
#7013=CARTESIAN_POINT('Ctrl Pts',(-14.119382630121,-10.9043892291199,-3.5527136788005E-15));
#7014=CARTESIAN_POINT('Ctrl Pts',(-14.0882762736848,-10.8934776086479,-3.5527136788005E-15));
#7015=CARTESIAN_POINT('Ctrl Pts',(-14.0547833810661,-10.8817288288281,-3.5527136788005E-15));
#7016=CARTESIAN_POINT('Ctrl Pts',(-14.0214422104898,-10.8697214223844,-3.5527136788005E-15));
#7017=CARTESIAN_POINT('Ctrl Pts',(-13.9883040026351,-10.8573815645232,-3.5527136788005E-15));
#7018=CARTESIAN_POINT('Ctrl Pts',(-13.9561101253934,-10.8453933522788,-3.5527136788005E-15));
#7019=CARTESIAN_POINT('Ctrl Pts',(-13.9241112647396,-10.8330859887226,-3.5527136788005E-15));
#7020=CARTESIAN_POINT('Ctrl Pts',(-13.8923596142394,-10.8203843322948,-3.5527136788005E-15));
#7021=CARTESIAN_POINT('Ctrl Pts',(-13.866499840429,-10.8100396114042,-3.5527136788005E-15));
#7022=CARTESIAN_POINT('Ctrl Pts',(-13.8408047784415,-10.7994322182825,-3.5527136788005E-15));
#7023=CARTESIAN_POINT('Ctrl Pts',(-13.8152831577087,-10.7885521906377,-3.5527136788005E-15));
#7024=CARTESIAN_POINT('Ctrl Pts',(-13.7904264501772,-10.7779556196781,-3.5527136788005E-15));
#7025=CARTESIAN_POINT('Ctrl Pts',(-13.7657346227923,-10.7670998677146,-3.5527136788005E-15));
#7026=CARTESIAN_POINT('Ctrl Pts',(-13.7411842633266,-10.7560250208044,-3.5527136788005E-15));
#7027=CARTESIAN_POINT('Ctrl Pts',(-13.7131812694903,-10.7433926652498,-3.5527136788005E-15));
#7028=CARTESIAN_POINT('Ctrl Pts',(-13.6853590443602,-10.7304802423297,-3.5527136788005E-15));
#7029=CARTESIAN_POINT('Ctrl Pts',(-13.6576617347331,-10.7173815848629,-3.5527136788005E-15));
#7030=CARTESIAN_POINT('Ctrl Pts',(-13.636959302473,-10.7075909563667,-3.5527136788005E-15));
#7031=CARTESIAN_POINT('Ctrl Pts',(-13.6163257208373,-10.6976977600671,-3.5527136788005E-15));
#7032=CARTESIAN_POINT('Ctrl Pts',(-13.5957533017734,-10.6877180619108,-3.5527136788005E-15));
#7033=CARTESIAN_POINT('Ctrl Pts',(-13.5773382891888,-10.6787849234904,-3.5527136788005E-15));
#7034=CARTESIAN_POINT('Ctrl Pts',(-13.5589719329708,-10.6697830206522,-3.5527136788005E-15));
#7035=CARTESIAN_POINT('Ctrl Pts',(-13.5406698917574,-10.6606919494138,-3.5527136788005E-15));
#7036=CARTESIAN_POINT('Ctrl Pts',(-13.5224715620234,-10.6516523942023,-3.5527136788005E-15));
#7037=CARTESIAN_POINT('Ctrl Pts',(-13.504336370678,-10.6425253696548,-3.5527136788005E-15));
#7038=CARTESIAN_POINT('Ctrl Pts',(-13.4863094227132,-10.6332457972472,-3.5527136788005E-15));
#7039=CARTESIAN_POINT('Ctrl Pts',(-13.4637593642114,-10.6216379032724,-3.5527136788005E-15));
#7040=CARTESIAN_POINT('Ctrl Pts',(-13.4413792545285,-10.6097904908169,-3.5527136788005E-15));
#7041=CARTESIAN_POINT('Ctrl Pts',(-13.4193076538093,-10.5974995199632,-3.5527136788005E-15));
#7042=CARTESIAN_POINT('Ctrl Pts',(-13.396840484417,-10.5849882695252,-3.5527136788005E-15));
#7043=CARTESIAN_POINT('Ctrl Pts',(-13.3746969053037,-10.5720115321657,-3.5527136788005E-15));
#7044=CARTESIAN_POINT('Ctrl Pts',(-13.3530289342486,-10.5583438636666,-3.5527136788005E-15));
#7045=CARTESIAN_POINT('Ctrl Pts',(-13.3369112978336,-10.5481772213469,-3.5527136788005E-15));
#7046=CARTESIAN_POINT('Ctrl Pts',(-13.321057270519,-10.5376275742869,-3.5527136788005E-15));
#7047=CARTESIAN_POINT('Ctrl Pts',(-13.3055120734239,-10.5266276578638,-3.5527136788005E-15));
#7048=CARTESIAN_POINT('Ctrl Pts',(-13.2914837797745,-10.5167011154883,-3.5527136788005E-15));
#7049=CARTESIAN_POINT('Ctrl Pts',(-13.2777072461379,-10.5064074944624,-3.5527136788005E-15));
#7050=CARTESIAN_POINT('Ctrl Pts',(-13.2641951690732,-10.4957278820725,-3.5527136788005E-15));
#7051=CARTESIAN_POINT('',(-17.703128956669,-11.2959811623046,0.));
#7052=CARTESIAN_POINT('Origin',(-4.22704846309189E-14,-2.44849991257029E-14,
0.));
#7053=CARTESIAN_POINT('',(-18.6341711255608,-9.68336882179496,-5.55111512312578E-16));
#7054=CARTESIAN_POINT('Origin',(-4.22704846309189E-14,-2.44849991257029E-14,
-5.55111512312578E-16));
#7055=CARTESIAN_POINT('',(-18.6341711255608,-9.68336882179496,0.));
#7056=CARTESIAN_POINT('Ctrl Pts',(-15.72166456162,-6.23926603613601,-27.5));
#7057=CARTESIAN_POINT('Ctrl Pts',(-15.72166456162,-6.23926603613601,11.5));
#7058=CARTESIAN_POINT('Ctrl Pts',(-15.7329905946487,-6.24376818116203,-27.5));
#7059=CARTESIAN_POINT('Ctrl Pts',(-15.7329905946487,-6.24376818116203,11.5));
#7060=CARTESIAN_POINT('Ctrl Pts',(-15.7554753704825,-6.25312195649745,-27.5));
#7061=CARTESIAN_POINT('Ctrl Pts',(-15.7554753704825,-6.25312195649745,11.5));
#7062=CARTESIAN_POINT('Ctrl Pts',(-15.7887006723502,-6.26820105772579,-27.5));
#7063=CARTESIAN_POINT('Ctrl Pts',(-15.7887006723502,-6.26820105772579,11.5));
#7064=CARTESIAN_POINT('Ctrl Pts',(-15.8320483941676,-6.29029940790352,-27.5));
#7065=CARTESIAN_POINT('Ctrl Pts',(-15.8320483941676,-6.29029940790352,11.5));
#7066=CARTESIAN_POINT('Ctrl Pts',(-15.8849401177533,-6.32064160720156,-27.5));
#7067=CARTESIAN_POINT('Ctrl Pts',(-15.8849401177533,-6.32064160720156,11.5));
#7068=CARTESIAN_POINT('Ctrl Pts',(-15.936911149952,-6.35294028906403,-27.5));
#7069=CARTESIAN_POINT('Ctrl Pts',(-15.936911149952,-6.35294028906403,11.5));
#7070=CARTESIAN_POINT('Ctrl Pts',(-15.9883252735785,-6.38644556832087,-27.5));
#7071=CARTESIAN_POINT('Ctrl Pts',(-15.9883252735785,-6.38644556832087,11.5));
#7072=CARTESIAN_POINT('Ctrl Pts',(-16.039442944698,-6.42061206213065,-27.5));
#7073=CARTESIAN_POINT('Ctrl Pts',(-16.039442944698,-6.42061206213065,11.5));
#7074=CARTESIAN_POINT('Ctrl Pts',(-16.0903521201344,-6.45523897231559,-27.5));
#7075=CARTESIAN_POINT('Ctrl Pts',(-16.0903521201344,-6.45523897231559,11.5));
#7076=CARTESIAN_POINT('Ctrl Pts',(-16.1410293317459,-6.49034896712808,-27.5));
#7077=CARTESIAN_POINT('Ctrl Pts',(-16.1410293317459,-6.49034896712808,11.5));
#7078=CARTESIAN_POINT('Ctrl Pts',(-16.1913854339651,-6.52609785451195,-27.5));
#7079=CARTESIAN_POINT('Ctrl Pts',(-16.1913854339651,-6.52609785451195,11.5));
#7080=CARTESIAN_POINT('Ctrl Pts',(-16.2413143163433,-6.56267817569861,-27.5));
#7081=CARTESIAN_POINT('Ctrl Pts',(-16.2413143163433,-6.56267817569861,11.5));
#7082=CARTESIAN_POINT('Ctrl Pts',(-16.2907471198251,-6.60021209090996,-27.5));
#7083=CARTESIAN_POINT('Ctrl Pts',(-16.2907471198251,-6.60021209090996,11.5));
#7084=CARTESIAN_POINT('Ctrl Pts',(-16.3396817937835,-6.63869269959347,-27.5));
#7085=CARTESIAN_POINT('Ctrl Pts',(-16.3396817937835,-6.63869269959347,11.5));
#7086=CARTESIAN_POINT('Ctrl Pts',(-16.3881548195136,-6.67803909545316,-27.5));
#7087=CARTESIAN_POINT('Ctrl Pts',(-16.3881548195136,-6.67803909545316,11.5));
#7088=CARTESIAN_POINT('Ctrl Pts',(-16.4362240966974,-6.71812944880288,-27.5));
#7089=CARTESIAN_POINT('Ctrl Pts',(-16.4362240966974,-6.71812944880288,11.5));
#7090=CARTESIAN_POINT('Ctrl Pts',(-16.483948930396,-6.7588398386599,-27.5));
#7091=CARTESIAN_POINT('Ctrl Pts',(-16.483948930396,-6.7588398386599,11.5));
#7092=CARTESIAN_POINT('Ctrl Pts',(-16.5313676130638,-6.80008770540385,-27.5));
#7093=CARTESIAN_POINT('Ctrl Pts',(-16.5313676130638,-6.80008770540385,11.5));
#7094=CARTESIAN_POINT('Ctrl Pts',(-16.5784893672416,-6.84184743873846,-27.5));
#7095=CARTESIAN_POINT('Ctrl Pts',(-16.5784893672416,-6.84184743873846,11.5));
#7096=CARTESIAN_POINT('Ctrl Pts',(-16.6253065740023,-6.88412656474416,-27.5));
#7097=CARTESIAN_POINT('Ctrl Pts',(-16.6253065740023,-6.88412656474416,11.5));
#7098=CARTESIAN_POINT('Ctrl Pts',(-16.6718021888995,-6.92695128171653,-27.5));
#7099=CARTESIAN_POINT('Ctrl Pts',(-16.6718021888995,-6.92695128171653,11.5));
#7100=CARTESIAN_POINT('Ctrl Pts',(-16.7179583870496,-6.97034961145969,-27.5));
#7101=CARTESIAN_POINT('Ctrl Pts',(-16.7179583870496,-6.97034961145969,11.5));
#7102=CARTESIAN_POINT('Ctrl Pts',(-16.7637664236434,-7.01433218368562,-27.5));
#7103=CARTESIAN_POINT('Ctrl Pts',(-16.7637664236434,-7.01433218368562,11.5));
#7104=CARTESIAN_POINT('Ctrl Pts',(-16.8092288852223,-7.05888782796769,-27.5));
#7105=CARTESIAN_POINT('Ctrl Pts',(-16.8092288852223,-7.05888782796769,11.5));
#7106=CARTESIAN_POINT('Ctrl Pts',(-16.8543546549481,-7.10399334293934,-27.5));
#7107=CARTESIAN_POINT('Ctrl Pts',(-16.8543546549481,-7.10399334293934,11.5));
#7108=CARTESIAN_POINT('Ctrl Pts',(-16.8991558042135,-7.14961951779041,-27.5));
#7109=CARTESIAN_POINT('Ctrl Pts',(-16.8991558042135,-7.14961951779041,11.5));
#7110=CARTESIAN_POINT('Ctrl Pts',(-16.9436440057727,-7.19573808648986,-27.5));
#7111=CARTESIAN_POINT('Ctrl Pts',(-16.9436440057727,-7.19573808648986,11.5));
#7112=CARTESIAN_POINT('Ctrl Pts',(-16.9878264010786,-7.24232974212968,-27.5));
#7113=CARTESIAN_POINT('Ctrl Pts',(-16.9878264010786,-7.24232974212968,11.5));
#7114=CARTESIAN_POINT('Ctrl Pts',(-17.0317050833898,-7.28938512756191,-27.5));
#7115=CARTESIAN_POINT('Ctrl Pts',(-17.0317050833898,-7.28938512756191,11.5));
#7116=CARTESIAN_POINT('Ctrl Pts',(-17.0752792001313,-7.33690073789035,-27.5));
#7117=CARTESIAN_POINT('Ctrl Pts',(-17.0752792001313,-7.33690073789035,11.5));
#7118=CARTESIAN_POINT('Ctrl Pts',(-17.1185463262627,-7.38487623998074,-27.5));
#7119=CARTESIAN_POINT('Ctrl Pts',(-17.1185463262627,-7.38487623998074,11.5));
#7120=CARTESIAN_POINT('Ctrl Pts',(-17.1615040092019,-7.43331145982137,-27.5));
#7121=CARTESIAN_POINT('Ctrl Pts',(-17.1615040092019,-7.43331145982137,11.5));
#7122=CARTESIAN_POINT('Ctrl Pts',(-17.2041515645029,-7.48220288257495,-27.5));
#7123=CARTESIAN_POINT('Ctrl Pts',(-17.2041515645029,-7.48220288257495,11.5));
#7124=CARTESIAN_POINT('Ctrl Pts',(-17.2464902180529,-7.53154337009877,-27.5));
#7125=CARTESIAN_POINT('Ctrl Pts',(-17.2464902180529,-7.53154337009877,11.5));
#7126=CARTESIAN_POINT('Ctrl Pts',(-17.2885222427238,-7.58132383518685,-27.5));
#7127=CARTESIAN_POINT('Ctrl Pts',(-17.2885222427238,-7.58132383518685,11.5));
#7128=CARTESIAN_POINT('Ctrl Pts',(-17.3302503854967,-7.631534351947,-27.5));
#7129=CARTESIAN_POINT('Ctrl Pts',(-17.3302503854967,-7.631534351947,11.5));
#7130=CARTESIAN_POINT('Ctrl Pts',(-17.3716772307044,-7.68216539068495,-27.5));
#7131=CARTESIAN_POINT('Ctrl Pts',(-17.3716772307044,-7.68216539068495,11.5));
#7132=CARTESIAN_POINT('Ctrl Pts',(-17.4128044592041,-7.73320925776237,-27.5));
#7133=CARTESIAN_POINT('Ctrl Pts',(-17.4128044592041,-7.73320925776237,11.5));
#7134=CARTESIAN_POINT('Ctrl Pts',(-17.453632810828,-7.78466016116181,-27.5));
#7135=CARTESIAN_POINT('Ctrl Pts',(-17.453632810828,-7.78466016116181,11.5));
#7136=CARTESIAN_POINT('Ctrl Pts',(-17.4941624517951,-7.83651348553076,-27.5));
#7137=CARTESIAN_POINT('Ctrl Pts',(-17.4941624517951,-7.83651348553076,11.5));
#7138=CARTESIAN_POINT('Ctrl Pts',(-17.5343932275743,-7.88876529180082,-27.5));
#7139=CARTESIAN_POINT('Ctrl Pts',(-17.5343932275743,-7.88876529180082,11.5));
#7140=CARTESIAN_POINT('Ctrl Pts',(-17.5743249414962,-7.94141176819589,-27.5));
#7141=CARTESIAN_POINT('Ctrl Pts',(-17.5743249414962,-7.94141176819589,11.5));
#7142=CARTESIAN_POINT('Ctrl Pts',(-17.6139576829664,-7.99444858350275,-27.5));
#7143=CARTESIAN_POINT('Ctrl Pts',(-17.6139576829664,-7.99444858350275,11.5));
#7144=CARTESIAN_POINT('Ctrl Pts',(-17.6532918566393,-8.04787083355244,-27.5));
#7145=CARTESIAN_POINT('Ctrl Pts',(-17.6532918566393,-8.04787083355244,11.5));
#7146=CARTESIAN_POINT('Ctrl Pts',(-17.6923280292408,-8.10167334893821,-27.5));
#7147=CARTESIAN_POINT('Ctrl Pts',(-17.6923280292408,-8.10167334893821,11.5));
#7148=CARTESIAN_POINT('Ctrl Pts',(-17.731066830899,-8.15585089734557,-27.5));
#7149=CARTESIAN_POINT('Ctrl Pts',(-17.731066830899,-8.15585089734557,11.5));
#7150=CARTESIAN_POINT('Ctrl Pts',(-17.7695088450109,-8.21039840667258,-27.5));
#7151=CARTESIAN_POINT('Ctrl Pts',(-17.7695088450109,-8.21039840667258,11.5));
#7152=CARTESIAN_POINT('Ctrl Pts',(-17.8076544833656,-8.26531122597929,-27.5));
#7153=CARTESIAN_POINT('Ctrl Pts',(-17.8076544833656,-8.26531122597929,11.5));
#7154=CARTESIAN_POINT('Ctrl Pts',(-17.8455039669834,-8.32058514807243,-27.5));
#7155=CARTESIAN_POINT('Ctrl Pts',(-17.8455039669834,-8.32058514807243,11.5));
#7156=CARTESIAN_POINT('Ctrl Pts',(-17.8830573854041,-8.37621625830132,-27.5));
#7157=CARTESIAN_POINT('Ctrl Pts',(-17.8830573854041,-8.37621625830132,11.5));
#7158=CARTESIAN_POINT('Ctrl Pts',(-17.9203147358444,-8.43220082787838,-27.5));
#7159=CARTESIAN_POINT('Ctrl Pts',(-17.9203147358444,-8.43220082787838,11.5));
#7160=CARTESIAN_POINT('Ctrl Pts',(-17.9572759694815,-8.48853519803008,-27.5));
#7161=CARTESIAN_POINT('Ctrl Pts',(-17.9572759694815,-8.48853519803008,11.5));
#7162=CARTESIAN_POINT('Ctrl Pts',(-17.9939410447152,-8.54521563723015,-27.5));
#7163=CARTESIAN_POINT('Ctrl Pts',(-17.9939410447152,-8.54521563723015,11.5));
#7164=CARTESIAN_POINT('Ctrl Pts',(-18.030309947477,-8.60223832164986,-27.5));
#7165=CARTESIAN_POINT('Ctrl Pts',(-18.030309947477,-8.60223832164986,11.5));
#7166=CARTESIAN_POINT('Ctrl Pts',(-18.0663826782163,-8.65959943231184,-27.5));
#7167=CARTESIAN_POINT('Ctrl Pts',(-18.0663826782163,-8.65959943231184,11.5));
#7168=CARTESIAN_POINT('Ctrl Pts',(-18.10215925098,-8.71729522135082,-27.5));
#7169=CARTESIAN_POINT('Ctrl Pts',(-18.10215925098,-8.71729522135082,11.5));
#7170=CARTESIAN_POINT('Ctrl Pts',(-18.1376396880447,-8.77532207991448,-27.5));
#7171=CARTESIAN_POINT('Ctrl Pts',(-18.1376396880447,-8.77532207991448,11.5));
#7172=CARTESIAN_POINT('Ctrl Pts',(-18.1728240227388,-8.83367662388486,-27.5));
#7173=CARTESIAN_POINT('Ctrl Pts',(-18.1728240227388,-8.83367662388486,11.5));
#7174=CARTESIAN_POINT('Ctrl Pts',(-18.2077122863624,-8.8923556944827,-27.5));
#7175=CARTESIAN_POINT('Ctrl Pts',(-18.2077122863624,-8.8923556944827,11.5));
#7176=CARTESIAN_POINT('Ctrl Pts',(-18.2423044755825,-8.95135624283596,-27.5));
#7177=CARTESIAN_POINT('Ctrl Pts',(-18.2423044755825,-8.95135624283596,11.5));
#7178=CARTESIAN_POINT('Ctrl Pts',(-18.2766005246161,-9.01067523618775,-27.5));
#7179=CARTESIAN_POINT('Ctrl Pts',(-18.2766005246161,-9.01067523618775,11.5));
#7180=CARTESIAN_POINT('Ctrl Pts',(-18.310600281562,-9.07030956428594,-27.5));
#7181=CARTESIAN_POINT('Ctrl Pts',(-18.310600281562,-9.07030956428594,11.5));
#7182=CARTESIAN_POINT('Ctrl Pts',(-18.3443034755065,-9.13025591636129,-27.5));
#7183=CARTESIAN_POINT('Ctrl Pts',(-18.3443034755065,-9.13025591636129,11.5));
#7184=CARTESIAN_POINT('Ctrl Pts',(-18.3777097207339,-9.19051075601374,-27.5));
#7185=CARTESIAN_POINT('Ctrl Pts',(-18.3777097207339,-9.19051075601374,11.5));
#7186=CARTESIAN_POINT('Ctrl Pts',(-18.4108186041577,-9.25107052891338,-27.5));
#7187=CARTESIAN_POINT('Ctrl Pts',(-18.4108186041577,-9.25107052891338,11.5));
#7188=CARTESIAN_POINT('Ctrl Pts',(-18.4436297599477,-9.31193182422332,-27.5));
#7189=CARTESIAN_POINT('Ctrl Pts',(-18.4436297599477,-9.31193182422332,11.5));
#7190=CARTESIAN_POINT('Ctrl Pts',(-18.4761429471643,-9.37309154735114,-27.5));
#7191=CARTESIAN_POINT('Ctrl Pts',(-18.4761429471643,-9.37309154735114,11.5));
#7192=CARTESIAN_POINT('Ctrl Pts',(-18.508358138567,-9.43454709779134,-27.5));
#7193=CARTESIAN_POINT('Ctrl Pts',(-18.508358138567,-9.43454709779134,11.5));
#7194=CARTESIAN_POINT('Ctrl Pts',(-18.540275576952,-9.49629650795659,-27.5));
#7195=CARTESIAN_POINT('Ctrl Pts',(-18.540275576952,-9.49629650795659,11.5));
#7196=CARTESIAN_POINT('Ctrl Pts',(-18.5718956441315,-9.55833835922734,-27.5));
#7197=CARTESIAN_POINT('Ctrl Pts',(-18.5718956441315,-9.55833835922734,11.5));
#7198=CARTESIAN_POINT('Ctrl Pts',(-18.5969541331302,-9.60820505197997,-27.5));
#7199=CARTESIAN_POINT('Ctrl Pts',(-18.5969541331302,-9.60820505197997,11.5));
#7200=CARTESIAN_POINT('Ctrl Pts',(-18.6156145206642,-9.64573602675297,-27.5));
#7201=CARTESIAN_POINT('Ctrl Pts',(-18.6156145206642,-9.64573602675297,11.5));
#7202=CARTESIAN_POINT('Ctrl Pts',(-18.6279954746569,-9.67081485961338,-27.5));
#7203=CARTESIAN_POINT('Ctrl Pts',(-18.6279954746569,-9.67081485961338,11.5));
#7204=CARTESIAN_POINT('Ctrl Pts',(-18.6341711255608,-9.68336882179496,-27.5));
#7205=CARTESIAN_POINT('Ctrl Pts',(-18.6341711255608,-9.68336882179496,11.5));
#7206=CARTESIAN_POINT('Ctrl Pts',(-15.72166456162,-6.23926603613601,3.5527136788005E-15));
#7207=CARTESIAN_POINT('Ctrl Pts',(-15.7387085716939,-6.24604110071362,3.5527136788005E-15));
#7208=CARTESIAN_POINT('Ctrl Pts',(-15.7555232147449,-6.25329523317447,3.5527136788005E-15));
#7209=CARTESIAN_POINT('Ctrl Pts',(-15.7721213103183,-6.26100229366588,3.5527136788005E-15));
#7210=CARTESIAN_POINT('Ctrl Pts',(-15.7909397377432,-6.26974032977823,3.5527136788005E-15));
#7211=CARTESIAN_POINT('Ctrl Pts',(-15.8094801466266,-6.27905990428401,3.5527136788005E-15));
#7212=CARTESIAN_POINT('Ctrl Pts',(-15.827790906286,-6.28886220452405,3.5527136788005E-15));
#7213=CARTESIAN_POINT('Ctrl Pts',(-15.8597802020816,-6.30598703646381,3.5527136788005E-15));
#7214=CARTESIAN_POINT('Ctrl Pts',(-15.8910710914859,-6.32458053290326,3.5527136788005E-15));
#7215=CARTESIAN_POINT('Ctrl Pts',(-15.9220078591945,-6.34393561358951,3.5527136788005E-15));
#7216=CARTESIAN_POINT('Ctrl Pts',(-15.9399238769803,-6.35514447590788,3.5527136788005E-15));
#7217=CARTESIAN_POINT('Ctrl Pts',(-15.9577224461429,-6.36660596452676,3.5527136788005E-15));
#7218=CARTESIAN_POINT('Ctrl Pts',(-15.9754562069675,-6.37821039158883,3.5527136788005E-15));
#7219=CARTESIAN_POINT('Ctrl Pts',(-15.9921284484857,-6.38912019310092,3.5527136788005E-15));
#7220=CARTESIAN_POINT('Ctrl Pts',(-16.0087436278248,-6.4001558750695,3.5527136788005E-15));
#7221=CARTESIAN_POINT('Ctrl Pts',(-16.0253227128806,-6.41127169793929,3.5527136788005E-15));
#7222=CARTESIAN_POINT('Ctrl Pts',(-16.0439236127316,-6.42374309230549,3.5527136788005E-15));
#7223=CARTESIAN_POINT('Ctrl Pts',(-16.0624787622728,-6.43631598034168,3.5527136788005E-15));
#7224=CARTESIAN_POINT('Ctrl Pts',(-16.0809892791937,-6.44898283941554,3.5527136788005E-15));
#7225=CARTESIAN_POINT('Ctrl Pts',(-16.1043487719305,-6.46496788206981,3.5527136788005E-15));
#7226=CARTESIAN_POINT('Ctrl Pts',(-16.1276366148692,-6.48110364356316,3.5527136788005E-15));
#7227=CARTESIAN_POINT('Ctrl Pts',(-16.1508174364653,-6.49745113145205,3.5527136788005E-15));
#7228=CARTESIAN_POINT('Ctrl Pts',(-16.1741642735991,-6.51391569616592,3.5527136788005E-15));
#7229=CARTESIAN_POINT('Ctrl Pts',(-16.1973996226138,-6.53060081750934,3.5527136788005E-15));
#7230=CARTESIAN_POINT('Ctrl Pts',(-16.2204837943285,-6.54757783737698,3.5527136788005E-15));
#7231=CARTESIAN_POINT('Ctrl Pts',(-16.2420748237111,-6.56345674086649,3.5527136788005E-15));
#7232=CARTESIAN_POINT('Ctrl Pts',(-16.2635328218905,-6.57959257297458,3.5527136788005E-15));
#7233=CARTESIAN_POINT('Ctrl Pts',(-16.2848499023902,-6.59599661162779,3.5527136788005E-15));
#7234=CARTESIAN_POINT('Ctrl Pts',(-16.3099332499197,-6.61529888908699,3.5527136788005E-15));
#7235=CARTESIAN_POINT('Ctrl Pts',(-16.334822266833,-6.63497098719927,3.5527136788005E-15));
#7236=CARTESIAN_POINT('Ctrl Pts',(-16.3595392860358,-6.65496360032333,3.5527136788005E-15));
#7237=CARTESIAN_POINT('Ctrl Pts',(-16.3886480865619,-6.67850855057186,3.5527136788005E-15));
#7238=CARTESIAN_POINT('Ctrl Pts',(-16.4175211865447,-6.70249248488184,3.5527136788005E-15));
#7239=CARTESIAN_POINT('Ctrl Pts',(-16.4462131461111,-6.72680081937542,3.5527136788005E-15));
#7240=CARTESIAN_POINT('Ctrl Pts',(-16.4707017222111,-6.74754797321592,3.5527136788005E-15));
#7241=CARTESIAN_POINT('Ctrl Pts',(-16.49505937302,-6.76852946691478,3.5527136788005E-15));
#7242=CARTESIAN_POINT('Ctrl Pts',(-16.5193008619986,-6.7897118207122,3.5527136788005E-15));
#7243=CARTESIAN_POINT('Ctrl Pts',(-16.5497731051467,-6.81633864367398,3.5527136788005E-15));
#7244=CARTESIAN_POINT('Ctrl Pts',(-16.580061138262,-6.84328411478866,3.5527136788005E-15));
#7245=CARTESIAN_POINT('Ctrl Pts',(-16.6101546426318,-6.87055963492013,3.5527136788005E-15));
#7246=CARTESIAN_POINT('Ctrl Pts',(-16.6423325396826,-6.8997243632287,3.5527136788005E-15));
#7247=CARTESIAN_POINT('Ctrl Pts',(-16.6742848147209,-6.92927269648486,3.5527136788005E-15));
#7248=CARTESIAN_POINT('Ctrl Pts',(-16.705990096336,-6.95923652720752,3.5527136788005E-15));
#7249=CARTESIAN_POINT('Ctrl Pts',(-16.7393469455328,-6.99076121116736,3.5527136788005E-15));
#7250=CARTESIAN_POINT('Ctrl Pts',(-16.77242985893,-7.02274686405397,3.5527136788005E-15));
#7251=CARTESIAN_POINT('Ctrl Pts',(-16.8052457430451,-7.05516968201785,3.5527136788005E-15));
#7252=CARTESIAN_POINT('Ctrl Pts',(-16.8506509527775,-7.10003103161916,3.5527136788005E-15));
#7253=CARTESIAN_POINT('Ctrl Pts',(-16.8955497995192,-7.14571981493103,3.5527136788005E-15));
#7254=CARTESIAN_POINT('Ctrl Pts',(-16.9399897644717,-7.19211841831261,3.5527136788005E-15));
#7255=CARTESIAN_POINT('Ctrl Pts',(-16.9808182182835,-7.23474633750936,3.5527136788005E-15));
#7256=CARTESIAN_POINT('Ctrl Pts',(-17.0212590143492,-7.27797408335754,3.5527136788005E-15));
#7257=CARTESIAN_POINT('Ctrl Pts',(-17.0613124649241,-7.32178284030732,3.5527136788005E-15));
#7258=CARTESIAN_POINT('Ctrl Pts',(-17.1072098920815,-7.37198348974219,3.5527136788005E-15));
#7259=CARTESIAN_POINT('Ctrl Pts',(-17.1525946235736,-7.42295497261137,3.5527136788005E-15));
#7260=CARTESIAN_POINT('Ctrl Pts',(-17.1974615327685,-7.47468154485262,3.5527136788005E-15));
#7261=CARTESIAN_POINT('Ctrl Pts',(-17.2628853509641,-7.55010795418004,3.5527136788005E-15));
#7262=CARTESIAN_POINT('Ctrl Pts',(-17.3272128166981,-7.62713055705835,3.5527136788005E-15));
#7263=CARTESIAN_POINT('Ctrl Pts',(-17.3904814745091,-7.70560214409291,3.5527136788005E-15));
#7264=CARTESIAN_POINT('Ctrl Pts',(-17.474866960194,-7.81026475609533,3.5527136788005E-15));
#7265=CARTESIAN_POINT('Ctrl Pts',(-17.5573652140989,-7.91751211303285,3.5527136788005E-15));
#7266=CARTESIAN_POINT('Ctrl Pts',(-17.6379787147638,-8.0271763497841,3.5527136788005E-15));
#7267=CARTESIAN_POINT('Ctrl Pts',(-17.7122540430407,-8.12821832312286,3.5527136788005E-15));
#7268=CARTESIAN_POINT('Ctrl Pts',(-17.7849331524977,-8.23130437881805,3.5527136788005E-15));
#7269=CARTESIAN_POINT('Ctrl Pts',(-17.8560280503147,-8.33629376003546,3.5527136788005E-15));
#7270=CARTESIAN_POINT('Ctrl Pts',(-17.9551848853267,-8.48272360340042,3.5527136788005E-15));
#7271=CARTESIAN_POINT('Ctrl Pts',(-18.0512557193115,-8.63286484967373,3.5527136788005E-15));
#7272=CARTESIAN_POINT('Ctrl Pts',(-18.144240054549,-8.78641091386813,3.5527136788005E-15));
#7273=CARTESIAN_POINT('Ctrl Pts',(-18.2254016948513,-8.92043403077433,3.5527136788005E-15));
#7274=CARTESIAN_POINT('Ctrl Pts',(-18.304214756413,-9.05705622905422,3.5527136788005E-15));
#7275=CARTESIAN_POINT('Ctrl Pts',(-18.3806690603818,-9.19610070534284,3.5527136788005E-15));
#7276=CARTESIAN_POINT('Ctrl Pts',(-18.4362180838131,-9.29712555901881,3.5527136788005E-15));
#7277=CARTESIAN_POINT('Ctrl Pts',(-18.4905189538621,-9.39942321233197,3.5527136788005E-15));
#7278=CARTESIAN_POINT('Ctrl Pts',(-18.5435719393112,-9.50294172195885,3.5527136788005E-15));
#7279=CARTESIAN_POINT('Ctrl Pts',(-18.5741861511761,-9.56267705181519,3.5527136788005E-15));
#7280=CARTESIAN_POINT('Ctrl Pts',(-18.6043854866664,-9.62282009744928,3.5527136788005E-15));
#7281=CARTESIAN_POINT('Ctrl Pts',(-18.6341711255608,-9.68336882179496,3.5527136788005E-15));
#7282=CARTESIAN_POINT('Ctrl Pts',(-20.9793499840996,-0.931042168891747,
-27.5));
#7283=CARTESIAN_POINT('Ctrl Pts',(-20.9793499840996,-0.931042168891747,
11.5));
#7284=CARTESIAN_POINT('Ctrl Pts',(-20.9677247324411,-0.938826393607198,
-27.5));
#7285=CARTESIAN_POINT('Ctrl Pts',(-20.9677247324411,-0.938826393607198,
11.5));
#7286=CARTESIAN_POINT('Ctrl Pts',(-20.9444630953301,-0.954354822965219,
-27.5));
#7287=CARTESIAN_POINT('Ctrl Pts',(-20.9444630953301,-0.954354822965219,
11.5));
#7288=CARTESIAN_POINT('Ctrl Pts',(-20.9095372382948,-0.977527406780462,
-27.5));
#7289=CARTESIAN_POINT('Ctrl Pts',(-20.9095372382948,-0.977527406780462,
11.5));
#7290=CARTESIAN_POINT('Ctrl Pts',(-20.8629026038651,-1.00818398500761,-27.5));
#7291=CARTESIAN_POINT('Ctrl Pts',(-20.8629026038651,-1.00818398500761,11.5));
#7292=CARTESIAN_POINT('Ctrl Pts',(-20.8044978967829,-1.04610377071613,-27.5));
#7293=CARTESIAN_POINT('Ctrl Pts',(-20.8044978967829,-1.04610377071613,11.5));
#7294=CARTESIAN_POINT('Ctrl Pts',(-20.7459818792352,-1.08362160939547,-27.5));
#7295=CARTESIAN_POINT('Ctrl Pts',(-20.7459818792352,-1.08362160939547,11.5));
#7296=CARTESIAN_POINT('Ctrl Pts',(-20.6873549298725,-1.12073608157886,-27.5));
#7297=CARTESIAN_POINT('Ctrl Pts',(-20.6873549298725,-1.12073608157886,11.5));
#7298=CARTESIAN_POINT('Ctrl Pts',(-20.6286178222211,-1.15744536188768,-27.5));
#7299=CARTESIAN_POINT('Ctrl Pts',(-20.6286178222211,-1.15744536188768,11.5));
#7300=CARTESIAN_POINT('Ctrl Pts',(-20.5697718801245,-1.19374721183834,-27.5));
#7301=CARTESIAN_POINT('Ctrl Pts',(-20.5697718801245,-1.19374721183834,11.5));
#7302=CARTESIAN_POINT('Ctrl Pts',(-20.5108188595386,-1.22963907190492,-27.5));
#7303=CARTESIAN_POINT('Ctrl Pts',(-20.5108188595386,-1.22963907190492,11.5));
#7304=CARTESIAN_POINT('Ctrl Pts',(-20.4517607827004,-1.2651181711312,-27.5));
#7305=CARTESIAN_POINT('Ctrl Pts',(-20.4517607827004,-1.2651181711312,11.5));
#7306=CARTESIAN_POINT('Ctrl Pts',(-20.3925997845181,-1.30018163792039,-27.5));
#7307=CARTESIAN_POINT('Ctrl Pts',(-20.3925997845181,-1.30018163792039,11.5));
#7308=CARTESIAN_POINT('Ctrl Pts',(-20.3333379672314,-1.33482660251809,-27.5));
#7309=CARTESIAN_POINT('Ctrl Pts',(-20.3333379672314,-1.33482660251809,11.5));
#7310=CARTESIAN_POINT('Ctrl Pts',(-20.273977220843,-1.36905033317087,-27.5));
#7311=CARTESIAN_POINT('Ctrl Pts',(-20.273977220843,-1.36905033317087,11.5));
#7312=CARTESIAN_POINT('Ctrl Pts',(-20.2145192320292,-1.40285021227195,-27.5));
#7313=CARTESIAN_POINT('Ctrl Pts',(-20.2145192320292,-1.40285021227195,11.5));
#7314=CARTESIAN_POINT('Ctrl Pts',(-20.1549655741383,-1.43622364626834,-27.5));
#7315=CARTESIAN_POINT('Ctrl Pts',(-20.1549655741383,-1.43622364626834,11.5));
#7316=CARTESIAN_POINT('Ctrl Pts',(-20.0953177744928,-1.46916799642589,-27.5));
#7317=CARTESIAN_POINT('Ctrl Pts',(-20.0953177744928,-1.46916799642589,11.5));
#7318=CARTESIAN_POINT('Ctrl Pts',(-20.0355773853755,-1.50168051151147,-27.5));
#7319=CARTESIAN_POINT('Ctrl Pts',(-20.0355773853755,-1.50168051151147,11.5));
#7320=CARTESIAN_POINT('Ctrl Pts',(-19.9757460699824,-1.53375824412881,-27.5));
#7321=CARTESIAN_POINT('Ctrl Pts',(-19.9757460699824,-1.53375824412881,11.5));
#7322=CARTESIAN_POINT('Ctrl Pts',(-19.9158256134473,-1.56539805778169,-27.5));
#7323=CARTESIAN_POINT('Ctrl Pts',(-19.9158256134473,-1.56539805778169,11.5));
#7324=CARTESIAN_POINT('Ctrl Pts',(-19.855817877538,-1.59659669970027,-27.5));
#7325=CARTESIAN_POINT('Ctrl Pts',(-19.855817877538,-1.59659669970027,11.5));
#7326=CARTESIAN_POINT('Ctrl Pts',(-19.7957247713539,-1.62735086232833,-27.5));
#7327=CARTESIAN_POINT('Ctrl Pts',(-19.7957247713539,-1.62735086232833,11.5));
#7328=CARTESIAN_POINT('Ctrl Pts',(-19.7355482189931,-1.65765724116737,-27.5));
#7329=CARTESIAN_POINT('Ctrl Pts',(-19.7355482189931,-1.65765724116737,11.5));
#7330=CARTESIAN_POINT('Ctrl Pts',(-19.6752901222455,-1.68751262542087,-27.5));
#7331=CARTESIAN_POINT('Ctrl Pts',(-19.6752901222455,-1.68751262542087,11.5));
#7332=CARTESIAN_POINT('Ctrl Pts',(-19.6149523527798,-1.71691387090944,-27.5));
#7333=CARTESIAN_POINT('Ctrl Pts',(-19.6149523527798,-1.71691387090944,11.5));
#7334=CARTESIAN_POINT('Ctrl Pts',(-19.5545367774001,-1.74585774980004,-27.5));
#7335=CARTESIAN_POINT('Ctrl Pts',(-19.5545367774001,-1.74585774980004,11.5));
#7336=CARTESIAN_POINT('Ctrl Pts',(-19.494045275888,-1.77434082713571,-27.5));
#7337=CARTESIAN_POINT('Ctrl Pts',(-19.494045275888,-1.77434082713571,11.5));
#7338=CARTESIAN_POINT('Ctrl Pts',(-19.433479760431,-1.80235934887013,-27.5));
#7339=CARTESIAN_POINT('Ctrl Pts',(-19.433479760431,-1.80235934887013,11.5));
#7340=CARTESIAN_POINT('Ctrl Pts',(-19.3728421998792,-1.82990908127658,-27.5));
#7341=CARTESIAN_POINT('Ctrl Pts',(-19.3728421998792,-1.82990908127658,11.5));
#7342=CARTESIAN_POINT('Ctrl Pts',(-19.3121346250468,-1.85698534008739,-27.5));
#7343=CARTESIAN_POINT('Ctrl Pts',(-19.3121346250468,-1.85698534008739,11.5));
#7344=CARTESIAN_POINT('Ctrl Pts',(-19.2513591063843,-1.88358327892128,-27.5));
#7345=CARTESIAN_POINT('Ctrl Pts',(-19.2513591063843,-1.88358327892128,11.5));
#7346=CARTESIAN_POINT('Ctrl Pts',(-19.1905177377962,-1.90969813757777,-27.5));
#7347=CARTESIAN_POINT('Ctrl Pts',(-19.1905177377962,-1.90969813757777,11.5));
#7348=CARTESIAN_POINT('Ctrl Pts',(-19.1296126209256,-1.93532546659468,-27.5));
#7349=CARTESIAN_POINT('Ctrl Pts',(-19.1296126209256,-1.93532546659468,11.5));
#7350=CARTESIAN_POINT('Ctrl Pts',(-19.0686458439518,-1.96046147032858,-27.5));
#7351=CARTESIAN_POINT('Ctrl Pts',(-19.0686458439518,-1.96046147032858,11.5));
#7352=CARTESIAN_POINT('Ctrl Pts',(-19.0076194830836,-1.98510294601921,-27.5));
#7353=CARTESIAN_POINT('Ctrl Pts',(-19.0076194830836,-1.98510294601921,11.5));
#7354=CARTESIAN_POINT('Ctrl Pts',(-18.9465356416829,-2.00924655959882,-27.5));
#7355=CARTESIAN_POINT('Ctrl Pts',(-18.9465356416829,-2.00924655959882,11.5));
#7356=CARTESIAN_POINT('Ctrl Pts',(-18.8853964834762,-2.03288823094541,-27.5));
#7357=CARTESIAN_POINT('Ctrl Pts',(-18.8853964834762,-2.03288823094541,11.5));
#7358=CARTESIAN_POINT('Ctrl Pts',(-18.8242042637587,-2.05602257410862,-27.5));
#7359=CARTESIAN_POINT('Ctrl Pts',(-18.8242042637587,-2.05602257410862,11.5));
#7360=CARTESIAN_POINT('Ctrl Pts',(-18.7629613736846,-2.07864208577362,-27.5));
#7361=CARTESIAN_POINT('Ctrl Pts',(-18.7629613736846,-2.07864208577362,11.5));
#7362=CARTESIAN_POINT('Ctrl Pts',(-18.701670340003,-2.10073722081665,-27.5));
#7363=CARTESIAN_POINT('Ctrl Pts',(-18.701670340003,-2.10073722081665,11.5));
#7364=CARTESIAN_POINT('Ctrl Pts',(-18.6403337467048,-2.12229800967238,-27.5));
#7365=CARTESIAN_POINT('Ctrl Pts',(-18.6403337467048,-2.12229800967238,11.5));
#7366=CARTESIAN_POINT('Ctrl Pts',(-18.5789541690281,-2.14331544615367,-27.5));
#7367=CARTESIAN_POINT('Ctrl Pts',(-18.5789541690281,-2.14331544615367,11.5));
#7368=CARTESIAN_POINT('Ctrl Pts',(-18.5175341143946,-2.16378273550392,-27.5));
#7369=CARTESIAN_POINT('Ctrl Pts',(-18.5175341143946,-2.16378273550392,11.5));
#7370=CARTESIAN_POINT('Ctrl Pts',(-18.4560759329709,-2.18369717600781,-27.5));
#7371=CARTESIAN_POINT('Ctrl Pts',(-18.4560759329709,-2.18369717600781,11.5));
#7372=CARTESIAN_POINT('Ctrl Pts',(-18.3945818357611,-2.20305984325783,-27.5));
#7373=CARTESIAN_POINT('Ctrl Pts',(-18.3945818357611,-2.20305984325783,11.5));
#7374=CARTESIAN_POINT('Ctrl Pts',(-18.3330540894789,-2.22187166127139,-27.5));
#7375=CARTESIAN_POINT('Ctrl Pts',(-18.3330540894789,-2.22187166127139,11.5));
#7376=CARTESIAN_POINT('Ctrl Pts',(-18.271495184924,-2.24013002100688,-27.5));
#7377=CARTESIAN_POINT('Ctrl Pts',(-18.271495184924,-2.24013002100688,11.5));
#7378=CARTESIAN_POINT('Ctrl Pts',(-18.2099079878553,-2.25782577230718,-27.5));
#7379=CARTESIAN_POINT('Ctrl Pts',(-18.2099079878553,-2.25782577230718,11.5));
#7380=CARTESIAN_POINT('Ctrl Pts',(-18.1482959670473,-2.27493862417306,-27.5));
#7381=CARTESIAN_POINT('Ctrl Pts',(-18.1482959670473,-2.27493862417306,11.5));
#7382=CARTESIAN_POINT('Ctrl Pts',(-18.0866631466136,-2.29143826112639,-27.5));
#7383=CARTESIAN_POINT('Ctrl Pts',(-18.0866631466136,-2.29143826112639,11.5));
#7384=CARTESIAN_POINT('Ctrl Pts',(-18.0250136778266,-2.30729335016716,-27.5));
#7385=CARTESIAN_POINT('Ctrl Pts',(-18.0250136778266,-2.30729335016716,11.5));
#7386=CARTESIAN_POINT('Ctrl Pts',(-17.9633514683259,-2.32247935674172,-27.5));
#7387=CARTESIAN_POINT('Ctrl Pts',(-17.9633514683259,-2.32247935674172,11.5));
#7388=CARTESIAN_POINT('Ctrl Pts',(-17.9016798633142,-2.33698531370604,-27.5));
#7389=CARTESIAN_POINT('Ctrl Pts',(-17.9016798633142,-2.33698531370604,11.5));
#7390=CARTESIAN_POINT('Ctrl Pts',(-17.8400011211625,-2.35082479906538,-27.5));
#7391=CARTESIAN_POINT('Ctrl Pts',(-17.8400011211625,-2.35082479906538,11.5));
#7392=CARTESIAN_POINT('Ctrl Pts',(-17.7783166677707,-2.36403099285581,-27.5));
#7393=CARTESIAN_POINT('Ctrl Pts',(-17.7783166677707,-2.36403099285581,11.5));
#7394=CARTESIAN_POINT('Ctrl Pts',(-17.7166281649145,-2.37663510568995,-27.5));
#7395=CARTESIAN_POINT('Ctrl Pts',(-17.7166281649145,-2.37663510568995,11.5));
#7396=CARTESIAN_POINT('Ctrl Pts',(-17.6549384477382,-2.38864746480819,-27.5));
#7397=CARTESIAN_POINT('Ctrl Pts',(-17.6549384477382,-2.38864746480819,11.5));
#7398=CARTESIAN_POINT('Ctrl Pts',(-17.5932523344353,-2.40004127977306,-27.5));
#7399=CARTESIAN_POINT('Ctrl Pts',(-17.5932523344353,-2.40004127977306,11.5));
#7400=CARTESIAN_POINT('Ctrl Pts',(-17.5315779425777,-2.41072590562869,-27.5));
#7401=CARTESIAN_POINT('Ctrl Pts',(-17.5315779425777,-2.41072590562869,11.5));
#7402=CARTESIAN_POINT('Ctrl Pts',(-17.4699258729673,-2.42056437112549,-27.5));
#7403=CARTESIAN_POINT('Ctrl Pts',(-17.4699258729673,-2.42056437112549,11.5));
#7404=CARTESIAN_POINT('Ctrl Pts',(-17.4083068978517,-2.42942221881929,-27.5));
#7405=CARTESIAN_POINT('Ctrl Pts',(-17.4083068978517,-2.42942221881929,11.5));
#7406=CARTESIAN_POINT('Ctrl Pts',(-17.3467298766505,-2.43721114115493,-27.5));
#7407=CARTESIAN_POINT('Ctrl Pts',(-17.3467298766505,-2.43721114115493,11.5));
#7408=CARTESIAN_POINT('Ctrl Pts',(-17.2852000355351,-2.44392618739206,-27.5));
#7409=CARTESIAN_POINT('Ctrl Pts',(-17.2852000355351,-2.44392618739206,11.5));
#7410=CARTESIAN_POINT('Ctrl Pts',(-17.2237159280857,-2.44970758091394,-27.5));
#7411=CARTESIAN_POINT('Ctrl Pts',(-17.2237159280857,-2.44970758091394,11.5));
#7412=CARTESIAN_POINT('Ctrl Pts',(-17.162273178031,-2.45477512254252,-27.5));
#7413=CARTESIAN_POINT('Ctrl Pts',(-17.162273178031,-2.45477512254252,11.5));
#7414=CARTESIAN_POINT('Ctrl Pts',(-17.1008710837249,-2.45930831869907,-27.5));
#7415=CARTESIAN_POINT('Ctrl Pts',(-17.1008710837249,-2.45930831869907,11.5));
#7416=CARTESIAN_POINT('Ctrl Pts',(-17.0395186350482,-2.46333853473684,-27.5));
#7417=CARTESIAN_POINT('Ctrl Pts',(-17.0395186350482,-2.46333853473684,11.5));
#7418=CARTESIAN_POINT('Ctrl Pts',(-16.9782400582459,-2.46664789592089,-27.5));
#7419=CARTESIAN_POINT('Ctrl Pts',(-16.9782400582459,-2.46664789592089,11.5));
#7420=CARTESIAN_POINT('Ctrl Pts',(-16.9170824831697,-2.46863385882319,-27.5));
#7421=CARTESIAN_POINT('Ctrl Pts',(-16.9170824831697,-2.46863385882319,11.5));
#7422=CARTESIAN_POINT('Ctrl Pts',(-16.8561058072456,-2.46846511242916,-27.5));
#7423=CARTESIAN_POINT('Ctrl Pts',(-16.8561058072456,-2.46846511242916,11.5));
#7424=CARTESIAN_POINT('Ctrl Pts',(-16.8075164038666,-2.46592898415608,-27.5));
#7425=CARTESIAN_POINT('Ctrl Pts',(-16.8075164038666,-2.46592898415608,11.5));
#7426=CARTESIAN_POINT('Ctrl Pts',(-16.7712028977866,-2.46237521795221,-27.5));
#7427=CARTESIAN_POINT('Ctrl Pts',(-16.7712028977866,-2.46237521795221,11.5));
#7428=CARTESIAN_POINT('Ctrl Pts',(-16.7470536230484,-2.45923343709708,-27.5));
#7429=CARTESIAN_POINT('Ctrl Pts',(-16.7470536230484,-2.45923343709708,11.5));
#7430=CARTESIAN_POINT('Ctrl Pts',(-16.7349939182085,-2.45746939254679,-27.5));
#7431=CARTESIAN_POINT('Ctrl Pts',(-16.7349939182085,-2.45746939254679,11.5));
#7432=CARTESIAN_POINT('',(-20.9793499840996,-0.931042168891761,-5.55111512312578E-16));
#7433=CARTESIAN_POINT('Ctrl Pts',(-20.9793499840996,-0.931042168891747,
0.));
#7434=CARTESIAN_POINT('Ctrl Pts',(-20.8812100510611,-0.996756298338168,
0.));
#7435=CARTESIAN_POINT('Ctrl Pts',(-20.7825926877763,-1.06076288005554,-8.29877318697423E-15));
#7436=CARTESIAN_POINT('Ctrl Pts',(-20.6835024356367,-1.12303972155646,3.38681444022877E-16));
#7437=CARTESIAN_POINT('Ctrl Pts',(-20.5129360097573,-1.2302383414056,1.52065391120879E-14));
#7438=CARTESIAN_POINT('Ctrl Pts',(-20.3409705287362,-1.33230644810168,1.57094595835489E-15));
#7439=CARTESIAN_POINT('Ctrl Pts',(-20.1678142758873,-1.42894370264137,2.0852637800027E-15));
#7440=CARTESIAN_POINT('Ctrl Pts',(-20.0282574883782,-1.50682933816056,2.49978270015091E-15));
#7441=CARTESIAN_POINT('Ctrl Pts',(-19.8879205677299,-1.58119251769697,1.80485702823318E-15));
#7442=CARTESIAN_POINT('Ctrl Pts',(-19.7469080427451,-1.6518508925682,2.08926317694635E-15));
#7443=CARTESIAN_POINT('Ctrl Pts',(-19.6320324313495,-1.7094126163543,2.32095415774135E-15));
#7444=CARTESIAN_POINT('Ctrl Pts',(-19.5167092413308,-1.76451768121489,-6.91264108512627E-16));
#7445=CARTESIAN_POINT('Ctrl Pts',(-19.4009979632348,-1.81705367719015,1.91934105437437E-15));
#7446=CARTESIAN_POINT('Ctrl Pts',(-19.2911783381072,-1.86691470611178,4.39702244431021E-15));
#7447=CARTESIAN_POINT('Ctrl Pts',(-19.1810094828432,-1.91445404941351,2.09403628980238E-15));
#7448=CARTESIAN_POINT('Ctrl Pts',(-19.0705471946359,-1.95955569174766,2.09518511199535E-15));
#7449=CARTESIAN_POINT('Ctrl Pts',(-18.9922903140494,-1.99150789820357,2.09599899375201E-15));
#7450=CARTESIAN_POINT('Ctrl Pts',(-18.9138859223315,-2.02224242949752,3.63359192519882E-15));
#7451=CARTESIAN_POINT('Ctrl Pts',(-18.835355053223,-2.05171332030992,1.6600118675932E-15));
#7452=CARTESIAN_POINT('Ctrl Pts',(-18.7481785084558,-2.08442874115529,-5.30844953384166E-16));
#7453=CARTESIAN_POINT('Ctrl Pts',(-18.6608463801671,-2.11558001151245,-6.67031848115274E-15));
#7454=CARTESIAN_POINT('Ctrl Pts',(-18.5733918275796,-2.14505128738755,4.66579283574805E-16));
#7455=CARTESIAN_POINT('Ctrl Pts',(-18.4968690940655,-2.17083865377826,6.71136482771141E-15));
#7456=CARTESIAN_POINT('Ctrl Pts',(-18.4202525518627,-2.19534158327084,1.97759739315576E-15));
#7457=CARTESIAN_POINT('Ctrl Pts',(-18.3435622206658,-2.21855799193564,2.09118208417684E-15));
#7458=CARTESIAN_POINT('Ctrl Pts',(-18.2948654377836,-2.23329993390422,2.16330602667494E-15));
#7459=CARTESIAN_POINT('Ctrl Pts',(-18.2461387909522,-2.24752603146176,-2.38275981857928E-15));
#7460=CARTESIAN_POINT('Ctrl Pts',(-18.1973893906742,-2.26120255792418,9.92880832389294E-16));
#7461=CARTESIAN_POINT('Ctrl Pts',(-18.1363065192774,-2.27833920990947,5.2225497634609E-15));
#7462=CARTESIAN_POINT('Ctrl Pts',(-18.0751883262389,-2.29460386167746,-3.44860833748968E-15));
#7463=CARTESIAN_POINT('Ctrl Pts',(-18.0140523885737,-2.30987381428054,8.77348676505576E-16));
#7464=CARTESIAN_POINT('Ctrl Pts',(-17.9726199964846,-2.32022240281285,3.80908987505391E-15));
#7465=CARTESIAN_POINT('Ctrl Pts',(-17.9311795603418,-2.3301123471613,0.));
#7466=CARTESIAN_POINT('Ctrl Pts',(-17.8897346465695,-2.33955136069986,0.));
#7467=CARTESIAN_POINT('Ctrl Pts',(-17.8414051484124,-2.35055832743943,0.));
#7468=CARTESIAN_POINT('Ctrl Pts',(-17.7930691185456,-2.36096069680218,0.));
#7469=CARTESIAN_POINT('Ctrl Pts',(-17.7447305104559,-2.37081808305024,0.));
#7470=CARTESIAN_POINT('Ctrl Pts',(-17.7123351804786,-2.37742425755215,0.));
#7471=CARTESIAN_POINT('Ctrl Pts',(-17.6799386518403,-2.38378677130267,-1.93771782157322E-15));
#7472=CARTESIAN_POINT('Ctrl Pts',(-17.6475439469811,-2.38989020891287,6.11995867825666E-16));
#7473=CARTESIAN_POINT('Ctrl Pts',(-17.6126638607375,-2.39646191349089,3.3573282846355E-15));
#7474=CARTESIAN_POINT('Ctrl Pts',(-17.5777858563255,-2.40273377980979,2.02645182837025E-15));
#7475=CARTESIAN_POINT('Ctrl Pts',(-17.5429173970784,-2.40861625337612,2.08987155831152E-15));
#7476=CARTESIAN_POINT('Ctrl Pts',(-17.5090425757252,-2.4143310955423,2.15148403183116E-15));
#7477=CARTESIAN_POINT('Ctrl Pts',(-17.4751770680357,-2.41967203626986,7.43178829992167E-16));
#7478=CARTESIAN_POINT('Ctrl Pts',(-17.4413285041835,-2.42454790428125,1.80223095479849E-15));
#7479=CARTESIAN_POINT('Ctrl Pts',(-17.4137609230602,-2.42851899999857,2.66476401504768E-15));
#7480=CARTESIAN_POINT('Ctrl Pts',(-17.3862046504442,-2.43218025898511,2.03049525515948E-15));
#7481=CARTESIAN_POINT('Ctrl Pts',(-17.358662265099,-2.43551868893109,2.08867995522157E-15));
#7482=CARTESIAN_POINT('Ctrl Pts',(-17.3318374389865,-2.43877014306869,2.14534877464357E-15));
#7483=CARTESIAN_POINT('Ctrl Pts',(-17.305025812768,-2.44171469979003,-1.55022983767947E-15));
#7484=CARTESIAN_POINT('Ctrl Pts',(-17.2782271538884,-2.44439878075915,5.81151598677688E-16));
#7485=CARTESIAN_POINT('Ctrl Pts',(-17.2476596733471,-2.44746033668116,3.01227924856096E-15));
#7486=CARTESIAN_POINT('Ctrl Pts',(-17.2171087094131,-2.45018896283277,1.54471407839757E-15));
#7487=CARTESIAN_POINT('Ctrl Pts',(-17.1865728082036,-2.45269384740608,1.9975369155715E-15));
#7488=CARTESIAN_POINT('Ctrl Pts',(-17.1637486618189,-2.45456613051918,2.33600063573705E-15));
#7489=CARTESIAN_POINT('Ctrl Pts',(-17.1409328579222,-2.45631516199954,1.93188469945238E-15));
#7490=CARTESIAN_POINT('Ctrl Pts',(-17.118126771438,-2.4579586993896,2.06807103561482E-15));
#7491=CARTESIAN_POINT('Ctrl Pts',(-17.0977123335804,-2.45942988086299,2.1899756639506E-15));
#7492=CARTESIAN_POINT('Ctrl Pts',(-17.0773056511633,-2.46081718242068,1.9424282256463E-15));
#7493=CARTESIAN_POINT('Ctrl Pts',(-17.0569100829742,-2.46209510437514,2.06718519838493E-15));
#7494=CARTESIAN_POINT('Ctrl Pts',(-17.0366300894541,-2.46336578478547,2.19123521627361E-15));
#7495=CARTESIAN_POINT('Ctrl Pts',(-17.0163610407149,-2.46452914533198,3.5527136788005E-15));
#7496=CARTESIAN_POINT('Ctrl Pts',(-16.9961094595635,-2.46550627386068,3.5527136788005E-15));
#7497=CARTESIAN_POINT('Ctrl Pts',(-16.9707765884829,-2.46672857205368,3.5527136788005E-15));
#7498=CARTESIAN_POINT('Ctrl Pts',(-16.9454711381584,-2.46765846672838,3.5527136788005E-15));
#7499=CARTESIAN_POINT('Ctrl Pts',(-16.9202110852376,-2.46804997404109,3.5527136788005E-15));
#7500=CARTESIAN_POINT('Ctrl Pts',(-16.8944983211049,-2.46844849795628,3.5527136788005E-15));
#7501=CARTESIAN_POINT('Ctrl Pts',(-16.8688330509127,-2.46828210324054,5.78612657089677E-17));
#7502=CARTESIAN_POINT('Ctrl Pts',(-16.8432342038092,-2.46727954060253,-8.880078289616E-18));
#7503=CARTESIAN_POINT('Ctrl Pts',(-16.824192600119,-2.46653378825087,-5.85253696199809E-17));
#7504=CARTESIAN_POINT('Ctrl Pts',(-16.8051877862364,-2.4653245395121,-1.3478700690029E-16));
#7505=CARTESIAN_POINT('Ctrl Pts',(-16.7862252924876,-2.46357093095703,2.89836606854798E-17));
#7506=CARTESIAN_POINT('Ctrl Pts',(-16.7691131634276,-2.46198843994541,1.76773547243174E-16));
#7507=CARTESIAN_POINT('Ctrl Pts',(-16.752035525606,-2.45996216953069,1.04759505913348E-15));
#7508=CARTESIAN_POINT('Ctrl Pts',(-16.7349939182085,-2.45746939254679,1.04759505913348E-15));
#7509=CARTESIAN_POINT('',(-20.9793499840996,-0.931042168891761,0.));
#7510=CARTESIAN_POINT('Origin',(-4.88498130835069E-14,-6.93889390390644E-17,
0.));
#7511=CARTESIAN_POINT('',(-20.9793499840995,0.93104216889175,-5.55111512312578E-16));
#7512=CARTESIAN_POINT('Origin',(-4.88498130835069E-14,-6.93889390390644E-17,
-5.55111512312578E-16));
#7513=CARTESIAN_POINT('',(-20.9793499840995,0.93104216889175,0.));
#7514=CARTESIAN_POINT('Ctrl Pts',(-16.7349939182085,2.4574693925468,-27.5));
#7515=CARTESIAN_POINT('Ctrl Pts',(-16.7349939182085,2.4574693925468,11.5));
#7516=CARTESIAN_POINT('Ctrl Pts',(-16.7470536230484,2.45923343709708,-27.5));
#7517=CARTESIAN_POINT('Ctrl Pts',(-16.7470536230484,2.45923343709708,11.5));
#7518=CARTESIAN_POINT('Ctrl Pts',(-16.7712028977866,2.46237521795222,-27.5));
#7519=CARTESIAN_POINT('Ctrl Pts',(-16.7712028977866,2.46237521795222,11.5));
#7520=CARTESIAN_POINT('Ctrl Pts',(-16.8075164038666,2.46592898415609,-27.5));
#7521=CARTESIAN_POINT('Ctrl Pts',(-16.8075164038666,2.46592898415609,11.5));
#7522=CARTESIAN_POINT('Ctrl Pts',(-16.8561058072456,2.46846511242916,-27.5));
#7523=CARTESIAN_POINT('Ctrl Pts',(-16.8561058072456,2.46846511242916,11.5));
#7524=CARTESIAN_POINT('Ctrl Pts',(-16.9170824831697,2.46863385882319,-27.5));
#7525=CARTESIAN_POINT('Ctrl Pts',(-16.9170824831697,2.46863385882319,11.5));
#7526=CARTESIAN_POINT('Ctrl Pts',(-16.9782400582459,2.4666478959209,-27.5));
#7527=CARTESIAN_POINT('Ctrl Pts',(-16.9782400582459,2.4666478959209,11.5));
#7528=CARTESIAN_POINT('Ctrl Pts',(-17.0395186350482,2.46333853473685,-27.5));
#7529=CARTESIAN_POINT('Ctrl Pts',(-17.0395186350482,2.46333853473685,11.5));
#7530=CARTESIAN_POINT('Ctrl Pts',(-17.1008710837249,2.45930831869907,-27.5));
#7531=CARTESIAN_POINT('Ctrl Pts',(-17.1008710837249,2.45930831869907,11.5));
#7532=CARTESIAN_POINT('Ctrl Pts',(-17.162273178031,2.45477512254252,-27.5));
#7533=CARTESIAN_POINT('Ctrl Pts',(-17.162273178031,2.45477512254252,11.5));
#7534=CARTESIAN_POINT('Ctrl Pts',(-17.2237159280857,2.44970758091394,-27.5));
#7535=CARTESIAN_POINT('Ctrl Pts',(-17.2237159280857,2.44970758091394,11.5));
#7536=CARTESIAN_POINT('Ctrl Pts',(-17.2852000355351,2.44392618739207,-27.5));
#7537=CARTESIAN_POINT('Ctrl Pts',(-17.2852000355351,2.44392618739207,11.5));
#7538=CARTESIAN_POINT('Ctrl Pts',(-17.3467298766505,2.43721114115494,-27.5));
#7539=CARTESIAN_POINT('Ctrl Pts',(-17.3467298766505,2.43721114115494,11.5));
#7540=CARTESIAN_POINT('Ctrl Pts',(-17.4083068978517,2.42942221881929,-27.5));
#7541=CARTESIAN_POINT('Ctrl Pts',(-17.4083068978517,2.42942221881929,11.5));
#7542=CARTESIAN_POINT('Ctrl Pts',(-17.4699258729673,2.4205643711255,-27.5));
#7543=CARTESIAN_POINT('Ctrl Pts',(-17.4699258729673,2.4205643711255,11.5));
#7544=CARTESIAN_POINT('Ctrl Pts',(-17.5315779425777,2.41072590562869,-27.5));
#7545=CARTESIAN_POINT('Ctrl Pts',(-17.5315779425777,2.41072590562869,11.5));
#7546=CARTESIAN_POINT('Ctrl Pts',(-17.5932523344353,2.40004127977307,-27.5));
#7547=CARTESIAN_POINT('Ctrl Pts',(-17.5932523344353,2.40004127977307,11.5));
#7548=CARTESIAN_POINT('Ctrl Pts',(-17.6549384477382,2.3886474648082,-27.5));
#7549=CARTESIAN_POINT('Ctrl Pts',(-17.6549384477382,2.3886474648082,11.5));
#7550=CARTESIAN_POINT('Ctrl Pts',(-17.7166281649145,2.37663510568995,-27.5));
#7551=CARTESIAN_POINT('Ctrl Pts',(-17.7166281649145,2.37663510568995,11.5));
#7552=CARTESIAN_POINT('Ctrl Pts',(-17.7783166677707,2.36403099285582,-27.5));
#7553=CARTESIAN_POINT('Ctrl Pts',(-17.7783166677707,2.36403099285582,11.5));
#7554=CARTESIAN_POINT('Ctrl Pts',(-17.8400011211625,2.35082479906538,-27.5));
#7555=CARTESIAN_POINT('Ctrl Pts',(-17.8400011211625,2.35082479906538,11.5));
#7556=CARTESIAN_POINT('Ctrl Pts',(-17.9016798633142,2.33698531370605,-27.5));
#7557=CARTESIAN_POINT('Ctrl Pts',(-17.9016798633142,2.33698531370605,11.5));
#7558=CARTESIAN_POINT('Ctrl Pts',(-17.9633514683259,2.32247935674173,-27.5));
#7559=CARTESIAN_POINT('Ctrl Pts',(-17.9633514683259,2.32247935674173,11.5));
#7560=CARTESIAN_POINT('Ctrl Pts',(-18.0250136778266,2.30729335016716,-27.5));
#7561=CARTESIAN_POINT('Ctrl Pts',(-18.0250136778266,2.30729335016716,11.5));
#7562=CARTESIAN_POINT('Ctrl Pts',(-18.0866631466136,2.29143826112639,-27.5));
#7563=CARTESIAN_POINT('Ctrl Pts',(-18.0866631466136,2.29143826112639,11.5));
#7564=CARTESIAN_POINT('Ctrl Pts',(-18.1482959670473,2.27493862417306,-27.5));
#7565=CARTESIAN_POINT('Ctrl Pts',(-18.1482959670473,2.27493862417306,11.5));
#7566=CARTESIAN_POINT('Ctrl Pts',(-18.2099079878553,2.25782577230719,-27.5));
#7567=CARTESIAN_POINT('Ctrl Pts',(-18.2099079878553,2.25782577230719,11.5));
#7568=CARTESIAN_POINT('Ctrl Pts',(-18.271495184924,2.24013002100689,-27.5));
#7569=CARTESIAN_POINT('Ctrl Pts',(-18.271495184924,2.24013002100689,11.5));
#7570=CARTESIAN_POINT('Ctrl Pts',(-18.3330540894789,2.22187166127139,-27.5));
#7571=CARTESIAN_POINT('Ctrl Pts',(-18.3330540894789,2.22187166127139,11.5));
#7572=CARTESIAN_POINT('Ctrl Pts',(-18.3945818357611,2.20305984325784,-27.5));
#7573=CARTESIAN_POINT('Ctrl Pts',(-18.3945818357611,2.20305984325784,11.5));
#7574=CARTESIAN_POINT('Ctrl Pts',(-18.4560759329709,2.18369717600781,-27.5));
#7575=CARTESIAN_POINT('Ctrl Pts',(-18.4560759329709,2.18369717600781,11.5));
#7576=CARTESIAN_POINT('Ctrl Pts',(-18.5175341143946,2.16378273550393,-27.5));
#7577=CARTESIAN_POINT('Ctrl Pts',(-18.5175341143946,2.16378273550393,11.5));
#7578=CARTESIAN_POINT('Ctrl Pts',(-18.5789541690281,2.14331544615367,-27.5));
#7579=CARTESIAN_POINT('Ctrl Pts',(-18.5789541690281,2.14331544615367,11.5));
#7580=CARTESIAN_POINT('Ctrl Pts',(-18.6403337467048,2.12229800967238,-27.5));
#7581=CARTESIAN_POINT('Ctrl Pts',(-18.6403337467048,2.12229800967238,11.5));
#7582=CARTESIAN_POINT('Ctrl Pts',(-18.701670340003,2.10073722081666,-27.5));
#7583=CARTESIAN_POINT('Ctrl Pts',(-18.701670340003,2.10073722081666,11.5));
#7584=CARTESIAN_POINT('Ctrl Pts',(-18.7629613736846,2.07864208577363,-27.5));
#7585=CARTESIAN_POINT('Ctrl Pts',(-18.7629613736846,2.07864208577363,11.5));
#7586=CARTESIAN_POINT('Ctrl Pts',(-18.8242042637587,2.05602257410862,-27.5));
#7587=CARTESIAN_POINT('Ctrl Pts',(-18.8242042637587,2.05602257410862,11.5));
#7588=CARTESIAN_POINT('Ctrl Pts',(-18.8853964834762,2.03288823094541,-27.5));
#7589=CARTESIAN_POINT('Ctrl Pts',(-18.8853964834762,2.03288823094541,11.5));
#7590=CARTESIAN_POINT('Ctrl Pts',(-18.9465356416829,2.00924655959882,-27.5));
#7591=CARTESIAN_POINT('Ctrl Pts',(-18.9465356416829,2.00924655959882,11.5));
#7592=CARTESIAN_POINT('Ctrl Pts',(-19.0076194830836,1.98510294601921,-27.5));
#7593=CARTESIAN_POINT('Ctrl Pts',(-19.0076194830836,1.98510294601921,11.5));
#7594=CARTESIAN_POINT('Ctrl Pts',(-19.0686458439518,1.96046147032859,-27.5));
#7595=CARTESIAN_POINT('Ctrl Pts',(-19.0686458439518,1.96046147032859,11.5));
#7596=CARTESIAN_POINT('Ctrl Pts',(-19.1296126209256,1.93532546659468,-27.5));
#7597=CARTESIAN_POINT('Ctrl Pts',(-19.1296126209256,1.93532546659468,11.5));
#7598=CARTESIAN_POINT('Ctrl Pts',(-19.1905177377962,1.90969813757778,-27.5));
#7599=CARTESIAN_POINT('Ctrl Pts',(-19.1905177377962,1.90969813757778,11.5));
#7600=CARTESIAN_POINT('Ctrl Pts',(-19.2513591063843,1.88358327892128,-27.5));
#7601=CARTESIAN_POINT('Ctrl Pts',(-19.2513591063843,1.88358327892128,11.5));
#7602=CARTESIAN_POINT('Ctrl Pts',(-19.3121346250468,1.8569853400874,-27.5));
#7603=CARTESIAN_POINT('Ctrl Pts',(-19.3121346250468,1.8569853400874,11.5));
#7604=CARTESIAN_POINT('Ctrl Pts',(-19.3728421998792,1.82990908127658,-27.5));
#7605=CARTESIAN_POINT('Ctrl Pts',(-19.3728421998792,1.82990908127658,11.5));
#7606=CARTESIAN_POINT('Ctrl Pts',(-19.433479760431,1.80235934887014,-27.5));
#7607=CARTESIAN_POINT('Ctrl Pts',(-19.433479760431,1.80235934887014,11.5));
#7608=CARTESIAN_POINT('Ctrl Pts',(-19.494045275888,1.77434082713572,-27.5));
#7609=CARTESIAN_POINT('Ctrl Pts',(-19.494045275888,1.77434082713572,11.5));
#7610=CARTESIAN_POINT('Ctrl Pts',(-19.5545367774001,1.74585774980005,-27.5));
#7611=CARTESIAN_POINT('Ctrl Pts',(-19.5545367774001,1.74585774980005,11.5));
#7612=CARTESIAN_POINT('Ctrl Pts',(-19.6149523527798,1.71691387090945,-27.5));
#7613=CARTESIAN_POINT('Ctrl Pts',(-19.6149523527798,1.71691387090945,11.5));
#7614=CARTESIAN_POINT('Ctrl Pts',(-19.6752901222455,1.68751262542087,-27.5));
#7615=CARTESIAN_POINT('Ctrl Pts',(-19.6752901222455,1.68751262542087,11.5));
#7616=CARTESIAN_POINT('Ctrl Pts',(-19.7355482189931,1.65765724116737,-27.5));
#7617=CARTESIAN_POINT('Ctrl Pts',(-19.7355482189931,1.65765724116737,11.5));
#7618=CARTESIAN_POINT('Ctrl Pts',(-19.7957247713539,1.62735086232833,-27.5));
#7619=CARTESIAN_POINT('Ctrl Pts',(-19.7957247713539,1.62735086232833,11.5));
#7620=CARTESIAN_POINT('Ctrl Pts',(-19.855817877538,1.59659669970028,-27.5));
#7621=CARTESIAN_POINT('Ctrl Pts',(-19.855817877538,1.59659669970028,11.5));
#7622=CARTESIAN_POINT('Ctrl Pts',(-19.9158256134473,1.5653980577817,-27.5));
#7623=CARTESIAN_POINT('Ctrl Pts',(-19.9158256134473,1.5653980577817,11.5));
#7624=CARTESIAN_POINT('Ctrl Pts',(-19.9757460699824,1.53375824412882,-27.5));
#7625=CARTESIAN_POINT('Ctrl Pts',(-19.9757460699824,1.53375824412882,11.5));
#7626=CARTESIAN_POINT('Ctrl Pts',(-20.0355773853755,1.50168051151148,-27.5));
#7627=CARTESIAN_POINT('Ctrl Pts',(-20.0355773853755,1.50168051151148,11.5));
#7628=CARTESIAN_POINT('Ctrl Pts',(-20.0953177744928,1.4691679964259,-27.5));
#7629=CARTESIAN_POINT('Ctrl Pts',(-20.0953177744928,1.4691679964259,11.5));
#7630=CARTESIAN_POINT('Ctrl Pts',(-20.1549655741383,1.43622364626835,-27.5));
#7631=CARTESIAN_POINT('Ctrl Pts',(-20.1549655741383,1.43622364626835,11.5));
#7632=CARTESIAN_POINT('Ctrl Pts',(-20.2145192320292,1.40285021227196,-27.5));
#7633=CARTESIAN_POINT('Ctrl Pts',(-20.2145192320292,1.40285021227196,11.5));
#7634=CARTESIAN_POINT('Ctrl Pts',(-20.273977220843,1.36905033317087,-27.5));
#7635=CARTESIAN_POINT('Ctrl Pts',(-20.273977220843,1.36905033317087,11.5));
#7636=CARTESIAN_POINT('Ctrl Pts',(-20.3333379672314,1.33482660251809,-27.5));
#7637=CARTESIAN_POINT('Ctrl Pts',(-20.3333379672314,1.33482660251809,11.5));
#7638=CARTESIAN_POINT('Ctrl Pts',(-20.3925997845181,1.3001816379204,-27.5));
#7639=CARTESIAN_POINT('Ctrl Pts',(-20.3925997845181,1.3001816379204,11.5));
#7640=CARTESIAN_POINT('Ctrl Pts',(-20.4517607827005,1.26511817113121,-27.5));
#7641=CARTESIAN_POINT('Ctrl Pts',(-20.4517607827005,1.26511817113121,11.5));
#7642=CARTESIAN_POINT('Ctrl Pts',(-20.5108188595386,1.22963907190492,-27.5));
#7643=CARTESIAN_POINT('Ctrl Pts',(-20.5108188595386,1.22963907190492,11.5));
#7644=CARTESIAN_POINT('Ctrl Pts',(-20.5697718801245,1.19374721183834,-27.5));
#7645=CARTESIAN_POINT('Ctrl Pts',(-20.5697718801245,1.19374721183834,11.5));
#7646=CARTESIAN_POINT('Ctrl Pts',(-20.6286178222211,1.15744536188769,-27.5));
#7647=CARTESIAN_POINT('Ctrl Pts',(-20.6286178222211,1.15744536188769,11.5));
#7648=CARTESIAN_POINT('Ctrl Pts',(-20.6873549298725,1.12073608157887,-27.5));
#7649=CARTESIAN_POINT('Ctrl Pts',(-20.6873549298725,1.12073608157887,11.5));
#7650=CARTESIAN_POINT('Ctrl Pts',(-20.7459818792352,1.08362160939547,-27.5));
#7651=CARTESIAN_POINT('Ctrl Pts',(-20.7459818792352,1.08362160939547,11.5));
#7652=CARTESIAN_POINT('Ctrl Pts',(-20.8044978967829,1.04610377071613,-27.5));
#7653=CARTESIAN_POINT('Ctrl Pts',(-20.8044978967829,1.04610377071613,11.5));
#7654=CARTESIAN_POINT('Ctrl Pts',(-20.8629026038651,1.00818398500762,-27.5));
#7655=CARTESIAN_POINT('Ctrl Pts',(-20.8629026038651,1.00818398500762,11.5));
#7656=CARTESIAN_POINT('Ctrl Pts',(-20.9095372382948,0.977527406780466,-27.5));
#7657=CARTESIAN_POINT('Ctrl Pts',(-20.9095372382948,0.977527406780466,11.5));
#7658=CARTESIAN_POINT('Ctrl Pts',(-20.9444630953301,0.954354822965221,-27.5));
#7659=CARTESIAN_POINT('Ctrl Pts',(-20.9444630953301,0.954354822965221,11.5));
#7660=CARTESIAN_POINT('Ctrl Pts',(-20.9677247324411,0.938826393607204,-27.5));
#7661=CARTESIAN_POINT('Ctrl Pts',(-20.9677247324411,0.938826393607204,11.5));
#7662=CARTESIAN_POINT('Ctrl Pts',(-20.9793499840996,0.93104216889175,-27.5));
#7663=CARTESIAN_POINT('Ctrl Pts',(-20.9793499840996,0.93104216889175,11.5));
#7664=CARTESIAN_POINT('Ctrl Pts',(-16.7349939182085,2.4574693925468,0.));
#7665=CARTESIAN_POINT('Ctrl Pts',(-16.7531419962052,2.46012401954747,0.));
#7666=CARTESIAN_POINT('Ctrl Pts',(-16.771330970475,2.46224907807961,-9.66661516498574E-16));
#7667=CARTESIAN_POINT('Ctrl Pts',(-16.7895588731432,2.46387361569229,-1.03934976383067E-15));
#7668=CARTESIAN_POINT('Ctrl Pts',(-16.8102251274076,2.46571546815206,-1.12176153817135E-15));
#7669=CARTESIAN_POINT('Ctrl Pts',(-16.8309413797491,2.46691468431916,1.57583297552426E-15));
#7670=CARTESIAN_POINT('Ctrl Pts',(-16.8517001128958,2.46758102312539,2.04289650447079E-15));
#7671=CARTESIAN_POINT('Ctrl Pts',(-16.8879660716695,2.46874513152765,2.85886665861282E-15));
#7672=CARTESIAN_POINT('Ctrl Pts',(-16.9243615250161,2.46828813596829,3.5527136788005E-15));
#7673=CARTESIAN_POINT('Ctrl Pts',(-16.9608310921014,2.4669945282563,3.5527136788005E-15));
#7674=CARTESIAN_POINT('Ctrl Pts',(-16.9819512497978,2.46624537763407,3.5527136788005E-15));
#7675=CARTESIAN_POINT('Ctrl Pts',(-17.0030960071532,2.46521872190634,3.5527136788005E-15));
#7676=CARTESIAN_POINT('Ctrl Pts',(-17.024256108063,2.46403587368656,3.5527136788005E-15));
#7677=CARTESIAN_POINT('Ctrl Pts',(-17.0441495935154,2.46292382918579,3.5527136788005E-15));
#7678=CARTESIAN_POINT('Ctrl Pts',(-17.0640566018994,2.46167423792226,3.5527136788005E-15));
#7679=CARTESIAN_POINT('Ctrl Pts',(-17.0839724221677,2.46033719546072,3.5527136788005E-15));
#7680=CARTESIAN_POINT('Ctrl Pts',(-17.1063169711554,2.45883710104441,3.5527136788005E-15));
#7681=CARTESIAN_POINT('Ctrl Pts',(-17.1286726460477,2.45722623537673,0.));
#7682=CARTESIAN_POINT('Ctrl Pts',(-17.1510366534758,2.45551167209303,0.));
#7683=CARTESIAN_POINT('Ctrl Pts',(-17.1792590889316,2.4533479654423,0.));
#7684=CARTESIAN_POINT('Ctrl Pts',(-17.2074948332615,2.45101790754907,-1.02819526626952E-15));
#7685=CARTESIAN_POINT('Ctrl Pts',(-17.2357437575879,2.44845097854736,9.60188928510907E-16));
#7686=CARTESIAN_POINT('Ctrl Pts',(-17.264194993999,2.44586566580998,2.96281345850574E-15));
#7687=CARTESIAN_POINT('Ctrl Pts',(-17.2926599571815,2.44303360136891,1.49720326452212E-15));
#7688=CARTESIAN_POINT('Ctrl Pts',(-17.3211399462438,2.43987315674056,1.9774840004262E-15));
#7689=CARTESIAN_POINT('Ctrl Pts',(-17.3477777779242,2.4369171376262,2.42669896937689E-15));
#7690=CARTESIAN_POINT('Ctrl Pts',(-17.3744288655123,2.43367209619962,2.08091599689288E-15));
#7691=CARTESIAN_POINT('Ctrl Pts',(-17.4010920180825,2.43012432225174,2.09426814263243E-15));
#7692=CARTESIAN_POINT('Ctrl Pts',(-17.4324659729748,2.42594973338736,2.10997932371072E-15));
#7693=CARTESIAN_POINT('Ctrl Pts',(-17.4638565429433,2.42135770513473,4.68994049441654E-16));
#7694=CARTESIAN_POINT('Ctrl Pts',(-17.4952584160311,2.41640210388459,1.68716881751157E-15));
#7695=CARTESIAN_POINT('Ctrl Pts',(-17.5322398518851,2.4105659791019,3.12179190252458E-15));
#7696=CARTESIAN_POINT('Ctrl Pts',(-17.5692366571117,2.40423183269841,-1.40891943276803E-15));
#7697=CARTESIAN_POINT('Ctrl Pts',(-17.6062387902278,2.39752617728671,1.01514735485989E-15));
#7698=CARTESIAN_POINT('Ctrl Pts',(-17.6378200961577,2.39180290305404,3.08408739608098E-15));
#7699=CARTESIAN_POINT('Ctrl Pts',(-17.6694051873888,2.38581122190527,0.));
#7700=CARTESIAN_POINT('Ctrl Pts',(-17.7009901095731,2.37958750989333,0.));
#7701=CARTESIAN_POINT('Ctrl Pts',(-17.7406932577289,2.37176412636092,0.));
#7702=CARTESIAN_POINT('Ctrl Pts',(-17.7803961993932,2.36357268041689,0.));
#7703=CARTESIAN_POINT('Ctrl Pts',(-17.8200956987304,2.35499813926708,0.));
#7704=CARTESIAN_POINT('Ctrl Pts',(-17.8625449391672,2.34582969218385,0.));
#7705=CARTESIAN_POINT('Ctrl Pts',(-17.9049905876834,2.33621622246484,0.));
#7706=CARTESIAN_POINT('Ctrl Pts',(-17.9474300823538,2.32611942467315,0.));
#7707=CARTESIAN_POINT('Ctrl Pts',(-17.9920803031189,2.3154966721187,0.));
#7708=CARTESIAN_POINT('Ctrl Pts',(-18.0367237729858,2.30433774086371,2.08587505407732E-15));
#7709=CARTESIAN_POINT('Ctrl Pts',(-18.0813545712496,2.29266669890535,2.09491772530345E-15));
#7710=CARTESIAN_POINT('Ctrl Pts',(-18.1431073111443,2.27651823536914,2.10742948278714E-15));
#7711=CARTESIAN_POINT('Ctrl Pts',(-18.2048352446808,2.25940001172421,2.0846251606295E-15));
#7712=CARTESIAN_POINT('Ctrl Pts',(-18.2665206849653,2.24143762497206,2.09497898520974E-15));
#7713=CARTESIAN_POINT('Ctrl Pts',(-18.3231931227526,2.2249349909465,2.10449138354358E-15));
#7714=CARTESIAN_POINT('Ctrl Pts',(-18.3798297524094,2.20771906293008,1.57269092110675E-15));
#7715=CARTESIAN_POINT('Ctrl Pts',(-18.4364214365819,2.18980629179458,2.0510537401376E-15));
#7716=CARTESIAN_POINT('Ctrl Pts',(-18.5012700991622,2.16927996768476,2.59921182194596E-15));
#7717=CARTESIAN_POINT('Ctrl Pts',(-18.5660601709891,2.14782973440671,2.01897059458714E-15));
#7718=CARTESIAN_POINT('Ctrl Pts',(-18.630779340238,2.1254666634024,2.09241103247422E-15));
#7719=CARTESIAN_POINT('Ctrl Pts',(-18.7251512335993,2.09285738586472,2.19950006425732E-15));
#7720=CARTESIAN_POINT('Ctrl Pts',(-18.8193717546524,2.05831758792655,0.));
#7721=CARTESIAN_POINT('Ctrl Pts',(-18.913399813224,2.02199352893312,0.));
#7722=CARTESIAN_POINT('Ctrl Pts',(-19.0388110932699,1.97354579105536,0.));
#7723=CARTESIAN_POINT('Ctrl Pts',(-19.1638803551203,1.92191598252521,2.20318755374203E-16));
#7724=CARTESIAN_POINT('Ctrl Pts',(-19.2885258126939,1.86725071807123,2.003842440958E-15));
#7725=CARTESIAN_POINT('Ctrl Pts',(-19.4033711204916,1.81688346647402,3.64713799799304E-15));
#7726=CARTESIAN_POINT('Ctrl Pts',(-19.5178561034198,1.76394787822011,-5.47342841491142E-15));
#7727=CARTESIAN_POINT('Ctrl Pts',(-19.6319207815843,1.70857185589357,1.30073486080062E-15));
#7728=CARTESIAN_POINT('Ctrl Pts',(-19.7910080410307,1.63133830934149,1.07487347843236E-14));
#7729=CARTESIAN_POINT('Ctrl Pts',(-19.9492784466489,1.54934759309201,-1.06072117842046E-14));
#7730=CARTESIAN_POINT('Ctrl Pts',(-20.1065782749083,1.46286496867111,9.32091270836219E-16));
#7731=CARTESIAN_POINT('Ctrl Pts',(-20.2438778759594,1.38737836476162,1.10042046570827E-14));
#7732=CARTESIAN_POINT('Ctrl Pts',(-20.3804430888425,1.30846660097123,-1.10490716598525E-14));
#7733=CARTESIAN_POINT('Ctrl Pts',(-20.5161766967301,1.2262777040803,4.70737300378963E-16));
#7734=CARTESIAN_POINT('Ctrl Pts',(-20.6147959887651,1.16656212626089,8.84062757086587E-15));
#7735=CARTESIAN_POINT('Ctrl Pts',(-20.7129707480843,1.10512019493925,-1.09773239081699E-18));
#7736=CARTESIAN_POINT('Ctrl Pts',(-20.8106752357981,1.04199702874401,1.41212291694228E-20));
#7737=CARTESIAN_POINT('Ctrl Pts',(-20.8670555864307,1.00557182119831,6.55716087437093E-19));
#7738=CARTESIAN_POINT('Ctrl Pts',(-20.9232805014694,0.968586083234057,2.50511861966703E-15));
#7739=CARTESIAN_POINT('Ctrl Pts',(-20.9793499840996,0.93104216889175,2.50511861966702E-15));
#7740=CARTESIAN_POINT('Ctrl Pts',(-18.6341711255608,9.68336882179497,-27.5));
#7741=CARTESIAN_POINT('Ctrl Pts',(-18.6341711255608,9.68336882179497,11.5));
#7742=CARTESIAN_POINT('Ctrl Pts',(-18.6279954746569,9.6708148596134,-27.5));
#7743=CARTESIAN_POINT('Ctrl Pts',(-18.6279954746569,9.6708148596134,11.5));
#7744=CARTESIAN_POINT('Ctrl Pts',(-18.6156145206641,9.64573602675299,-27.5));
#7745=CARTESIAN_POINT('Ctrl Pts',(-18.6156145206641,9.64573602675299,11.5));
#7746=CARTESIAN_POINT('Ctrl Pts',(-18.5969541331302,9.60820505197998,-27.5));
#7747=CARTESIAN_POINT('Ctrl Pts',(-18.5969541331302,9.60820505197998,11.5));
#7748=CARTESIAN_POINT('Ctrl Pts',(-18.5718956441315,9.55833835922735,-27.5));
#7749=CARTESIAN_POINT('Ctrl Pts',(-18.5718956441315,9.55833835922735,11.5));
#7750=CARTESIAN_POINT('Ctrl Pts',(-18.540275576952,9.4962965079566,-27.5));
#7751=CARTESIAN_POINT('Ctrl Pts',(-18.540275576952,9.4962965079566,11.5));
#7752=CARTESIAN_POINT('Ctrl Pts',(-18.508358138567,9.43454709779135,-27.5));
#7753=CARTESIAN_POINT('Ctrl Pts',(-18.508358138567,9.43454709779135,11.5));
#7754=CARTESIAN_POINT('Ctrl Pts',(-18.4761429471643,9.37309154735116,-27.5));
#7755=CARTESIAN_POINT('Ctrl Pts',(-18.4761429471643,9.37309154735116,11.5));
#7756=CARTESIAN_POINT('Ctrl Pts',(-18.4436297599477,9.31193182422333,-27.5));
#7757=CARTESIAN_POINT('Ctrl Pts',(-18.4436297599477,9.31193182422333,11.5));
#7758=CARTESIAN_POINT('Ctrl Pts',(-18.4108186041577,9.25107052891339,-27.5));
#7759=CARTESIAN_POINT('Ctrl Pts',(-18.4108186041577,9.25107052891339,11.5));
#7760=CARTESIAN_POINT('Ctrl Pts',(-18.3777097207339,9.19051075601375,-27.5));
#7761=CARTESIAN_POINT('Ctrl Pts',(-18.3777097207339,9.19051075601375,11.5));
#7762=CARTESIAN_POINT('Ctrl Pts',(-18.3443034755065,9.1302559163613,-27.5));
#7763=CARTESIAN_POINT('Ctrl Pts',(-18.3443034755065,9.1302559163613,11.5));
#7764=CARTESIAN_POINT('Ctrl Pts',(-18.310600281562,9.07030956428595,-27.5));
#7765=CARTESIAN_POINT('Ctrl Pts',(-18.310600281562,9.07030956428595,11.5));
#7766=CARTESIAN_POINT('Ctrl Pts',(-18.2766005246161,9.01067523618777,-27.5));
#7767=CARTESIAN_POINT('Ctrl Pts',(-18.2766005246161,9.01067523618777,11.5));
#7768=CARTESIAN_POINT('Ctrl Pts',(-18.2423044755825,8.95135624283597,-27.5));
#7769=CARTESIAN_POINT('Ctrl Pts',(-18.2423044755825,8.95135624283597,11.5));
#7770=CARTESIAN_POINT('Ctrl Pts',(-18.2077122863624,8.89235569448271,-27.5));
#7771=CARTESIAN_POINT('Ctrl Pts',(-18.2077122863624,8.89235569448271,11.5));
#7772=CARTESIAN_POINT('Ctrl Pts',(-18.1728240227388,8.83367662388487,-27.5));
#7773=CARTESIAN_POINT('Ctrl Pts',(-18.1728240227388,8.83367662388487,11.5));
#7774=CARTESIAN_POINT('Ctrl Pts',(-18.1376396880447,8.77532207991449,-27.5));
#7775=CARTESIAN_POINT('Ctrl Pts',(-18.1376396880447,8.77532207991449,11.5));
#7776=CARTESIAN_POINT('Ctrl Pts',(-18.10215925098,8.71729522135083,-27.5));
#7777=CARTESIAN_POINT('Ctrl Pts',(-18.10215925098,8.71729522135083,11.5));
#7778=CARTESIAN_POINT('Ctrl Pts',(-18.0663826782163,8.65959943231185,-27.5));
#7779=CARTESIAN_POINT('Ctrl Pts',(-18.0663826782163,8.65959943231185,11.5));
#7780=CARTESIAN_POINT('Ctrl Pts',(-18.030309947477,8.60223832164988,-27.5));
#7781=CARTESIAN_POINT('Ctrl Pts',(-18.030309947477,8.60223832164988,11.5));
#7782=CARTESIAN_POINT('Ctrl Pts',(-17.9939410447152,8.54521563723016,-27.5));
#7783=CARTESIAN_POINT('Ctrl Pts',(-17.9939410447152,8.54521563723016,11.5));
#7784=CARTESIAN_POINT('Ctrl Pts',(-17.9572759694815,8.48853519803009,-27.5));
#7785=CARTESIAN_POINT('Ctrl Pts',(-17.9572759694815,8.48853519803009,11.5));
#7786=CARTESIAN_POINT('Ctrl Pts',(-17.9203147358444,8.43220082787839,-27.5));
#7787=CARTESIAN_POINT('Ctrl Pts',(-17.9203147358444,8.43220082787839,11.5));
#7788=CARTESIAN_POINT('Ctrl Pts',(-17.8830573854041,8.37621625830133,-27.5));
#7789=CARTESIAN_POINT('Ctrl Pts',(-17.8830573854041,8.37621625830133,11.5));
#7790=CARTESIAN_POINT('Ctrl Pts',(-17.8455039669834,8.32058514807245,-27.5));
#7791=CARTESIAN_POINT('Ctrl Pts',(-17.8455039669834,8.32058514807245,11.5));
#7792=CARTESIAN_POINT('Ctrl Pts',(-17.8076544833656,8.26531122597931,-27.5));
#7793=CARTESIAN_POINT('Ctrl Pts',(-17.8076544833656,8.26531122597931,11.5));
#7794=CARTESIAN_POINT('Ctrl Pts',(-17.7695088450109,8.21039840667259,-27.5));
#7795=CARTESIAN_POINT('Ctrl Pts',(-17.7695088450109,8.21039840667259,11.5));
#7796=CARTESIAN_POINT('Ctrl Pts',(-17.731066830899,8.15585089734559,-27.5));
#7797=CARTESIAN_POINT('Ctrl Pts',(-17.731066830899,8.15585089734559,11.5));
#7798=CARTESIAN_POINT('Ctrl Pts',(-17.6923280292408,8.10167334893822,-27.5));
#7799=CARTESIAN_POINT('Ctrl Pts',(-17.6923280292408,8.10167334893822,11.5));
#7800=CARTESIAN_POINT('Ctrl Pts',(-17.6532918566393,8.04787083355245,-27.5));
#7801=CARTESIAN_POINT('Ctrl Pts',(-17.6532918566393,8.04787083355245,11.5));
#7802=CARTESIAN_POINT('Ctrl Pts',(-17.6139576829664,7.99444858350276,-27.5));
#7803=CARTESIAN_POINT('Ctrl Pts',(-17.6139576829664,7.99444858350276,11.5));
#7804=CARTESIAN_POINT('Ctrl Pts',(-17.5743249414962,7.94141176819591,-27.5));
#7805=CARTESIAN_POINT('Ctrl Pts',(-17.5743249414962,7.94141176819591,11.5));
#7806=CARTESIAN_POINT('Ctrl Pts',(-17.5343932275743,7.88876529180083,-27.5));
#7807=CARTESIAN_POINT('Ctrl Pts',(-17.5343932275743,7.88876529180083,11.5));
#7808=CARTESIAN_POINT('Ctrl Pts',(-17.4941624517951,7.83651348553077,-27.5));
#7809=CARTESIAN_POINT('Ctrl Pts',(-17.4941624517951,7.83651348553077,11.5));
#7810=CARTESIAN_POINT('Ctrl Pts',(-17.453632810828,7.78466016116182,-27.5));
#7811=CARTESIAN_POINT('Ctrl Pts',(-17.453632810828,7.78466016116182,11.5));
#7812=CARTESIAN_POINT('Ctrl Pts',(-17.4128044592041,7.73320925776238,-27.5));
#7813=CARTESIAN_POINT('Ctrl Pts',(-17.4128044592041,7.73320925776238,11.5));
#7814=CARTESIAN_POINT('Ctrl Pts',(-17.3716772307044,7.68216539068496,-27.5));
#7815=CARTESIAN_POINT('Ctrl Pts',(-17.3716772307044,7.68216539068496,11.5));
#7816=CARTESIAN_POINT('Ctrl Pts',(-17.3302503854967,7.63153435194701,-27.5));
#7817=CARTESIAN_POINT('Ctrl Pts',(-17.3302503854967,7.63153435194701,11.5));
#7818=CARTESIAN_POINT('Ctrl Pts',(-17.2885222427238,7.58132383518686,-27.5));
#7819=CARTESIAN_POINT('Ctrl Pts',(-17.2885222427238,7.58132383518686,11.5));
#7820=CARTESIAN_POINT('Ctrl Pts',(-17.2464902180529,7.53154337009878,-27.5));
#7821=CARTESIAN_POINT('Ctrl Pts',(-17.2464902180529,7.53154337009878,11.5));
#7822=CARTESIAN_POINT('Ctrl Pts',(-17.2041515645029,7.48220288257496,-27.5));
#7823=CARTESIAN_POINT('Ctrl Pts',(-17.2041515645029,7.48220288257496,11.5));
#7824=CARTESIAN_POINT('Ctrl Pts',(-17.1615040092019,7.43331145982139,-27.5));
#7825=CARTESIAN_POINT('Ctrl Pts',(-17.1615040092019,7.43331145982139,11.5));
#7826=CARTESIAN_POINT('Ctrl Pts',(-17.1185463262627,7.38487623998075,-27.5));
#7827=CARTESIAN_POINT('Ctrl Pts',(-17.1185463262627,7.38487623998075,11.5));
#7828=CARTESIAN_POINT('Ctrl Pts',(-17.0752792001313,7.33690073789036,-27.5));
#7829=CARTESIAN_POINT('Ctrl Pts',(-17.0752792001313,7.33690073789036,11.5));
#7830=CARTESIAN_POINT('Ctrl Pts',(-17.0317050833898,7.28938512756192,-27.5));
#7831=CARTESIAN_POINT('Ctrl Pts',(-17.0317050833898,7.28938512756192,11.5));
#7832=CARTESIAN_POINT('Ctrl Pts',(-16.9878264010786,7.24232974212969,-27.5));
#7833=CARTESIAN_POINT('Ctrl Pts',(-16.9878264010786,7.24232974212969,11.5));
#7834=CARTESIAN_POINT('Ctrl Pts',(-16.9436440057727,7.19573808648988,-27.5));
#7835=CARTESIAN_POINT('Ctrl Pts',(-16.9436440057727,7.19573808648988,11.5));
#7836=CARTESIAN_POINT('Ctrl Pts',(-16.8991558042135,7.14961951779043,-27.5));
#7837=CARTESIAN_POINT('Ctrl Pts',(-16.8991558042135,7.14961951779043,11.5));
#7838=CARTESIAN_POINT('Ctrl Pts',(-16.8543546549481,7.10399334293935,-27.5));
#7839=CARTESIAN_POINT('Ctrl Pts',(-16.8543546549481,7.10399334293935,11.5));
#7840=CARTESIAN_POINT('Ctrl Pts',(-16.8092288852223,7.0588878279677,-27.5));
#7841=CARTESIAN_POINT('Ctrl Pts',(-16.8092288852223,7.0588878279677,11.5));
#7842=CARTESIAN_POINT('Ctrl Pts',(-16.7637664236434,7.01433218368563,-27.5));
#7843=CARTESIAN_POINT('Ctrl Pts',(-16.7637664236434,7.01433218368563,11.5));
#7844=CARTESIAN_POINT('Ctrl Pts',(-16.7179583870496,6.9703496114597,-27.5));
#7845=CARTESIAN_POINT('Ctrl Pts',(-16.7179583870496,6.9703496114597,11.5));
#7846=CARTESIAN_POINT('Ctrl Pts',(-16.6718021888995,6.92695128171654,-27.5));
#7847=CARTESIAN_POINT('Ctrl Pts',(-16.6718021888995,6.92695128171654,11.5));
#7848=CARTESIAN_POINT('Ctrl Pts',(-16.6253065740023,6.88412656474417,-27.5));
#7849=CARTESIAN_POINT('Ctrl Pts',(-16.6253065740023,6.88412656474417,11.5));
#7850=CARTESIAN_POINT('Ctrl Pts',(-16.5784893672416,6.84184743873847,-27.5));
#7851=CARTESIAN_POINT('Ctrl Pts',(-16.5784893672416,6.84184743873847,11.5));
#7852=CARTESIAN_POINT('Ctrl Pts',(-16.5313676130638,6.80008770540386,-27.5));
#7853=CARTESIAN_POINT('Ctrl Pts',(-16.5313676130638,6.80008770540386,11.5));
#7854=CARTESIAN_POINT('Ctrl Pts',(-16.483948930396,6.75883983865991,-27.5));
#7855=CARTESIAN_POINT('Ctrl Pts',(-16.483948930396,6.75883983865991,11.5));
#7856=CARTESIAN_POINT('Ctrl Pts',(-16.4362240966974,6.71812944880289,-27.5));
#7857=CARTESIAN_POINT('Ctrl Pts',(-16.4362240966974,6.71812944880289,11.5));
#7858=CARTESIAN_POINT('Ctrl Pts',(-16.3881548195136,6.67803909545317,-27.5));
#7859=CARTESIAN_POINT('Ctrl Pts',(-16.3881548195136,6.67803909545317,11.5));
#7860=CARTESIAN_POINT('Ctrl Pts',(-16.3396817937835,6.63869269959348,-27.5));
#7861=CARTESIAN_POINT('Ctrl Pts',(-16.3396817937835,6.63869269959348,11.5));
#7862=CARTESIAN_POINT('Ctrl Pts',(-16.290747119825,6.60021209090997,-27.5));
#7863=CARTESIAN_POINT('Ctrl Pts',(-16.290747119825,6.60021209090997,11.5));
#7864=CARTESIAN_POINT('Ctrl Pts',(-16.2413143163433,6.56267817569862,-27.5));
#7865=CARTESIAN_POINT('Ctrl Pts',(-16.2413143163433,6.56267817569862,11.5));
#7866=CARTESIAN_POINT('Ctrl Pts',(-16.1913854339651,6.52609785451196,-27.5));
#7867=CARTESIAN_POINT('Ctrl Pts',(-16.1913854339651,6.52609785451196,11.5));
#7868=CARTESIAN_POINT('Ctrl Pts',(-16.1410293317459,6.49034896712809,-27.5));
#7869=CARTESIAN_POINT('Ctrl Pts',(-16.1410293317459,6.49034896712809,11.5));
#7870=CARTESIAN_POINT('Ctrl Pts',(-16.0903521201344,6.4552389723156,-27.5));
#7871=CARTESIAN_POINT('Ctrl Pts',(-16.0903521201344,6.4552389723156,11.5));
#7872=CARTESIAN_POINT('Ctrl Pts',(-16.039442944698,6.42061206213067,-27.5));
#7873=CARTESIAN_POINT('Ctrl Pts',(-16.039442944698,6.42061206213067,11.5));
#7874=CARTESIAN_POINT('Ctrl Pts',(-15.9883252735785,6.38644556832088,-27.5));
#7875=CARTESIAN_POINT('Ctrl Pts',(-15.9883252735785,6.38644556832088,11.5));
#7876=CARTESIAN_POINT('Ctrl Pts',(-15.936911149952,6.35294028906404,-27.5));
#7877=CARTESIAN_POINT('Ctrl Pts',(-15.936911149952,6.35294028906404,11.5));
#7878=CARTESIAN_POINT('Ctrl Pts',(-15.8849401177533,6.32064160720157,-27.5));
#7879=CARTESIAN_POINT('Ctrl Pts',(-15.8849401177533,6.32064160720157,11.5));
#7880=CARTESIAN_POINT('Ctrl Pts',(-15.8320483941676,6.29029940790353,-27.5));
#7881=CARTESIAN_POINT('Ctrl Pts',(-15.8320483941676,6.29029940790353,11.5));
#7882=CARTESIAN_POINT('Ctrl Pts',(-15.7887006723502,6.2682010577258,-27.5));
#7883=CARTESIAN_POINT('Ctrl Pts',(-15.7887006723502,6.2682010577258,11.5));
#7884=CARTESIAN_POINT('Ctrl Pts',(-15.7554753704825,6.25312195649747,-27.5));
#7885=CARTESIAN_POINT('Ctrl Pts',(-15.7554753704825,6.25312195649747,11.5));
#7886=CARTESIAN_POINT('Ctrl Pts',(-15.7329905946487,6.24376818116204,-27.5));
#7887=CARTESIAN_POINT('Ctrl Pts',(-15.7329905946487,6.24376818116204,11.5));
#7888=CARTESIAN_POINT('Ctrl Pts',(-15.72166456162,6.23926603613602,-27.5));
#7889=CARTESIAN_POINT('Ctrl Pts',(-15.72166456162,6.23926603613602,11.5));
#7890=CARTESIAN_POINT('',(-18.6341711255608,9.68336882179496,-5.55111512312578E-16));
#7891=CARTESIAN_POINT('Ctrl Pts',(-18.6341711255608,9.68336882179497,0.));
#7892=CARTESIAN_POINT('Ctrl Pts',(-18.5820365152187,9.57738874993345,0.));
#7893=CARTESIAN_POINT('Ctrl Pts',(-18.5286346642938,9.47264874265689,-8.29877325290185E-15));
#7894=CARTESIAN_POINT('Ctrl Pts',(-18.4739584095027,9.36917028991879,3.38681408352357E-16));
#7895=CARTESIAN_POINT('Ctrl Pts',(-18.3798428616159,9.19105034898397,1.52065391447238E-14));
#7896=CARTESIAN_POINT('Ctrl Pts',(-18.2819504398607,9.01667403520081,1.57094589360555E-15));
#7897=CARTESIAN_POINT('Ctrl Pts',(-18.1803113533764,8.84640559143269,2.08526377832846E-15));
#7898=CARTESIAN_POINT('Ctrl Pts',(-18.0983944478754,8.70917625869837,2.49978274950065E-15));
#7899=CARTESIAN_POINT('Ctrl Pts',(-18.0140406992652,8.57460739575988,1.80485699186922E-15));
#7900=CARTESIAN_POINT('Ctrl Pts',(-17.9272494578033,8.44290918560994,2.08926317594123E-15));
#7901=CARTESIAN_POINT('Ctrl Pts',(-17.8565451216142,8.33562146430175,2.32095418662622E-15));
#7902=CARTESIAN_POINT('Ctrl Pts',(-17.7842248414889,8.23023748273826,-6.91263824403796E-16));
#7903=CARTESIAN_POINT('Ctrl Pts',(-17.7102839327712,8.12688433607503,1.91934108104215E-15));
#7904=CARTESIAN_POINT('Ctrl Pts',(-17.6401078620585,8.02879360586345,4.39702221351431E-15));
#7905=CARTESIAN_POINT('Ctrl Pts',(-17.5684685063671,7.93253889930895,2.09403629166975E-15));
#7906=CARTESIAN_POINT('Ctrl Pts',(-17.49535617981,7.83824858724607,2.09518511200617E-15));
#7907=CARTESIAN_POINT('Ctrl Pts',(-17.4435598363582,7.77144872438068,2.09599899244894E-15));
#7908=CARTESIAN_POINT('Ctrl Pts',(-17.3910269069364,7.70562964357592,3.63359242622926E-15));
#7909=CARTESIAN_POINT('Ctrl Pts',(-17.3377526246387,7.64084166883715,1.66001183399176E-15));
#7910=CARTESIAN_POINT('Ctrl Pts',(-17.2786132327072,7.56892101096495,-5.30845576351006E-16));
#7911=CARTESIAN_POINT('Ctrl Pts',(-17.2185570262506,7.49827715538919,-6.67031825280495E-15));
#7912=CARTESIAN_POINT('Ctrl Pts',(-17.1575548000013,7.42902700556232,4.66579379351831E-16));
#7913=CARTESIAN_POINT('Ctrl Pts',(-17.1041778520332,7.36843312446381,6.71136480748901E-15));
#7914=CARTESIAN_POINT('Ctrl Pts',(-17.0500774449095,7.30890469400303,1.97759742646922E-15));
#7915=CARTESIAN_POINT('Ctrl Pts',(-16.9952698742294,7.25045352876326,2.09118208570115E-15));
#7916=CARTESIAN_POINT('Ctrl Pts',(-16.9604681941835,7.21333824111695,2.16330600799264E-15));
#7917=CARTESIAN_POINT('Ctrl Pts',(-16.9253827289941,7.17665475585975,-2.38275966043058E-15));
#7918=CARTESIAN_POINT('Ctrl Pts',(-16.8900027731945,7.14043583640821,9.92880894291558E-16));
#7919=CARTESIAN_POINT('Ctrl Pts',(-16.845671780844,7.09505362478963,5.22254970613025E-15));
#7920=CARTESIAN_POINT('Ctrl Pts',(-16.800874198946,7.05040892669015,-3.44860816380525E-15));
#7921=CARTESIAN_POINT('Ctrl Pts',(-16.7555639001686,7.00661679102268,8.77348731903119E-16));
#7922=CARTESIAN_POINT('Ctrl Pts',(-16.724856689477,6.97693845358358,3.80908993476872E-15));
#7923=CARTESIAN_POINT('Ctrl Pts',(-16.693913190325,6.94765329165477,0.));
#7924=CARTESIAN_POINT('Ctrl Pts',(-16.6627403480149,6.91875640846897,0.));
#7925=CARTESIAN_POINT('Ctrl Pts',(-16.6263892583447,6.88505934673089,0.));
#7926=CARTESIAN_POINT('Ctrl Pts',(-16.589730213363,6.85188261581953,0.));
#7927=CARTESIAN_POINT('Ctrl Pts',(-16.55279644402,6.81917656501457,0.));
#7928=CARTESIAN_POINT('Ctrl Pts',(-16.5280443526547,6.79725778520617,0.));
#7929=CARTESIAN_POINT('Ctrl Pts',(-16.5031693928443,6.77554942246572,-1.93771738672691E-15));
#7930=CARTESIAN_POINT('Ctrl Pts',(-16.4781664744034,6.75406633813303,6.11996126948379E-16));
#7931=CARTESIAN_POINT('Ctrl Pts',(-16.4512452856953,6.73093503173298,3.35732838947846E-15));
#7932=CARTESIAN_POINT('Ctrl Pts',(-16.4241759807737,6.70806443380394,2.0264519009078E-15));
#7933=CARTESIAN_POINT('Ctrl Pts',(-16.3969202458261,6.6855358324827,2.08987156581287E-15));
#7934=CARTESIAN_POINT('Ctrl Pts',(-16.3704412111886,6.66364922344908,2.15148397534634E-15));
#7935=CARTESIAN_POINT('Ctrl Pts',(-16.343783291701,6.64209107939228,7.43179217470695E-16));
#7936=CARTESIAN_POINT('Ctrl Pts',(-16.3169075096501,6.62094417203908,1.8022310676211E-15));
#7937=CARTESIAN_POINT('Ctrl Pts',(-16.2950188320912,6.60372131186161,2.66476390191104E-15));
#7938=CARTESIAN_POINT('Ctrl Pts',(-16.2729850296231,6.58677243241493,2.03049530284409E-15));
#7939=CARTESIAN_POINT('Ctrl Pts',(-16.2508018393666,6.570110074749,2.0886799614877E-15));
#7940=CARTESIAN_POINT('Ctrl Pts',(-16.2291965853524,6.55388181967449,2.14534874155012E-15));
#7941=CARTESIAN_POINT('Ctrl Pts',(-16.2074493140713,6.53792594551062,-1.55022941275545E-15));
#7942=CARTESIAN_POINT('Ctrl Pts',(-16.1855830349583,6.52220213363619,5.81151895657158E-16));
#7943=CARTESIAN_POINT('Ctrl Pts',(-16.1606415988128,6.50426700860639,3.01227931932671E-15));
#7944=CARTESIAN_POINT('Ctrl Pts',(-16.1355480015931,6.48662846750121,1.54471418860264E-15));
#7945=CARTESIAN_POINT('Ctrl Pts',(-16.1103555782917,6.46919122363804,1.99753693905459E-15));
#7946=CARTESIAN_POINT('Ctrl Pts',(-16.0915254293119,6.45615770575001,2.33600060134179E-15));
#7947=CARTESIAN_POINT('Ctrl Pts',(-16.0726408793229,6.44323509814961,1.93188473794303E-15));
#7948=CARTESIAN_POINT('Ctrl Pts',(-16.0537119978152,6.43040870981717,2.06807104386999E-15));
#7949=CARTESIAN_POINT('Ctrl Pts',(-16.0367681667909,6.41892741038233,2.18997564528588E-15));
#7950=CARTESIAN_POINT('Ctrl Pts',(-16.0197891122175,6.40752263080546,1.9424282586573E-15));
#7951=CARTESIAN_POINT('Ctrl Pts',(-16.0027649930458,6.39621813385818,2.06718520618445E-15));
#7952=CARTESIAN_POINT('Ctrl Pts',(-15.9858373436449,6.38497769556898,2.1912351994189E-15));
#7953=CARTESIAN_POINT('Ctrl Pts',(-15.9688655127697,6.37383567139984,3.5527136788005E-15));
#7954=CARTESIAN_POINT('Ctrl Pts',(-15.9518156932591,6.36286366268572,3.5527136788005E-15));
#7955=CARTESIAN_POINT('Ctrl Pts',(-15.9304879321732,6.34913868569452,3.5527136788005E-15));
#7956=CARTESIAN_POINT('Ctrl Pts',(-15.9090377163947,6.33568064796648,3.5527136788005E-15));
#7957=CARTESIAN_POINT('Ctrl Pts',(-15.8873576222306,6.32271156609282,3.5527136788005E-15));
#7958=CARTESIAN_POINT('Ctrl Pts',(-15.8652889774849,6.30951005237334,3.5527136788005E-15));
#7959=CARTESIAN_POINT('Ctrl Pts',(-15.8429790043844,6.29682151950563,5.78612815498641E-17));
#7960=CARTESIAN_POINT('Ctrl Pts',(-15.8203084714112,6.2848903408317,-8.8800820571736E-18));
#7961=CARTESIAN_POINT('Ctrl Pts',(-15.8034450827251,6.27601537950193,-5.85253884679193E-17));
#7962=CARTESIAN_POINT('Ctrl Pts',(-15.7863818067529,6.26756021272282,-1.34787034541919E-16));
#7963=CARTESIAN_POINT('Ctrl Pts',(-15.7690830011835,6.25959763544025,2.89836724069686E-17));
#7964=CARTESIAN_POINT('Ctrl Pts',(-15.7534722176015,6.25241204853859,1.76773590792222E-16));
#7965=CARTESIAN_POINT('Ctrl Pts',(-15.7376694146164,6.24562803147254,1.04759505913348E-15));
#7966=CARTESIAN_POINT('Ctrl Pts',(-15.72166456162,6.23926603613602,1.04759505913348E-15));
#7967=CARTESIAN_POINT('',(-18.6341711255608,9.68336882179496,0.));
#7968=CARTESIAN_POINT('Origin',(-4.23398735699579E-14,2.4364813957804E-14,
0.));
#7969=CARTESIAN_POINT('',(-17.703128956669,11.2959811623046,-5.55111512312578E-16));
#7970=CARTESIAN_POINT('Origin',(-4.23398735699579E-14,2.4364813957804E-14,
-5.55111512312578E-16));
#7971=CARTESIAN_POINT('',(-17.703128956669,11.2959811623046,0.));
#7972=CARTESIAN_POINT('Ctrl Pts',(-13.2641951690732,10.4957278820725,-27.5));
#7973=CARTESIAN_POINT('Ctrl Pts',(-13.2641951690732,10.4957278820725,11.5));
#7974=CARTESIAN_POINT('Ctrl Pts',(-13.2737571575516,10.5032854418864,-27.5));
#7975=CARTESIAN_POINT('Ctrl Pts',(-13.2737571575516,10.5032854418864,11.5));
#7976=CARTESIAN_POINT('Ctrl Pts',(-13.2931001525303,10.5180809412892,-27.5));
#7977=CARTESIAN_POINT('Ctrl Pts',(-13.2931001525303,10.5180809412892,11.5));
#7978=CARTESIAN_POINT('Ctrl Pts',(-13.3227716881941,10.5393153461408,-27.5));
#7979=CARTESIAN_POINT('Ctrl Pts',(-13.3227716881941,10.5393153461408,11.5));
#7980=CARTESIAN_POINT('Ctrl Pts',(-13.3635832817385,10.5658063993421,-27.5));
#7981=CARTESIAN_POINT('Ctrl Pts',(-13.3635832817385,10.5658063993421,11.5));
#7982=CARTESIAN_POINT('Ctrl Pts',(-13.4163062589301,10.5964408759681,-27.5));
#7983=CARTESIAN_POINT('Ctrl Pts',(-13.4163062589301,10.5964408759681,11.5));
#7984=CARTESIAN_POINT('Ctrl Pts',(-13.4702632540311,10.6252997691819,-27.5));
#7985=CARTESIAN_POINT('Ctrl Pts',(-13.4702632540311,10.6252997691819,11.5));
#7986=CARTESIAN_POINT('Ctrl Pts',(-13.5249867388417,10.6530730667274,-27.5));
#7987=CARTESIAN_POINT('Ctrl Pts',(-13.5249867388417,10.6530730667274,11.5));
#7988=CARTESIAN_POINT('Ctrl Pts',(-13.580134625999,10.6802590215943,-27.5));
#7989=CARTESIAN_POINT('Ctrl Pts',(-13.580134625999,10.6802590215943,11.5));
#7990=CARTESIAN_POINT('Ctrl Pts',(-13.6355769975918,10.7070342057154,-27.5));
#7991=CARTESIAN_POINT('Ctrl Pts',(-13.6355769975918,10.7070342057154,11.5));
#7992=CARTESIAN_POINT('Ctrl Pts',(-13.691321750832,10.7333669609577,-27.5));
#7993=CARTESIAN_POINT('Ctrl Pts',(-13.691321750832,10.7333669609577,11.5));
#7994=CARTESIAN_POINT('Ctrl Pts',(-13.747459246573,10.7591021810231,-27.5));
#7995=CARTESIAN_POINT('Ctrl Pts',(-13.747459246573,10.7591021810231,11.5));
#7996=CARTESIAN_POINT('Ctrl Pts',(-13.8041031751884,10.7840517009519,-27.5));
#7997=CARTESIAN_POINT('Ctrl Pts',(-13.8041031751884,10.7840517009519,11.5));
#7998=CARTESIAN_POINT('Ctrl Pts',(-13.8613249010058,10.8080948069417,-27.5));
#7999=CARTESIAN_POINT('Ctrl Pts',(-13.8613249010058,10.8080948069417,11.5));
#8000=CARTESIAN_POINT('Ctrl Pts',(-13.919117422658,10.8312331733738,-27.5));
#8001=CARTESIAN_POINT('Ctrl Pts',(-13.919117422658,10.8312331733738,11.5));
#8002=CARTESIAN_POINT('Ctrl Pts',(-13.9774289138849,10.8535388471246,-27.5));
#8003=CARTESIAN_POINT('Ctrl Pts',(-13.9774289138849,10.8535388471246,11.5));
#8004=CARTESIAN_POINT('Ctrl Pts',(-14.0361828169243,10.8751228856325,-27.5));
#8005=CARTESIAN_POINT('Ctrl Pts',(-14.0361828169243,10.8751228856325,11.5));
#8006=CARTESIAN_POINT('Ctrl Pts',(-14.0953014655878,10.8960986090783,-27.5));
#8007=CARTESIAN_POINT('Ctrl Pts',(-14.0953014655878,10.8960986090783,11.5));
#8008=CARTESIAN_POINT('Ctrl Pts',(-14.1547325073739,10.9165404595107,-27.5));
#8009=CARTESIAN_POINT('Ctrl Pts',(-14.1547325073739,10.9165404595107,11.5));
#8010=CARTESIAN_POINT('Ctrl Pts',(-14.2144583743858,10.9364692290322,-27.5));
#8011=CARTESIAN_POINT('Ctrl Pts',(-14.2144583743858,10.9364692290322,11.5));
#8012=CARTESIAN_POINT('Ctrl Pts',(-14.2744817749369,10.9558745564183,-27.5));
#8013=CARTESIAN_POINT('Ctrl Pts',(-14.2744817749369,10.9558745564183,11.5));
#8014=CARTESIAN_POINT('Ctrl Pts',(-14.3348168751934,10.9747285815977,-27.5));
#8015=CARTESIAN_POINT('Ctrl Pts',(-14.3348168751934,10.9747285815977,11.5));
#8016=CARTESIAN_POINT('Ctrl Pts',(-14.3954790303079,10.9930018568663,-27.5));
#8017=CARTESIAN_POINT('Ctrl Pts',(-14.3954790303079,10.9930018568663,11.5));
#8018=CARTESIAN_POINT('Ctrl Pts',(-14.4564730734762,11.010681494141,-27.5));
#8019=CARTESIAN_POINT('Ctrl Pts',(-14.4564730734762,11.010681494141,11.5));
#8020=CARTESIAN_POINT('Ctrl Pts',(-14.5177906240959,11.0277753186459,-27.5));
#8021=CARTESIAN_POINT('Ctrl Pts',(-14.5177906240959,11.0277753186459,11.5));
#8022=CARTESIAN_POINT('Ctrl Pts',(-14.5794160307751,11.0443026241079,-27.5));
#8023=CARTESIAN_POINT('Ctrl Pts',(-14.5794160307751,11.0443026241079,11.5));
#8024=CARTESIAN_POINT('Ctrl Pts',(-14.6413300319063,11.0602884700649,-27.5));
#8025=CARTESIAN_POINT('Ctrl Pts',(-14.6413300319063,11.0602884700649,11.5));
#8026=CARTESIAN_POINT('Ctrl Pts',(-14.7035139847658,11.0757570984341,-27.5));
#8027=CARTESIAN_POINT('Ctrl Pts',(-14.7035139847658,11.0757570984341,11.5));
#8028=CARTESIAN_POINT('Ctrl Pts',(-14.7659547398072,11.0907243473492,-27.5));
#8029=CARTESIAN_POINT('Ctrl Pts',(-14.7659547398072,11.0907243473492,11.5));
#8030=CARTESIAN_POINT('Ctrl Pts',(-14.828645240132,11.1051967081992,-27.5));
#8031=CARTESIAN_POINT('Ctrl Pts',(-14.828645240132,11.1051967081992,11.5));
#8032=CARTESIAN_POINT('Ctrl Pts',(-14.8915820241235,11.1191751950806,-27.5));
#8033=CARTESIAN_POINT('Ctrl Pts',(-14.8915820241235,11.1191751950806,11.5));
#8034=CARTESIAN_POINT('Ctrl Pts',(-14.9547635907588,11.1326578744139,-27.5));
#8035=CARTESIAN_POINT('Ctrl Pts',(-14.9547635907588,11.1326578744139,11.5));
#8036=CARTESIAN_POINT('Ctrl Pts',(-15.0181885630483,11.1456427092067,-27.5));
#8037=CARTESIAN_POINT('Ctrl Pts',(-15.0181885630483,11.1456427092067,11.5));
#8038=CARTESIAN_POINT('Ctrl Pts',(-15.0818535548305,11.1581308641298,-27.5));
#8039=CARTESIAN_POINT('Ctrl Pts',(-15.0818535548305,11.1581308641298,11.5));
#8040=CARTESIAN_POINT('Ctrl Pts',(-15.1457529972363,11.1701269699043,-27.5));
#8041=CARTESIAN_POINT('Ctrl Pts',(-15.1457529972363,11.1701269699043,11.5));
#8042=CARTESIAN_POINT('Ctrl Pts',(-15.2098801569502,11.1816375384977,-27.5));
#8043=CARTESIAN_POINT('Ctrl Pts',(-15.2098801569502,11.1816375384977,11.5));
#8044=CARTESIAN_POINT('Ctrl Pts',(-15.2742278113881,11.1926699118117,-27.5));
#8045=CARTESIAN_POINT('Ctrl Pts',(-15.2742278113881,11.1926699118117,11.5));
#8046=CARTESIAN_POINT('Ctrl Pts',(-15.338788999759,11.2032310927912,-27.5));
#8047=CARTESIAN_POINT('Ctrl Pts',(-15.338788999759,11.2032310927912,11.5));
#8048=CARTESIAN_POINT('Ctrl Pts',(-15.4035578996053,11.2133263839205,-27.5));
#8049=CARTESIAN_POINT('Ctrl Pts',(-15.4035578996053,11.2133263839205,11.5));
#8050=CARTESIAN_POINT('Ctrl Pts',(-15.4685298648088,11.2229593219217,-27.5));
#8051=CARTESIAN_POINT('Ctrl Pts',(-15.4685298648088,11.2229593219217,11.5));
#8052=CARTESIAN_POINT('Ctrl Pts',(-15.5337009814665,11.2321323584211,-27.5));
#8053=CARTESIAN_POINT('Ctrl Pts',(-15.5337009814665,11.2321323584211,11.5));
#8054=CARTESIAN_POINT('Ctrl Pts',(-15.5990677609796,11.2408473291248,-27.5));
#8055=CARTESIAN_POINT('Ctrl Pts',(-15.5990677609796,11.2408473291248,11.5));
#8056=CARTESIAN_POINT('Ctrl Pts',(-15.6646268039185,11.2491059696003,-27.5));
#8057=CARTESIAN_POINT('Ctrl Pts',(-15.6646268039185,11.2491059696003,11.5));
#8058=CARTESIAN_POINT('Ctrl Pts',(-15.7303744040451,11.2569105228816,-27.5));
#8059=CARTESIAN_POINT('Ctrl Pts',(-15.7303744040451,11.2569105228816,11.5));
#8060=CARTESIAN_POINT('Ctrl Pts',(-15.7963065165519,11.2642637914944,-27.5));
#8061=CARTESIAN_POINT('Ctrl Pts',(-15.7963065165519,11.2642637914944,11.5));
#8062=CARTESIAN_POINT('Ctrl Pts',(-15.8624189479643,11.2711688509409,-27.5));
#8063=CARTESIAN_POINT('Ctrl Pts',(-15.8624189479643,11.2711688509409,11.5));
#8064=CARTESIAN_POINT('Ctrl Pts',(-15.9287074820289,11.2776288630854,-27.5));
#8065=CARTESIAN_POINT('Ctrl Pts',(-15.9287074820289,11.2776288630854,11.5));
#8066=CARTESIAN_POINT('Ctrl Pts',(-15.9951680178752,11.2836468692154,-27.5));
#8067=CARTESIAN_POINT('Ctrl Pts',(-15.9951680178752,11.2836468692154,11.5));
#8068=CARTESIAN_POINT('Ctrl Pts',(-16.0617967335656,11.2892255514209,-27.5));
#8069=CARTESIAN_POINT('Ctrl Pts',(-16.0617967335656,11.2892255514209,11.5));
#8070=CARTESIAN_POINT('Ctrl Pts',(-16.1285900960739,11.2943672047074,-27.5));
#8071=CARTESIAN_POINT('Ctrl Pts',(-16.1285900960739,11.2943672047074,11.5));
#8072=CARTESIAN_POINT('Ctrl Pts',(-16.1955447599832,11.2990738639442,-27.5));
#8073=CARTESIAN_POINT('Ctrl Pts',(-16.1955447599832,11.2990738639442,11.5));
#8074=CARTESIAN_POINT('Ctrl Pts',(-16.2626574946771,11.3033473911147,-27.5));
#8075=CARTESIAN_POINT('Ctrl Pts',(-16.2626574946771,11.3033473911147,11.5));
#8076=CARTESIAN_POINT('Ctrl Pts',(-16.3299251071532,11.3071895733238,-27.5));
#8077=CARTESIAN_POINT('Ctrl Pts',(-16.3299251071532,11.3071895733238,11.5));
#8078=CARTESIAN_POINT('Ctrl Pts',(-16.397344345015,11.3106022403078,-27.5));
#8079=CARTESIAN_POINT('Ctrl Pts',(-16.397344345015,11.3106022403078,11.5));
#8080=CARTESIAN_POINT('Ctrl Pts',(-16.4649118896953,11.3135872917974,-27.5));
#8081=CARTESIAN_POINT('Ctrl Pts',(-16.4649118896953,11.3135872917974,11.5));
#8082=CARTESIAN_POINT('Ctrl Pts',(-16.5326244340875,11.3161466376706,-27.5));
#8083=CARTESIAN_POINT('Ctrl Pts',(-16.5326244340875,11.3161466376706,11.5));
#8084=CARTESIAN_POINT('Ctrl Pts',(-16.6004787394685,11.3182821640247,-27.5));
#8085=CARTESIAN_POINT('Ctrl Pts',(-16.6004787394685,11.3182821640247,11.5));
#8086=CARTESIAN_POINT('Ctrl Pts',(-16.6684716916188,11.3199956945783,-27.5));
#8087=CARTESIAN_POINT('Ctrl Pts',(-16.6684716916188,11.3199956945783,11.5));
#8088=CARTESIAN_POINT('Ctrl Pts',(-16.7366003764704,11.3212889502535,-27.5));
#8089=CARTESIAN_POINT('Ctrl Pts',(-16.7366003764704,11.3212889502535,11.5));
#8090=CARTESIAN_POINT('Ctrl Pts',(-16.8048620740904,11.3221635375465,-27.5));
#8091=CARTESIAN_POINT('Ctrl Pts',(-16.8048620740904,11.3221635375465,11.5));
#8092=CARTESIAN_POINT('Ctrl Pts',(-16.8732541424116,11.322620978007,-27.5));
#8093=CARTESIAN_POINT('Ctrl Pts',(-16.8732541424116,11.322620978007,11.5));
#8094=CARTESIAN_POINT('Ctrl Pts',(-16.941773922098,11.3226627310436,-27.5));
#8095=CARTESIAN_POINT('Ctrl Pts',(-16.941773922098,11.3226627310436,11.5));
#8096=CARTESIAN_POINT('Ctrl Pts',(-17.0104186436416,11.3222902202322,-27.5));
#8097=CARTESIAN_POINT('Ctrl Pts',(-17.0104186436416,11.3222902202322,11.5));
#8098=CARTESIAN_POINT('Ctrl Pts',(-17.0791853043753,11.3215048663392,-27.5));
#8099=CARTESIAN_POINT('Ctrl Pts',(-17.0791853043753,11.3215048663392,11.5));
#8100=CARTESIAN_POINT('Ctrl Pts',(-17.148070648829,11.3203081035249,-27.5));
#8101=CARTESIAN_POINT('Ctrl Pts',(-17.148070648829,11.3203081035249,11.5));
#8102=CARTESIAN_POINT('Ctrl Pts',(-17.2170713923194,11.3187013512111,-27.5));
#8103=CARTESIAN_POINT('Ctrl Pts',(-17.2170713923194,11.3187013512111,11.5));
#8104=CARTESIAN_POINT('Ctrl Pts',(-17.28618439806,11.3166859979977,-27.5));
#8105=CARTESIAN_POINT('Ctrl Pts',(-17.28618439806,11.3166859979977,11.5));
#8106=CARTESIAN_POINT('Ctrl Pts',(-17.3554068655854,11.3142633825214,-27.5));
#8107=CARTESIAN_POINT('Ctrl Pts',(-17.3554068655854,11.3142633825214,11.5));
#8108=CARTESIAN_POINT('Ctrl Pts',(-17.4247365291716,11.3114347814439,-27.5));
#8109=CARTESIAN_POINT('Ctrl Pts',(-17.4247365291716,11.3114347814439,11.5));
#8110=CARTESIAN_POINT('Ctrl Pts',(-17.4941718062359,11.3082013888263,-27.5));
#8111=CARTESIAN_POINT('Ctrl Pts',(-17.4941718062359,11.3082013888263,11.5));
#8112=CARTESIAN_POINT('Ctrl Pts',(-17.5637116591239,11.3045642446378,-27.5));
#8113=CARTESIAN_POINT('Ctrl Pts',(-17.5637116591239,11.3045642446378,11.5));
#8114=CARTESIAN_POINT('Ctrl Pts',(-17.6194267263497,11.3013321863148,-27.5));
#8115=CARTESIAN_POINT('Ctrl Pts',(-17.6194267263497,11.3013321863148,11.5));
#8116=CARTESIAN_POINT('Ctrl Pts',(-17.6612596976989,11.2987270685771,-27.5));
#8117=CARTESIAN_POINT('Ctrl Pts',(-17.6612596976989,11.2987270685771,11.5));
#8118=CARTESIAN_POINT('Ctrl Pts',(-17.6891690810497,11.2969098728277,-27.5));
#8119=CARTESIAN_POINT('Ctrl Pts',(-17.6891690810497,11.2969098728277,11.5));
#8120=CARTESIAN_POINT('Ctrl Pts',(-17.703128956669,11.2959811623046,-27.5));
#8121=CARTESIAN_POINT('Ctrl Pts',(-17.703128956669,11.2959811623046,11.5));
#8122=CARTESIAN_POINT('Ctrl Pts',(-13.2641951690732,10.4957278820725,0.));
#8123=CARTESIAN_POINT('Ctrl Pts',(-13.2785845521478,10.5071008954909,0.));
#8124=CARTESIAN_POINT('Ctrl Pts',(-13.2932741366681,10.5180357372991,-9.66661516490345E-16));
#8125=CARTESIAN_POINT('Ctrl Pts',(-13.30824769463,10.5285565794752,-1.03934976382934E-15));
#8126=CARTESIAN_POINT('Ctrl Pts',(-13.3252242695919,10.540484797626,-1.12176153816733E-15));
#8127=CARTESIAN_POINT('Ctrl Pts',(-13.3425654623049,10.5518814754606,1.57583297459765E-15));
#8128=CARTESIAN_POINT('Ctrl Pts',(-13.3602098831548,10.5628379083663,2.04289650427599E-15));
#8129=CARTESIAN_POINT('Ctrl Pts',(-13.3910350705842,10.5819790352273,2.85886666086405E-15));
#8130=CARTESIAN_POINT('Ctrl Pts',(-13.4227829555865,10.5997809921583,-3.5527136788005E-15));
#8131=CARTESIAN_POINT('Ctrl Pts',(-13.4550133310464,10.6168954785804,-3.5527136788005E-15));
#8132=CARTESIAN_POINT('Ctrl Pts',(-13.4736784994546,10.6268067739572,-3.5527136788005E-15));
#8133=CARTESIAN_POINT('Ctrl Pts',(-13.4925037243449,10.6364900426927,-3.5527136788005E-15));
#8134=CARTESIAN_POINT('Ctrl Pts',(-13.5114203333891,10.6460457165396,-3.5527136788005E-15));
#8135=CARTESIAN_POINT('Ctrl Pts',(-13.5292046194126,10.655029400478,-3.5527136788005E-15));
#8136=CARTESIAN_POINT('Ctrl Pts',(-13.5470693900197,10.6639007268917,-3.5527136788005E-15));
#8137=CARTESIAN_POINT('Ctrl Pts',(-13.5649855175414,10.6727007242884,-3.5527136788005E-15));
#8138=CARTESIAN_POINT('Ctrl Pts',(-13.5850865118163,10.6825738789127,-3.5527136788005E-15));
#8139=CARTESIAN_POINT('Ctrl Pts',(-13.6052525270328,10.6923566657716,0.));
#8140=CARTESIAN_POINT('Ctrl Pts',(-13.6254776072451,10.7020538141285,0.));
#8141=CARTESIAN_POINT('Ctrl Pts',(-13.6510008066588,10.7142912069427,0.));
#8142=CARTESIAN_POINT('Ctrl Pts',(-13.6766187075171,10.7263911897918,-1.02819523624213E-15));
#8143=CARTESIAN_POINT('Ctrl Pts',(-13.7023664581418,10.738292626241,9.60188945912913E-16));
#8144=CARTESIAN_POINT('Ctrl Pts',(-13.7282986079887,10.7502792979271,2.96281345927167E-15));
#8145=CARTESIAN_POINT('Ctrl Pts',(-13.75436602142,10.7620591397552,1.49720327590861E-15));
#8146=CARTESIAN_POINT('Ctrl Pts',(-13.7806106377383,10.7735621089394,1.97748400328207E-15));
#8147=CARTESIAN_POINT('Ctrl Pts',(-13.8051576862725,10.7843210371487,2.42669896538648E-15));
#8148=CARTESIAN_POINT('Ctrl Pts',(-13.8298607259163,10.7948362926464,2.08091599861986E-15));
#8149=CARTESIAN_POINT('Ctrl Pts',(-13.8547255804021,10.8050954065804,2.09426814278168E-15));
#8150=CARTESIAN_POINT('Ctrl Pts',(-13.8839835168236,10.8171670840314,2.10997932199647E-15));
#8151=CARTESIAN_POINT('Ctrl Pts',(-13.9134645620178,10.8288855559051,4.68994094032378E-16));
#8152=CARTESIAN_POINT('Ctrl Pts',(-13.9431371824993,10.8402948158859,1.68716883332484E-15));
#8153=CARTESIAN_POINT('Ctrl Pts',(-13.9780821078066,10.8537313014868,3.12179188261741E-15));
#8154=CARTESIAN_POINT('Ctrl Pts',(-14.013289354191,10.8667441723992,-1.40891936646525E-15));
#8155=CARTESIAN_POINT('Ctrl Pts',(-14.0486869691669,10.879437971018,1.01514738074441E-15));
#8156=CARTESIAN_POINT('Ctrl Pts',(-14.0788988195064,10.8902721231033,3.0840873878427E-15));
#8157=CARTESIAN_POINT('Ctrl Pts',(-14.1092481514707,10.9008757206316,0.));
#8158=CARTESIAN_POINT('Ctrl Pts',(-14.1397133524679,10.9112782890145,0.));
#8159=CARTESIAN_POINT('Ctrl Pts',(-14.1780089792296,10.9243546142353,0.));
#8160=CARTESIAN_POINT('Ctrl Pts',(-14.2164884583709,10.9371120848104,0.));
#8161=CARTESIAN_POINT('Ctrl Pts',(-14.2551565039733,10.9495360640401,0.));
#8162=CARTESIAN_POINT('Ctrl Pts',(-14.2965028480626,10.962820576153,0.));
#8163=CARTESIAN_POINT('Ctrl Pts',(-14.3380685927749,10.9757178913984,0.));
#8164=CARTESIAN_POINT('Ctrl Pts',(-14.3798706721363,10.9881935553323,0.));
#8165=CARTESIAN_POINT('Ctrl Pts',(-14.4238502740596,11.0013190921938,0.));
#8166=CARTESIAN_POINT('Ctrl Pts',(-14.468092118886,11.0139769092268,2.0858750595294E-15));
#8167=CARTESIAN_POINT('Ctrl Pts',(-14.5125790451356,11.0261848895762,2.09491772551733E-15));
#8168=CARTESIAN_POINT('Ctrl Pts',(-14.5741327183892,11.0430762798533,2.10742947569848E-15));
#8169=CARTESIAN_POINT('Ctrl Pts',(-14.6361497887599,11.059115430063,2.08462516684794E-15));
#8170=CARTESIAN_POINT('Ctrl Pts',(-14.6985521404479,11.0744022669517,2.09497898537568E-15));
#8171=CARTESIAN_POINT('Ctrl Pts',(-14.755883228554,11.0884467856089,2.10449137819726E-15));
#8172=CARTESIAN_POINT('Ctrl Pts',(-14.8135399529077,11.1018556694786,1.5726910510169E-15));
#8173=CARTESIAN_POINT('Ctrl Pts',(-14.8715061748926,11.1146385967565,2.05105375527207E-15));
#8174=CARTESIAN_POINT('Ctrl Pts',(-14.9379299260695,11.1292866098881,2.59921170229197E-15));
#8175=CARTESIAN_POINT('Ctrl Pts',(-15.0047648907485,11.1431051988342,2.01897063060767E-15));
#8176=CARTESIAN_POINT('Ctrl Pts',(-15.0719948708558,11.1560977958333,2.09241103423141E-15));
#8177=CARTESIAN_POINT('Ctrl Pts',(-15.1700279655571,11.1750432795296,2.19950001494876E-15));
#8178=CARTESIAN_POINT('Ctrl Pts',(-15.2688952281745,11.1922411974033,0.));
#8179=CARTESIAN_POINT('Ctrl Pts',(-15.3684879439051,11.2077976686727,0.));
#8180=CARTESIAN_POINT('Ctrl Pts',(-15.5013211676301,11.2285463370201,0.));
#8181=CARTESIAN_POINT('Ctrl Pts',(-15.6354492302432,11.246368242232,2.20318604580099E-16));
#8182=CARTESIAN_POINT('Ctrl Pts',(-15.7707279955547,11.2613494633478,2.00384243101004E-15));
#8183=CARTESIAN_POINT('Ctrl Pts',(-15.8953705752675,11.2751527978389,3.64713811155369E-15));
#8184=CARTESIAN_POINT('Ctrl Pts',(-16.0209852728163,11.2865517251102,-5.47342877857271E-15));
#8185=CARTESIAN_POINT('Ctrl Pts',(-16.1474561927971,11.2956270221016,1.30073479696316E-15));
#8186=CARTESIAN_POINT('Ctrl Pts',(-16.3238465744152,11.3082844385247,1.07487351626927E-14));
#8187=CARTESIAN_POINT('Ctrl Pts',(-16.5019081247211,11.3164135982124,-1.0607211964773E-14));
#8188=CARTESIAN_POINT('Ctrl Pts',(-16.6813750844678,11.3201673626203,9.32091242060885E-16));
#8189=CARTESIAN_POINT('Ctrl Pts',(-16.8380233284199,11.323443846512,1.1004204718174E-14));
#8190=CARTESIAN_POINT('Ctrl Pts',(-16.9957481534967,11.3233868608694,-1.10490720406194E-14));
#8191=CARTESIAN_POINT('Ctrl Pts',(-17.1543913540673,11.3200759922304,4.70737170317298E-16));
#8192=CARTESIAN_POINT('Ctrl Pts',(-17.2696559545316,11.317670430886,8.84062759957696E-15));
#8193=CARTESIAN_POINT('Ctrl Pts',(-17.3853987551173,11.3135475372138,-1.09773015473571E-18));
#8194=CARTESIAN_POINT('Ctrl Pts',(-17.5015749059783,11.3077335156474,1.41211931977625E-20));
#8195=CARTESIAN_POINT('Ctrl Pts',(-17.5686143269206,11.3043785358493,6.55714755964231E-19));
#8196=CARTESIAN_POINT('Ctrl Pts',(-17.6357994019047,11.3004604046512,-4.60030873793397E-15));
#8197=CARTESIAN_POINT('Ctrl Pts',(-17.703128956669,11.2959811623046,-4.60030873793399E-15));
#8198=CARTESIAN_POINT('Ctrl Pts',(-11.2959811623046,17.703128956669,-27.5));
#8199=CARTESIAN_POINT('Ctrl Pts',(-11.2959811623046,17.703128956669,11.5));
#8200=CARTESIAN_POINT('Ctrl Pts',(-11.2969098728277,17.6891690810497,-27.5));
#8201=CARTESIAN_POINT('Ctrl Pts',(-11.2969098728277,17.6891690810497,11.5));
#8202=CARTESIAN_POINT('Ctrl Pts',(-11.2987270685771,17.6612596976989,-27.5));
#8203=CARTESIAN_POINT('Ctrl Pts',(-11.2987270685771,17.6612596976989,11.5));
#8204=CARTESIAN_POINT('Ctrl Pts',(-11.3013321863148,17.6194267263497,-27.5));
#8205=CARTESIAN_POINT('Ctrl Pts',(-11.3013321863148,17.6194267263497,11.5));
#8206=CARTESIAN_POINT('Ctrl Pts',(-11.3045642446378,17.5637116591239,-27.5));
#8207=CARTESIAN_POINT('Ctrl Pts',(-11.3045642446378,17.5637116591239,11.5));
#8208=CARTESIAN_POINT('Ctrl Pts',(-11.3082013888263,17.4941718062359,-27.5));
#8209=CARTESIAN_POINT('Ctrl Pts',(-11.3082013888263,17.4941718062359,11.5));
#8210=CARTESIAN_POINT('Ctrl Pts',(-11.3114347814439,17.4247365291716,-27.5));
#8211=CARTESIAN_POINT('Ctrl Pts',(-11.3114347814439,17.4247365291716,11.5));
#8212=CARTESIAN_POINT('Ctrl Pts',(-11.3142633825214,17.3554068655854,-27.5));
#8213=CARTESIAN_POINT('Ctrl Pts',(-11.3142633825214,17.3554068655854,11.5));
#8214=CARTESIAN_POINT('Ctrl Pts',(-11.3166859979977,17.28618439806,-27.5));
#8215=CARTESIAN_POINT('Ctrl Pts',(-11.3166859979977,17.28618439806,11.5));
#8216=CARTESIAN_POINT('Ctrl Pts',(-11.3187013512111,17.2170713923194,-27.5));
#8217=CARTESIAN_POINT('Ctrl Pts',(-11.3187013512111,17.2170713923194,11.5));
#8218=CARTESIAN_POINT('Ctrl Pts',(-11.3203081035249,17.148070648829,-27.5));
#8219=CARTESIAN_POINT('Ctrl Pts',(-11.3203081035249,17.148070648829,11.5));
#8220=CARTESIAN_POINT('Ctrl Pts',(-11.3215048663392,17.0791853043753,-27.5));
#8221=CARTESIAN_POINT('Ctrl Pts',(-11.3215048663392,17.0791853043753,11.5));
#8222=CARTESIAN_POINT('Ctrl Pts',(-11.3222902202322,17.0104186436416,-27.5));
#8223=CARTESIAN_POINT('Ctrl Pts',(-11.3222902202322,17.0104186436416,11.5));
#8224=CARTESIAN_POINT('Ctrl Pts',(-11.3226627310436,16.941773922098,-27.5));
#8225=CARTESIAN_POINT('Ctrl Pts',(-11.3226627310436,16.941773922098,11.5));
#8226=CARTESIAN_POINT('Ctrl Pts',(-11.322620978007,16.8732541424116,-27.5));
#8227=CARTESIAN_POINT('Ctrl Pts',(-11.322620978007,16.8732541424116,11.5));
#8228=CARTESIAN_POINT('Ctrl Pts',(-11.3221635375465,16.8048620740904,-27.5));
#8229=CARTESIAN_POINT('Ctrl Pts',(-11.3221635375465,16.8048620740904,11.5));
#8230=CARTESIAN_POINT('Ctrl Pts',(-11.3212889502535,16.7366003764704,-27.5));
#8231=CARTESIAN_POINT('Ctrl Pts',(-11.3212889502535,16.7366003764704,11.5));
#8232=CARTESIAN_POINT('Ctrl Pts',(-11.3199956945783,16.6684716916188,-27.5));
#8233=CARTESIAN_POINT('Ctrl Pts',(-11.3199956945783,16.6684716916188,11.5));
#8234=CARTESIAN_POINT('Ctrl Pts',(-11.3182821640247,16.6004787394685,-27.5));
#8235=CARTESIAN_POINT('Ctrl Pts',(-11.3182821640247,16.6004787394685,11.5));
#8236=CARTESIAN_POINT('Ctrl Pts',(-11.3161466376706,16.5326244340875,-27.5));
#8237=CARTESIAN_POINT('Ctrl Pts',(-11.3161466376706,16.5326244340875,11.5));
#8238=CARTESIAN_POINT('Ctrl Pts',(-11.3135872917974,16.4649118896953,-27.5));
#8239=CARTESIAN_POINT('Ctrl Pts',(-11.3135872917974,16.4649118896953,11.5));
#8240=CARTESIAN_POINT('Ctrl Pts',(-11.3106022403078,16.397344345015,-27.5));
#8241=CARTESIAN_POINT('Ctrl Pts',(-11.3106022403078,16.397344345015,11.5));
#8242=CARTESIAN_POINT('Ctrl Pts',(-11.3071895733238,16.3299251071532,-27.5));
#8243=CARTESIAN_POINT('Ctrl Pts',(-11.3071895733238,16.3299251071532,11.5));
#8244=CARTESIAN_POINT('Ctrl Pts',(-11.3033473911147,16.2626574946771,-27.5));
#8245=CARTESIAN_POINT('Ctrl Pts',(-11.3033473911147,16.2626574946771,11.5));
#8246=CARTESIAN_POINT('Ctrl Pts',(-11.2990738639442,16.1955447599832,-27.5));
#8247=CARTESIAN_POINT('Ctrl Pts',(-11.2990738639442,16.1955447599832,11.5));
#8248=CARTESIAN_POINT('Ctrl Pts',(-11.2943672047073,16.1285900960739,-27.5));
#8249=CARTESIAN_POINT('Ctrl Pts',(-11.2943672047073,16.1285900960739,11.5));
#8250=CARTESIAN_POINT('Ctrl Pts',(-11.2892255514209,16.0617967335656,-27.5));
#8251=CARTESIAN_POINT('Ctrl Pts',(-11.2892255514209,16.0617967335656,11.5));
#8252=CARTESIAN_POINT('Ctrl Pts',(-11.2836468692154,15.9951680178752,-27.5));
#8253=CARTESIAN_POINT('Ctrl Pts',(-11.2836468692154,15.9951680178752,11.5));
#8254=CARTESIAN_POINT('Ctrl Pts',(-11.2776288630854,15.9287074820289,-27.5));
#8255=CARTESIAN_POINT('Ctrl Pts',(-11.2776288630854,15.9287074820289,11.5));
#8256=CARTESIAN_POINT('Ctrl Pts',(-11.2711688509409,15.8624189479643,-27.5));
#8257=CARTESIAN_POINT('Ctrl Pts',(-11.2711688509409,15.8624189479643,11.5));
#8258=CARTESIAN_POINT('Ctrl Pts',(-11.2642637914944,15.7963065165519,-27.5));
#8259=CARTESIAN_POINT('Ctrl Pts',(-11.2642637914944,15.7963065165519,11.5));
#8260=CARTESIAN_POINT('Ctrl Pts',(-11.2569105228816,15.7303744040451,-27.5));
#8261=CARTESIAN_POINT('Ctrl Pts',(-11.2569105228816,15.7303744040451,11.5));
#8262=CARTESIAN_POINT('Ctrl Pts',(-11.2491059696003,15.6646268039185,-27.5));
#8263=CARTESIAN_POINT('Ctrl Pts',(-11.2491059696003,15.6646268039185,11.5));
#8264=CARTESIAN_POINT('Ctrl Pts',(-11.2408473291248,15.5990677609796,-27.5));
#8265=CARTESIAN_POINT('Ctrl Pts',(-11.2408473291248,15.5990677609796,11.5));
#8266=CARTESIAN_POINT('Ctrl Pts',(-11.2321323584211,15.5337009814665,-27.5));
#8267=CARTESIAN_POINT('Ctrl Pts',(-11.2321323584211,15.5337009814665,11.5));
#8268=CARTESIAN_POINT('Ctrl Pts',(-11.2229593219217,15.4685298648088,-27.5));
#8269=CARTESIAN_POINT('Ctrl Pts',(-11.2229593219217,15.4685298648088,11.5));
#8270=CARTESIAN_POINT('Ctrl Pts',(-11.2133263839205,15.4035578996053,-27.5));
#8271=CARTESIAN_POINT('Ctrl Pts',(-11.2133263839205,15.4035578996053,11.5));
#8272=CARTESIAN_POINT('Ctrl Pts',(-11.2032310927912,15.338788999759,-27.5));
#8273=CARTESIAN_POINT('Ctrl Pts',(-11.2032310927912,15.338788999759,11.5));
#8274=CARTESIAN_POINT('Ctrl Pts',(-11.1926699118117,15.2742278113881,-27.5));
#8275=CARTESIAN_POINT('Ctrl Pts',(-11.1926699118117,15.2742278113881,11.5));
#8276=CARTESIAN_POINT('Ctrl Pts',(-11.1816375384977,15.2098801569502,-27.5));
#8277=CARTESIAN_POINT('Ctrl Pts',(-11.1816375384977,15.2098801569502,11.5));
#8278=CARTESIAN_POINT('Ctrl Pts',(-11.1701269699043,15.1457529972363,-27.5));
#8279=CARTESIAN_POINT('Ctrl Pts',(-11.1701269699043,15.1457529972363,11.5));
#8280=CARTESIAN_POINT('Ctrl Pts',(-11.1581308641298,15.0818535548305,-27.5));
#8281=CARTESIAN_POINT('Ctrl Pts',(-11.1581308641298,15.0818535548305,11.5));
#8282=CARTESIAN_POINT('Ctrl Pts',(-11.1456427092067,15.0181885630483,-27.5));
#8283=CARTESIAN_POINT('Ctrl Pts',(-11.1456427092067,15.0181885630483,11.5));
#8284=CARTESIAN_POINT('Ctrl Pts',(-11.1326578744139,14.9547635907588,-27.5));
#8285=CARTESIAN_POINT('Ctrl Pts',(-11.1326578744139,14.9547635907588,11.5));
#8286=CARTESIAN_POINT('Ctrl Pts',(-11.1191751950806,14.8915820241235,-27.5));
#8287=CARTESIAN_POINT('Ctrl Pts',(-11.1191751950806,14.8915820241235,11.5));
#8288=CARTESIAN_POINT('Ctrl Pts',(-11.1051967081992,14.828645240132,-27.5));
#8289=CARTESIAN_POINT('Ctrl Pts',(-11.1051967081992,14.828645240132,11.5));
#8290=CARTESIAN_POINT('Ctrl Pts',(-11.0907243473492,14.7659547398072,-27.5));
#8291=CARTESIAN_POINT('Ctrl Pts',(-11.0907243473492,14.7659547398072,11.5));
#8292=CARTESIAN_POINT('Ctrl Pts',(-11.0757570984341,14.7035139847658,-27.5));
#8293=CARTESIAN_POINT('Ctrl Pts',(-11.0757570984341,14.7035139847658,11.5));
#8294=CARTESIAN_POINT('Ctrl Pts',(-11.0602884700649,14.6413300319063,-27.5));
#8295=CARTESIAN_POINT('Ctrl Pts',(-11.0602884700649,14.6413300319063,11.5));
#8296=CARTESIAN_POINT('Ctrl Pts',(-11.0443026241079,14.5794160307751,-27.5));
#8297=CARTESIAN_POINT('Ctrl Pts',(-11.0443026241079,14.5794160307751,11.5));
#8298=CARTESIAN_POINT('Ctrl Pts',(-11.0277753186459,14.5177906240959,-27.5));
#8299=CARTESIAN_POINT('Ctrl Pts',(-11.0277753186459,14.5177906240959,11.5));
#8300=CARTESIAN_POINT('Ctrl Pts',(-11.010681494141,14.4564730734762,-27.5));
#8301=CARTESIAN_POINT('Ctrl Pts',(-11.010681494141,14.4564730734762,11.5));
#8302=CARTESIAN_POINT('Ctrl Pts',(-10.9930018568663,14.3954790303079,-27.5));
#8303=CARTESIAN_POINT('Ctrl Pts',(-10.9930018568663,14.3954790303079,11.5));
#8304=CARTESIAN_POINT('Ctrl Pts',(-10.9747285815977,14.3348168751934,-27.5));
#8305=CARTESIAN_POINT('Ctrl Pts',(-10.9747285815977,14.3348168751934,11.5));
#8306=CARTESIAN_POINT('Ctrl Pts',(-10.9558745564183,14.2744817749369,-27.5));
#8307=CARTESIAN_POINT('Ctrl Pts',(-10.9558745564183,14.2744817749369,11.5));
#8308=CARTESIAN_POINT('Ctrl Pts',(-10.9364692290322,14.2144583743858,-27.5));
#8309=CARTESIAN_POINT('Ctrl Pts',(-10.9364692290322,14.2144583743858,11.5));
#8310=CARTESIAN_POINT('Ctrl Pts',(-10.9165404595107,14.1547325073739,-27.5));
#8311=CARTESIAN_POINT('Ctrl Pts',(-10.9165404595107,14.1547325073739,11.5));
#8312=CARTESIAN_POINT('Ctrl Pts',(-10.8960986090783,14.0953014655878,-27.5));
#8313=CARTESIAN_POINT('Ctrl Pts',(-10.8960986090783,14.0953014655878,11.5));
#8314=CARTESIAN_POINT('Ctrl Pts',(-10.8751228856325,14.0361828169244,-27.5));
#8315=CARTESIAN_POINT('Ctrl Pts',(-10.8751228856325,14.0361828169244,11.5));
#8316=CARTESIAN_POINT('Ctrl Pts',(-10.8535388471246,13.9774289138849,-27.5));
#8317=CARTESIAN_POINT('Ctrl Pts',(-10.8535388471246,13.9774289138849,11.5));
#8318=CARTESIAN_POINT('Ctrl Pts',(-10.8312331733738,13.919117422658,-27.5));
#8319=CARTESIAN_POINT('Ctrl Pts',(-10.8312331733738,13.919117422658,11.5));
#8320=CARTESIAN_POINT('Ctrl Pts',(-10.8080948069417,13.8613249010058,-27.5));
#8321=CARTESIAN_POINT('Ctrl Pts',(-10.8080948069417,13.8613249010058,11.5));
#8322=CARTESIAN_POINT('Ctrl Pts',(-10.7840517009519,13.8041031751884,-27.5));
#8323=CARTESIAN_POINT('Ctrl Pts',(-10.7840517009519,13.8041031751884,11.5));
#8324=CARTESIAN_POINT('Ctrl Pts',(-10.7591021810231,13.747459246573,-27.5));
#8325=CARTESIAN_POINT('Ctrl Pts',(-10.7591021810231,13.747459246573,11.5));
#8326=CARTESIAN_POINT('Ctrl Pts',(-10.7333669609577,13.691321750832,-27.5));
#8327=CARTESIAN_POINT('Ctrl Pts',(-10.7333669609577,13.691321750832,11.5));
#8328=CARTESIAN_POINT('Ctrl Pts',(-10.7070342057154,13.6355769975918,-27.5));
#8329=CARTESIAN_POINT('Ctrl Pts',(-10.7070342057154,13.6355769975918,11.5));
#8330=CARTESIAN_POINT('Ctrl Pts',(-10.6802590215943,13.580134625999,-27.5));
#8331=CARTESIAN_POINT('Ctrl Pts',(-10.6802590215943,13.580134625999,11.5));
#8332=CARTESIAN_POINT('Ctrl Pts',(-10.6530730667274,13.5249867388417,-27.5));
#8333=CARTESIAN_POINT('Ctrl Pts',(-10.6530730667274,13.5249867388417,11.5));
#8334=CARTESIAN_POINT('Ctrl Pts',(-10.6252997691819,13.4702632540311,-27.5));
#8335=CARTESIAN_POINT('Ctrl Pts',(-10.6252997691819,13.4702632540311,11.5));
#8336=CARTESIAN_POINT('Ctrl Pts',(-10.5964408759682,13.4163062589301,-27.5));
#8337=CARTESIAN_POINT('Ctrl Pts',(-10.5964408759682,13.4163062589301,11.5));
#8338=CARTESIAN_POINT('Ctrl Pts',(-10.5658063993421,13.3635832817385,-27.5));
#8339=CARTESIAN_POINT('Ctrl Pts',(-10.5658063993421,13.3635832817385,11.5));
#8340=CARTESIAN_POINT('Ctrl Pts',(-10.5393153461408,13.3227716881941,-27.5));
#8341=CARTESIAN_POINT('Ctrl Pts',(-10.5393153461408,13.3227716881941,11.5));
#8342=CARTESIAN_POINT('Ctrl Pts',(-10.5180809412892,13.2931001525303,-27.5));
#8343=CARTESIAN_POINT('Ctrl Pts',(-10.5180809412892,13.2931001525303,11.5));
#8344=CARTESIAN_POINT('Ctrl Pts',(-10.5032854418864,13.2737571575516,-27.5));
#8345=CARTESIAN_POINT('Ctrl Pts',(-10.5032854418864,13.2737571575516,11.5));
#8346=CARTESIAN_POINT('Ctrl Pts',(-10.4957278820725,13.2641951690732,-27.5));
#8347=CARTESIAN_POINT('Ctrl Pts',(-10.4957278820725,13.2641951690732,11.5));
#8348=CARTESIAN_POINT('',(-11.2959811623046,17.703128956669,-5.55111512312578E-16));
#8349=CARTESIAN_POINT('Ctrl Pts',(-11.2959811623046,17.703128956669,0.));
#8350=CARTESIAN_POINT('Ctrl Pts',(-11.3038213012678,17.585280216896,0.));
#8351=CARTESIAN_POINT('Ctrl Pts',(-11.3099439453987,17.4678717842651,-8.29877322243365E-15));
#8352=CARTESIAN_POINT('Ctrl Pts',(-11.3143321461355,17.3509186879802,3.38681424837348E-16));
#8353=CARTESIAN_POINT('Ctrl Pts',(-11.3218856612515,17.1496045199107,1.52065391540446E-14));
#8354=CARTESIAN_POINT('Ctrl Pts',(-11.3242964940563,16.9496439911276,1.57094602084963E-15));
#8355=CARTESIAN_POINT('Ctrl Pts',(-11.3214086849997,16.751367649775,2.08526378163473E-15));
#8356=CARTESIAN_POINT('Ctrl Pts',(-11.319081230186,16.5915651087911,2.49978265204536E-15));
#8357=CARTESIAN_POINT('Ctrl Pts',(-11.3133131724389,16.4328481806815,1.80485706368042E-15));
#8358=CARTESIAN_POINT('Ctrl Pts',(-11.3039988575685,16.275398564386,2.08926317792614E-15));
#8359=CARTESIAN_POINT('Ctrl Pts',(-11.2964109669929,16.1471325055021,2.32095412932445E-15));
#8360=CARTESIAN_POINT('Ctrl Pts',(-11.2864717580952,16.0197071616135,-6.91264480418794E-16));
#8361=CARTESIAN_POINT('Ctrl Pts',(-11.2741136262687,15.893230258022,1.91934101958241E-15));
#8362=CARTESIAN_POINT('Ctrl Pts',(-11.2623847314235,15.7731931582884,4.39702274541673E-15));
#8363=CARTESIAN_POINT('Ctrl Pts',(-11.2484705827814,15.6540144591953,2.09403628736613E-15));
#8364=CARTESIAN_POINT('Ctrl Pts',(-11.2322986067005,15.5358004902034,2.09518511198124E-15));
#8365=CARTESIAN_POINT('Ctrl Pts',(-11.2208415889366,15.4520519404957,2.09599899545207E-15));
#8366=CARTESIAN_POINT('Ctrl Pts',(-11.2082562779868,15.3687844799801,3.6335912728664E-15));
#8367=CARTESIAN_POINT('Ctrl Pts',(-11.1945133835875,15.2860393070701,1.66001191134317E-15));
#8368=CARTESIAN_POINT('Ctrl Pts',(-11.1792574967578,15.1941844941798,-5.30844142264374E-16));
#8369=CARTESIAN_POINT('Ctrl Pts',(-11.1625692241076,15.102977017252,-6.67031877846773E-15));
#8370=CARTESIAN_POINT('Ctrl Pts',(-11.144364821406,15.0125035150133,4.66579158870525E-16));
#8371=CARTESIAN_POINT('Ctrl Pts',(-11.1284359690422,14.9333392005544,6.71136485404149E-15));
#8372=CARTESIAN_POINT('Ctrl Pts',(-11.1113478573487,14.8547358638378,1.97759734978074E-15));
#8373=CARTESIAN_POINT('Ctrl Pts',(-11.0931086914369,14.7767118843926,2.09118208219216E-15));
#8374=CARTESIAN_POINT('Ctrl Pts',(-11.0815271962417,14.7271682623089,2.16330605096536E-15));
#8375=CARTESIAN_POINT('Ctrl Pts',(-11.0694840347069,14.6778566994925,-2.38276003498675E-15));
#8376=CARTESIAN_POINT('Ctrl Pts',(-11.0569535539189,14.6288002171607,9.92880746956546E-16));
#8377=CARTESIAN_POINT('Ctrl Pts',(-11.0412528941728,14.5673325727452,5.22254984258426E-15));
#8378=CARTESIAN_POINT('Ctrl Pts',(-11.0247793992649,14.5062703389993,-3.44860857719553E-15));
#8379=CARTESIAN_POINT('Ctrl Pts',(-11.0074355972968,14.445690087539,8.77348600050159E-16));
#8380=CARTESIAN_POINT('Ctrl Pts',(-10.9956815422751,14.4046342907648,3.8090897936159E-15));
#8381=CARTESIAN_POINT('Ctrl Pts',(-10.9835262677435,14.3638008497103,0.));
#8382=CARTESIAN_POINT('Ctrl Pts',(-10.9709782368894,14.3231889963033,0.));
#8383=CARTESIAN_POINT('Ctrl Pts',(-10.9563458005946,14.2758309395131,0.));
#8384=CARTESIAN_POINT('Ctrl Pts',(-10.9411865017495,14.2287695247892,0.));
#8385=CARTESIAN_POINT('Ctrl Pts',(-10.9255539445651,14.1819783688194,0.));
#8386=CARTESIAN_POINT('Ctrl Pts',(-10.9150773944735,14.1506201026331,0.));
#8387=CARTESIAN_POINT('Ctrl Pts',(-10.9043892286478,14.1193826287533,-1.93771841956778E-15));
#8388=CARTESIAN_POINT('Ctrl Pts',(-10.8934776081913,14.0882762723832,6.11995511126302E-16));
#8389=CARTESIAN_POINT('Ctrl Pts',(-10.8817288283282,14.0547833796643,3.3573281411758E-15));
#8390=CARTESIAN_POINT('Ctrl Pts',(-10.8697214218389,14.0214422089894,2.02645172908032E-15));
#8391=CARTESIAN_POINT('Ctrl Pts',(-10.8573815639286,13.9883040010382,2.08987154804526E-15));
#8392=CARTESIAN_POINT('Ctrl Pts',(-10.8453933516985,13.9561101238695,2.15148410913559E-15));
#8393=CARTESIAN_POINT('Ctrl Pts',(-10.8330859881564,13.9241112632888,7.43178299694094E-16));
#8394=CARTESIAN_POINT('Ctrl Pts',(-10.8203843317435,13.8923596128613,1.80223080039091E-15));
#8395=CARTESIAN_POINT('Ctrl Pts',(-10.8100396108758,13.8664998391368,2.66476416988832E-15));
#8396=CARTESIAN_POINT('Ctrl Pts',(-10.799432217778,13.8408047772345,2.03049518990377E-15));
#8397=CARTESIAN_POINT('Ctrl Pts',(-10.7885521901591,13.8152831565858,2.08867994664651E-15));
#8398=CARTESIAN_POINT('Ctrl Pts',(-10.7779556191508,13.7904264489632,2.14534881992688E-15));
#8399=CARTESIAN_POINT('Ctrl Pts',(-10.7670998671368,13.7657346214882,-1.55023041975815E-15));
#8400=CARTESIAN_POINT('Ctrl Pts',(-10.7560250201757,13.7411842619329,5.81151191770925E-16));
#8401=CARTESIAN_POINT('Ctrl Pts',(-10.743392664733,13.7131812683712,3.01227915184992E-15));
#8402=CARTESIAN_POINT('Ctrl Pts',(-10.7304802419317,13.6853590435113,1.54471392794336E-15));
#8403=CARTESIAN_POINT('Ctrl Pts',(-10.7173815845879,13.6576617341516,1.99753688353516E-15));
#8404=CARTESIAN_POINT('Ctrl Pts',(-10.7075909561019,13.6369593019185,2.33600068267252E-15));
#8405=CARTESIAN_POINT('Ctrl Pts',(-10.697697759813,13.6163257203094,1.93188464700659E-15));
#8406=CARTESIAN_POINT('Ctrl Pts',(-10.6877180616675,13.595753301272,2.06807102436788E-15));
#8407=CARTESIAN_POINT('Ctrl Pts',(-10.6787849232519,13.5773382887008,2.18997568937464E-15));
#8408=CARTESIAN_POINT('Ctrl Pts',(-10.6697830204185,13.558971932496,1.94242818061274E-15));
#8409=CARTESIAN_POINT('Ctrl Pts',(-10.6606919491847,13.5406698912961,2.06718518774354E-15));
#8410=CARTESIAN_POINT('Ctrl Pts',(-10.6516523939669,13.5224715615536,2.19123523924628E-15));
#8411=CARTESIAN_POINT('Ctrl Pts',(-10.6425253694126,13.5043363702,3.5527136788005E-15));
#8412=CARTESIAN_POINT('Ctrl Pts',(-10.6332457969973,13.4863094222278,3.5527136788005E-15));
#8413=CARTESIAN_POINT('Ctrl Pts',(-10.6216379029603,13.4637593636144,3.5527136788005E-15));
#8414=CARTESIAN_POINT('Ctrl Pts',(-10.609790490439,13.4413792538226,3.5527136788005E-15));
#8415=CARTESIAN_POINT('Ctrl Pts',(-10.5974995195122,13.4193076529994,3.5527136788005E-15));
#8416=CARTESIAN_POINT('Ctrl Pts',(-10.5849882691208,13.3968404837185,3.5527136788005E-15));
#8417=CARTESIAN_POINT('Ctrl Pts',(-10.5720115318093,13.3746969047154,5.78612439796226E-17));
#8418=CARTESIAN_POINT('Ctrl Pts',(-10.558343863363,13.3530289337673,-8.88007311842293E-18));
#8419=CARTESIAN_POINT('Ctrl Pts',(-10.5481772210421,13.3369112973676,-5.85253437531597E-17));
#8420=CARTESIAN_POINT('Ctrl Pts',(-10.5376275739806,13.3210572700686,-1.34786969043157E-16));
#8421=CARTESIAN_POINT('Ctrl Pts',(-10.526627657556,13.3055120729889,2.89836446275233E-17));
#8422=CARTESIAN_POINT('Ctrl Pts',(-10.5167011152756,13.2914837794897,1.76773487582762E-16));
#8423=CARTESIAN_POINT('Ctrl Pts',(-10.506407494352,13.2777072459982,1.04759505913348E-15));
#8424=CARTESIAN_POINT('Ctrl Pts',(-10.4957278820725,13.2641951690732,1.04759505913348E-15));
#8425=CARTESIAN_POINT('',(-11.2959811623046,17.703128956669,0.));
#8426=CARTESIAN_POINT('Origin',(-2.44849991257029E-14,4.22704846309189E-14,
0.));
#8427=CARTESIAN_POINT('',(-9.68336882179496,18.6341711255608,-5.55111512312578E-16));
#8428=CARTESIAN_POINT('Origin',(-2.44849991257029E-14,4.22704846309189E-14,
-5.55111512312578E-16));
#8429=CARTESIAN_POINT('',(-9.68336882179496,18.6341711255608,0.));
#8430=CARTESIAN_POINT('Ctrl Pts',(-6.23926603613602,15.72166456162,-27.5));
#8431=CARTESIAN_POINT('Ctrl Pts',(-6.23926603613602,15.72166456162,11.5));
#8432=CARTESIAN_POINT('Ctrl Pts',(-6.24376818116204,15.7329905946487,-27.5));
#8433=CARTESIAN_POINT('Ctrl Pts',(-6.24376818116204,15.7329905946487,11.5));
#8434=CARTESIAN_POINT('Ctrl Pts',(-6.25312195649746,15.7554753704825,-27.5));
#8435=CARTESIAN_POINT('Ctrl Pts',(-6.25312195649746,15.7554753704825,11.5));
#8436=CARTESIAN_POINT('Ctrl Pts',(-6.2682010577258,15.7887006723502,-27.5));
#8437=CARTESIAN_POINT('Ctrl Pts',(-6.2682010577258,15.7887006723502,11.5));
#8438=CARTESIAN_POINT('Ctrl Pts',(-6.29029940790353,15.8320483941676,-27.5));
#8439=CARTESIAN_POINT('Ctrl Pts',(-6.29029940790353,15.8320483941676,11.5));
#8440=CARTESIAN_POINT('Ctrl Pts',(-6.32064160720156,15.8849401177533,-27.5));
#8441=CARTESIAN_POINT('Ctrl Pts',(-6.32064160720156,15.8849401177533,11.5));
#8442=CARTESIAN_POINT('Ctrl Pts',(-6.35294028906404,15.936911149952,-27.5));
#8443=CARTESIAN_POINT('Ctrl Pts',(-6.35294028906404,15.936911149952,11.5));
#8444=CARTESIAN_POINT('Ctrl Pts',(-6.38644556832088,15.9883252735785,-27.5));
#8445=CARTESIAN_POINT('Ctrl Pts',(-6.38644556832088,15.9883252735785,11.5));
#8446=CARTESIAN_POINT('Ctrl Pts',(-6.42061206213066,16.039442944698,-27.5));
#8447=CARTESIAN_POINT('Ctrl Pts',(-6.42061206213066,16.039442944698,11.5));
#8448=CARTESIAN_POINT('Ctrl Pts',(-6.4552389723156,16.0903521201344,-27.5));
#8449=CARTESIAN_POINT('Ctrl Pts',(-6.4552389723156,16.0903521201344,11.5));
#8450=CARTESIAN_POINT('Ctrl Pts',(-6.49034896712809,16.1410293317459,-27.5));
#8451=CARTESIAN_POINT('Ctrl Pts',(-6.49034896712809,16.1410293317459,11.5));
#8452=CARTESIAN_POINT('Ctrl Pts',(-6.52609785451196,16.1913854339651,-27.5));
#8453=CARTESIAN_POINT('Ctrl Pts',(-6.52609785451196,16.1913854339651,11.5));
#8454=CARTESIAN_POINT('Ctrl Pts',(-6.56267817569862,16.2413143163433,-27.5));
#8455=CARTESIAN_POINT('Ctrl Pts',(-6.56267817569862,16.2413143163433,11.5));
#8456=CARTESIAN_POINT('Ctrl Pts',(-6.60021209090997,16.2907471198251,-27.5));
#8457=CARTESIAN_POINT('Ctrl Pts',(-6.60021209090997,16.2907471198251,11.5));
#8458=CARTESIAN_POINT('Ctrl Pts',(-6.63869269959348,16.3396817937835,-27.5));
#8459=CARTESIAN_POINT('Ctrl Pts',(-6.63869269959348,16.3396817937835,11.5));
#8460=CARTESIAN_POINT('Ctrl Pts',(-6.67803909545317,16.3881548195136,-27.5));
#8461=CARTESIAN_POINT('Ctrl Pts',(-6.67803909545317,16.3881548195136,11.5));
#8462=CARTESIAN_POINT('Ctrl Pts',(-6.71812944880289,16.4362240966974,-27.5));
#8463=CARTESIAN_POINT('Ctrl Pts',(-6.71812944880289,16.4362240966974,11.5));
#8464=CARTESIAN_POINT('Ctrl Pts',(-6.75883983865991,16.483948930396,-27.5));
#8465=CARTESIAN_POINT('Ctrl Pts',(-6.75883983865991,16.483948930396,11.5));
#8466=CARTESIAN_POINT('Ctrl Pts',(-6.80008770540386,16.5313676130638,-27.5));
#8467=CARTESIAN_POINT('Ctrl Pts',(-6.80008770540386,16.5313676130638,11.5));
#8468=CARTESIAN_POINT('Ctrl Pts',(-6.84184743873847,16.5784893672416,-27.5));
#8469=CARTESIAN_POINT('Ctrl Pts',(-6.84184743873847,16.5784893672416,11.5));
#8470=CARTESIAN_POINT('Ctrl Pts',(-6.88412656474417,16.6253065740023,-27.5));
#8471=CARTESIAN_POINT('Ctrl Pts',(-6.88412656474417,16.6253065740023,11.5));
#8472=CARTESIAN_POINT('Ctrl Pts',(-6.92695128171654,16.6718021888995,-27.5));
#8473=CARTESIAN_POINT('Ctrl Pts',(-6.92695128171654,16.6718021888995,11.5));
#8474=CARTESIAN_POINT('Ctrl Pts',(-6.9703496114597,16.7179583870496,-27.5));
#8475=CARTESIAN_POINT('Ctrl Pts',(-6.9703496114597,16.7179583870496,11.5));
#8476=CARTESIAN_POINT('Ctrl Pts',(-7.01433218368563,16.7637664236434,-27.5));
#8477=CARTESIAN_POINT('Ctrl Pts',(-7.01433218368563,16.7637664236434,11.5));
#8478=CARTESIAN_POINT('Ctrl Pts',(-7.05888782796769,16.8092288852223,-27.5));
#8479=CARTESIAN_POINT('Ctrl Pts',(-7.05888782796769,16.8092288852223,11.5));
#8480=CARTESIAN_POINT('Ctrl Pts',(-7.10399334293935,16.8543546549481,-27.5));
#8481=CARTESIAN_POINT('Ctrl Pts',(-7.10399334293935,16.8543546549481,11.5));
#8482=CARTESIAN_POINT('Ctrl Pts',(-7.14961951779042,16.8991558042135,-27.5));
#8483=CARTESIAN_POINT('Ctrl Pts',(-7.14961951779042,16.8991558042135,11.5));
#8484=CARTESIAN_POINT('Ctrl Pts',(-7.19573808648987,16.9436440057727,-27.5));
#8485=CARTESIAN_POINT('Ctrl Pts',(-7.19573808648987,16.9436440057727,11.5));
#8486=CARTESIAN_POINT('Ctrl Pts',(-7.24232974212969,16.9878264010786,-27.5));
#8487=CARTESIAN_POINT('Ctrl Pts',(-7.24232974212969,16.9878264010786,11.5));
#8488=CARTESIAN_POINT('Ctrl Pts',(-7.28938512756192,17.0317050833898,-27.5));
#8489=CARTESIAN_POINT('Ctrl Pts',(-7.28938512756192,17.0317050833898,11.5));
#8490=CARTESIAN_POINT('Ctrl Pts',(-7.33690073789036,17.0752792001313,-27.5));
#8491=CARTESIAN_POINT('Ctrl Pts',(-7.33690073789036,17.0752792001313,11.5));
#8492=CARTESIAN_POINT('Ctrl Pts',(-7.38487623998075,17.1185463262627,-27.5));
#8493=CARTESIAN_POINT('Ctrl Pts',(-7.38487623998075,17.1185463262627,11.5));
#8494=CARTESIAN_POINT('Ctrl Pts',(-7.43331145982138,17.1615040092019,-27.5));
#8495=CARTESIAN_POINT('Ctrl Pts',(-7.43331145982138,17.1615040092019,11.5));
#8496=CARTESIAN_POINT('Ctrl Pts',(-7.48220288257496,17.2041515645029,-27.5));
#8497=CARTESIAN_POINT('Ctrl Pts',(-7.48220288257496,17.2041515645029,11.5));
#8498=CARTESIAN_POINT('Ctrl Pts',(-7.53154337009877,17.2464902180529,-27.5));
#8499=CARTESIAN_POINT('Ctrl Pts',(-7.53154337009877,17.2464902180529,11.5));
#8500=CARTESIAN_POINT('Ctrl Pts',(-7.58132383518686,17.2885222427238,-27.5));
#8501=CARTESIAN_POINT('Ctrl Pts',(-7.58132383518686,17.2885222427238,11.5));
#8502=CARTESIAN_POINT('Ctrl Pts',(-7.63153435194701,17.3302503854967,-27.5));
#8503=CARTESIAN_POINT('Ctrl Pts',(-7.63153435194701,17.3302503854967,11.5));
#8504=CARTESIAN_POINT('Ctrl Pts',(-7.68216539068496,17.3716772307044,-27.5));
#8505=CARTESIAN_POINT('Ctrl Pts',(-7.68216539068496,17.3716772307044,11.5));
#8506=CARTESIAN_POINT('Ctrl Pts',(-7.73320925776238,17.4128044592041,-27.5));
#8507=CARTESIAN_POINT('Ctrl Pts',(-7.73320925776238,17.4128044592041,11.5));
#8508=CARTESIAN_POINT('Ctrl Pts',(-7.78466016116182,17.453632810828,-27.5));
#8509=CARTESIAN_POINT('Ctrl Pts',(-7.78466016116182,17.453632810828,11.5));
#8510=CARTESIAN_POINT('Ctrl Pts',(-7.83651348553076,17.4941624517951,-27.5));
#8511=CARTESIAN_POINT('Ctrl Pts',(-7.83651348553076,17.4941624517951,11.5));
#8512=CARTESIAN_POINT('Ctrl Pts',(-7.88876529180083,17.5343932275743,-27.5));
#8513=CARTESIAN_POINT('Ctrl Pts',(-7.88876529180083,17.5343932275743,11.5));
#8514=CARTESIAN_POINT('Ctrl Pts',(-7.9414117681959,17.5743249414962,-27.5));
#8515=CARTESIAN_POINT('Ctrl Pts',(-7.9414117681959,17.5743249414962,11.5));
#8516=CARTESIAN_POINT('Ctrl Pts',(-7.99444858350276,17.6139576829664,-27.5));
#8517=CARTESIAN_POINT('Ctrl Pts',(-7.99444858350276,17.6139576829664,11.5));
#8518=CARTESIAN_POINT('Ctrl Pts',(-8.04787083355245,17.6532918566393,-27.5));
#8519=CARTESIAN_POINT('Ctrl Pts',(-8.04787083355245,17.6532918566393,11.5));
#8520=CARTESIAN_POINT('Ctrl Pts',(-8.10167334893822,17.6923280292408,-27.5));
#8521=CARTESIAN_POINT('Ctrl Pts',(-8.10167334893822,17.6923280292408,11.5));
#8522=CARTESIAN_POINT('Ctrl Pts',(-8.15585089734558,17.731066830899,-27.5));
#8523=CARTESIAN_POINT('Ctrl Pts',(-8.15585089734558,17.731066830899,11.5));
#8524=CARTESIAN_POINT('Ctrl Pts',(-8.21039840667259,17.7695088450109,-27.5));
#8525=CARTESIAN_POINT('Ctrl Pts',(-8.21039840667259,17.7695088450109,11.5));
#8526=CARTESIAN_POINT('Ctrl Pts',(-8.2653112259793,17.8076544833656,-27.5));
#8527=CARTESIAN_POINT('Ctrl Pts',(-8.2653112259793,17.8076544833656,11.5));
#8528=CARTESIAN_POINT('Ctrl Pts',(-8.32058514807244,17.8455039669834,-27.5));
#8529=CARTESIAN_POINT('Ctrl Pts',(-8.32058514807244,17.8455039669834,11.5));
#8530=CARTESIAN_POINT('Ctrl Pts',(-8.37621625830133,17.8830573854041,-27.5));
#8531=CARTESIAN_POINT('Ctrl Pts',(-8.37621625830133,17.8830573854041,11.5));
#8532=CARTESIAN_POINT('Ctrl Pts',(-8.43220082787839,17.9203147358444,-27.5));
#8533=CARTESIAN_POINT('Ctrl Pts',(-8.43220082787839,17.9203147358444,11.5));
#8534=CARTESIAN_POINT('Ctrl Pts',(-8.48853519803009,17.9572759694815,-27.5));
#8535=CARTESIAN_POINT('Ctrl Pts',(-8.48853519803009,17.9572759694815,11.5));
#8536=CARTESIAN_POINT('Ctrl Pts',(-8.54521563723016,17.9939410447152,-27.5));
#8537=CARTESIAN_POINT('Ctrl Pts',(-8.54521563723016,17.9939410447152,11.5));
#8538=CARTESIAN_POINT('Ctrl Pts',(-8.60223832164987,18.030309947477,-27.5));
#8539=CARTESIAN_POINT('Ctrl Pts',(-8.60223832164987,18.030309947477,11.5));
#8540=CARTESIAN_POINT('Ctrl Pts',(-8.65959943231185,18.0663826782163,-27.5));
#8541=CARTESIAN_POINT('Ctrl Pts',(-8.65959943231185,18.0663826782163,11.5));
#8542=CARTESIAN_POINT('Ctrl Pts',(-8.71729522135083,18.10215925098,-27.5));
#8543=CARTESIAN_POINT('Ctrl Pts',(-8.71729522135083,18.10215925098,11.5));
#8544=CARTESIAN_POINT('Ctrl Pts',(-8.77532207991449,18.1376396880447,-27.5));
#8545=CARTESIAN_POINT('Ctrl Pts',(-8.77532207991449,18.1376396880447,11.5));
#8546=CARTESIAN_POINT('Ctrl Pts',(-8.83367662388487,18.1728240227388,-27.5));
#8547=CARTESIAN_POINT('Ctrl Pts',(-8.83367662388487,18.1728240227388,11.5));
#8548=CARTESIAN_POINT('Ctrl Pts',(-8.89235569448271,18.2077122863624,-27.5));
#8549=CARTESIAN_POINT('Ctrl Pts',(-8.89235569448271,18.2077122863624,11.5));
#8550=CARTESIAN_POINT('Ctrl Pts',(-8.95135624283597,18.2423044755825,-27.5));
#8551=CARTESIAN_POINT('Ctrl Pts',(-8.95135624283597,18.2423044755825,11.5));
#8552=CARTESIAN_POINT('Ctrl Pts',(-9.01067523618776,18.2766005246161,-27.5));
#8553=CARTESIAN_POINT('Ctrl Pts',(-9.01067523618776,18.2766005246161,11.5));
#8554=CARTESIAN_POINT('Ctrl Pts',(-9.07030956428595,18.310600281562,-27.5));
#8555=CARTESIAN_POINT('Ctrl Pts',(-9.07030956428595,18.310600281562,11.5));
#8556=CARTESIAN_POINT('Ctrl Pts',(-9.1302559163613,18.3443034755065,-27.5));
#8557=CARTESIAN_POINT('Ctrl Pts',(-9.1302559163613,18.3443034755065,11.5));
#8558=CARTESIAN_POINT('Ctrl Pts',(-9.19051075601375,18.3777097207339,-27.5));
#8559=CARTESIAN_POINT('Ctrl Pts',(-9.19051075601375,18.3777097207339,11.5));
#8560=CARTESIAN_POINT('Ctrl Pts',(-9.25107052891339,18.4108186041577,-27.5));
#8561=CARTESIAN_POINT('Ctrl Pts',(-9.25107052891339,18.4108186041577,11.5));
#8562=CARTESIAN_POINT('Ctrl Pts',(-9.31193182422333,18.4436297599477,-27.5));
#8563=CARTESIAN_POINT('Ctrl Pts',(-9.31193182422333,18.4436297599477,11.5));
#8564=CARTESIAN_POINT('Ctrl Pts',(-9.37309154735115,18.4761429471643,-27.5));
#8565=CARTESIAN_POINT('Ctrl Pts',(-9.37309154735115,18.4761429471643,11.5));
#8566=CARTESIAN_POINT('Ctrl Pts',(-9.43454709779135,18.508358138567,-27.5));
#8567=CARTESIAN_POINT('Ctrl Pts',(-9.43454709779135,18.508358138567,11.5));
#8568=CARTESIAN_POINT('Ctrl Pts',(-9.4962965079566,18.540275576952,-27.5));
#8569=CARTESIAN_POINT('Ctrl Pts',(-9.4962965079566,18.540275576952,11.5));
#8570=CARTESIAN_POINT('Ctrl Pts',(-9.55833835922735,18.5718956441315,-27.5));
#8571=CARTESIAN_POINT('Ctrl Pts',(-9.55833835922735,18.5718956441315,11.5));
#8572=CARTESIAN_POINT('Ctrl Pts',(-9.60820505197998,18.5969541331302,-27.5));
#8573=CARTESIAN_POINT('Ctrl Pts',(-9.60820505197998,18.5969541331302,11.5));
#8574=CARTESIAN_POINT('Ctrl Pts',(-9.64573602675298,18.6156145206642,-27.5));
#8575=CARTESIAN_POINT('Ctrl Pts',(-9.64573602675298,18.6156145206642,11.5));
#8576=CARTESIAN_POINT('Ctrl Pts',(-9.67081485961339,18.6279954746569,-27.5));
#8577=CARTESIAN_POINT('Ctrl Pts',(-9.67081485961339,18.6279954746569,11.5));
#8578=CARTESIAN_POINT('Ctrl Pts',(-9.68336882179497,18.6341711255608,-27.5));
#8579=CARTESIAN_POINT('Ctrl Pts',(-9.68336882179497,18.6341711255608,11.5));
#8580=CARTESIAN_POINT('Ctrl Pts',(-6.23926603613602,15.72166456162,0.));
#8581=CARTESIAN_POINT('Ctrl Pts',(-6.24604110071304,15.7387085716924,0.));
#8582=CARTESIAN_POINT('Ctrl Pts',(-6.25329523317321,15.755523214742,-9.66661516264168E-16));
#8583=CARTESIAN_POINT('Ctrl Pts',(-6.26100229366387,15.772121310314,-1.03934976379286E-15));
#8584=CARTESIAN_POINT('Ctrl Pts',(-6.2697403297763,15.7909397377392,-1.12176153837617E-15));
#8585=CARTESIAN_POINT('Ctrl Pts',(-6.27905990428219,15.809480146623,1.57583297487605E-15));
#8586=CARTESIAN_POINT('Ctrl Pts',(-6.28886220452237,15.8277909062828,2.04289650434921E-15));
#8587=CARTESIAN_POINT('Ctrl Pts',(-6.30598703645953,15.8597802020738,2.85886665933579E-15));
#8588=CARTESIAN_POINT('Ctrl Pts',(-6.32458053289599,15.8910710914737,3.5527136788005E-15));
#8589=CARTESIAN_POINT('Ctrl Pts',(-6.34393561357914,15.9220078591779,3.5527136788005E-15));
#8590=CARTESIAN_POINT('Ctrl Pts',(-6.3551444758974,15.9399238769639,3.5527136788005E-15));
#8591=CARTESIAN_POINT('Ctrl Pts',(-6.36660596451622,15.9577224461267,3.5527136788005E-15));
#8592=CARTESIAN_POINT('Ctrl Pts',(-6.37821039157826,15.9754562069514,3.5527136788005E-15));
#8593=CARTESIAN_POINT('Ctrl Pts',(-6.38912019308551,15.9921284484623,3.5527136788005E-15));
#8594=CARTESIAN_POINT('Ctrl Pts',(-6.40015587504916,16.0087436277942,3.5527136788005E-15));
#8595=CARTESIAN_POINT('Ctrl Pts',(-6.41127169791398,16.0253227128429,3.5527136788005E-15));
#8596=CARTESIAN_POINT('Ctrl Pts',(-6.42374309227965,16.0439236126933,3.5527136788005E-15));
#8597=CARTESIAN_POINT('Ctrl Pts',(-6.43631598031533,16.062478762234,0.));
#8598=CARTESIAN_POINT('Ctrl Pts',(-6.44898283938865,16.0809892791544,0.));
#8599=CARTESIAN_POINT('Ctrl Pts',(-6.46496788203628,16.1043487718818,0.));
#8600=CARTESIAN_POINT('Ctrl Pts',(-6.48110364352283,16.1276366148112,-1.02819527593215E-15));
#8601=CARTESIAN_POINT('Ctrl Pts',(-6.49745113140468,16.1508174363981,9.6018892287139E-16));
#8602=CARTESIAN_POINT('Ctrl Pts',(-6.51391569612156,16.174164273537,2.96281345820236E-15));
#8603=CARTESIAN_POINT('Ctrl Pts',(-6.530600817468,16.1973996225568,1.49720326069314E-15));
#8604=CARTESIAN_POINT('Ctrl Pts',(-6.54757783733873,16.2204837942764,1.977483999461E-15));
#8605=CARTESIAN_POINT('Ctrl Pts',(-6.56345674081718,16.2420748236448,2.42669897072948E-15));
#8606=CARTESIAN_POINT('Ctrl Pts',(-6.57959257291383,16.2635328218102,2.0809159963132E-15));
#8607=CARTESIAN_POINT('Ctrl Pts',(-6.59599661155525,16.2848499022959,2.09426814258234E-15));
#8608=CARTESIAN_POINT('Ctrl Pts',(-6.61529888900179,16.3099332498106,2.10997932428749E-15));
#8609=CARTESIAN_POINT('Ctrl Pts',(-6.63497098710098,16.3348222667093,4.68994035328778E-16));
#8610=CARTESIAN_POINT('Ctrl Pts',(-6.65496360021167,16.3595392858978,1.68716881253533E-15));
#8611=CARTESIAN_POINT('Ctrl Pts',(-6.67850855045998,16.388648086426,3.12179190878911E-15));
#8612=CARTESIAN_POINT('Ctrl Pts',(-6.70249248476998,16.4175211864109,-1.40891945363267E-15));
#8613=CARTESIAN_POINT('Ctrl Pts',(-6.72680081926376,16.4462131459793,1.01514734671436E-15));
#8614=CARTESIAN_POINT('Ctrl Pts',(-6.74754797310367,16.47070172208,3.08408739844423E-15));
#8615=CARTESIAN_POINT('Ctrl Pts',(-6.76852946680206,16.4950593728897,0.));
#8616=CARTESIAN_POINT('Ctrl Pts',(-6.78971182059902,16.519300861869,0.));
#8617=CARTESIAN_POINT('Ctrl Pts',(-6.81633864355006,16.5497731050064,0.));
#8618=CARTESIAN_POINT('Ctrl Pts',(-6.8432841146538,16.5800611381112,0.));
#8619=CARTESIAN_POINT('Ctrl Pts',(-6.87055963477402,16.6101546424706,0.));
#8620=CARTESIAN_POINT('Ctrl Pts',(-6.89972436309443,16.6423325395366,0.));
#8621=CARTESIAN_POINT('Ctrl Pts',(-6.92927269636269,16.6742848145899,0.));
#8622=CARTESIAN_POINT('Ctrl Pts',(-6.95923652709781,16.7059900962199,0.));
#8623=CARTESIAN_POINT('Ctrl Pts',(-6.99076121102953,16.7393469453887,0.));
#8624=CARTESIAN_POINT('Ctrl Pts',(-7.02274686388724,16.7724298587583,2.08587505307681E-15));
#8625=CARTESIAN_POINT('Ctrl Pts',(-7.05516968182155,16.8052457428464,2.09491772526423E-15));
#8626=CARTESIAN_POINT('Ctrl Pts',(-7.10003103142453,16.8506509525844,2.10742948408688E-15));
#8627=CARTESIAN_POINT('Ctrl Pts',(-7.14571981473842,16.8955497993316,2.08462515948931E-15));
#8628=CARTESIAN_POINT('Ctrl Pts',(-7.19211841812227,16.9399897642894,2.09497898517932E-15));
#8629=CARTESIAN_POINT('Ctrl Pts',(-7.23474633728313,16.9808182180697,2.10449138452609E-15));
#8630=CARTESIAN_POINT('Ctrl Pts',(-7.27797408309453,17.0212590141045,1.57269090011986E-15));
#8631=CARTESIAN_POINT('Ctrl Pts',(-7.32178284000661,17.0613124646491,2.05105373769986E-15));
#8632=CARTESIAN_POINT('Ctrl Pts',(-7.3719834894995,17.1072098918645,2.59921184197956E-15));
#8633=CARTESIAN_POINT('Ctrl Pts',(-7.42295497242857,17.1525946234132,2.01897059493489E-15));
#8634=CARTESIAN_POINT('Ctrl Pts',(-7.4746815447316,17.1974615326635,2.09241103249692E-15));
#8635=CARTESIAN_POINT('Ctrl Pts',(-7.55010795420332,17.2628853509869,2.19950006369901E-15));
#8636=CARTESIAN_POINT('Ctrl Pts',(-7.62713055723218,17.3272128168445,0.));
#8637=CARTESIAN_POINT('Ctrl Pts',(-7.70560214442273,17.390481474775,0.));
#8638=CARTESIAN_POINT('Ctrl Pts',(-7.81026475641285,17.4748669604417,0.));
#8639=CARTESIAN_POINT('Ctrl Pts',(-7.917512113337,17.5573652143289,2.20318945513982E-16));
#8640=CARTESIAN_POINT('Ctrl Pts',(-8.02717635007391,17.6379787149769,2.00384245415342E-15));
#8641=CARTESIAN_POINT('Ctrl Pts',(-8.12821832332742,17.7122540431851,3.64713784396493E-15));
#8642=CARTESIAN_POINT('Ctrl Pts',(-8.2313043789336,17.7849331525763,-5.47342816280277E-15));
#8643=CARTESIAN_POINT('Ctrl Pts',(-8.33629376005864,17.8560280503304,1.3007349034773E-15));
#8644=CARTESIAN_POINT('Ctrl Pts',(-8.48272360303708,17.9551848850801,1.07487345342621E-14));
#8645=CARTESIAN_POINT('Ctrl Pts',(-8.63286484890429,18.0512557188188,-1.06072116066828E-14));
#8646=CARTESIAN_POINT('Ctrl Pts',(-8.78641091267532,18.1442400538266,9.32091300648107E-16));
#8647=CARTESIAN_POINT('Ctrl Pts',(-8.92043402979462,18.2254016942813,1.10042045612691E-14));
#8648=CARTESIAN_POINT('Ctrl Pts',(-9.05705622829699,18.3042147559873,-1.1049071582643E-14));
#8649=CARTESIAN_POINT('Ctrl Pts',(-9.19610070481659,18.3806690600924,4.70737323537046E-16));
#8650=CARTESIAN_POINT('Ctrl Pts',(-9.29712555833454,18.4362180834436,8.84062756608464E-15));
#8651=CARTESIAN_POINT('Ctrl Pts',(-9.39942321148595,18.4905189534163,-1.09773279718143E-18));
#8652=CARTESIAN_POINT('Ctrl Pts',(-9.50294172094747,18.5435719387928,1.41212357062373E-20));
#8653=CARTESIAN_POINT('Ctrl Pts',(-9.56267705113633,18.5741861508352,6.55716329393911E-19));
#8654=CARTESIAN_POINT('Ctrl Pts',(-9.62282009710756,18.6043854864983,2.50511861966703E-15));
#8655=CARTESIAN_POINT('Ctrl Pts',(-9.68336882179497,18.6341711255608,2.50511861966702E-15));
#8656=CARTESIAN_POINT('Ctrl Pts',(-0.931042168891757,20.9793499840996,-27.5));
#8657=CARTESIAN_POINT('Ctrl Pts',(-0.931042168891757,20.9793499840996,11.5));
#8658=CARTESIAN_POINT('Ctrl Pts',(-0.938826393607208,20.9677247324411,-27.5));
#8659=CARTESIAN_POINT('Ctrl Pts',(-0.938826393607208,20.9677247324411,11.5));
#8660=CARTESIAN_POINT('Ctrl Pts',(-0.954354822965229,20.9444630953301,-27.5));
#8661=CARTESIAN_POINT('Ctrl Pts',(-0.954354822965229,20.9444630953301,11.5));
#8662=CARTESIAN_POINT('Ctrl Pts',(-0.977527406780472,20.9095372382948,-27.5));
#8663=CARTESIAN_POINT('Ctrl Pts',(-0.977527406780472,20.9095372382948,11.5));
#8664=CARTESIAN_POINT('Ctrl Pts',(-1.00818398500762,20.8629026038651,-27.5));
#8665=CARTESIAN_POINT('Ctrl Pts',(-1.00818398500762,20.8629026038651,11.5));
#8666=CARTESIAN_POINT('Ctrl Pts',(-1.04610377071614,20.8044978967829,-27.5));
#8667=CARTESIAN_POINT('Ctrl Pts',(-1.04610377071614,20.8044978967829,11.5));
#8668=CARTESIAN_POINT('Ctrl Pts',(-1.08362160939548,20.7459818792352,-27.5));
#8669=CARTESIAN_POINT('Ctrl Pts',(-1.08362160939548,20.7459818792352,11.5));
#8670=CARTESIAN_POINT('Ctrl Pts',(-1.12073608157887,20.6873549298725,-27.5));
#8671=CARTESIAN_POINT('Ctrl Pts',(-1.12073608157887,20.6873549298725,11.5));
#8672=CARTESIAN_POINT('Ctrl Pts',(-1.15744536188769,20.6286178222211,-27.5));
#8673=CARTESIAN_POINT('Ctrl Pts',(-1.15744536188769,20.6286178222211,11.5));
#8674=CARTESIAN_POINT('Ctrl Pts',(-1.19374721183835,20.5697718801245,-27.5));
#8675=CARTESIAN_POINT('Ctrl Pts',(-1.19374721183835,20.5697718801245,11.5));
#8676=CARTESIAN_POINT('Ctrl Pts',(-1.22963907190493,20.5108188595386,-27.5));
#8677=CARTESIAN_POINT('Ctrl Pts',(-1.22963907190493,20.5108188595386,11.5));
#8678=CARTESIAN_POINT('Ctrl Pts',(-1.26511817113121,20.4517607827005,-27.5));
#8679=CARTESIAN_POINT('Ctrl Pts',(-1.26511817113121,20.4517607827005,11.5));
#8680=CARTESIAN_POINT('Ctrl Pts',(-1.3001816379204,20.3925997845181,-27.5));
#8681=CARTESIAN_POINT('Ctrl Pts',(-1.3001816379204,20.3925997845181,11.5));
#8682=CARTESIAN_POINT('Ctrl Pts',(-1.3348266025181,20.3333379672314,-27.5));
#8683=CARTESIAN_POINT('Ctrl Pts',(-1.3348266025181,20.3333379672314,11.5));
#8684=CARTESIAN_POINT('Ctrl Pts',(-1.36905033317088,20.273977220843,-27.5));
#8685=CARTESIAN_POINT('Ctrl Pts',(-1.36905033317088,20.273977220843,11.5));
#8686=CARTESIAN_POINT('Ctrl Pts',(-1.40285021227196,20.2145192320292,-27.5));
#8687=CARTESIAN_POINT('Ctrl Pts',(-1.40285021227196,20.2145192320292,11.5));
#8688=CARTESIAN_POINT('Ctrl Pts',(-1.43622364626835,20.1549655741383,-27.5));
#8689=CARTESIAN_POINT('Ctrl Pts',(-1.43622364626835,20.1549655741383,11.5));
#8690=CARTESIAN_POINT('Ctrl Pts',(-1.4691679964259,20.0953177744928,-27.5));
#8691=CARTESIAN_POINT('Ctrl Pts',(-1.4691679964259,20.0953177744928,11.5));
#8692=CARTESIAN_POINT('Ctrl Pts',(-1.50168051151148,20.0355773853755,-27.5));
#8693=CARTESIAN_POINT('Ctrl Pts',(-1.50168051151148,20.0355773853755,11.5));
#8694=CARTESIAN_POINT('Ctrl Pts',(-1.53375824412882,19.9757460699824,-27.5));
#8695=CARTESIAN_POINT('Ctrl Pts',(-1.53375824412882,19.9757460699824,11.5));
#8696=CARTESIAN_POINT('Ctrl Pts',(-1.5653980577817,19.9158256134473,-27.5));
#8697=CARTESIAN_POINT('Ctrl Pts',(-1.5653980577817,19.9158256134473,11.5));
#8698=CARTESIAN_POINT('Ctrl Pts',(-1.59659669970028,19.855817877538,-27.5));
#8699=CARTESIAN_POINT('Ctrl Pts',(-1.59659669970028,19.855817877538,11.5));
#8700=CARTESIAN_POINT('Ctrl Pts',(-1.62735086232834,19.7957247713539,-27.5));
#8701=CARTESIAN_POINT('Ctrl Pts',(-1.62735086232834,19.7957247713539,11.5));
#8702=CARTESIAN_POINT('Ctrl Pts',(-1.65765724116738,19.7355482189931,-27.5));
#8703=CARTESIAN_POINT('Ctrl Pts',(-1.65765724116738,19.7355482189931,11.5));
#8704=CARTESIAN_POINT('Ctrl Pts',(-1.68751262542088,19.6752901222455,-27.5));
#8705=CARTESIAN_POINT('Ctrl Pts',(-1.68751262542088,19.6752901222455,11.5));
#8706=CARTESIAN_POINT('Ctrl Pts',(-1.71691387090945,19.6149523527798,-27.5));
#8707=CARTESIAN_POINT('Ctrl Pts',(-1.71691387090945,19.6149523527798,11.5));
#8708=CARTESIAN_POINT('Ctrl Pts',(-1.74585774980005,19.5545367774002,-27.5));
#8709=CARTESIAN_POINT('Ctrl Pts',(-1.74585774980005,19.5545367774002,11.5));
#8710=CARTESIAN_POINT('Ctrl Pts',(-1.77434082713572,19.494045275888,-27.5));
#8711=CARTESIAN_POINT('Ctrl Pts',(-1.77434082713572,19.494045275888,11.5));
#8712=CARTESIAN_POINT('Ctrl Pts',(-1.80235934887014,19.433479760431,-27.5));
#8713=CARTESIAN_POINT('Ctrl Pts',(-1.80235934887014,19.433479760431,11.5));
#8714=CARTESIAN_POINT('Ctrl Pts',(-1.82990908127659,19.3728421998792,-27.5));
#8715=CARTESIAN_POINT('Ctrl Pts',(-1.82990908127659,19.3728421998792,11.5));
#8716=CARTESIAN_POINT('Ctrl Pts',(-1.8569853400874,19.3121346250468,-27.5));
#8717=CARTESIAN_POINT('Ctrl Pts',(-1.8569853400874,19.3121346250468,11.5));
#8718=CARTESIAN_POINT('Ctrl Pts',(-1.88358327892129,19.2513591063843,-27.5));
#8719=CARTESIAN_POINT('Ctrl Pts',(-1.88358327892129,19.2513591063843,11.5));
#8720=CARTESIAN_POINT('Ctrl Pts',(-1.90969813757778,19.1905177377962,-27.5));
#8721=CARTESIAN_POINT('Ctrl Pts',(-1.90969813757778,19.1905177377962,11.5));
#8722=CARTESIAN_POINT('Ctrl Pts',(-1.93532546659469,19.1296126209256,-27.5));
#8723=CARTESIAN_POINT('Ctrl Pts',(-1.93532546659469,19.1296126209256,11.5));
#8724=CARTESIAN_POINT('Ctrl Pts',(-1.96046147032859,19.0686458439518,-27.5));
#8725=CARTESIAN_POINT('Ctrl Pts',(-1.96046147032859,19.0686458439518,11.5));
#8726=CARTESIAN_POINT('Ctrl Pts',(-1.98510294601922,19.0076194830836,-27.5));
#8727=CARTESIAN_POINT('Ctrl Pts',(-1.98510294601922,19.0076194830836,11.5));
#8728=CARTESIAN_POINT('Ctrl Pts',(-2.00924655959883,18.9465356416829,-27.5));
#8729=CARTESIAN_POINT('Ctrl Pts',(-2.00924655959883,18.9465356416829,11.5));
#8730=CARTESIAN_POINT('Ctrl Pts',(-2.03288823094542,18.8853964834762,-27.5));
#8731=CARTESIAN_POINT('Ctrl Pts',(-2.03288823094542,18.8853964834762,11.5));
#8732=CARTESIAN_POINT('Ctrl Pts',(-2.05602257410863,18.8242042637587,-27.5));
#8733=CARTESIAN_POINT('Ctrl Pts',(-2.05602257410863,18.8242042637587,11.5));
#8734=CARTESIAN_POINT('Ctrl Pts',(-2.07864208577363,18.7629613736846,-27.5));
#8735=CARTESIAN_POINT('Ctrl Pts',(-2.07864208577363,18.7629613736846,11.5));
#8736=CARTESIAN_POINT('Ctrl Pts',(-2.10073722081666,18.701670340003,-27.5));
#8737=CARTESIAN_POINT('Ctrl Pts',(-2.10073722081666,18.701670340003,11.5));
#8738=CARTESIAN_POINT('Ctrl Pts',(-2.12229800967239,18.6403337467048,-27.5));
#8739=CARTESIAN_POINT('Ctrl Pts',(-2.12229800967239,18.6403337467048,11.5));
#8740=CARTESIAN_POINT('Ctrl Pts',(-2.14331544615368,18.5789541690281,-27.5));
#8741=CARTESIAN_POINT('Ctrl Pts',(-2.14331544615368,18.5789541690281,11.5));
#8742=CARTESIAN_POINT('Ctrl Pts',(-2.16378273550393,18.5175341143946,-27.5));
#8743=CARTESIAN_POINT('Ctrl Pts',(-2.16378273550393,18.5175341143946,11.5));
#8744=CARTESIAN_POINT('Ctrl Pts',(-2.18369717600781,18.4560759329709,-27.5));
#8745=CARTESIAN_POINT('Ctrl Pts',(-2.18369717600781,18.4560759329709,11.5));
#8746=CARTESIAN_POINT('Ctrl Pts',(-2.20305984325784,18.3945818357611,-27.5));
#8747=CARTESIAN_POINT('Ctrl Pts',(-2.20305984325784,18.3945818357611,11.5));
#8748=CARTESIAN_POINT('Ctrl Pts',(-2.2218716612714,18.3330540894789,-27.5));
#8749=CARTESIAN_POINT('Ctrl Pts',(-2.2218716612714,18.3330540894789,11.5));
#8750=CARTESIAN_POINT('Ctrl Pts',(-2.24013002100689,18.271495184924,-27.5));
#8751=CARTESIAN_POINT('Ctrl Pts',(-2.24013002100689,18.271495184924,11.5));
#8752=CARTESIAN_POINT('Ctrl Pts',(-2.25782577230719,18.2099079878553,-27.5));
#8753=CARTESIAN_POINT('Ctrl Pts',(-2.25782577230719,18.2099079878553,11.5));
#8754=CARTESIAN_POINT('Ctrl Pts',(-2.27493862417307,18.1482959670473,-27.5));
#8755=CARTESIAN_POINT('Ctrl Pts',(-2.27493862417307,18.1482959670473,11.5));
#8756=CARTESIAN_POINT('Ctrl Pts',(-2.2914382611264,18.0866631466136,-27.5));
#8757=CARTESIAN_POINT('Ctrl Pts',(-2.2914382611264,18.0866631466136,11.5));
#8758=CARTESIAN_POINT('Ctrl Pts',(-2.30729335016717,18.0250136778266,-27.5));
#8759=CARTESIAN_POINT('Ctrl Pts',(-2.30729335016717,18.0250136778266,11.5));
#8760=CARTESIAN_POINT('Ctrl Pts',(-2.32247935674173,17.9633514683259,-27.5));
#8761=CARTESIAN_POINT('Ctrl Pts',(-2.32247935674173,17.9633514683259,11.5));
#8762=CARTESIAN_POINT('Ctrl Pts',(-2.33698531370605,17.9016798633142,-27.5));
#8763=CARTESIAN_POINT('Ctrl Pts',(-2.33698531370605,17.9016798633142,11.5));
#8764=CARTESIAN_POINT('Ctrl Pts',(-2.35082479906539,17.8400011211625,-27.5));
#8765=CARTESIAN_POINT('Ctrl Pts',(-2.35082479906539,17.8400011211625,11.5));
#8766=CARTESIAN_POINT('Ctrl Pts',(-2.36403099285582,17.7783166677707,-27.5));
#8767=CARTESIAN_POINT('Ctrl Pts',(-2.36403099285582,17.7783166677707,11.5));
#8768=CARTESIAN_POINT('Ctrl Pts',(-2.37663510568996,17.7166281649145,-27.5));
#8769=CARTESIAN_POINT('Ctrl Pts',(-2.37663510568996,17.7166281649145,11.5));
#8770=CARTESIAN_POINT('Ctrl Pts',(-2.3886474648082,17.6549384477382,-27.5));
#8771=CARTESIAN_POINT('Ctrl Pts',(-2.3886474648082,17.6549384477382,11.5));
#8772=CARTESIAN_POINT('Ctrl Pts',(-2.40004127977307,17.5932523344353,-27.5));
#8773=CARTESIAN_POINT('Ctrl Pts',(-2.40004127977307,17.5932523344353,11.5));
#8774=CARTESIAN_POINT('Ctrl Pts',(-2.4107259056287,17.5315779425777,-27.5));
#8775=CARTESIAN_POINT('Ctrl Pts',(-2.4107259056287,17.5315779425777,11.5));
#8776=CARTESIAN_POINT('Ctrl Pts',(-2.4205643711255,17.4699258729673,-27.5));
#8777=CARTESIAN_POINT('Ctrl Pts',(-2.4205643711255,17.4699258729673,11.5));
#8778=CARTESIAN_POINT('Ctrl Pts',(-2.42942221881929,17.4083068978517,-27.5));
#8779=CARTESIAN_POINT('Ctrl Pts',(-2.42942221881929,17.4083068978517,11.5));
#8780=CARTESIAN_POINT('Ctrl Pts',(-2.43721114115494,17.3467298766505,-27.5));
#8781=CARTESIAN_POINT('Ctrl Pts',(-2.43721114115494,17.3467298766505,11.5));
#8782=CARTESIAN_POINT('Ctrl Pts',(-2.44392618739207,17.2852000355351,-27.5));
#8783=CARTESIAN_POINT('Ctrl Pts',(-2.44392618739207,17.2852000355351,11.5));
#8784=CARTESIAN_POINT('Ctrl Pts',(-2.44970758091394,17.2237159280857,-27.5));
#8785=CARTESIAN_POINT('Ctrl Pts',(-2.44970758091394,17.2237159280857,11.5));
#8786=CARTESIAN_POINT('Ctrl Pts',(-2.45477512254253,17.162273178031,-27.5));
#8787=CARTESIAN_POINT('Ctrl Pts',(-2.45477512254253,17.162273178031,11.5));
#8788=CARTESIAN_POINT('Ctrl Pts',(-2.45930831869908,17.1008710837249,-27.5));
#8789=CARTESIAN_POINT('Ctrl Pts',(-2.45930831869908,17.1008710837249,11.5));
#8790=CARTESIAN_POINT('Ctrl Pts',(-2.46333853473685,17.0395186350482,-27.5));
#8791=CARTESIAN_POINT('Ctrl Pts',(-2.46333853473685,17.0395186350482,11.5));
#8792=CARTESIAN_POINT('Ctrl Pts',(-2.4666478959209,16.9782400582459,-27.5));
#8793=CARTESIAN_POINT('Ctrl Pts',(-2.4666478959209,16.9782400582459,11.5));
#8794=CARTESIAN_POINT('Ctrl Pts',(-2.4686338588232,16.9170824831697,-27.5));
#8795=CARTESIAN_POINT('Ctrl Pts',(-2.4686338588232,16.9170824831697,11.5));
#8796=CARTESIAN_POINT('Ctrl Pts',(-2.46846511242917,16.8561058072456,-27.5));
#8797=CARTESIAN_POINT('Ctrl Pts',(-2.46846511242917,16.8561058072456,11.5));
#8798=CARTESIAN_POINT('Ctrl Pts',(-2.46592898415609,16.8075164038666,-27.5));
#8799=CARTESIAN_POINT('Ctrl Pts',(-2.46592898415609,16.8075164038666,11.5));
#8800=CARTESIAN_POINT('Ctrl Pts',(-2.46237521795222,16.7712028977866,-27.5));
#8801=CARTESIAN_POINT('Ctrl Pts',(-2.46237521795222,16.7712028977866,11.5));
#8802=CARTESIAN_POINT('Ctrl Pts',(-2.45923343709709,16.7470536230484,-27.5));
#8803=CARTESIAN_POINT('Ctrl Pts',(-2.45923343709709,16.7470536230484,11.5));
#8804=CARTESIAN_POINT('Ctrl Pts',(-2.4574693925468,16.7349939182085,-27.5));
#8805=CARTESIAN_POINT('Ctrl Pts',(-2.4574693925468,16.7349939182085,11.5));
#8806=CARTESIAN_POINT('',(-0.931042168891763,20.9793499840996,-5.55111512312578E-16));
#8807=CARTESIAN_POINT('Ctrl Pts',(-0.931042168891757,20.9793499840996,0.));
#8808=CARTESIAN_POINT('Ctrl Pts',(-0.996756298377582,20.8812100510023,0.));
#8809=CARTESIAN_POINT('Ctrl Pts',(-1.06076288013231,20.782592687658,-8.2987731582568E-15));
#8810=CARTESIAN_POINT('Ctrl Pts',(-1.1230397216685,20.6835024354584,3.38681459560603E-16));
#8811=CARTESIAN_POINT('Ctrl Pts',(-1.2302383415302,20.5129360095524,1.52065390982632E-14));
#8812=CARTESIAN_POINT('Ctrl Pts',(-1.33230644823721,20.3409705285043,1.57094598811888E-15));
#8813=CARTESIAN_POINT('Ctrl Pts',(-1.42894370278604,20.1678142756281,2.08526378077257E-15));
#8814=CARTESIAN_POINT('Ctrl Pts',(-1.50682933829483,20.0282574881288,2.49978267745821E-15));
#8815=CARTESIAN_POINT('Ctrl Pts',(-1.58119251782129,19.8879205674905,1.80485704495463E-15));
#8816=CARTESIAN_POINT('Ctrl Pts',(-1.65185089268304,19.746908042516,2.08926317740855E-15));
#8817=CARTESIAN_POINT('Ctrl Pts',(-1.70941261653106,19.6320324309896,2.32095414523832E-15));
#8818=CARTESIAN_POINT('Ctrl Pts',(-1.76451768144796,19.5167092408393,-6.91263954801707E-16));
#8819=CARTESIAN_POINT('Ctrl Pts',(-1.81705367747347,19.4009979626108,1.91934106845239E-15));
#8820=CARTESIAN_POINT('Ctrl Pts',(-1.8669147063745,19.2911783375079,4.39702232247221E-15));
#8821=CARTESIAN_POINT('Ctrl Pts',(-1.91445404965649,19.1810094822689,2.09403629078817E-15));
#8822=CARTESIAN_POINT('Ctrl Pts',(-1.9595556919719,19.0705471940867,2.09518511200106E-15));
#8823=CARTESIAN_POINT('Ctrl Pts',(-1.99150789846029,18.992290313406,2.09599899306455E-15));
#8824=CARTESIAN_POINT('Ctrl Pts',(-2.02224242978377,18.9138859215935,3.63359223807315E-15));
#8825=CARTESIAN_POINT('Ctrl Pts',(-2.05171332062243,18.8353550523903,1.66001184666605E-15));
#8826=CARTESIAN_POINT('Ctrl Pts',(-2.08442874144483,18.7481785076568,-5.30845341371188E-16));
#8827=CARTESIAN_POINT('Ctrl Pts',(-2.11558001177983,18.660846379402,-6.67031833893651E-15));
#8828=CARTESIAN_POINT('Ctrl Pts',(-2.14505128763388,18.5733918268486,4.6657934322525E-16));
#8829=CARTESIAN_POINT('Ctrl Pts',(-2.17083865400617,18.4968690933644,6.71136481511679E-15));
#8830=CARTESIAN_POINT('Ctrl Pts',(-2.19534158348132,18.4202525511916,1.97759741390356E-15));
#8831=CARTESIAN_POINT('Ctrl Pts',(-2.21855799212969,18.3435622200249,2.09118208512619E-15));
#8832=CARTESIAN_POINT('Ctrl Pts',(-2.23329993408748,18.2948654371629,2.16330601505088E-15));
#8833=CARTESIAN_POINT('Ctrl Pts',(-2.24752603163462,18.246138790352,-2.38275971661651E-15));
#8834=CARTESIAN_POINT('Ctrl Pts',(-2.26120255808686,18.1973893900943,9.92880872539534E-16));
#8835=CARTESIAN_POINT('Ctrl Pts',(-2.27833921005987,18.1363065187216,5.22254972627584E-15));
#8836=CARTESIAN_POINT('Ctrl Pts',(-2.29460386181581,18.075188325707,-3.44860822483679E-15));
#8837=CARTESIAN_POINT('Ctrl Pts',(-2.30987381440738,18.014052388066,8.77348712436795E-16));
#8838=CARTESIAN_POINT('Ctrl Pts',(-2.32022240312143,17.9726199952343,3.80908991268506E-15));
#8839=CARTESIAN_POINT('Ctrl Pts',(-2.3301123476349,17.9311795583487,0.));
#8840=CARTESIAN_POINT('Ctrl Pts',(-2.33955136132298,17.8897346438335,0.));
#8841=CARTESIAN_POINT('Ctrl Pts',(-2.35055832801371,17.8414051457902,0.));
#8842=CARTESIAN_POINT('Ctrl Pts',(-2.3609606973319,17.7930691160372,0.));
#8843=CARTESIAN_POINT('Ctrl Pts',(-2.37081808353853,17.7447305080615,0.));
#8844=CARTESIAN_POINT('Ctrl Pts',(-2.37742425800834,17.7123351781818,0.));
#8845=CARTESIAN_POINT('Ctrl Pts',(-2.38378677172839,17.6799386496411,-1.9377175440714E-15));
#8846=CARTESIAN_POINT('Ctrl Pts',(-2.3898902093088,17.6475439448798,6.11996033220278E-16));
#8847=CARTESIAN_POINT('Ctrl Pts',(-2.39646191390716,17.6126638584632,3.35732835122003E-15));
#8848=CARTESIAN_POINT('Ctrl Pts',(-2.40273378024228,17.5777858538783,2.02645187445146E-15));
#8849=CARTESIAN_POINT('Ctrl Pts',(-2.40861625381809,17.5429173944587,2.08987156307629E-15));
#8850=CARTESIAN_POINT('Ctrl Pts',(-2.41433109594669,17.5090425732151,2.15148399595264E-15));
#8851=CARTESIAN_POINT('Ctrl Pts',(-2.41967203663632,17.4751770656354,7.43179076114103E-16));
#8852=CARTESIAN_POINT('Ctrl Pts',(-2.4245479046112,17.4413285018931,1.80223102646212E-15));
#8853=CARTESIAN_POINT('Ctrl Pts',(-2.42851900029215,17.4137609209052,2.66476394318659E-15));
#8854=CARTESIAN_POINT('Ctrl Pts',(-2.43218025924436,17.3862046484246,2.03049528545113E-15));
#8855=CARTESIAN_POINT('Ctrl Pts',(-2.43551868915949,17.3586622632148,2.08867995920215E-15));
#8856=CARTESIAN_POINT('Ctrl Pts',(-2.43877014330281,17.331837436939,2.14534875362186E-15));
#8857=CARTESIAN_POINT('Ctrl Pts',(-2.44171470002649,17.3050258105575,-1.55022956761151E-15));
#8858=CARTESIAN_POINT('Ctrl Pts',(-2.44439878099688,17.2782271515149,5.81151787449409E-16));
#8859=CARTESIAN_POINT('Ctrl Pts',(-2.44746033685582,17.247659671432,3.01227929336422E-15));
#8860=CARTESIAN_POINT('Ctrl Pts',(-2.45018896295724,17.2171087079559,1.54471414805904E-15));
#8861=CARTESIAN_POINT('Ctrl Pts',(-2.45269384748811,17.1865728072037,1.99753693039868E-15));
#8862=CARTESIAN_POINT('Ctrl Pts',(-2.45456613059401,17.163748660862,2.33600061401029E-15));
#8863=CARTESIAN_POINT('Ctrl Pts',(-2.45631516206817,17.1409328570083,1.93188472370539E-15));
#8864=CARTESIAN_POINT('Ctrl Pts',(-2.45795869945237,17.1181267705671,2.06807104081546E-15));
#8865=CARTESIAN_POINT('Ctrl Pts',(-2.45942988092169,17.0977123327317,2.1899756521938E-15));
#8866=CARTESIAN_POINT('Ctrl Pts',(-2.46081718247543,17.0773056503369,1.94242824646297E-15));
#8867=CARTESIAN_POINT('Ctrl Pts',(-2.46209510442553,17.05691008217,2.06718520330373E-15));
#8868=CARTESIAN_POINT('Ctrl Pts',(-2.46336578483424,17.0366300886288,2.19123520564994E-15));
#8869=CARTESIAN_POINT('Ctrl Pts',(-2.46452914537825,17.0163610398684,3.5527136788005E-15));
#8870=CARTESIAN_POINT('Ctrl Pts',(-2.46550627390254,16.996109458696,3.5527136788005E-15));
#8871=CARTESIAN_POINT('Ctrl Pts',(-2.46672857209854,16.9707765874127,3.5527136788005E-15));
#8872=CARTESIAN_POINT('Ctrl Pts',(-2.46765846676919,16.9454711368861,3.5527136788005E-15));
#8873=CARTESIAN_POINT('Ctrl Pts',(-2.46804997406394,16.9202110837643,3.5527136788005E-15));
#8874=CARTESIAN_POINT('Ctrl Pts',(-2.46844849795477,16.8944983198185,3.5527136788005E-15));
#8875=CARTESIAN_POINT('Ctrl Pts',(-2.46828210321733,16.8688330498129,5.78612757290739E-17));
#8876=CARTESIAN_POINT('Ctrl Pts',(-2.46727954056675,16.8432342028952,-8.88008067254264E-18));
#8877=CARTESIAN_POINT('Ctrl Pts',(-2.46653378820104,16.8241925992236,-5.85253815407542E-17));
#8878=CARTESIAN_POINT('Ctrl Pts',(-2.46532453944746,16.8051877853596,-1.34787024375713E-16));
#8879=CARTESIAN_POINT('Ctrl Pts',(-2.46357093087768,16.7862252916295,2.89836680963834E-17));
#8880=CARTESIAN_POINT('Ctrl Pts',(-2.46198843987779,16.7691131628567,1.76773574777032E-16));
#8881=CARTESIAN_POINT('Ctrl Pts',(-2.45996216948903,16.7520355253211,1.04759505913348E-15));
#8882=CARTESIAN_POINT('Ctrl Pts',(-2.4574693925468,16.7349939182085,1.04759505913348E-15));
#8883=CARTESIAN_POINT('',(-0.931042168891763,20.9793499840996,0.));
#8884=CARTESIAN_POINT('Origin',(-6.93889390390683E-17,4.88498130835069E-14,
0.));
#8885=CARTESIAN_POINT('',(0.931042168891749,20.9793499840996,-5.55111512312578E-16));
#8886=CARTESIAN_POINT('Origin',(-6.93889390390683E-17,4.88498130835069E-14,
-5.55111512312578E-16));
#8887=CARTESIAN_POINT('',(0.931042168891749,20.9793499840996,0.));
#8888=CARTESIAN_POINT('Ctrl Pts',(2.45746939254679,16.7349939182085,-27.5));
#8889=CARTESIAN_POINT('Ctrl Pts',(2.45746939254679,16.7349939182085,11.5));
#8890=CARTESIAN_POINT('Ctrl Pts',(2.45923343709707,16.7470536230484,-27.5));
#8891=CARTESIAN_POINT('Ctrl Pts',(2.45923343709707,16.7470536230484,11.5));
#8892=CARTESIAN_POINT('Ctrl Pts',(2.46237521795221,16.7712028977866,-27.5));
#8893=CARTESIAN_POINT('Ctrl Pts',(2.46237521795221,16.7712028977866,11.5));
#8894=CARTESIAN_POINT('Ctrl Pts',(2.46592898415608,16.8075164038666,-27.5));
#8895=CARTESIAN_POINT('Ctrl Pts',(2.46592898415608,16.8075164038666,11.5));
#8896=CARTESIAN_POINT('Ctrl Pts',(2.46846511242915,16.8561058072456,-27.5));
#8897=CARTESIAN_POINT('Ctrl Pts',(2.46846511242915,16.8561058072456,11.5));
#8898=CARTESIAN_POINT('Ctrl Pts',(2.46863385882319,16.9170824831697,-27.5));
#8899=CARTESIAN_POINT('Ctrl Pts',(2.46863385882319,16.9170824831697,11.5));
#8900=CARTESIAN_POINT('Ctrl Pts',(2.46664789592089,16.9782400582459,-27.5));
#8901=CARTESIAN_POINT('Ctrl Pts',(2.46664789592089,16.9782400582459,11.5));
#8902=CARTESIAN_POINT('Ctrl Pts',(2.46333853473684,17.0395186350482,-27.5));
#8903=CARTESIAN_POINT('Ctrl Pts',(2.46333853473684,17.0395186350482,11.5));
#8904=CARTESIAN_POINT('Ctrl Pts',(2.45930831869907,17.1008710837249,-27.5));
#8905=CARTESIAN_POINT('Ctrl Pts',(2.45930831869907,17.1008710837249,11.5));
#8906=CARTESIAN_POINT('Ctrl Pts',(2.45477512254251,17.162273178031,-27.5));
#8907=CARTESIAN_POINT('Ctrl Pts',(2.45477512254251,17.162273178031,11.5));
#8908=CARTESIAN_POINT('Ctrl Pts',(2.44970758091393,17.2237159280857,-27.5));
#8909=CARTESIAN_POINT('Ctrl Pts',(2.44970758091393,17.2237159280857,11.5));
#8910=CARTESIAN_POINT('Ctrl Pts',(2.44392618739206,17.2852000355351,-27.5));
#8911=CARTESIAN_POINT('Ctrl Pts',(2.44392618739206,17.2852000355351,11.5));
#8912=CARTESIAN_POINT('Ctrl Pts',(2.43721114115493,17.3467298766505,-27.5));
#8913=CARTESIAN_POINT('Ctrl Pts',(2.43721114115493,17.3467298766505,11.5));
#8914=CARTESIAN_POINT('Ctrl Pts',(2.42942221881928,17.4083068978517,-27.5));
#8915=CARTESIAN_POINT('Ctrl Pts',(2.42942221881928,17.4083068978517,11.5));
#8916=CARTESIAN_POINT('Ctrl Pts',(2.42056437112549,17.4699258729673,-27.5));
#8917=CARTESIAN_POINT('Ctrl Pts',(2.42056437112549,17.4699258729673,11.5));
#8918=CARTESIAN_POINT('Ctrl Pts',(2.41072590562868,17.5315779425777,-27.5));
#8919=CARTESIAN_POINT('Ctrl Pts',(2.41072590562868,17.5315779425777,11.5));
#8920=CARTESIAN_POINT('Ctrl Pts',(2.40004127977306,17.5932523344353,-27.5));
#8921=CARTESIAN_POINT('Ctrl Pts',(2.40004127977306,17.5932523344353,11.5));
#8922=CARTESIAN_POINT('Ctrl Pts',(2.38864746480819,17.6549384477382,-27.5));
#8923=CARTESIAN_POINT('Ctrl Pts',(2.38864746480819,17.6549384477382,11.5));
#8924=CARTESIAN_POINT('Ctrl Pts',(2.37663510568994,17.7166281649145,-27.5));
#8925=CARTESIAN_POINT('Ctrl Pts',(2.37663510568994,17.7166281649145,11.5));
#8926=CARTESIAN_POINT('Ctrl Pts',(2.36403099285581,17.7783166677707,-27.5));
#8927=CARTESIAN_POINT('Ctrl Pts',(2.36403099285581,17.7783166677707,11.5));
#8928=CARTESIAN_POINT('Ctrl Pts',(2.35082479906537,17.8400011211625,-27.5));
#8929=CARTESIAN_POINT('Ctrl Pts',(2.35082479906537,17.8400011211625,11.5));
#8930=CARTESIAN_POINT('Ctrl Pts',(2.33698531370604,17.9016798633142,-27.5));
#8931=CARTESIAN_POINT('Ctrl Pts',(2.33698531370604,17.9016798633142,11.5));
#8932=CARTESIAN_POINT('Ctrl Pts',(2.32247935674172,17.9633514683259,-27.5));
#8933=CARTESIAN_POINT('Ctrl Pts',(2.32247935674172,17.9633514683259,11.5));
#8934=CARTESIAN_POINT('Ctrl Pts',(2.30729335016716,18.0250136778266,-27.5));
#8935=CARTESIAN_POINT('Ctrl Pts',(2.30729335016716,18.0250136778266,11.5));
#8936=CARTESIAN_POINT('Ctrl Pts',(2.29143826112638,18.0866631466136,-27.5));
#8937=CARTESIAN_POINT('Ctrl Pts',(2.29143826112638,18.0866631466136,11.5));
#8938=CARTESIAN_POINT('Ctrl Pts',(2.27493862417305,18.1482959670473,-27.5));
#8939=CARTESIAN_POINT('Ctrl Pts',(2.27493862417305,18.1482959670473,11.5));
#8940=CARTESIAN_POINT('Ctrl Pts',(2.25782577230718,18.2099079878553,-27.5));
#8941=CARTESIAN_POINT('Ctrl Pts',(2.25782577230718,18.2099079878553,11.5));
#8942=CARTESIAN_POINT('Ctrl Pts',(2.24013002100688,18.271495184924,-27.5));
#8943=CARTESIAN_POINT('Ctrl Pts',(2.24013002100688,18.271495184924,11.5));
#8944=CARTESIAN_POINT('Ctrl Pts',(2.22187166127138,18.3330540894789,-27.5));
#8945=CARTESIAN_POINT('Ctrl Pts',(2.22187166127138,18.3330540894789,11.5));
#8946=CARTESIAN_POINT('Ctrl Pts',(2.20305984325783,18.3945818357611,-27.5));
#8947=CARTESIAN_POINT('Ctrl Pts',(2.20305984325783,18.3945818357611,11.5));
#8948=CARTESIAN_POINT('Ctrl Pts',(2.1836971760078,18.4560759329709,-27.5));
#8949=CARTESIAN_POINT('Ctrl Pts',(2.1836971760078,18.4560759329709,11.5));
#8950=CARTESIAN_POINT('Ctrl Pts',(2.16378273550391,18.5175341143946,-27.5));
#8951=CARTESIAN_POINT('Ctrl Pts',(2.16378273550391,18.5175341143946,11.5));
#8952=CARTESIAN_POINT('Ctrl Pts',(2.14331544615366,18.5789541690281,-27.5));
#8953=CARTESIAN_POINT('Ctrl Pts',(2.14331544615366,18.5789541690281,11.5));
#8954=CARTESIAN_POINT('Ctrl Pts',(2.12229800967237,18.6403337467048,-27.5));
#8955=CARTESIAN_POINT('Ctrl Pts',(2.12229800967237,18.6403337467048,11.5));
#8956=CARTESIAN_POINT('Ctrl Pts',(2.10073722081665,18.701670340003,-27.5));
#8957=CARTESIAN_POINT('Ctrl Pts',(2.10073722081665,18.701670340003,11.5));
#8958=CARTESIAN_POINT('Ctrl Pts',(2.07864208577362,18.7629613736846,-27.5));
#8959=CARTESIAN_POINT('Ctrl Pts',(2.07864208577362,18.7629613736846,11.5));
#8960=CARTESIAN_POINT('Ctrl Pts',(2.05602257410861,18.8242042637587,-27.5));
#8961=CARTESIAN_POINT('Ctrl Pts',(2.05602257410861,18.8242042637587,11.5));
#8962=CARTESIAN_POINT('Ctrl Pts',(2.0328882309454,18.8853964834762,-27.5));
#8963=CARTESIAN_POINT('Ctrl Pts',(2.0328882309454,18.8853964834762,11.5));
#8964=CARTESIAN_POINT('Ctrl Pts',(2.00924655959881,18.9465356416829,-27.5));
#8965=CARTESIAN_POINT('Ctrl Pts',(2.00924655959881,18.9465356416829,11.5));
#8966=CARTESIAN_POINT('Ctrl Pts',(1.9851029460192,19.0076194830836,-27.5));
#8967=CARTESIAN_POINT('Ctrl Pts',(1.9851029460192,19.0076194830836,11.5));
#8968=CARTESIAN_POINT('Ctrl Pts',(1.96046147032858,19.0686458439518,-27.5));
#8969=CARTESIAN_POINT('Ctrl Pts',(1.96046147032858,19.0686458439518,11.5));
#8970=CARTESIAN_POINT('Ctrl Pts',(1.93532546659467,19.1296126209256,-27.5));
#8971=CARTESIAN_POINT('Ctrl Pts',(1.93532546659467,19.1296126209256,11.5));
#8972=CARTESIAN_POINT('Ctrl Pts',(1.90969813757777,19.1905177377962,-27.5));
#8973=CARTESIAN_POINT('Ctrl Pts',(1.90969813757777,19.1905177377962,11.5));
#8974=CARTESIAN_POINT('Ctrl Pts',(1.88358327892127,19.2513591063843,-27.5));
#8975=CARTESIAN_POINT('Ctrl Pts',(1.88358327892127,19.2513591063843,11.5));
#8976=CARTESIAN_POINT('Ctrl Pts',(1.85698534008739,19.3121346250468,-27.5));
#8977=CARTESIAN_POINT('Ctrl Pts',(1.85698534008739,19.3121346250468,11.5));
#8978=CARTESIAN_POINT('Ctrl Pts',(1.82990908127657,19.3728421998792,-27.5));
#8979=CARTESIAN_POINT('Ctrl Pts',(1.82990908127657,19.3728421998792,11.5));
#8980=CARTESIAN_POINT('Ctrl Pts',(1.80235934887013,19.433479760431,-27.5));
#8981=CARTESIAN_POINT('Ctrl Pts',(1.80235934887013,19.433479760431,11.5));
#8982=CARTESIAN_POINT('Ctrl Pts',(1.77434082713571,19.494045275888,-27.5));
#8983=CARTESIAN_POINT('Ctrl Pts',(1.77434082713571,19.494045275888,11.5));
#8984=CARTESIAN_POINT('Ctrl Pts',(1.74585774980004,19.5545367774002,-27.5));
#8985=CARTESIAN_POINT('Ctrl Pts',(1.74585774980004,19.5545367774002,11.5));
#8986=CARTESIAN_POINT('Ctrl Pts',(1.71691387090944,19.6149523527798,-27.5));
#8987=CARTESIAN_POINT('Ctrl Pts',(1.71691387090944,19.6149523527798,11.5));
#8988=CARTESIAN_POINT('Ctrl Pts',(1.68751262542086,19.6752901222455,-27.5));
#8989=CARTESIAN_POINT('Ctrl Pts',(1.68751262542086,19.6752901222455,11.5));
#8990=CARTESIAN_POINT('Ctrl Pts',(1.65765724116736,19.7355482189931,-27.5));
#8991=CARTESIAN_POINT('Ctrl Pts',(1.65765724116736,19.7355482189931,11.5));
#8992=CARTESIAN_POINT('Ctrl Pts',(1.62735086232832,19.7957247713539,-27.5));
#8993=CARTESIAN_POINT('Ctrl Pts',(1.62735086232832,19.7957247713539,11.5));
#8994=CARTESIAN_POINT('Ctrl Pts',(1.59659669970027,19.855817877538,-27.5));
#8995=CARTESIAN_POINT('Ctrl Pts',(1.59659669970027,19.855817877538,11.5));
#8996=CARTESIAN_POINT('Ctrl Pts',(1.56539805778169,19.9158256134473,-27.5));
#8997=CARTESIAN_POINT('Ctrl Pts',(1.56539805778169,19.9158256134473,11.5));
#8998=CARTESIAN_POINT('Ctrl Pts',(1.53375824412881,19.9757460699824,-27.5));
#8999=CARTESIAN_POINT('Ctrl Pts',(1.53375824412881,19.9757460699824,11.5));
#9000=CARTESIAN_POINT('Ctrl Pts',(1.50168051151147,20.0355773853755,-27.5));
#9001=CARTESIAN_POINT('Ctrl Pts',(1.50168051151147,20.0355773853755,11.5));
#9002=CARTESIAN_POINT('Ctrl Pts',(1.46916799642589,20.0953177744928,-27.5));
#9003=CARTESIAN_POINT('Ctrl Pts',(1.46916799642589,20.0953177744928,11.5));
#9004=CARTESIAN_POINT('Ctrl Pts',(1.43622364626834,20.1549655741383,-27.5));
#9005=CARTESIAN_POINT('Ctrl Pts',(1.43622364626834,20.1549655741383,11.5));
#9006=CARTESIAN_POINT('Ctrl Pts',(1.40285021227195,20.2145192320292,-27.5));
#9007=CARTESIAN_POINT('Ctrl Pts',(1.40285021227195,20.2145192320292,11.5));
#9008=CARTESIAN_POINT('Ctrl Pts',(1.36905033317087,20.273977220843,-27.5));
#9009=CARTESIAN_POINT('Ctrl Pts',(1.36905033317087,20.273977220843,11.5));
#9010=CARTESIAN_POINT('Ctrl Pts',(1.33482660251808,20.3333379672314,-27.5));
#9011=CARTESIAN_POINT('Ctrl Pts',(1.33482660251808,20.3333379672314,11.5));
#9012=CARTESIAN_POINT('Ctrl Pts',(1.30018163792039,20.3925997845181,-27.5));
#9013=CARTESIAN_POINT('Ctrl Pts',(1.30018163792039,20.3925997845181,11.5));
#9014=CARTESIAN_POINT('Ctrl Pts',(1.2651181711312,20.4517607827005,-27.5));
#9015=CARTESIAN_POINT('Ctrl Pts',(1.2651181711312,20.4517607827005,11.5));
#9016=CARTESIAN_POINT('Ctrl Pts',(1.22963907190491,20.5108188595386,-27.5));
#9017=CARTESIAN_POINT('Ctrl Pts',(1.22963907190491,20.5108188595386,11.5));
#9018=CARTESIAN_POINT('Ctrl Pts',(1.19374721183833,20.5697718801245,-27.5));
#9019=CARTESIAN_POINT('Ctrl Pts',(1.19374721183833,20.5697718801245,11.5));
#9020=CARTESIAN_POINT('Ctrl Pts',(1.15744536188768,20.6286178222211,-27.5));
#9021=CARTESIAN_POINT('Ctrl Pts',(1.15744536188768,20.6286178222211,11.5));
#9022=CARTESIAN_POINT('Ctrl Pts',(1.12073608157886,20.6873549298725,-27.5));
#9023=CARTESIAN_POINT('Ctrl Pts',(1.12073608157886,20.6873549298725,11.5));
#9024=CARTESIAN_POINT('Ctrl Pts',(1.08362160939546,20.7459818792352,-27.5));
#9025=CARTESIAN_POINT('Ctrl Pts',(1.08362160939546,20.7459818792352,11.5));
#9026=CARTESIAN_POINT('Ctrl Pts',(1.04610377071612,20.8044978967829,-27.5));
#9027=CARTESIAN_POINT('Ctrl Pts',(1.04610377071612,20.8044978967829,11.5));
#9028=CARTESIAN_POINT('Ctrl Pts',(1.00818398500761,20.8629026038651,-27.5));
#9029=CARTESIAN_POINT('Ctrl Pts',(1.00818398500761,20.8629026038651,11.5));
#9030=CARTESIAN_POINT('Ctrl Pts',(0.977527406780456,20.9095372382948,-27.5));
#9031=CARTESIAN_POINT('Ctrl Pts',(0.977527406780456,20.9095372382948,11.5));
#9032=CARTESIAN_POINT('Ctrl Pts',(0.954354822965211,20.9444630953301,-27.5));
#9033=CARTESIAN_POINT('Ctrl Pts',(0.954354822965211,20.9444630953301,11.5));
#9034=CARTESIAN_POINT('Ctrl Pts',(0.938826393607194,20.9677247324411,-27.5));
#9035=CARTESIAN_POINT('Ctrl Pts',(0.938826393607194,20.9677247324411,11.5));
#9036=CARTESIAN_POINT('Ctrl Pts',(0.93104216889174,20.9793499840996,-27.5));
#9037=CARTESIAN_POINT('Ctrl Pts',(0.93104216889174,20.9793499840996,11.5));
#9038=CARTESIAN_POINT('Ctrl Pts',(2.45746939254679,16.7349939182085,3.5527136788005E-15));
#9039=CARTESIAN_POINT('Ctrl Pts',(2.4601240195474,16.7531419962048,3.5527136788005E-15));
#9040=CARTESIAN_POINT('Ctrl Pts',(2.46224907807951,16.7713309704742,3.5527136788005E-15));
#9041=CARTESIAN_POINT('Ctrl Pts',(2.46387361569219,16.7895588731421,3.5527136788005E-15));
#9042=CARTESIAN_POINT('Ctrl Pts',(2.46571546815209,16.8102251274079,3.5527136788005E-15));
#9043=CARTESIAN_POINT('Ctrl Pts',(2.46691468431925,16.8309413797508,3.5527136788005E-15));
#9044=CARTESIAN_POINT('Ctrl Pts',(2.46758102312548,16.8517001128989,3.5527136788005E-15));
#9045=CARTESIAN_POINT('Ctrl Pts',(2.46874513152755,16.8879660716695,3.5527136788005E-15));
#9046=CARTESIAN_POINT('Ctrl Pts',(2.4682881359683,16.924361525013,3.5527136788005E-15));
#9047=CARTESIAN_POINT('Ctrl Pts',(2.46699452825652,16.9608310920952,3.5527136788005E-15));
#9048=CARTESIAN_POINT('Ctrl Pts',(2.46624537763434,16.9819512497916,3.5527136788005E-15));
#9049=CARTESIAN_POINT('Ctrl Pts',(2.46521872190664,17.003096007147,3.5527136788005E-15));
#9050=CARTESIAN_POINT('Ctrl Pts',(2.4640358736869,17.0242561080569,3.5527136788005E-15));
#9051=CARTESIAN_POINT('Ctrl Pts',(2.46292382918621,17.0441495935082,3.5527136788005E-15));
#9052=CARTESIAN_POINT('Ctrl Pts',(2.46167423792278,17.0640566018911,3.5527136788005E-15));
#9053=CARTESIAN_POINT('Ctrl Pts',(2.46033719546133,17.0839724221584,3.5527136788005E-15));
#9054=CARTESIAN_POINT('Ctrl Pts',(2.45883710104504,17.1063169711464,3.5527136788005E-15));
#9055=CARTESIAN_POINT('Ctrl Pts',(2.45722623537737,17.128672646039,3.5527136788005E-15));
#9056=CARTESIAN_POINT('Ctrl Pts',(2.45551167209367,17.1510366534674,3.5527136788005E-15));
#9057=CARTESIAN_POINT('Ctrl Pts',(2.45334796544303,17.1792590889223,3.5527136788005E-15));
#9058=CARTESIAN_POINT('Ctrl Pts',(2.45101790754992,17.2074948332514,3.5527136788005E-15));
#9059=CARTESIAN_POINT('Ctrl Pts',(2.44845097854836,17.2357437575768,3.5527136788005E-15));
#9060=CARTESIAN_POINT('Ctrl Pts',(2.44586566581087,17.2641949939898,3.5527136788005E-15));
#9061=CARTESIAN_POINT('Ctrl Pts',(2.44303360136968,17.2926599571742,3.5527136788005E-15));
#9062=CARTESIAN_POINT('Ctrl Pts',(2.43987315674116,17.3211399462383,3.5527136788005E-15));
#9063=CARTESIAN_POINT('Ctrl Pts',(2.43691713762693,17.3477777779178,3.5527136788005E-15));
#9064=CARTESIAN_POINT('Ctrl Pts',(2.43367209620051,17.3744288655051,3.5527136788005E-15));
#9065=CARTESIAN_POINT('Ctrl Pts',(2.43012432225281,17.4010920180744,3.5527136788005E-15));
#9066=CARTESIAN_POINT('Ctrl Pts',(2.42594973338845,17.4324659729671,3.5527136788005E-15));
#9067=CARTESIAN_POINT('Ctrl Pts',(2.42135770513584,17.4638565429359,3.5527136788005E-15));
#9068=CARTESIAN_POINT('Ctrl Pts',(2.41640210388569,17.495258416024,3.5527136788005E-15));
#9069=CARTESIAN_POINT('Ctrl Pts',(2.41056597910306,17.5322398518781,3.5527136788005E-15));
#9070=CARTESIAN_POINT('Ctrl Pts',(2.40423183269961,17.5692366571048,3.5527136788005E-15));
#9071=CARTESIAN_POINT('Ctrl Pts',(2.39752617728794,17.606238790221,3.5527136788005E-15));
#9072=CARTESIAN_POINT('Ctrl Pts',(2.39180290305454,17.6378200961551,3.5527136788005E-15));
#9073=CARTESIAN_POINT('Ctrl Pts',(2.38581122190497,17.6694051873904,3.5527136788005E-15));
#9074=CARTESIAN_POINT('Ctrl Pts',(2.37958750989216,17.7009901095789,3.5527136788005E-15));
#9075=CARTESIAN_POINT('Ctrl Pts',(2.37176412635913,17.7406932577378,3.5527136788005E-15));
#9076=CARTESIAN_POINT('Ctrl Pts',(2.36357268041441,17.780396199405,3.5527136788005E-15));
#9077=CARTESIAN_POINT('Ctrl Pts',(2.35499813926386,17.8200956987453,3.5527136788005E-15));
#9078=CARTESIAN_POINT('Ctrl Pts',(2.34582969218057,17.862544939182,3.5527136788005E-15));
#9079=CARTESIAN_POINT('Ctrl Pts',(2.33621622246149,17.9049905876979,3.5527136788005E-15));
#9080=CARTESIAN_POINT('Ctrl Pts',(2.32611942466972,17.9474300823681,3.5527136788005E-15));
#9081=CARTESIAN_POINT('Ctrl Pts',(2.3154966721134,17.9920803031406,3.5527136788005E-15));
#9082=CARTESIAN_POINT('Ctrl Pts',(2.30433774085636,18.0367237730149,3.5527136788005E-15));
#9083=CARTESIAN_POINT('Ctrl Pts',(2.29266669889579,18.0813545712861,3.5527136788005E-15));
#9084=CARTESIAN_POINT('Ctrl Pts',(2.27651823535939,18.14310731118,3.5527136788005E-15));
#9085=CARTESIAN_POINT('Ctrl Pts',(2.25940001171433,18.2048352447158,3.5527136788005E-15));
#9086=CARTESIAN_POINT('Ctrl Pts',(2.2414376249621,18.2665206849995,3.5527136788005E-15));
#9087=CARTESIAN_POINT('Ctrl Pts',(2.2249349909447,18.3231931227577,3.5527136788005E-15));
#9088=CARTESIAN_POINT('Ctrl Pts',(2.20771906293718,18.3798297523855,3.5527136788005E-15));
#9089=CARTESIAN_POINT('Ctrl Pts',(2.18980629181129,18.4364214365291,3.5527136788005E-15));
#9090=CARTESIAN_POINT('Ctrl Pts',(2.16927996770303,18.5012700991061,3.5527136788005E-15));
#9091=CARTESIAN_POINT('Ctrl Pts',(2.14782973442662,18.5660601709296,3.5527136788005E-15));
#9092=CARTESIAN_POINT('Ctrl Pts',(2.12546666342404,18.6307793401754,3.5527136788005E-15));
#9093=CARTESIAN_POINT('Ctrl Pts',(2.09285738588594,18.7251512335404,3.5527136788005E-15));
#9094=CARTESIAN_POINT('Ctrl Pts',(2.05831758794717,18.8193717545972,3.5527136788005E-15));
#9095=CARTESIAN_POINT('Ctrl Pts',(2.02199352895297,18.9133998131725,3.5527136788005E-15));
#9096=CARTESIAN_POINT('Ctrl Pts',(1.97354579107183,19.0388110932296,3.5527136788005E-15));
#9097=CARTESIAN_POINT('Ctrl Pts',(1.92191598253772,19.1638803550911,3.5527136788005E-15));
#9098=CARTESIAN_POINT('Ctrl Pts',(1.86725071807922,19.2885258126757,3.5527136788005E-15));
#9099=CARTESIAN_POINT('Ctrl Pts',(1.8168834664706,19.4033711205,3.5527136788005E-15));
#9100=CARTESIAN_POINT('Ctrl Pts',(1.76394787820408,19.5178561034548,3.5527136788005E-15));
#9101=CARTESIAN_POINT('Ctrl Pts',(1.70857185586382,19.6319207816456,3.5527136788005E-15));
#9102=CARTESIAN_POINT('Ctrl Pts',(1.6313383095232,19.7910080406536,3.5527136788005E-15));
#9103=CARTESIAN_POINT('Ctrl Pts',(1.54934759351139,19.9492784458381,3.5527136788005E-15));
#9104=CARTESIAN_POINT('Ctrl Pts',(1.46286496935225,20.1065782736694,3.5527136788005E-15));
#9105=CARTESIAN_POINT('Ctrl Pts',(1.38737836547305,20.2438778747073,3.5527136788005E-15));
#9106=CARTESIAN_POINT('Ctrl Pts',(1.30846660171338,20.3804430875777,3.5527136788005E-15));
#9107=CARTESIAN_POINT('Ctrl Pts',(1.22627770485354,20.5161766954531,3.5527136788005E-15));
#9108=CARTESIAN_POINT('Ctrl Pts',(1.1665621270389,20.6147959875087,3.5527136788005E-15));
#9109=CARTESIAN_POINT('Ctrl Pts',(1.10512019572116,20.7129707468485,3.5527136788005E-15));
#9110=CARTESIAN_POINT('Ctrl Pts',(1.04199702952914,20.8106752345829,3.5527136788005E-15));
#9111=CARTESIAN_POINT('Ctrl Pts',(1.00557182172979,20.8670555856227,3.5527136788005E-15));
#9112=CARTESIAN_POINT('Ctrl Pts',(0.968586083503799,20.9232805010665,3.5527136788005E-15));
#9113=CARTESIAN_POINT('Ctrl Pts',(0.93104216889174,20.9793499840996,3.5527136788005E-15));
#9114=CARTESIAN_POINT('Ctrl Pts',(9.68336882179496,18.6341711255608,-27.5));
#9115=CARTESIAN_POINT('Ctrl Pts',(9.68336882179496,18.6341711255608,11.5));
#9116=CARTESIAN_POINT('Ctrl Pts',(9.67081485961338,18.6279954746569,-27.5));
#9117=CARTESIAN_POINT('Ctrl Pts',(9.67081485961338,18.6279954746569,11.5));
#9118=CARTESIAN_POINT('Ctrl Pts',(9.64573602675297,18.6156145206641,-27.5));
#9119=CARTESIAN_POINT('Ctrl Pts',(9.64573602675297,18.6156145206641,11.5));
#9120=CARTESIAN_POINT('Ctrl Pts',(9.60820505197997,18.5969541331302,-27.5));
#9121=CARTESIAN_POINT('Ctrl Pts',(9.60820505197997,18.5969541331302,11.5));
#9122=CARTESIAN_POINT('Ctrl Pts',(9.55833835922734,18.5718956441315,-27.5));
#9123=CARTESIAN_POINT('Ctrl Pts',(9.55833835922734,18.5718956441315,11.5));
#9124=CARTESIAN_POINT('Ctrl Pts',(9.49629650795659,18.540275576952,-27.5));
#9125=CARTESIAN_POINT('Ctrl Pts',(9.49629650795659,18.540275576952,11.5));
#9126=CARTESIAN_POINT('Ctrl Pts',(9.43454709779134,18.508358138567,-27.5));
#9127=CARTESIAN_POINT('Ctrl Pts',(9.43454709779134,18.508358138567,11.5));
#9128=CARTESIAN_POINT('Ctrl Pts',(9.37309154735114,18.4761429471643,-27.5));
#9129=CARTESIAN_POINT('Ctrl Pts',(9.37309154735114,18.4761429471643,11.5));
#9130=CARTESIAN_POINT('Ctrl Pts',(9.31193182422332,18.4436297599477,-27.5));
#9131=CARTESIAN_POINT('Ctrl Pts',(9.31193182422332,18.4436297599477,11.5));
#9132=CARTESIAN_POINT('Ctrl Pts',(9.25107052891338,18.4108186041577,-27.5));
#9133=CARTESIAN_POINT('Ctrl Pts',(9.25107052891338,18.4108186041577,11.5));
#9134=CARTESIAN_POINT('Ctrl Pts',(9.19051075601374,18.3777097207339,-27.5));
#9135=CARTESIAN_POINT('Ctrl Pts',(9.19051075601374,18.3777097207339,11.5));
#9136=CARTESIAN_POINT('Ctrl Pts',(9.13025591636129,18.3443034755065,-27.5));
#9137=CARTESIAN_POINT('Ctrl Pts',(9.13025591636129,18.3443034755065,11.5));
#9138=CARTESIAN_POINT('Ctrl Pts',(9.07030956428594,18.310600281562,-27.5));
#9139=CARTESIAN_POINT('Ctrl Pts',(9.07030956428594,18.310600281562,11.5));
#9140=CARTESIAN_POINT('Ctrl Pts',(9.01067523618775,18.2766005246161,-27.5));
#9141=CARTESIAN_POINT('Ctrl Pts',(9.01067523618775,18.2766005246161,11.5));
#9142=CARTESIAN_POINT('Ctrl Pts',(8.95135624283596,18.2423044755825,-27.5));
#9143=CARTESIAN_POINT('Ctrl Pts',(8.95135624283596,18.2423044755825,11.5));
#9144=CARTESIAN_POINT('Ctrl Pts',(8.8923556944827,18.2077122863624,-27.5));
#9145=CARTESIAN_POINT('Ctrl Pts',(8.8923556944827,18.2077122863624,11.5));
#9146=CARTESIAN_POINT('Ctrl Pts',(8.83367662388486,18.1728240227388,-27.5));
#9147=CARTESIAN_POINT('Ctrl Pts',(8.83367662388486,18.1728240227388,11.5));
#9148=CARTESIAN_POINT('Ctrl Pts',(8.77532207991448,18.1376396880447,-27.5));
#9149=CARTESIAN_POINT('Ctrl Pts',(8.77532207991448,18.1376396880447,11.5));
#9150=CARTESIAN_POINT('Ctrl Pts',(8.71729522135082,18.10215925098,-27.5));
#9151=CARTESIAN_POINT('Ctrl Pts',(8.71729522135082,18.10215925098,11.5));
#9152=CARTESIAN_POINT('Ctrl Pts',(8.65959943231183,18.0663826782163,-27.5));
#9153=CARTESIAN_POINT('Ctrl Pts',(8.65959943231183,18.0663826782163,11.5));
#9154=CARTESIAN_POINT('Ctrl Pts',(8.60223832164986,18.030309947477,-27.5));
#9155=CARTESIAN_POINT('Ctrl Pts',(8.60223832164986,18.030309947477,11.5));
#9156=CARTESIAN_POINT('Ctrl Pts',(8.54521563723015,17.9939410447152,-27.5));
#9157=CARTESIAN_POINT('Ctrl Pts',(8.54521563723015,17.9939410447152,11.5));
#9158=CARTESIAN_POINT('Ctrl Pts',(8.48853519803008,17.9572759694815,-27.5));
#9159=CARTESIAN_POINT('Ctrl Pts',(8.48853519803008,17.9572759694815,11.5));
#9160=CARTESIAN_POINT('Ctrl Pts',(8.43220082787838,17.9203147358444,-27.5));
#9161=CARTESIAN_POINT('Ctrl Pts',(8.43220082787838,17.9203147358444,11.5));
#9162=CARTESIAN_POINT('Ctrl Pts',(8.37621625830132,17.8830573854041,-27.5));
#9163=CARTESIAN_POINT('Ctrl Pts',(8.37621625830132,17.8830573854041,11.5));
#9164=CARTESIAN_POINT('Ctrl Pts',(8.32058514807243,17.8455039669834,-27.5));
#9165=CARTESIAN_POINT('Ctrl Pts',(8.32058514807243,17.8455039669834,11.5));
#9166=CARTESIAN_POINT('Ctrl Pts',(8.26531122597929,17.8076544833656,-27.5));
#9167=CARTESIAN_POINT('Ctrl Pts',(8.26531122597929,17.8076544833656,11.5));
#9168=CARTESIAN_POINT('Ctrl Pts',(8.21039840667258,17.7695088450109,-27.5));
#9169=CARTESIAN_POINT('Ctrl Pts',(8.21039840667258,17.7695088450109,11.5));
#9170=CARTESIAN_POINT('Ctrl Pts',(8.15585089734557,17.731066830899,-27.5));
#9171=CARTESIAN_POINT('Ctrl Pts',(8.15585089734557,17.731066830899,11.5));
#9172=CARTESIAN_POINT('Ctrl Pts',(8.10167334893821,17.6923280292408,-27.5));
#9173=CARTESIAN_POINT('Ctrl Pts',(8.10167334893821,17.6923280292408,11.5));
#9174=CARTESIAN_POINT('Ctrl Pts',(8.04787083355244,17.6532918566393,-27.5));
#9175=CARTESIAN_POINT('Ctrl Pts',(8.04787083355244,17.6532918566393,11.5));
#9176=CARTESIAN_POINT('Ctrl Pts',(7.99444858350275,17.6139576829664,-27.5));
#9177=CARTESIAN_POINT('Ctrl Pts',(7.99444858350275,17.6139576829664,11.5));
#9178=CARTESIAN_POINT('Ctrl Pts',(7.94141176819589,17.5743249414962,-27.5));
#9179=CARTESIAN_POINT('Ctrl Pts',(7.94141176819589,17.5743249414962,11.5));
#9180=CARTESIAN_POINT('Ctrl Pts',(7.88876529180082,17.5343932275743,-27.5));
#9181=CARTESIAN_POINT('Ctrl Pts',(7.88876529180082,17.5343932275743,11.5));
#9182=CARTESIAN_POINT('Ctrl Pts',(7.83651348553076,17.4941624517951,-27.5));
#9183=CARTESIAN_POINT('Ctrl Pts',(7.83651348553076,17.4941624517951,11.5));
#9184=CARTESIAN_POINT('Ctrl Pts',(7.7846601611618,17.453632810828,-27.5));
#9185=CARTESIAN_POINT('Ctrl Pts',(7.7846601611618,17.453632810828,11.5));
#9186=CARTESIAN_POINT('Ctrl Pts',(7.73320925776236,17.4128044592041,-27.5));
#9187=CARTESIAN_POINT('Ctrl Pts',(7.73320925776236,17.4128044592041,11.5));
#9188=CARTESIAN_POINT('Ctrl Pts',(7.68216539068495,17.3716772307044,-27.5));
#9189=CARTESIAN_POINT('Ctrl Pts',(7.68216539068495,17.3716772307044,11.5));
#9190=CARTESIAN_POINT('Ctrl Pts',(7.631534351947,17.3302503854967,-27.5));
#9191=CARTESIAN_POINT('Ctrl Pts',(7.631534351947,17.3302503854967,11.5));
#9192=CARTESIAN_POINT('Ctrl Pts',(7.58132383518685,17.2885222427238,-27.5));
#9193=CARTESIAN_POINT('Ctrl Pts',(7.58132383518685,17.2885222427238,11.5));
#9194=CARTESIAN_POINT('Ctrl Pts',(7.53154337009876,17.2464902180529,-27.5));
#9195=CARTESIAN_POINT('Ctrl Pts',(7.53154337009876,17.2464902180529,11.5));
#9196=CARTESIAN_POINT('Ctrl Pts',(7.48220288257495,17.2041515645029,-27.5));
#9197=CARTESIAN_POINT('Ctrl Pts',(7.48220288257495,17.2041515645029,11.5));
#9198=CARTESIAN_POINT('Ctrl Pts',(7.43331145982137,17.1615040092019,-27.5));
#9199=CARTESIAN_POINT('Ctrl Pts',(7.43331145982137,17.1615040092019,11.5));
#9200=CARTESIAN_POINT('Ctrl Pts',(7.38487623998073,17.1185463262627,-27.5));
#9201=CARTESIAN_POINT('Ctrl Pts',(7.38487623998073,17.1185463262627,11.5));
#9202=CARTESIAN_POINT('Ctrl Pts',(7.33690073789035,17.0752792001313,-27.5));
#9203=CARTESIAN_POINT('Ctrl Pts',(7.33690073789035,17.0752792001313,11.5));
#9204=CARTESIAN_POINT('Ctrl Pts',(7.28938512756191,17.0317050833898,-27.5));
#9205=CARTESIAN_POINT('Ctrl Pts',(7.28938512756191,17.0317050833898,11.5));
#9206=CARTESIAN_POINT('Ctrl Pts',(7.24232974212967,16.9878264010786,-27.5));
#9207=CARTESIAN_POINT('Ctrl Pts',(7.24232974212967,16.9878264010786,11.5));
#9208=CARTESIAN_POINT('Ctrl Pts',(7.19573808648986,16.9436440057727,-27.5));
#9209=CARTESIAN_POINT('Ctrl Pts',(7.19573808648986,16.9436440057727,11.5));
#9210=CARTESIAN_POINT('Ctrl Pts',(7.14961951779041,16.8991558042135,-27.5));
#9211=CARTESIAN_POINT('Ctrl Pts',(7.14961951779041,16.8991558042135,11.5));
#9212=CARTESIAN_POINT('Ctrl Pts',(7.10399334293934,16.8543546549481,-27.5));
#9213=CARTESIAN_POINT('Ctrl Pts',(7.10399334293934,16.8543546549481,11.5));
#9214=CARTESIAN_POINT('Ctrl Pts',(7.05888782796768,16.8092288852223,-27.5));
#9215=CARTESIAN_POINT('Ctrl Pts',(7.05888782796768,16.8092288852223,11.5));
#9216=CARTESIAN_POINT('Ctrl Pts',(7.01433218368562,16.7637664236434,-27.5));
#9217=CARTESIAN_POINT('Ctrl Pts',(7.01433218368562,16.7637664236434,11.5));
#9218=CARTESIAN_POINT('Ctrl Pts',(6.97034961145969,16.7179583870496,-27.5));
#9219=CARTESIAN_POINT('Ctrl Pts',(6.97034961145969,16.7179583870496,11.5));
#9220=CARTESIAN_POINT('Ctrl Pts',(6.92695128171652,16.6718021888995,-27.5));
#9221=CARTESIAN_POINT('Ctrl Pts',(6.92695128171652,16.6718021888995,11.5));
#9222=CARTESIAN_POINT('Ctrl Pts',(6.88412656474416,16.6253065740023,-27.5));
#9223=CARTESIAN_POINT('Ctrl Pts',(6.88412656474416,16.6253065740023,11.5));
#9224=CARTESIAN_POINT('Ctrl Pts',(6.84184743873846,16.5784893672416,-27.5));
#9225=CARTESIAN_POINT('Ctrl Pts',(6.84184743873846,16.5784893672416,11.5));
#9226=CARTESIAN_POINT('Ctrl Pts',(6.80008770540385,16.5313676130638,-27.5));
#9227=CARTESIAN_POINT('Ctrl Pts',(6.80008770540385,16.5313676130638,11.5));
#9228=CARTESIAN_POINT('Ctrl Pts',(6.7588398386599,16.483948930396,-27.5));
#9229=CARTESIAN_POINT('Ctrl Pts',(6.7588398386599,16.483948930396,11.5));
#9230=CARTESIAN_POINT('Ctrl Pts',(6.71812944880287,16.4362240966974,-27.5));
#9231=CARTESIAN_POINT('Ctrl Pts',(6.71812944880287,16.4362240966974,11.5));
#9232=CARTESIAN_POINT('Ctrl Pts',(6.67803909545316,16.3881548195136,-27.5));
#9233=CARTESIAN_POINT('Ctrl Pts',(6.67803909545316,16.3881548195136,11.5));
#9234=CARTESIAN_POINT('Ctrl Pts',(6.63869269959347,16.3396817937835,-27.5));
#9235=CARTESIAN_POINT('Ctrl Pts',(6.63869269959347,16.3396817937835,11.5));
#9236=CARTESIAN_POINT('Ctrl Pts',(6.60021209090996,16.290747119825,-27.5));
#9237=CARTESIAN_POINT('Ctrl Pts',(6.60021209090996,16.290747119825,11.5));
#9238=CARTESIAN_POINT('Ctrl Pts',(6.56267817569861,16.2413143163433,-27.5));
#9239=CARTESIAN_POINT('Ctrl Pts',(6.56267817569861,16.2413143163433,11.5));
#9240=CARTESIAN_POINT('Ctrl Pts',(6.52609785451195,16.1913854339651,-27.5));
#9241=CARTESIAN_POINT('Ctrl Pts',(6.52609785451195,16.1913854339651,11.5));
#9242=CARTESIAN_POINT('Ctrl Pts',(6.49034896712807,16.1410293317459,-27.5));
#9243=CARTESIAN_POINT('Ctrl Pts',(6.49034896712807,16.1410293317459,11.5));
#9244=CARTESIAN_POINT('Ctrl Pts',(6.45523897231559,16.0903521201344,-27.5));
#9245=CARTESIAN_POINT('Ctrl Pts',(6.45523897231559,16.0903521201344,11.5));
#9246=CARTESIAN_POINT('Ctrl Pts',(6.42061206213065,16.039442944698,-27.5));
#9247=CARTESIAN_POINT('Ctrl Pts',(6.42061206213065,16.039442944698,11.5));
#9248=CARTESIAN_POINT('Ctrl Pts',(6.38644556832086,15.9883252735785,-27.5));
#9249=CARTESIAN_POINT('Ctrl Pts',(6.38644556832086,15.9883252735785,11.5));
#9250=CARTESIAN_POINT('Ctrl Pts',(6.35294028906403,15.936911149952,-27.5));
#9251=CARTESIAN_POINT('Ctrl Pts',(6.35294028906403,15.936911149952,11.5));
#9252=CARTESIAN_POINT('Ctrl Pts',(6.32064160720155,15.8849401177533,-27.5));
#9253=CARTESIAN_POINT('Ctrl Pts',(6.32064160720155,15.8849401177533,11.5));
#9254=CARTESIAN_POINT('Ctrl Pts',(6.29029940790352,15.8320483941676,-27.5));
#9255=CARTESIAN_POINT('Ctrl Pts',(6.29029940790352,15.8320483941676,11.5));
#9256=CARTESIAN_POINT('Ctrl Pts',(6.26820105772578,15.7887006723502,-27.5));
#9257=CARTESIAN_POINT('Ctrl Pts',(6.26820105772578,15.7887006723502,11.5));
#9258=CARTESIAN_POINT('Ctrl Pts',(6.25312195649745,15.7554753704825,-27.5));
#9259=CARTESIAN_POINT('Ctrl Pts',(6.25312195649745,15.7554753704825,11.5));
#9260=CARTESIAN_POINT('Ctrl Pts',(6.24376818116203,15.7329905946487,-27.5));
#9261=CARTESIAN_POINT('Ctrl Pts',(6.24376818116203,15.7329905946487,11.5));
#9262=CARTESIAN_POINT('Ctrl Pts',(6.23926603613601,15.72166456162,-27.5));
#9263=CARTESIAN_POINT('Ctrl Pts',(6.23926603613601,15.72166456162,11.5));
#9264=CARTESIAN_POINT('',(9.68336882179495,18.6341711255608,-5.55111512312578E-16));
#9265=CARTESIAN_POINT('Ctrl Pts',(9.68336882179496,18.6341711255608,3.5527136788005E-15));
#9266=CARTESIAN_POINT('Ctrl Pts',(9.57738875002836,18.5820365152654,3.5527136788005E-15));
#9267=CARTESIAN_POINT('Ctrl Pts',(9.47264874284452,18.5286346643894,3.5527136788005E-15));
#9268=CARTESIAN_POINT('Ctrl Pts',(9.36917029019683,18.4739584096496,3.5527136788005E-15));
#9269=CARTESIAN_POINT('Ctrl Pts',(9.19105034971469,18.3798428620081,3.5527136788005E-15));
#9270=CARTESIAN_POINT('Ctrl Pts',(9.01667403636486,18.2819504405173,3.5527136788005E-15));
#9271=CARTESIAN_POINT('Ctrl Pts',(8.84640559300792,18.1803113543167,3.5527136788005E-15));
#9272=CARTESIAN_POINT('Ctrl Pts',(8.70917626018758,18.0983944487952,3.5527136788005E-15));
#9273=CARTESIAN_POINT('Ctrl Pts',(8.57460739716487,18.0140407001622,3.5527136788005E-15));
#9274=CARTESIAN_POINT('Ctrl Pts',(8.44290918693271,17.9272494586751,3.5527136788005E-15));
#9275=CARTESIAN_POINT('Ctrl Pts',(8.33562146578568,17.8565451226157,3.5527136788005E-15));
#9276=CARTESIAN_POINT('Ctrl Pts',(8.23023748437665,17.7842248426256,3.5527136788005E-15));
#9277=CARTESIAN_POINT('Ctrl Pts',(8.12688433786032,17.7102839340485,3.5527136788005E-15));
#9278=CARTESIAN_POINT('Ctrl Pts',(8.0287936075521,17.6401078633003,3.5527136788005E-15));
#9279=CARTESIAN_POINT('Ctrl Pts',(7.93253890090287,17.5684685075713,3.5527136788005E-15));
#9280=CARTESIAN_POINT('Ctrl Pts',(7.83824858874767,17.4953561809743,3.5527136788005E-15));
#9281=CARTESIAN_POINT('Ctrl Pts',(7.77144872600554,17.4435598376406,3.5527136788005E-15));
#9282=CARTESIAN_POINT('Ctrl Pts',(7.70562964531976,17.3910269083399,3.5527136788005E-15));
#9283=CARTESIAN_POINT('Ctrl Pts',(7.64084167069504,17.3377526261664,3.5527136788005E-15));
#9284=CARTESIAN_POINT('Ctrl Pts',(7.56892101272345,17.278613234187,3.5527136788005E-15));
#9285=CARTESIAN_POINT('Ctrl Pts',(7.49827715704993,17.2185570276809,3.5527136788005E-15));
#9286=CARTESIAN_POINT('Ctrl Pts',(7.42902700712761,17.1575548013802,3.5527136788005E-15));
#9287=CARTESIAN_POINT('Ctrl Pts',(7.36843312594558,17.104177853367,3.5527136788005E-15));
#9288=CARTESIAN_POINT('Ctrl Pts',(7.30890469540341,17.0500774461966,3.5527136788005E-15));
#9289=CARTESIAN_POINT('Ctrl Pts',(7.25045353008445,16.9952698754683,3.5527136788005E-15));
#9290=CARTESIAN_POINT('Ctrl Pts',(7.21333824238009,16.9604681953844,3.5527136788005E-15));
#9291=CARTESIAN_POINT('Ctrl Pts',(7.17665475706582,16.9253827301563,3.5527136788005E-15));
#9292=CARTESIAN_POINT('Ctrl Pts',(7.1404358375578,16.8900027743175,3.5527136788005E-15));
#9293=CARTESIAN_POINT('Ctrl Pts',(7.09505362587889,16.8456717819281,3.5527136788005E-15));
#9294=CARTESIAN_POINT('Ctrl Pts',(7.05040892771953,16.8008741999906,3.5527136788005E-15));
#9295=CARTESIAN_POINT('Ctrl Pts',(7.00661679199333,16.755563901173,3.5527136788005E-15));
#9296=CARTESIAN_POINT('Ctrl Pts',(6.97693845601041,16.7248566920018,3.5527136788005E-15));
#9297=CARTESIAN_POINT('Ctrl Pts',(6.94765329549828,16.693913194394,3.5527136788005E-15));
#9298=CARTESIAN_POINT('Ctrl Pts',(6.91875641369231,16.6627403536496,3.5527136788005E-15));
#9299=CARTESIAN_POINT('Ctrl Pts',(6.88505935168265,16.6263892637766,3.5527136788005E-15));
#9300=CARTESIAN_POINT('Ctrl Pts',(6.85188262050979,16.5897302185859,3.5527136788005E-15));
#9301=CARTESIAN_POINT('Ctrl Pts',(6.81917656945058,16.5527964490295,3.5527136788005E-15));
#9302=CARTESIAN_POINT('Ctrl Pts',(6.79725778943424,16.5280443574787,3.5527136788005E-15));
#9303=CARTESIAN_POINT('Ctrl Pts',(6.77554942648962,16.5031693974804,3.5527136788005E-15));
#9304=CARTESIAN_POINT('Ctrl Pts',(6.75406634195421,16.4781664788507,3.5527136788005E-15));
#9305=CARTESIAN_POINT('Ctrl Pts',(6.73093503583786,16.4512452905234,3.5527136788005E-15));
#9306=CARTESIAN_POINT('Ctrl Pts',(6.70806443818259,16.4241759859879,3.5527136788005E-15));
#9307=CARTESIAN_POINT('Ctrl Pts',(6.68553583711871,16.3969202514349,3.5527136788005E-15));
#9308=CARTESIAN_POINT('Ctrl Pts',(6.66364922784583,16.3704412165888,3.5527136788005E-15));
#9309=CARTESIAN_POINT('Ctrl Pts',(6.64209108354872,16.3437832968927,3.5527136788005E-15));
#9310=CARTESIAN_POINT('Ctrl Pts',(6.62094417595849,16.3169075146313,3.5527136788005E-15));
#9311=CARTESIAN_POINT('Ctrl Pts',(6.60372131550901,16.2950188368006,3.5527136788005E-15));
#9312=CARTESIAN_POINT('Ctrl Pts',(6.58677243579514,16.272985034058,3.5527136788005E-15));
#9313=CARTESIAN_POINT('Ctrl Pts',(6.57011007787047,16.2508018435224,3.5527136788005E-15));
#9314=CARTESIAN_POINT('Ctrl Pts',(6.55388182303273,16.2291965898871,3.5527136788005E-15));
#9315=CARTESIAN_POINT('Ctrl Pts',(6.53792594909736,16.207449318989,3.5527136788005E-15));
#9316=CARTESIAN_POINT('Ctrl Pts',(6.52220213744874,16.1855830402602,3.5527136788005E-15));
#9317=CARTESIAN_POINT('Ctrl Pts',(6.5042670116455,16.1606416031193,3.5527136788005E-15));
#9318=CARTESIAN_POINT('Ctrl Pts',(6.48662846979806,16.1355480048878,3.5527136788005E-15));
#9319=CARTESIAN_POINT('Ctrl Pts',(6.46919122521158,16.1103555805651,3.5527136788005E-15));
#9320=CARTESIAN_POINT('Ctrl Pts',(6.45615770724811,16.091525431494,3.5527136788005E-15));
#9321=CARTESIAN_POINT('Ctrl Pts',(6.4432350995747,16.0726408814125,3.5527136788005E-15));
#9322=CARTESIAN_POINT('Ctrl Pts',(6.43040871117003,16.0537119998118,3.5527136788005E-15));
#9323=CARTESIAN_POINT('Ctrl Pts',(6.4189274116945,16.0367681687396,3.5527136788005E-15));
#9324=CARTESIAN_POINT('Ctrl Pts',(6.40752263207724,16.019789114118,3.5527136788005E-15));
#9325=CARTESIAN_POINT('Ctrl Pts',(6.39621813508854,16.0027649948987,3.5527136788005E-15));
#9326=CARTESIAN_POINT('Ctrl Pts',(6.38497769682372,15.9858373455492,3.5527136788005E-15));
#9327=CARTESIAN_POINT('Ctrl Pts',(6.37383567267675,15.9688655147264,3.5527136788005E-15));
#9328=CARTESIAN_POINT('Ctrl Pts',(6.36286366398007,15.9518156952705,3.5527136788005E-15));
#9329=CARTESIAN_POINT('Ctrl Pts',(6.34913868727702,15.9304879346668,3.5527136788005E-15));
#9330=CARTESIAN_POINT('Ctrl Pts',(6.33568064981936,15.9090377193788,3.5527136788005E-15));
#9331=CARTESIAN_POINT('Ctrl Pts',(6.32271156818125,15.8873576257218,3.5527136788005E-15));
#9332=CARTESIAN_POINT('Ctrl Pts',(6.30951005414646,15.8652889805644,3.5527136788005E-15));
#9333=CARTESIAN_POINT('Ctrl Pts',(6.29682152097012,15.8429790070492,3.5527136788005E-15));
#9334=CARTESIAN_POINT('Ctrl Pts',(6.28489034201027,15.8203084736507,3.5527136788005E-15));
#9335=CARTESIAN_POINT('Ctrl Pts',(6.27601538062052,15.8034450849383,3.5527136788005E-15));
#9336=CARTESIAN_POINT('Ctrl Pts',(6.26756021377961,15.7863818089407,3.5527136788005E-15));
#9337=CARTESIAN_POINT('Ctrl Pts',(6.25959763643557,15.7690830033459,3.5527136788005E-15));
#9338=CARTESIAN_POINT('Ctrl Pts',(6.25241204916534,15.7534722190607,3.5527136788005E-15));
#9339=CARTESIAN_POINT('Ctrl Pts',(6.24562803176627,15.7376694153554,3.5527136788005E-15));
#9340=CARTESIAN_POINT('Ctrl Pts',(6.23926603613601,15.72166456162,3.5527136788005E-15));
#9341=CARTESIAN_POINT('',(9.68336882179495,18.6341711255608,0.));
#9342=CARTESIAN_POINT('Origin',(2.4364813957804E-14,4.23398735699579E-14,
0.));
#9343=CARTESIAN_POINT('',(11.2959811623046,17.703128956669,-5.55111512312578E-16));
#9344=CARTESIAN_POINT('Origin',(2.4364813957804E-14,4.23398735699579E-14,
-5.55111512312578E-16));
#9345=CARTESIAN_POINT('',(11.2959811623046,17.703128956669,0.));
#9346=CARTESIAN_POINT('Ctrl Pts',(10.4957278820725,13.2641951690732,-27.5));
#9347=CARTESIAN_POINT('Ctrl Pts',(10.4957278820725,13.2641951690732,11.5));
#9348=CARTESIAN_POINT('Ctrl Pts',(10.5032854418864,13.2737571575516,-27.5));
#9349=CARTESIAN_POINT('Ctrl Pts',(10.5032854418864,13.2737571575516,11.5));
#9350=CARTESIAN_POINT('Ctrl Pts',(10.5180809412892,13.2931001525303,-27.5));
#9351=CARTESIAN_POINT('Ctrl Pts',(10.5180809412892,13.2931001525303,11.5));
#9352=CARTESIAN_POINT('Ctrl Pts',(10.5393153461408,13.3227716881941,-27.5));
#9353=CARTESIAN_POINT('Ctrl Pts',(10.5393153461408,13.3227716881941,11.5));
#9354=CARTESIAN_POINT('Ctrl Pts',(10.565806399342,13.3635832817385,-27.5));
#9355=CARTESIAN_POINT('Ctrl Pts',(10.565806399342,13.3635832817385,11.5));
#9356=CARTESIAN_POINT('Ctrl Pts',(10.5964408759681,13.4163062589301,-27.5));
#9357=CARTESIAN_POINT('Ctrl Pts',(10.5964408759681,13.4163062589301,11.5));
#9358=CARTESIAN_POINT('Ctrl Pts',(10.6252997691819,13.4702632540311,-27.5));
#9359=CARTESIAN_POINT('Ctrl Pts',(10.6252997691819,13.4702632540311,11.5));
#9360=CARTESIAN_POINT('Ctrl Pts',(10.6530730667274,13.5249867388417,-27.5));
#9361=CARTESIAN_POINT('Ctrl Pts',(10.6530730667274,13.5249867388417,11.5));
#9362=CARTESIAN_POINT('Ctrl Pts',(10.6802590215942,13.580134625999,-27.5));
#9363=CARTESIAN_POINT('Ctrl Pts',(10.6802590215942,13.580134625999,11.5));
#9364=CARTESIAN_POINT('Ctrl Pts',(10.7070342057154,13.6355769975918,-27.5));
#9365=CARTESIAN_POINT('Ctrl Pts',(10.7070342057154,13.6355769975918,11.5));
#9366=CARTESIAN_POINT('Ctrl Pts',(10.7333669609577,13.691321750832,-27.5));
#9367=CARTESIAN_POINT('Ctrl Pts',(10.7333669609577,13.691321750832,11.5));
#9368=CARTESIAN_POINT('Ctrl Pts',(10.7591021810231,13.747459246573,-27.5));
#9369=CARTESIAN_POINT('Ctrl Pts',(10.7591021810231,13.747459246573,11.5));
#9370=CARTESIAN_POINT('Ctrl Pts',(10.7840517009519,13.8041031751884,-27.5));
#9371=CARTESIAN_POINT('Ctrl Pts',(10.7840517009519,13.8041031751884,11.5));
#9372=CARTESIAN_POINT('Ctrl Pts',(10.8080948069417,13.8613249010058,-27.5));
#9373=CARTESIAN_POINT('Ctrl Pts',(10.8080948069417,13.8613249010058,11.5));
#9374=CARTESIAN_POINT('Ctrl Pts',(10.8312331733738,13.919117422658,-27.5));
#9375=CARTESIAN_POINT('Ctrl Pts',(10.8312331733738,13.919117422658,11.5));
#9376=CARTESIAN_POINT('Ctrl Pts',(10.8535388471246,13.9774289138849,-27.5));
#9377=CARTESIAN_POINT('Ctrl Pts',(10.8535388471246,13.9774289138849,11.5));
#9378=CARTESIAN_POINT('Ctrl Pts',(10.8751228856325,14.0361828169243,-27.5));
#9379=CARTESIAN_POINT('Ctrl Pts',(10.8751228856325,14.0361828169243,11.5));
#9380=CARTESIAN_POINT('Ctrl Pts',(10.8960986090783,14.0953014655878,-27.5));
#9381=CARTESIAN_POINT('Ctrl Pts',(10.8960986090783,14.0953014655878,11.5));
#9382=CARTESIAN_POINT('Ctrl Pts',(10.9165404595107,14.1547325073739,-27.5));
#9383=CARTESIAN_POINT('Ctrl Pts',(10.9165404595107,14.1547325073739,11.5));
#9384=CARTESIAN_POINT('Ctrl Pts',(10.9364692290322,14.2144583743858,-27.5));
#9385=CARTESIAN_POINT('Ctrl Pts',(10.9364692290322,14.2144583743858,11.5));
#9386=CARTESIAN_POINT('Ctrl Pts',(10.9558745564183,14.2744817749369,-27.5));
#9387=CARTESIAN_POINT('Ctrl Pts',(10.9558745564183,14.2744817749369,11.5));
#9388=CARTESIAN_POINT('Ctrl Pts',(10.9747285815977,14.3348168751934,-27.5));
#9389=CARTESIAN_POINT('Ctrl Pts',(10.9747285815977,14.3348168751934,11.5));
#9390=CARTESIAN_POINT('Ctrl Pts',(10.9930018568662,14.3954790303079,-27.5));
#9391=CARTESIAN_POINT('Ctrl Pts',(10.9930018568662,14.3954790303079,11.5));
#9392=CARTESIAN_POINT('Ctrl Pts',(11.010681494141,14.4564730734762,-27.5));
#9393=CARTESIAN_POINT('Ctrl Pts',(11.010681494141,14.4564730734762,11.5));
#9394=CARTESIAN_POINT('Ctrl Pts',(11.0277753186459,14.5177906240959,-27.5));
#9395=CARTESIAN_POINT('Ctrl Pts',(11.0277753186459,14.5177906240959,11.5));
#9396=CARTESIAN_POINT('Ctrl Pts',(11.0443026241079,14.5794160307751,-27.5));
#9397=CARTESIAN_POINT('Ctrl Pts',(11.0443026241079,14.5794160307751,11.5));
#9398=CARTESIAN_POINT('Ctrl Pts',(11.0602884700649,14.6413300319063,-27.5));
#9399=CARTESIAN_POINT('Ctrl Pts',(11.0602884700649,14.6413300319063,11.5));
#9400=CARTESIAN_POINT('Ctrl Pts',(11.0757570984341,14.7035139847658,-27.5));
#9401=CARTESIAN_POINT('Ctrl Pts',(11.0757570984341,14.7035139847658,11.5));
#9402=CARTESIAN_POINT('Ctrl Pts',(11.0907243473492,14.7659547398072,-27.5));
#9403=CARTESIAN_POINT('Ctrl Pts',(11.0907243473492,14.7659547398072,11.5));
#9404=CARTESIAN_POINT('Ctrl Pts',(11.1051967081992,14.828645240132,-27.5));
#9405=CARTESIAN_POINT('Ctrl Pts',(11.1051967081992,14.828645240132,11.5));
#9406=CARTESIAN_POINT('Ctrl Pts',(11.1191751950805,14.8915820241235,-27.5));
#9407=CARTESIAN_POINT('Ctrl Pts',(11.1191751950805,14.8915820241235,11.5));
#9408=CARTESIAN_POINT('Ctrl Pts',(11.1326578744139,14.9547635907588,-27.5));
#9409=CARTESIAN_POINT('Ctrl Pts',(11.1326578744139,14.9547635907588,11.5));
#9410=CARTESIAN_POINT('Ctrl Pts',(11.1456427092067,15.0181885630483,-27.5));
#9411=CARTESIAN_POINT('Ctrl Pts',(11.1456427092067,15.0181885630483,11.5));
#9412=CARTESIAN_POINT('Ctrl Pts',(11.1581308641298,15.0818535548305,-27.5));
#9413=CARTESIAN_POINT('Ctrl Pts',(11.1581308641298,15.0818535548305,11.5));
#9414=CARTESIAN_POINT('Ctrl Pts',(11.1701269699043,15.1457529972363,-27.5));
#9415=CARTESIAN_POINT('Ctrl Pts',(11.1701269699043,15.1457529972363,11.5));
#9416=CARTESIAN_POINT('Ctrl Pts',(11.1816375384977,15.2098801569502,-27.5));
#9417=CARTESIAN_POINT('Ctrl Pts',(11.1816375384977,15.2098801569502,11.5));
#9418=CARTESIAN_POINT('Ctrl Pts',(11.1926699118117,15.2742278113881,-27.5));
#9419=CARTESIAN_POINT('Ctrl Pts',(11.1926699118117,15.2742278113881,11.5));
#9420=CARTESIAN_POINT('Ctrl Pts',(11.2032310927912,15.338788999759,-27.5));
#9421=CARTESIAN_POINT('Ctrl Pts',(11.2032310927912,15.338788999759,11.5));
#9422=CARTESIAN_POINT('Ctrl Pts',(11.2133263839205,15.4035578996053,-27.5));
#9423=CARTESIAN_POINT('Ctrl Pts',(11.2133263839205,15.4035578996053,11.5));
#9424=CARTESIAN_POINT('Ctrl Pts',(11.2229593219217,15.4685298648088,-27.5));
#9425=CARTESIAN_POINT('Ctrl Pts',(11.2229593219217,15.4685298648088,11.5));
#9426=CARTESIAN_POINT('Ctrl Pts',(11.2321323584211,15.5337009814665,-27.5));
#9427=CARTESIAN_POINT('Ctrl Pts',(11.2321323584211,15.5337009814665,11.5));
#9428=CARTESIAN_POINT('Ctrl Pts',(11.2408473291247,15.5990677609796,-27.5));
#9429=CARTESIAN_POINT('Ctrl Pts',(11.2408473291247,15.5990677609796,11.5));
#9430=CARTESIAN_POINT('Ctrl Pts',(11.2491059696003,15.6646268039185,-27.5));
#9431=CARTESIAN_POINT('Ctrl Pts',(11.2491059696003,15.6646268039185,11.5));
#9432=CARTESIAN_POINT('Ctrl Pts',(11.2569105228816,15.7303744040451,-27.5));
#9433=CARTESIAN_POINT('Ctrl Pts',(11.2569105228816,15.7303744040451,11.5));
#9434=CARTESIAN_POINT('Ctrl Pts',(11.2642637914944,15.7963065165519,-27.5));
#9435=CARTESIAN_POINT('Ctrl Pts',(11.2642637914944,15.7963065165519,11.5));
#9436=CARTESIAN_POINT('Ctrl Pts',(11.2711688509409,15.8624189479643,-27.5));
#9437=CARTESIAN_POINT('Ctrl Pts',(11.2711688509409,15.8624189479643,11.5));
#9438=CARTESIAN_POINT('Ctrl Pts',(11.2776288630854,15.9287074820289,-27.5));
#9439=CARTESIAN_POINT('Ctrl Pts',(11.2776288630854,15.9287074820289,11.5));
#9440=CARTESIAN_POINT('Ctrl Pts',(11.2836468692154,15.9951680178752,-27.5));
#9441=CARTESIAN_POINT('Ctrl Pts',(11.2836468692154,15.9951680178752,11.5));
#9442=CARTESIAN_POINT('Ctrl Pts',(11.2892255514208,16.0617967335656,-27.5));
#9443=CARTESIAN_POINT('Ctrl Pts',(11.2892255514208,16.0617967335656,11.5));
#9444=CARTESIAN_POINT('Ctrl Pts',(11.2943672047073,16.1285900960739,-27.5));
#9445=CARTESIAN_POINT('Ctrl Pts',(11.2943672047073,16.1285900960739,11.5));
#9446=CARTESIAN_POINT('Ctrl Pts',(11.2990738639442,16.1955447599832,-27.5));
#9447=CARTESIAN_POINT('Ctrl Pts',(11.2990738639442,16.1955447599832,11.5));
#9448=CARTESIAN_POINT('Ctrl Pts',(11.3033473911147,16.2626574946771,-27.5));
#9449=CARTESIAN_POINT('Ctrl Pts',(11.3033473911147,16.2626574946771,11.5));
#9450=CARTESIAN_POINT('Ctrl Pts',(11.3071895733238,16.3299251071532,-27.5));
#9451=CARTESIAN_POINT('Ctrl Pts',(11.3071895733238,16.3299251071532,11.5));
#9452=CARTESIAN_POINT('Ctrl Pts',(11.3106022403078,16.397344345015,-27.5));
#9453=CARTESIAN_POINT('Ctrl Pts',(11.3106022403078,16.397344345015,11.5));
#9454=CARTESIAN_POINT('Ctrl Pts',(11.3135872917974,16.4649118896953,-27.5));
#9455=CARTESIAN_POINT('Ctrl Pts',(11.3135872917974,16.4649118896953,11.5));
#9456=CARTESIAN_POINT('Ctrl Pts',(11.3161466376706,16.5326244340875,-27.5));
#9457=CARTESIAN_POINT('Ctrl Pts',(11.3161466376706,16.5326244340875,11.5));
#9458=CARTESIAN_POINT('Ctrl Pts',(11.3182821640247,16.6004787394685,-27.5));
#9459=CARTESIAN_POINT('Ctrl Pts',(11.3182821640247,16.6004787394685,11.5));
#9460=CARTESIAN_POINT('Ctrl Pts',(11.3199956945783,16.6684716916188,-27.5));
#9461=CARTESIAN_POINT('Ctrl Pts',(11.3199956945783,16.6684716916188,11.5));
#9462=CARTESIAN_POINT('Ctrl Pts',(11.3212889502535,16.7366003764704,-27.5));
#9463=CARTESIAN_POINT('Ctrl Pts',(11.3212889502535,16.7366003764704,11.5));
#9464=CARTESIAN_POINT('Ctrl Pts',(11.3221635375465,16.8048620740904,-27.5));
#9465=CARTESIAN_POINT('Ctrl Pts',(11.3221635375465,16.8048620740904,11.5));
#9466=CARTESIAN_POINT('Ctrl Pts',(11.322620978007,16.8732541424116,-27.5));
#9467=CARTESIAN_POINT('Ctrl Pts',(11.322620978007,16.8732541424116,11.5));
#9468=CARTESIAN_POINT('Ctrl Pts',(11.3226627310436,16.941773922098,-27.5));
#9469=CARTESIAN_POINT('Ctrl Pts',(11.3226627310436,16.941773922098,11.5));
#9470=CARTESIAN_POINT('Ctrl Pts',(11.3222902202322,17.0104186436416,-27.5));
#9471=CARTESIAN_POINT('Ctrl Pts',(11.3222902202322,17.0104186436416,11.5));
#9472=CARTESIAN_POINT('Ctrl Pts',(11.3215048663392,17.0791853043753,-27.5));
#9473=CARTESIAN_POINT('Ctrl Pts',(11.3215048663392,17.0791853043753,11.5));
#9474=CARTESIAN_POINT('Ctrl Pts',(11.3203081035249,17.148070648829,-27.5));
#9475=CARTESIAN_POINT('Ctrl Pts',(11.3203081035249,17.148070648829,11.5));
#9476=CARTESIAN_POINT('Ctrl Pts',(11.3187013512111,17.2170713923194,-27.5));
#9477=CARTESIAN_POINT('Ctrl Pts',(11.3187013512111,17.2170713923194,11.5));
#9478=CARTESIAN_POINT('Ctrl Pts',(11.3166859979977,17.28618439806,-27.5));
#9479=CARTESIAN_POINT('Ctrl Pts',(11.3166859979977,17.28618439806,11.5));
#9480=CARTESIAN_POINT('Ctrl Pts',(11.3142633825214,17.3554068655854,-27.5));
#9481=CARTESIAN_POINT('Ctrl Pts',(11.3142633825214,17.3554068655854,11.5));
#9482=CARTESIAN_POINT('Ctrl Pts',(11.3114347814438,17.4247365291716,-27.5));
#9483=CARTESIAN_POINT('Ctrl Pts',(11.3114347814438,17.4247365291716,11.5));
#9484=CARTESIAN_POINT('Ctrl Pts',(11.3082013888263,17.4941718062359,-27.5));
#9485=CARTESIAN_POINT('Ctrl Pts',(11.3082013888263,17.4941718062359,11.5));
#9486=CARTESIAN_POINT('Ctrl Pts',(11.3045642446378,17.5637116591239,-27.5));
#9487=CARTESIAN_POINT('Ctrl Pts',(11.3045642446378,17.5637116591239,11.5));
#9488=CARTESIAN_POINT('Ctrl Pts',(11.3013321863148,17.6194267263497,-27.5));
#9489=CARTESIAN_POINT('Ctrl Pts',(11.3013321863148,17.6194267263497,11.5));
#9490=CARTESIAN_POINT('Ctrl Pts',(11.2987270685771,17.6612596976989,-27.5));
#9491=CARTESIAN_POINT('Ctrl Pts',(11.2987270685771,17.6612596976989,11.5));
#9492=CARTESIAN_POINT('Ctrl Pts',(11.2969098728277,17.6891690810497,-27.5));
#9493=CARTESIAN_POINT('Ctrl Pts',(11.2969098728277,17.6891690810497,11.5));
#9494=CARTESIAN_POINT('Ctrl Pts',(11.2959811623046,17.703128956669,-27.5));
#9495=CARTESIAN_POINT('Ctrl Pts',(11.2959811623046,17.703128956669,11.5));
#9496=CARTESIAN_POINT('Ctrl Pts',(10.4957278820725,13.2641951690732,0.));
#9497=CARTESIAN_POINT('Ctrl Pts',(10.5071008954912,13.2785845521482,0.));
#9498=CARTESIAN_POINT('Ctrl Pts',(10.5180357372997,13.2932741366688,-9.66661516526909E-16));
#9499=CARTESIAN_POINT('Ctrl Pts',(10.528556579476,13.3082476946313,-1.03934976383524E-15));
#9500=CARTESIAN_POINT('Ctrl Pts',(10.5404847976284,13.3252242695955,-1.12176153814742E-15));
#9501=CARTESIAN_POINT('Ctrl Pts',(10.5518814754645,13.3425654623109,1.57583297566974E-15));
#9502=CARTESIAN_POINT('Ctrl Pts',(10.5628379083716,13.3602098831633,2.04289650449963E-15));
#9503=CARTESIAN_POINT('Ctrl Pts',(10.5819790352002,13.391035070541,2.85886665812265E-15));
#9504=CARTESIAN_POINT('Ctrl Pts',(10.5997809921033,13.4227829554885,3.5527136788005E-15));
#9505=CARTESIAN_POINT('Ctrl Pts',(10.6168954784987,13.4550133308926,3.5527136788005E-15));
#9506=CARTESIAN_POINT('Ctrl Pts',(10.6268067738772,13.4736784993007,3.5527136788005E-15));
#9507=CARTESIAN_POINT('Ctrl Pts',(10.6364900426141,13.4925037241912,3.5527136788005E-15));
#9508=CARTESIAN_POINT('Ctrl Pts',(10.6460457164621,13.5114203332357,3.5527136788005E-15));
#9509=CARTESIAN_POINT('Ctrl Pts',(10.6550294003944,13.5292046192453,3.5527136788005E-15));
#9510=CARTESIAN_POINT('Ctrl Pts',(10.6639007268018,13.5470693898383,3.5527136788005E-15));
#9511=CARTESIAN_POINT('Ctrl Pts',(10.6727007241924,13.5649855173461,3.5527136788005E-15));
#9512=CARTESIAN_POINT('Ctrl Pts',(10.6825738788123,13.5850865116103,3.5527136788005E-15));
#9513=CARTESIAN_POINT('Ctrl Pts',(10.6923566656668,13.6052525268162,0.));
#9514=CARTESIAN_POINT('Ctrl Pts',(10.7020538140195,13.6254776070177,0.));
#9515=CARTESIAN_POINT('Ctrl Pts',(10.7142912068137,13.6510008063873,0.));
#9516=CARTESIAN_POINT('Ctrl Pts',(10.7263911896433,13.6766187072012,-1.02819528429644E-15));
#9517=CARTESIAN_POINT('Ctrl Pts',(10.738292626074,13.7023664577807,9.60188918023196E-16));
#9518=CARTESIAN_POINT('Ctrl Pts',(10.7502792977801,13.7282986076654,2.96281345812999E-15));
#9519=CARTESIAN_POINT('Ctrl Pts',(10.762059139628,13.7543660211348,1.49720325787597E-15));
#9520=CARTESIAN_POINT('Ctrl Pts',(10.7735621088312,13.7806106374916,1.97748399876682E-15));
#9521=CARTESIAN_POINT('Ctrl Pts',(10.7843210370149,13.8051576859626,2.42669897169894E-15));
#9522=CARTESIAN_POINT('Ctrl Pts',(10.7948362924883,13.8298607255423,2.08091599589291E-15));
#9523=CARTESIAN_POINT('Ctrl Pts',(10.8050954063993,13.8547255799633,2.09426814254602E-15));
#9524=CARTESIAN_POINT('Ctrl Pts',(10.8171670838318,13.883983516329,2.10997932470332E-15));
#9525=CARTESIAN_POINT('Ctrl Pts',(10.828885555688,13.9134645614667,4.68994023657568E-16));
#9526=CARTESIAN_POINT('Ctrl Pts',(10.8402948156521,13.9431371818914,1.68716880836885E-15));
#9527=CARTESIAN_POINT('Ctrl Pts',(10.8537313012604,13.978082107202,3.12179191403425E-15));
#9528=CARTESIAN_POINT('Ctrl Pts',(10.8667441721793,14.0132893535902,-1.40891947110216E-15));
#9529=CARTESIAN_POINT('Ctrl Pts',(10.879437970804,14.0486869685704,1.0151473398943E-15));
#9530=CARTESIAN_POINT('Ctrl Pts',(10.8902721228931,14.0788988189098,3.08408740117614E-15));
#9531=CARTESIAN_POINT('Ctrl Pts',(10.9008757204247,14.1092481508742,0.));
#9532=CARTESIAN_POINT('Ctrl Pts',(10.9112782888109,14.1397133518715,0.));
#9533=CARTESIAN_POINT('Ctrl Pts',(10.9243546139937,14.1780089785101,0.));
#9534=CARTESIAN_POINT('Ctrl Pts',(10.9371120845327,14.2164884575273,0.));
#9535=CARTESIAN_POINT('Ctrl Pts',(10.9495360637287,14.2551565030042,0.));
#9536=CARTESIAN_POINT('Ctrl Pts',(10.9628205758715,14.2965028471642,0.));
#9537=CARTESIAN_POINT('Ctrl Pts',(10.9757178911456,14.3380685919478,0.));
#9538=CARTESIAN_POINT('Ctrl Pts',(10.988193555107,14.3798706713813,0.));
#9539=CARTESIAN_POINT('Ctrl Pts',(11.0013190918933,14.423850273032,0.));
#9540=CARTESIAN_POINT('Ctrl Pts',(11.013976908857,14.4680921175826,2.08587505133418E-15));
#9541=CARTESIAN_POINT('Ctrl Pts',(11.0261848891421,14.5125790435538,2.09491772519581E-15));
#9542=CARTESIAN_POINT('Ctrl Pts',(11.0430762794429,14.5741327168324,2.10742948635466E-15));
#9543=CARTESIAN_POINT('Ctrl Pts',(11.0591154296743,14.6361497872294,2.08462515749993E-15));
#9544=CARTESIAN_POINT('Ctrl Pts',(11.0744022665834,14.6985521389446,2.09497898512623E-15));
#9545=CARTESIAN_POINT('Ctrl Pts',(11.0884467851427,14.7558832265995,2.10449138622798E-15));
#9546=CARTESIAN_POINT('Ctrl Pts',(11.101855668924,14.8135399504974,1.57269084782591E-15));
#9547=CARTESIAN_POINT('Ctrl Pts',(11.1146385961234,14.8715061720217,2.05105373158028E-15));
#9548=CARTESIAN_POINT('Ctrl Pts',(11.1292866093456,14.9379299234898,2.59921189104752E-15));
#9549=CARTESIAN_POINT('Ctrl Pts',(11.143105198375,15.0047648884638,2.01897058591786E-15));
#9550=CARTESIAN_POINT('Ctrl Pts',(11.1560977954496,15.0719948688701,2.09241103206221E-15));
#9551=CARTESIAN_POINT('Ctrl Pts',(11.1750432794262,15.1700279648885,2.1995000757448E-15));
#9552=CARTESIAN_POINT('Ctrl Pts',(11.1922411975322,15.2688952288464,0.));
#9553=CARTESIAN_POINT('Ctrl Pts',(11.2077976689901,15.3684879459365,0.));
#9554=CARTESIAN_POINT('Ctrl Pts',(11.2285463371922,15.5013211689367,0.));
#9555=CARTESIAN_POINT('Ctrl Pts',(11.246368242292,15.6354492308098,2.20318578486069E-16));
#9556=CARTESIAN_POINT('Ctrl Pts',(11.2613494633272,15.7707279953686,2.00384242855684E-15));
#9557=CARTESIAN_POINT('Ctrl Pts',(11.2751527978053,15.8953705749419,3.64713813818596E-15));
#9558=CARTESIAN_POINT('Ctrl Pts',(11.286551725069,16.020985272349,-5.47342896128037E-15));
#9559=CARTESIAN_POINT('Ctrl Pts',(11.2956270220578,16.1474561921864,1.30073476425267E-15));
#9560=CARTESIAN_POINT('Ctrl Pts',(11.308284438387,16.3238465723479,1.07487352718766E-14));
#9561=CARTESIAN_POINT('Ctrl Pts',(11.3164135980554,16.50190812117,-1.06072137243189E-14));
#9562=CARTESIAN_POINT('Ctrl Pts',(11.3201673625145,16.6813750794121,9.32090916995441E-16));
#9563=CARTESIAN_POINT('Ctrl Pts',(11.323443846493,16.8380233240607,1.10042057744236E-14));
#9564=CARTESIAN_POINT('Ctrl Pts',(11.3233868609057,16.9957481498456,-1.10490727702301E-14));
#9565=CARTESIAN_POINT('Ctrl Pts',(11.3200759922917,17.1543913511337,4.7073695729211E-16));
#9566=CARTESIAN_POINT('Ctrl Pts',(11.3176704309604,17.2696559523519,8.84062777877714E-15));
#9567=CARTESIAN_POINT('Ctrl Pts',(11.3135475372785,17.3853987536984,-1.09772977509029E-18));
#9568=CARTESIAN_POINT('Ctrl Pts',(11.30773351568,17.5015749053259,1.41211869547747E-20));
#9569=CARTESIAN_POINT('Ctrl Pts',(11.3043785358747,17.5686143264848,6.55714524883116E-19));
#9570=CARTESIAN_POINT('Ctrl Pts',(11.3004604046657,17.6357994016864,2.50511861966703E-15));
#9571=CARTESIAN_POINT('Ctrl Pts',(11.2959811623046,17.703128956669,2.50511861966702E-15));
#9572=CARTESIAN_POINT('Ctrl Pts',(17.703128956669,11.2959811623046,-27.5));
#9573=CARTESIAN_POINT('Ctrl Pts',(17.703128956669,11.2959811623046,11.5));
#9574=CARTESIAN_POINT('Ctrl Pts',(17.6891690810497,11.2969098728277,-27.5));
#9575=CARTESIAN_POINT('Ctrl Pts',(17.6891690810497,11.2969098728277,11.5));
#9576=CARTESIAN_POINT('Ctrl Pts',(17.6612596976989,11.2987270685771,-27.5));
#9577=CARTESIAN_POINT('Ctrl Pts',(17.6612596976989,11.2987270685771,11.5));
#9578=CARTESIAN_POINT('Ctrl Pts',(17.6194267263497,11.3013321863148,-27.5));
#9579=CARTESIAN_POINT('Ctrl Pts',(17.6194267263497,11.3013321863148,11.5));
#9580=CARTESIAN_POINT('Ctrl Pts',(17.5637116591239,11.3045642446378,-27.5));
#9581=CARTESIAN_POINT('Ctrl Pts',(17.5637116591239,11.3045642446378,11.5));
#9582=CARTESIAN_POINT('Ctrl Pts',(17.4941718062359,11.3082013888263,-27.5));
#9583=CARTESIAN_POINT('Ctrl Pts',(17.4941718062359,11.3082013888263,11.5));
#9584=CARTESIAN_POINT('Ctrl Pts',(17.4247365291716,11.3114347814438,-27.5));
#9585=CARTESIAN_POINT('Ctrl Pts',(17.4247365291716,11.3114347814438,11.5));
#9586=CARTESIAN_POINT('Ctrl Pts',(17.3554068655854,11.3142633825214,-27.5));
#9587=CARTESIAN_POINT('Ctrl Pts',(17.3554068655854,11.3142633825214,11.5));
#9588=CARTESIAN_POINT('Ctrl Pts',(17.28618439806,11.3166859979977,-27.5));
#9589=CARTESIAN_POINT('Ctrl Pts',(17.28618439806,11.3166859979977,11.5));
#9590=CARTESIAN_POINT('Ctrl Pts',(17.2170713923194,11.3187013512111,-27.5));
#9591=CARTESIAN_POINT('Ctrl Pts',(17.2170713923194,11.3187013512111,11.5));
#9592=CARTESIAN_POINT('Ctrl Pts',(17.148070648829,11.3203081035249,-27.5));
#9593=CARTESIAN_POINT('Ctrl Pts',(17.148070648829,11.3203081035249,11.5));
#9594=CARTESIAN_POINT('Ctrl Pts',(17.0791853043753,11.3215048663392,-27.5));
#9595=CARTESIAN_POINT('Ctrl Pts',(17.0791853043753,11.3215048663392,11.5));
#9596=CARTESIAN_POINT('Ctrl Pts',(17.0104186436416,11.3222902202322,-27.5));
#9597=CARTESIAN_POINT('Ctrl Pts',(17.0104186436416,11.3222902202322,11.5));
#9598=CARTESIAN_POINT('Ctrl Pts',(16.941773922098,11.3226627310436,-27.5));
#9599=CARTESIAN_POINT('Ctrl Pts',(16.941773922098,11.3226627310436,11.5));
#9600=CARTESIAN_POINT('Ctrl Pts',(16.8732541424116,11.322620978007,-27.5));
#9601=CARTESIAN_POINT('Ctrl Pts',(16.8732541424116,11.322620978007,11.5));
#9602=CARTESIAN_POINT('Ctrl Pts',(16.8048620740904,11.3221635375465,-27.5));
#9603=CARTESIAN_POINT('Ctrl Pts',(16.8048620740904,11.3221635375465,11.5));
#9604=CARTESIAN_POINT('Ctrl Pts',(16.7366003764704,11.3212889502535,-27.5));
#9605=CARTESIAN_POINT('Ctrl Pts',(16.7366003764704,11.3212889502535,11.5));
#9606=CARTESIAN_POINT('Ctrl Pts',(16.6684716916188,11.3199956945783,-27.5));
#9607=CARTESIAN_POINT('Ctrl Pts',(16.6684716916188,11.3199956945783,11.5));
#9608=CARTESIAN_POINT('Ctrl Pts',(16.6004787394685,11.3182821640247,-27.5));
#9609=CARTESIAN_POINT('Ctrl Pts',(16.6004787394685,11.3182821640247,11.5));
#9610=CARTESIAN_POINT('Ctrl Pts',(16.5326244340875,11.3161466376706,-27.5));
#9611=CARTESIAN_POINT('Ctrl Pts',(16.5326244340875,11.3161466376706,11.5));
#9612=CARTESIAN_POINT('Ctrl Pts',(16.4649118896953,11.3135872917974,-27.5));
#9613=CARTESIAN_POINT('Ctrl Pts',(16.4649118896953,11.3135872917974,11.5));
#9614=CARTESIAN_POINT('Ctrl Pts',(16.397344345015,11.3106022403078,-27.5));
#9615=CARTESIAN_POINT('Ctrl Pts',(16.397344345015,11.3106022403078,11.5));
#9616=CARTESIAN_POINT('Ctrl Pts',(16.3299251071532,11.3071895733238,-27.5));
#9617=CARTESIAN_POINT('Ctrl Pts',(16.3299251071532,11.3071895733238,11.5));
#9618=CARTESIAN_POINT('Ctrl Pts',(16.2626574946771,11.3033473911147,-27.5));
#9619=CARTESIAN_POINT('Ctrl Pts',(16.2626574946771,11.3033473911147,11.5));
#9620=CARTESIAN_POINT('Ctrl Pts',(16.1955447599832,11.2990738639442,-27.5));
#9621=CARTESIAN_POINT('Ctrl Pts',(16.1955447599832,11.2990738639442,11.5));
#9622=CARTESIAN_POINT('Ctrl Pts',(16.1285900960739,11.2943672047073,-27.5));
#9623=CARTESIAN_POINT('Ctrl Pts',(16.1285900960739,11.2943672047073,11.5));
#9624=CARTESIAN_POINT('Ctrl Pts',(16.0617967335656,11.2892255514209,-27.5));
#9625=CARTESIAN_POINT('Ctrl Pts',(16.0617967335656,11.2892255514209,11.5));
#9626=CARTESIAN_POINT('Ctrl Pts',(15.9951680178752,11.2836468692154,-27.5));
#9627=CARTESIAN_POINT('Ctrl Pts',(15.9951680178752,11.2836468692154,11.5));
#9628=CARTESIAN_POINT('Ctrl Pts',(15.9287074820289,11.2776288630854,-27.5));
#9629=CARTESIAN_POINT('Ctrl Pts',(15.9287074820289,11.2776288630854,11.5));
#9630=CARTESIAN_POINT('Ctrl Pts',(15.8624189479643,11.2711688509409,-27.5));
#9631=CARTESIAN_POINT('Ctrl Pts',(15.8624189479643,11.2711688509409,11.5));
#9632=CARTESIAN_POINT('Ctrl Pts',(15.7963065165519,11.2642637914944,-27.5));
#9633=CARTESIAN_POINT('Ctrl Pts',(15.7963065165519,11.2642637914944,11.5));
#9634=CARTESIAN_POINT('Ctrl Pts',(15.7303744040451,11.2569105228816,-27.5));
#9635=CARTESIAN_POINT('Ctrl Pts',(15.7303744040451,11.2569105228816,11.5));
#9636=CARTESIAN_POINT('Ctrl Pts',(15.6646268039185,11.2491059696003,-27.5));
#9637=CARTESIAN_POINT('Ctrl Pts',(15.6646268039185,11.2491059696003,11.5));
#9638=CARTESIAN_POINT('Ctrl Pts',(15.5990677609796,11.2408473291248,-27.5));
#9639=CARTESIAN_POINT('Ctrl Pts',(15.5990677609796,11.2408473291248,11.5));
#9640=CARTESIAN_POINT('Ctrl Pts',(15.5337009814665,11.2321323584211,-27.5));
#9641=CARTESIAN_POINT('Ctrl Pts',(15.5337009814665,11.2321323584211,11.5));
#9642=CARTESIAN_POINT('Ctrl Pts',(15.4685298648088,11.2229593219217,-27.5));
#9643=CARTESIAN_POINT('Ctrl Pts',(15.4685298648088,11.2229593219217,11.5));
#9644=CARTESIAN_POINT('Ctrl Pts',(15.4035578996052,11.2133263839205,-27.5));
#9645=CARTESIAN_POINT('Ctrl Pts',(15.4035578996052,11.2133263839205,11.5));
#9646=CARTESIAN_POINT('Ctrl Pts',(15.338788999759,11.2032310927912,-27.5));
#9647=CARTESIAN_POINT('Ctrl Pts',(15.338788999759,11.2032310927912,11.5));
#9648=CARTESIAN_POINT('Ctrl Pts',(15.2742278113881,11.1926699118117,-27.5));
#9649=CARTESIAN_POINT('Ctrl Pts',(15.2742278113881,11.1926699118117,11.5));
#9650=CARTESIAN_POINT('Ctrl Pts',(15.2098801569502,11.1816375384977,-27.5));
#9651=CARTESIAN_POINT('Ctrl Pts',(15.2098801569502,11.1816375384977,11.5));
#9652=CARTESIAN_POINT('Ctrl Pts',(15.1457529972362,11.1701269699043,-27.5));
#9653=CARTESIAN_POINT('Ctrl Pts',(15.1457529972362,11.1701269699043,11.5));
#9654=CARTESIAN_POINT('Ctrl Pts',(15.0818535548305,11.1581308641298,-27.5));
#9655=CARTESIAN_POINT('Ctrl Pts',(15.0818535548305,11.1581308641298,11.5));
#9656=CARTESIAN_POINT('Ctrl Pts',(15.0181885630483,11.1456427092067,-27.5));
#9657=CARTESIAN_POINT('Ctrl Pts',(15.0181885630483,11.1456427092067,11.5));
#9658=CARTESIAN_POINT('Ctrl Pts',(14.9547635907588,11.1326578744139,-27.5));
#9659=CARTESIAN_POINT('Ctrl Pts',(14.9547635907588,11.1326578744139,11.5));
#9660=CARTESIAN_POINT('Ctrl Pts',(14.8915820241235,11.1191751950806,-27.5));
#9661=CARTESIAN_POINT('Ctrl Pts',(14.8915820241235,11.1191751950806,11.5));
#9662=CARTESIAN_POINT('Ctrl Pts',(14.828645240132,11.1051967081992,-27.5));
#9663=CARTESIAN_POINT('Ctrl Pts',(14.828645240132,11.1051967081992,11.5));
#9664=CARTESIAN_POINT('Ctrl Pts',(14.7659547398072,11.0907243473492,-27.5));
#9665=CARTESIAN_POINT('Ctrl Pts',(14.7659547398072,11.0907243473492,11.5));
#9666=CARTESIAN_POINT('Ctrl Pts',(14.7035139847658,11.0757570984341,-27.5));
#9667=CARTESIAN_POINT('Ctrl Pts',(14.7035139847658,11.0757570984341,11.5));
#9668=CARTESIAN_POINT('Ctrl Pts',(14.6413300319063,11.0602884700649,-27.5));
#9669=CARTESIAN_POINT('Ctrl Pts',(14.6413300319063,11.0602884700649,11.5));
#9670=CARTESIAN_POINT('Ctrl Pts',(14.5794160307751,11.0443026241079,-27.5));
#9671=CARTESIAN_POINT('Ctrl Pts',(14.5794160307751,11.0443026241079,11.5));
#9672=CARTESIAN_POINT('Ctrl Pts',(14.5177906240959,11.0277753186459,-27.5));
#9673=CARTESIAN_POINT('Ctrl Pts',(14.5177906240959,11.0277753186459,11.5));
#9674=CARTESIAN_POINT('Ctrl Pts',(14.4564730734762,11.010681494141,-27.5));
#9675=CARTESIAN_POINT('Ctrl Pts',(14.4564730734762,11.010681494141,11.5));
#9676=CARTESIAN_POINT('Ctrl Pts',(14.3954790303079,10.9930018568662,-27.5));
#9677=CARTESIAN_POINT('Ctrl Pts',(14.3954790303079,10.9930018568662,11.5));
#9678=CARTESIAN_POINT('Ctrl Pts',(14.3348168751934,10.9747285815977,-27.5));
#9679=CARTESIAN_POINT('Ctrl Pts',(14.3348168751934,10.9747285815977,11.5));
#9680=CARTESIAN_POINT('Ctrl Pts',(14.2744817749369,10.9558745564183,-27.5));
#9681=CARTESIAN_POINT('Ctrl Pts',(14.2744817749369,10.9558745564183,11.5));
#9682=CARTESIAN_POINT('Ctrl Pts',(14.2144583743858,10.9364692290322,-27.5));
#9683=CARTESIAN_POINT('Ctrl Pts',(14.2144583743858,10.9364692290322,11.5));
#9684=CARTESIAN_POINT('Ctrl Pts',(14.1547325073739,10.9165404595107,-27.5));
#9685=CARTESIAN_POINT('Ctrl Pts',(14.1547325073739,10.9165404595107,11.5));
#9686=CARTESIAN_POINT('Ctrl Pts',(14.0953014655878,10.8960986090783,-27.5));
#9687=CARTESIAN_POINT('Ctrl Pts',(14.0953014655878,10.8960986090783,11.5));
#9688=CARTESIAN_POINT('Ctrl Pts',(14.0361828169243,10.8751228856325,-27.5));
#9689=CARTESIAN_POINT('Ctrl Pts',(14.0361828169243,10.8751228856325,11.5));
#9690=CARTESIAN_POINT('Ctrl Pts',(13.9774289138849,10.8535388471246,-27.5));
#9691=CARTESIAN_POINT('Ctrl Pts',(13.9774289138849,10.8535388471246,11.5));
#9692=CARTESIAN_POINT('Ctrl Pts',(13.919117422658,10.8312331733738,-27.5));
#9693=CARTESIAN_POINT('Ctrl Pts',(13.919117422658,10.8312331733738,11.5));
#9694=CARTESIAN_POINT('Ctrl Pts',(13.8613249010058,10.8080948069417,-27.5));
#9695=CARTESIAN_POINT('Ctrl Pts',(13.8613249010058,10.8080948069417,11.5));
#9696=CARTESIAN_POINT('Ctrl Pts',(13.8041031751884,10.7840517009519,-27.5));
#9697=CARTESIAN_POINT('Ctrl Pts',(13.8041031751884,10.7840517009519,11.5));
#9698=CARTESIAN_POINT('Ctrl Pts',(13.747459246573,10.7591021810231,-27.5));
#9699=CARTESIAN_POINT('Ctrl Pts',(13.747459246573,10.7591021810231,11.5));
#9700=CARTESIAN_POINT('Ctrl Pts',(13.6913217508319,10.7333669609577,-27.5));
#9701=CARTESIAN_POINT('Ctrl Pts',(13.6913217508319,10.7333669609577,11.5));
#9702=CARTESIAN_POINT('Ctrl Pts',(13.6355769975918,10.7070342057154,-27.5));
#9703=CARTESIAN_POINT('Ctrl Pts',(13.6355769975918,10.7070342057154,11.5));
#9704=CARTESIAN_POINT('Ctrl Pts',(13.5801346259989,10.6802590215942,-27.5));
#9705=CARTESIAN_POINT('Ctrl Pts',(13.5801346259989,10.6802590215942,11.5));
#9706=CARTESIAN_POINT('Ctrl Pts',(13.5249867388417,10.6530730667274,-27.5));
#9707=CARTESIAN_POINT('Ctrl Pts',(13.5249867388417,10.6530730667274,11.5));
#9708=CARTESIAN_POINT('Ctrl Pts',(13.4702632540311,10.6252997691819,-27.5));
#9709=CARTESIAN_POINT('Ctrl Pts',(13.4702632540311,10.6252997691819,11.5));
#9710=CARTESIAN_POINT('Ctrl Pts',(13.4163062589301,10.5964408759681,-27.5));
#9711=CARTESIAN_POINT('Ctrl Pts',(13.4163062589301,10.5964408759681,11.5));
#9712=CARTESIAN_POINT('Ctrl Pts',(13.3635832817385,10.565806399342,-27.5));
#9713=CARTESIAN_POINT('Ctrl Pts',(13.3635832817385,10.565806399342,11.5));
#9714=CARTESIAN_POINT('Ctrl Pts',(13.3227716881941,10.5393153461408,-27.5));
#9715=CARTESIAN_POINT('Ctrl Pts',(13.3227716881941,10.5393153461408,11.5));
#9716=CARTESIAN_POINT('Ctrl Pts',(13.2931001525303,10.5180809412892,-27.5));
#9717=CARTESIAN_POINT('Ctrl Pts',(13.2931001525303,10.5180809412892,11.5));
#9718=CARTESIAN_POINT('Ctrl Pts',(13.2737571575516,10.5032854418864,-27.5));
#9719=CARTESIAN_POINT('Ctrl Pts',(13.2737571575516,10.5032854418864,11.5));
#9720=CARTESIAN_POINT('Ctrl Pts',(13.2641951690732,10.4957278820725,-27.5));
#9721=CARTESIAN_POINT('Ctrl Pts',(13.2641951690732,10.4957278820725,11.5));
#9722=CARTESIAN_POINT('',(17.703128956669,11.2959811623046,-5.55111512312578E-16));
#9723=CARTESIAN_POINT('Ctrl Pts',(17.703128956669,11.2959811623046,0.));
#9724=CARTESIAN_POINT('Ctrl Pts',(17.5852802166708,11.3038213012827,0.));
#9725=CARTESIAN_POINT('Ctrl Pts',(17.4678717838163,11.3099439454221,-8.29877313091136E-15));
#9726=CARTESIAN_POINT('Ctrl Pts',(17.3509186873097,11.3143321461607,3.38681474356013E-16));
#9727=CARTESIAN_POINT('Ctrl Pts',(17.1496045187348,11.3218856612843,1.52065391404002E-14));
#9728=CARTESIAN_POINT('Ctrl Pts',(16.9496439894534,11.3242964940706,1.57094623700186E-15));
#9729=CARTESIAN_POINT('Ctrl Pts',(16.7513676476123,11.3214086849682,2.0852637872447E-15));
#9730=CARTESIAN_POINT('Ctrl Pts',(16.5915651067283,11.3190812301248,2.49978248668628E-15));
#9731=CARTESIAN_POINT('Ctrl Pts',(16.4328481787182,11.3133131723514,1.80485718552742E-15));
#9732=CARTESIAN_POINT('Ctrl Pts',(16.2753985625215,11.3039988574582,2.08926318129407E-15));
#9733=CARTESIAN_POINT('Ctrl Pts',(16.1471325037705,11.2964109668671,2.32095403607871E-15));
#9734=CARTESIAN_POINT('Ctrl Pts',(16.0197071600138,11.2864717579584,-6.91264140413145E-16));
#9735=CARTESIAN_POINT('Ctrl Pts',(15.8932302565528,11.2741136261251,1.91934104990665E-15));
#9736=CARTESIAN_POINT('Ctrl Pts',(15.7731931568874,11.2623847312681,4.39702248297608E-15));
#9737=CARTESIAN_POINT('Ctrl Pts',(15.6540144578621,11.2484705826161,2.09403628948954E-15));
#9738=CARTESIAN_POINT('Ctrl Pts',(15.5358004889374,11.2322986065273,2.09518511199354E-15));
#9739=CARTESIAN_POINT('Ctrl Pts',(15.4520519390498,11.2208415887267,2.09599899397097E-15));
#9740=CARTESIAN_POINT('Ctrl Pts',(15.3687844783565,11.2082562777352,3.63359191375667E-15));
#9741=CARTESIAN_POINT('Ctrl Pts',(15.2860393052714,11.1945133832887,1.66001186844397E-15));
#9742=CARTESIAN_POINT('Ctrl Pts',(15.1941844924645,11.1792574964528,-5.30844937610951E-16));
#9743=CARTESIAN_POINT('Ctrl Pts',(15.1029770156197,11.162569223798,-6.6703184869344E-15));
#9744=CARTESIAN_POINT('Ctrl Pts',(15.0125035134631,11.1443648210941,4.6657928114978E-16));
#9745=CARTESIAN_POINT('Ctrl Pts',(14.9333391990761,11.1284359687282,6.71136482822343E-15));
#9746=CARTESIAN_POINT('Ctrl Pts',(14.8547358624307,11.1113478570345,1.97759739231228E-15));
#9747=CARTESIAN_POINT('Ctrl Pts',(14.7767118830558,11.0931086911244,2.09118208413825E-15));
#9748=CARTESIAN_POINT('Ctrl Pts',(14.7271682610459,11.0815271959371,2.16330602709805E-15));
#9749=CARTESIAN_POINT('Ctrl Pts',(14.6778566983027,11.0694840344115,-2.38275983779619E-15));
#9750=CARTESIAN_POINT('Ctrl Pts',(14.6288002160438,11.0569535536336,9.92880823813595E-16));
#9751=CARTESIAN_POINT('Ctrl Pts',(14.5673325716797,11.04125289389,5.22254977140327E-15));
#9752=CARTESIAN_POINT('Ctrl Pts',(14.5062703379852,11.0247793989852,-3.4486083615513E-15));
#9753=CARTESIAN_POINT('Ctrl Pts',(14.4456900865758,11.0074355970211,8.77348668830999E-16));
#9754=CARTESIAN_POINT('Ctrl Pts',(14.4046342883748,10.9956815415836,3.80908986722233E-15));
#9755=CARTESIAN_POINT('Ctrl Pts',(14.3638008459091,10.9835262666079,0.));
#9756=CARTESIAN_POINT('Ctrl Pts',(14.3231889911059,10.9709782352836,0.));
#9757=CARTESIAN_POINT('Ctrl Pts',(14.2758309345541,10.9563457990171,0.));
#9758=CARTESIAN_POINT('Ctrl Pts',(14.2287695200645,10.9411865002075,0.));
#9759=CARTESIAN_POINT('Ctrl Pts',(14.1819783643262,10.9255539430639,0.));
#9760=CARTESIAN_POINT('Ctrl Pts',(14.1506200983344,10.9150773930129,0.));
#9761=CARTESIAN_POINT('Ctrl Pts',(14.1193826246476,10.9043892272305,-1.93771788144751E-15));
#9762=CARTESIAN_POINT('Ctrl Pts',(14.08827626847,10.8934776068186,6.11995831880156E-16));
#9763=CARTESIAN_POINT('Ctrl Pts',(14.0547833754374,10.8817288268207,3.35732827059498E-15));
#9764=CARTESIAN_POINT('Ctrl Pts',(14.0214422044529,10.8697214201898,2.02645181863585E-15));
#9765=CARTESIAN_POINT('Ctrl Pts',(13.9883039961993,10.8573815621267,2.08987155730581E-15));
#9766=CARTESIAN_POINT('Ctrl Pts',(13.9561101192517,10.8453933499399,2.15148403940409E-15));
#9767=CARTESIAN_POINT('Ctrl Pts',(13.9241112588927,10.8330859864407,7.43178778042847E-16));
#9768=CARTESIAN_POINT('Ctrl Pts',(13.8923596086855,10.8203843300731,1.80223093967234E-15));
#9769=CARTESIAN_POINT('Ctrl Pts',(13.8664998352313,10.8100396092785,2.66476402998998E-15));
#9770=CARTESIAN_POINT('Ctrl Pts',(13.8408047735972,10.7994322162575,2.03049524843693E-15));
#9771=CARTESIAN_POINT('Ctrl Pts',(13.8152831532131,10.7885521887213,2.08867995433575E-15));
#9772=CARTESIAN_POINT('Ctrl Pts',(13.7904264453168,10.777955617567,2.14534877930808E-15));
#9773=CARTESIAN_POINT('Ctrl Pts',(13.7657346175717,10.7670998654017,-1.5502298995701E-15));
#9774=CARTESIAN_POINT('Ctrl Pts',(13.7411842577475,10.7560250182876,5.81151555133791E-16));
#9775=CARTESIAN_POINT('Ctrl Pts',(13.7131812650058,10.7433926631787,3.01227923851375E-15));
#9776=CARTESIAN_POINT('Ctrl Pts',(13.6853590409525,10.7304802407321,1.54471406295666E-15));
#9777=CARTESIAN_POINT('Ctrl Pts',(13.6576617323915,10.7173815837555,1.99753691231199E-15));
#9778=CARTESIAN_POINT('Ctrl Pts',(13.6369593002372,10.7075909552989,2.33600064051175E-15));
#9779=CARTESIAN_POINT('Ctrl Pts',(13.6163257187059,10.6976977590411,1.93188469411269E-15));
#9780=CARTESIAN_POINT('Ctrl Pts',(13.595753299746,10.6877180609273,2.06807103446966E-15));
#9781=CARTESIAN_POINT('Ctrl Pts',(13.5773382872156,10.6787849225262,2.1899756665414E-15));
#9782=CARTESIAN_POINT('Ctrl Pts',(13.5589719310517,10.6697830197075,1.94242822108635E-15));
#9783=CARTESIAN_POINT('Ctrl Pts',(13.540669889893,10.6606919484877,2.06718519730798E-15));
#9784=CARTESIAN_POINT('Ctrl Pts',(13.5224715601161,10.6516523932464,2.19123521859043E-15));
#9785=CARTESIAN_POINT('Ctrl Pts',(13.5043363687292,10.6425253686673,-3.5527136788005E-15));
#9786=CARTESIAN_POINT('Ctrl Pts',(13.4863094207257,10.6332457962241,-3.5527136788005E-15));
#9787=CARTESIAN_POINT('Ctrl Pts',(13.463759361761,10.6216379019914,-3.5527136788005E-15));
#9788=CARTESIAN_POINT('Ctrl Pts',(13.4413792516258,10.609790489263,-3.5527136788005E-15));
#9789=CARTESIAN_POINT('Ctrl Pts',(13.4193076504748,10.5974995181063,-3.5527136788005E-15));
#9790=CARTESIAN_POINT('Ctrl Pts',(13.3968404815328,10.5849882678555,-3.5527136788005E-15));
#9791=CARTESIAN_POINT('Ctrl Pts',(13.3746969028657,10.5720115306887,5.78612637282195E-17));
#9792=CARTESIAN_POINT('Ctrl Pts',(13.3530289322434,10.5583438624017,-8.88007781229144E-18));
#9793=CARTESIAN_POINT('Ctrl Pts',(13.3369112958901,10.5481772200757,-5.85253672322536E-17));
#9794=CARTESIAN_POINT('Ctrl Pts',(13.3210572686381,10.5376275730078,-1.34787003403151E-16));
#9795=CARTESIAN_POINT('Ctrl Pts',(13.3055120716054,10.5266276565771,2.89836592022418E-17));
#9796=CARTESIAN_POINT('Ctrl Pts',(13.2914837785838,10.516701114599,1.76773541732475E-16));
#9797=CARTESIAN_POINT('Ctrl Pts',(13.277707245554,10.506407494001,1.04759505913348E-15));
#9798=CARTESIAN_POINT('Ctrl Pts',(13.2641951690732,10.4957278820725,1.04759505913348E-15));
#9799=CARTESIAN_POINT('',(17.703128956669,11.2959811623046,0.));
#9800=CARTESIAN_POINT('Origin',(4.22704846309189E-14,2.44849991257029E-14,
0.));
#9801=CARTESIAN_POINT('',(18.6341711255608,9.68336882179496,-5.55111512312578E-16));
#9802=CARTESIAN_POINT('Origin',(4.22704846309189E-14,2.44849991257029E-14,
-5.55111512312578E-16));
#9803=CARTESIAN_POINT('',(18.6341711255608,9.68336882179496,0.));
#9804=CARTESIAN_POINT('Ctrl Pts',(15.72166456162,6.23926603613601,-27.5));
#9805=CARTESIAN_POINT('Ctrl Pts',(15.72166456162,6.23926603613601,11.5));
#9806=CARTESIAN_POINT('Ctrl Pts',(15.7329905946487,6.24376818116203,-27.5));
#9807=CARTESIAN_POINT('Ctrl Pts',(15.7329905946487,6.24376818116203,11.5));
#9808=CARTESIAN_POINT('Ctrl Pts',(15.7554753704825,6.25312195649746,-27.5));
#9809=CARTESIAN_POINT('Ctrl Pts',(15.7554753704825,6.25312195649746,11.5));
#9810=CARTESIAN_POINT('Ctrl Pts',(15.7887006723502,6.26820105772579,-27.5));
#9811=CARTESIAN_POINT('Ctrl Pts',(15.7887006723502,6.26820105772579,11.5));
#9812=CARTESIAN_POINT('Ctrl Pts',(15.8320483941676,6.29029940790352,-27.5));
#9813=CARTESIAN_POINT('Ctrl Pts',(15.8320483941676,6.29029940790352,11.5));
#9814=CARTESIAN_POINT('Ctrl Pts',(15.8849401177533,6.32064160720156,-27.5));
#9815=CARTESIAN_POINT('Ctrl Pts',(15.8849401177533,6.32064160720156,11.5));
#9816=CARTESIAN_POINT('Ctrl Pts',(15.936911149952,6.35294028906404,-27.5));
#9817=CARTESIAN_POINT('Ctrl Pts',(15.936911149952,6.35294028906404,11.5));
#9818=CARTESIAN_POINT('Ctrl Pts',(15.9883252735785,6.38644556832087,-27.5));
#9819=CARTESIAN_POINT('Ctrl Pts',(15.9883252735785,6.38644556832087,11.5));
#9820=CARTESIAN_POINT('Ctrl Pts',(16.039442944698,6.42061206213066,-27.5));
#9821=CARTESIAN_POINT('Ctrl Pts',(16.039442944698,6.42061206213066,11.5));
#9822=CARTESIAN_POINT('Ctrl Pts',(16.0903521201344,6.45523897231559,-27.5));
#9823=CARTESIAN_POINT('Ctrl Pts',(16.0903521201344,6.45523897231559,11.5));
#9824=CARTESIAN_POINT('Ctrl Pts',(16.1410293317459,6.49034896712808,-27.5));
#9825=CARTESIAN_POINT('Ctrl Pts',(16.1410293317459,6.49034896712808,11.5));
#9826=CARTESIAN_POINT('Ctrl Pts',(16.1913854339651,6.52609785451195,-27.5));
#9827=CARTESIAN_POINT('Ctrl Pts',(16.1913854339651,6.52609785451195,11.5));
#9828=CARTESIAN_POINT('Ctrl Pts',(16.2413143163433,6.56267817569861,-27.5));
#9829=CARTESIAN_POINT('Ctrl Pts',(16.2413143163433,6.56267817569861,11.5));
#9830=CARTESIAN_POINT('Ctrl Pts',(16.290747119825,6.60021209090997,-27.5));
#9831=CARTESIAN_POINT('Ctrl Pts',(16.290747119825,6.60021209090997,11.5));
#9832=CARTESIAN_POINT('Ctrl Pts',(16.3396817937835,6.63869269959347,-27.5));
#9833=CARTESIAN_POINT('Ctrl Pts',(16.3396817937835,6.63869269959347,11.5));
#9834=CARTESIAN_POINT('Ctrl Pts',(16.3881548195136,6.67803909545317,-27.5));
#9835=CARTESIAN_POINT('Ctrl Pts',(16.3881548195136,6.67803909545317,11.5));
#9836=CARTESIAN_POINT('Ctrl Pts',(16.4362240966974,6.71812944880288,-27.5));
#9837=CARTESIAN_POINT('Ctrl Pts',(16.4362240966974,6.71812944880288,11.5));
#9838=CARTESIAN_POINT('Ctrl Pts',(16.483948930396,6.7588398386599,-27.5));
#9839=CARTESIAN_POINT('Ctrl Pts',(16.483948930396,6.7588398386599,11.5));
#9840=CARTESIAN_POINT('Ctrl Pts',(16.5313676130638,6.80008770540386,-27.5));
#9841=CARTESIAN_POINT('Ctrl Pts',(16.5313676130638,6.80008770540386,11.5));
#9842=CARTESIAN_POINT('Ctrl Pts',(16.5784893672416,6.84184743873847,-27.5));
#9843=CARTESIAN_POINT('Ctrl Pts',(16.5784893672416,6.84184743873847,11.5));
#9844=CARTESIAN_POINT('Ctrl Pts',(16.6253065740022,6.88412656474417,-27.5));
#9845=CARTESIAN_POINT('Ctrl Pts',(16.6253065740022,6.88412656474417,11.5));
#9846=CARTESIAN_POINT('Ctrl Pts',(16.6718021888995,6.92695128171653,-27.5));
#9847=CARTESIAN_POINT('Ctrl Pts',(16.6718021888995,6.92695128171653,11.5));
#9848=CARTESIAN_POINT('Ctrl Pts',(16.7179583870496,6.9703496114597,-27.5));
#9849=CARTESIAN_POINT('Ctrl Pts',(16.7179583870496,6.9703496114597,11.5));
#9850=CARTESIAN_POINT('Ctrl Pts',(16.7637664236434,7.01433218368562,-27.5));
#9851=CARTESIAN_POINT('Ctrl Pts',(16.7637664236434,7.01433218368562,11.5));
#9852=CARTESIAN_POINT('Ctrl Pts',(16.8092288852223,7.05888782796769,-27.5));
#9853=CARTESIAN_POINT('Ctrl Pts',(16.8092288852223,7.05888782796769,11.5));
#9854=CARTESIAN_POINT('Ctrl Pts',(16.8543546549481,7.10399334293934,-27.5));
#9855=CARTESIAN_POINT('Ctrl Pts',(16.8543546549481,7.10399334293934,11.5));
#9856=CARTESIAN_POINT('Ctrl Pts',(16.8991558042135,7.14961951779042,-27.5));
#9857=CARTESIAN_POINT('Ctrl Pts',(16.8991558042135,7.14961951779042,11.5));
#9858=CARTESIAN_POINT('Ctrl Pts',(16.9436440057727,7.19573808648987,-27.5));
#9859=CARTESIAN_POINT('Ctrl Pts',(16.9436440057727,7.19573808648987,11.5));
#9860=CARTESIAN_POINT('Ctrl Pts',(16.9878264010786,7.24232974212968,-27.5));
#9861=CARTESIAN_POINT('Ctrl Pts',(16.9878264010786,7.24232974212968,11.5));
#9862=CARTESIAN_POINT('Ctrl Pts',(17.0317050833898,7.28938512756191,-27.5));
#9863=CARTESIAN_POINT('Ctrl Pts',(17.0317050833898,7.28938512756191,11.5));
#9864=CARTESIAN_POINT('Ctrl Pts',(17.0752792001313,7.33690073789035,-27.5));
#9865=CARTESIAN_POINT('Ctrl Pts',(17.0752792001313,7.33690073789035,11.5));
#9866=CARTESIAN_POINT('Ctrl Pts',(17.1185463262627,7.38487623998074,-27.5));
#9867=CARTESIAN_POINT('Ctrl Pts',(17.1185463262627,7.38487623998074,11.5));
#9868=CARTESIAN_POINT('Ctrl Pts',(17.1615040092019,7.43331145982138,-27.5));
#9869=CARTESIAN_POINT('Ctrl Pts',(17.1615040092019,7.43331145982138,11.5));
#9870=CARTESIAN_POINT('Ctrl Pts',(17.2041515645029,7.48220288257496,-27.5));
#9871=CARTESIAN_POINT('Ctrl Pts',(17.2041515645029,7.48220288257496,11.5));
#9872=CARTESIAN_POINT('Ctrl Pts',(17.2464902180529,7.53154337009877,-27.5));
#9873=CARTESIAN_POINT('Ctrl Pts',(17.2464902180529,7.53154337009877,11.5));
#9874=CARTESIAN_POINT('Ctrl Pts',(17.2885222427238,7.58132383518685,-27.5));
#9875=CARTESIAN_POINT('Ctrl Pts',(17.2885222427238,7.58132383518685,11.5));
#9876=CARTESIAN_POINT('Ctrl Pts',(17.3302503854967,7.63153435194701,-27.5));
#9877=CARTESIAN_POINT('Ctrl Pts',(17.3302503854967,7.63153435194701,11.5));
#9878=CARTESIAN_POINT('Ctrl Pts',(17.3716772307044,7.68216539068495,-27.5));
#9879=CARTESIAN_POINT('Ctrl Pts',(17.3716772307044,7.68216539068495,11.5));
#9880=CARTESIAN_POINT('Ctrl Pts',(17.4128044592041,7.73320925776237,-27.5));
#9881=CARTESIAN_POINT('Ctrl Pts',(17.4128044592041,7.73320925776237,11.5));
#9882=CARTESIAN_POINT('Ctrl Pts',(17.453632810828,7.78466016116181,-27.5));
#9883=CARTESIAN_POINT('Ctrl Pts',(17.453632810828,7.78466016116181,11.5));
#9884=CARTESIAN_POINT('Ctrl Pts',(17.4941624517951,7.83651348553076,-27.5));
#9885=CARTESIAN_POINT('Ctrl Pts',(17.4941624517951,7.83651348553076,11.5));
#9886=CARTESIAN_POINT('Ctrl Pts',(17.5343932275743,7.88876529180082,-27.5));
#9887=CARTESIAN_POINT('Ctrl Pts',(17.5343932275743,7.88876529180082,11.5));
#9888=CARTESIAN_POINT('Ctrl Pts',(17.5743249414962,7.9414117681959,-27.5));
#9889=CARTESIAN_POINT('Ctrl Pts',(17.5743249414962,7.9414117681959,11.5));
#9890=CARTESIAN_POINT('Ctrl Pts',(17.6139576829664,7.99444858350275,-27.5));
#9891=CARTESIAN_POINT('Ctrl Pts',(17.6139576829664,7.99444858350275,11.5));
#9892=CARTESIAN_POINT('Ctrl Pts',(17.6532918566393,8.04787083355244,-27.5));
#9893=CARTESIAN_POINT('Ctrl Pts',(17.6532918566393,8.04787083355244,11.5));
#9894=CARTESIAN_POINT('Ctrl Pts',(17.6923280292408,8.10167334893821,-27.5));
#9895=CARTESIAN_POINT('Ctrl Pts',(17.6923280292408,8.10167334893821,11.5));
#9896=CARTESIAN_POINT('Ctrl Pts',(17.731066830899,8.15585089734558,-27.5));
#9897=CARTESIAN_POINT('Ctrl Pts',(17.731066830899,8.15585089734558,11.5));
#9898=CARTESIAN_POINT('Ctrl Pts',(17.7695088450109,8.21039840667258,-27.5));
#9899=CARTESIAN_POINT('Ctrl Pts',(17.7695088450109,8.21039840667258,11.5));
#9900=CARTESIAN_POINT('Ctrl Pts',(17.8076544833656,8.2653112259793,-27.5));
#9901=CARTESIAN_POINT('Ctrl Pts',(17.8076544833656,8.2653112259793,11.5));
#9902=CARTESIAN_POINT('Ctrl Pts',(17.8455039669834,8.32058514807244,-27.5));
#9903=CARTESIAN_POINT('Ctrl Pts',(17.8455039669834,8.32058514807244,11.5));
#9904=CARTESIAN_POINT('Ctrl Pts',(17.8830573854041,8.37621625830132,-27.5));
#9905=CARTESIAN_POINT('Ctrl Pts',(17.8830573854041,8.37621625830132,11.5));
#9906=CARTESIAN_POINT('Ctrl Pts',(17.9203147358444,8.43220082787838,-27.5));
#9907=CARTESIAN_POINT('Ctrl Pts',(17.9203147358444,8.43220082787838,11.5));
#9908=CARTESIAN_POINT('Ctrl Pts',(17.9572759694815,8.48853519803009,-27.5));
#9909=CARTESIAN_POINT('Ctrl Pts',(17.9572759694815,8.48853519803009,11.5));
#9910=CARTESIAN_POINT('Ctrl Pts',(17.9939410447152,8.54521563723015,-27.5));
#9911=CARTESIAN_POINT('Ctrl Pts',(17.9939410447152,8.54521563723015,11.5));
#9912=CARTESIAN_POINT('Ctrl Pts',(18.030309947477,8.60223832164987,-27.5));
#9913=CARTESIAN_POINT('Ctrl Pts',(18.030309947477,8.60223832164987,11.5));
#9914=CARTESIAN_POINT('Ctrl Pts',(18.0663826782163,8.65959943231184,-27.5));
#9915=CARTESIAN_POINT('Ctrl Pts',(18.0663826782163,8.65959943231184,11.5));
#9916=CARTESIAN_POINT('Ctrl Pts',(18.1021592509799,8.71729522135082,-27.5));
#9917=CARTESIAN_POINT('Ctrl Pts',(18.1021592509799,8.71729522135082,11.5));
#9918=CARTESIAN_POINT('Ctrl Pts',(18.1376396880447,8.77532207991448,-27.5));
#9919=CARTESIAN_POINT('Ctrl Pts',(18.1376396880447,8.77532207991448,11.5));
#9920=CARTESIAN_POINT('Ctrl Pts',(18.1728240227388,8.83367662388486,-27.5));
#9921=CARTESIAN_POINT('Ctrl Pts',(18.1728240227388,8.83367662388486,11.5));
#9922=CARTESIAN_POINT('Ctrl Pts',(18.2077122863624,8.8923556944827,-27.5));
#9923=CARTESIAN_POINT('Ctrl Pts',(18.2077122863624,8.8923556944827,11.5));
#9924=CARTESIAN_POINT('Ctrl Pts',(18.2423044755825,8.95135624283596,-27.5));
#9925=CARTESIAN_POINT('Ctrl Pts',(18.2423044755825,8.95135624283596,11.5));
#9926=CARTESIAN_POINT('Ctrl Pts',(18.2766005246161,9.01067523618776,-27.5));
#9927=CARTESIAN_POINT('Ctrl Pts',(18.2766005246161,9.01067523618776,11.5));
#9928=CARTESIAN_POINT('Ctrl Pts',(18.310600281562,9.07030956428595,-27.5));
#9929=CARTESIAN_POINT('Ctrl Pts',(18.310600281562,9.07030956428595,11.5));
#9930=CARTESIAN_POINT('Ctrl Pts',(18.3443034755065,9.13025591636129,-27.5));
#9931=CARTESIAN_POINT('Ctrl Pts',(18.3443034755065,9.13025591636129,11.5));
#9932=CARTESIAN_POINT('Ctrl Pts',(18.3777097207339,9.19051075601374,-27.5));
#9933=CARTESIAN_POINT('Ctrl Pts',(18.3777097207339,9.19051075601374,11.5));
#9934=CARTESIAN_POINT('Ctrl Pts',(18.4108186041577,9.25107052891338,-27.5));
#9935=CARTESIAN_POINT('Ctrl Pts',(18.4108186041577,9.25107052891338,11.5));
#9936=CARTESIAN_POINT('Ctrl Pts',(18.4436297599477,9.31193182422333,-27.5));
#9937=CARTESIAN_POINT('Ctrl Pts',(18.4436297599477,9.31193182422333,11.5));
#9938=CARTESIAN_POINT('Ctrl Pts',(18.4761429471643,9.37309154735115,-27.5));
#9939=CARTESIAN_POINT('Ctrl Pts',(18.4761429471643,9.37309154735115,11.5));
#9940=CARTESIAN_POINT('Ctrl Pts',(18.508358138567,9.43454709779134,-27.5));
#9941=CARTESIAN_POINT('Ctrl Pts',(18.508358138567,9.43454709779134,11.5));
#9942=CARTESIAN_POINT('Ctrl Pts',(18.540275576952,9.49629650795659,-27.5));
#9943=CARTESIAN_POINT('Ctrl Pts',(18.540275576952,9.49629650795659,11.5));
#9944=CARTESIAN_POINT('Ctrl Pts',(18.5718956441315,9.55833835922735,-27.5));
#9945=CARTESIAN_POINT('Ctrl Pts',(18.5718956441315,9.55833835922735,11.5));
#9946=CARTESIAN_POINT('Ctrl Pts',(18.5969541331302,9.60820505197997,-27.5));
#9947=CARTESIAN_POINT('Ctrl Pts',(18.5969541331302,9.60820505197997,11.5));
#9948=CARTESIAN_POINT('Ctrl Pts',(18.6156145206641,9.64573602675297,-27.5));
#9949=CARTESIAN_POINT('Ctrl Pts',(18.6156145206641,9.64573602675297,11.5));
#9950=CARTESIAN_POINT('Ctrl Pts',(18.6279954746569,9.67081485961339,-27.5));
#9951=CARTESIAN_POINT('Ctrl Pts',(18.6279954746569,9.67081485961339,11.5));
#9952=CARTESIAN_POINT('Ctrl Pts',(18.6341711255607,9.68336882179496,-27.5));
#9953=CARTESIAN_POINT('Ctrl Pts',(18.6341711255607,9.68336882179496,11.5));
#9954=CARTESIAN_POINT('Ctrl Pts',(15.72166456162,6.23926603613601,3.5527136788005E-15));
#9955=CARTESIAN_POINT('Ctrl Pts',(15.7387085716935,6.24604110071347,3.5527136788005E-15));
#9956=CARTESIAN_POINT('Ctrl Pts',(15.7555232147442,6.25329523317415,3.5527136788005E-15));
#9957=CARTESIAN_POINT('Ctrl Pts',(15.7721213103172,6.26100229366536,3.5527136788005E-15));
#9958=CARTESIAN_POINT('Ctrl Pts',(15.7909397377385,6.26974032977605,3.5527136788005E-15));
#9959=CARTESIAN_POINT('Ctrl Pts',(15.8094801466185,6.27905990427994,3.5527136788005E-15));
#9960=CARTESIAN_POINT('Ctrl Pts',(15.8277909062745,6.28886220451795,3.5527136788005E-15));
#9961=CARTESIAN_POINT('Ctrl Pts',(15.8597802020906,6.30598703646819,3.5527136788005E-15));
#9962=CARTESIAN_POINT('Ctrl Pts',(15.8910710915144,6.32458053292007,3.5527136788005E-15));
#9963=CARTESIAN_POINT('Ctrl Pts',(15.9220078592422,6.34393561361935,3.5527136788005E-15));
#9964=CARTESIAN_POINT('Ctrl Pts',(15.9399238770275,6.35514447593802,3.5527136788005E-15));
#9965=CARTESIAN_POINT('Ctrl Pts',(15.9577224461898,6.36660596455707,3.5527136788005E-15));
#9966=CARTESIAN_POINT('Ctrl Pts',(15.975456207014,6.37821039161924,3.5527136788005E-15));
#9967=CARTESIAN_POINT('Ctrl Pts',(15.9921284485306,6.38912019313065,3.5527136788005E-15));
#9968=CARTESIAN_POINT('Ctrl Pts',(16.0087436278683,6.40015587509845,3.5527136788005E-15));
#9969=CARTESIAN_POINT('Ctrl Pts',(16.0253227129226,6.41127169796744,3.5527136788005E-15));
#9970=CARTESIAN_POINT('Ctrl Pts',(16.0439236127763,6.42374309233569,3.5527136788005E-15));
#9971=CARTESIAN_POINT('Ctrl Pts',(16.0624787623203,6.43631598037393,3.5527136788005E-15));
#9972=CARTESIAN_POINT('Ctrl Pts',(16.0809892792439,6.44898283944989,3.5527136788005E-15));
#9973=CARTESIAN_POINT('Ctrl Pts',(16.1043487719958,6.46496788211483,3.5527136788005E-15));
#9974=CARTESIAN_POINT('Ctrl Pts',(16.1276366149496,6.48110364361906,3.5527136788005E-15));
#9975=CARTESIAN_POINT('Ctrl Pts',(16.1508174365605,6.49745113151922,3.5527136788005E-15));
#9976=CARTESIAN_POINT('Ctrl Pts',(16.1741642736825,6.51391569622558,3.5527136788005E-15));
#9977=CARTESIAN_POINT('Ctrl Pts',(16.1973996226855,6.53060081756137,3.5527136788005E-15));
#9978=CARTESIAN_POINT('Ctrl Pts',(16.2204837943885,6.54757783742114,3.5527136788005E-15));
#9979=CARTESIAN_POINT('Ctrl Pts',(16.2420748237847,6.56345674092121,3.5527136788005E-15));
#9980=CARTESIAN_POINT('Ctrl Pts',(16.2635328219773,6.57959257304023,3.5527136788005E-15));
#9981=CARTESIAN_POINT('Ctrl Pts',(16.2848499024901,6.59599661170469,3.5527136788005E-15));
#9982=CARTESIAN_POINT('Ctrl Pts',(16.3099332500283,6.61529888917197,3.5527136788005E-15));
#9983=CARTESIAN_POINT('Ctrl Pts',(16.3348222669502,6.63497098729258,3.5527136788005E-15));
#9984=CARTESIAN_POINT('Ctrl Pts',(16.3595392861616,6.65496360042508,3.5527136788005E-15));
#9985=CARTESIAN_POINT('Ctrl Pts',(16.3886480866857,6.67850855067382,3.5527136788005E-15));
#9986=CARTESIAN_POINT('Ctrl Pts',(16.4175211866666,6.70249248498379,3.5527136788005E-15));
#9987=CARTESIAN_POINT('Ctrl Pts',(16.4462131462312,6.72680081947719,3.5527136788005E-15));
#9988=CARTESIAN_POINT('Ctrl Pts',(16.4707017223371,6.74754797332388,3.5527136788005E-15));
#9989=CARTESIAN_POINT('Ctrl Pts',(16.4950593731519,6.76852946702896,3.5527136788005E-15));
#9990=CARTESIAN_POINT('Ctrl Pts',(16.5193008621364,6.78971182083267,3.5527136788005E-15));
#9991=CARTESIAN_POINT('Ctrl Pts',(16.5497731053087,6.81633864381704,3.5527136788005E-15));
#9992=CARTESIAN_POINT('Ctrl Pts',(16.5800611384479,6.84328411495481,3.5527136788005E-15));
#9993=CARTESIAN_POINT('Ctrl Pts',(16.6101546428412,6.87055963510997,3.5527136788005E-15));
#9994=CARTESIAN_POINT('Ctrl Pts',(16.6423325398739,6.89972436340461,3.5527136788005E-15));
#9995=CARTESIAN_POINT('Ctrl Pts',(16.6742848148942,6.92927269664653,3.5527136788005E-15));
#9996=CARTESIAN_POINT('Ctrl Pts',(16.7059900964915,6.95923652735453,3.5527136788005E-15));
#9997=CARTESIAN_POINT('Ctrl Pts',(16.7393469457426,6.99076121136788,3.5527136788005E-15));
#9998=CARTESIAN_POINT('Ctrl Pts',(16.7724298591931,7.02274686430954,3.5527136788005E-15));
#9999=CARTESIAN_POINT('Ctrl Pts',(16.8052457433608,7.05516968232978,3.5527136788005E-15));
#10000=CARTESIAN_POINT('Ctrl Pts',(16.8506509530843,7.10003103192844,3.5527136788005E-15));
#10001=CARTESIAN_POINT('Ctrl Pts',(16.8955497998173,7.14571981523709,3.5527136788005E-15));
#10002=CARTESIAN_POINT('Ctrl Pts',(16.9399897647613,7.19211841861506,3.5527136788005E-15));
#10003=CARTESIAN_POINT('Ctrl Pts',(16.9808182186713,7.234746337919,3.5527136788005E-15));
#10004=CARTESIAN_POINT('Ctrl Pts',(17.0212590148332,7.27797408387717,3.5527136788005E-15));
#10005=CARTESIAN_POINT('Ctrl Pts',(17.0613124655023,7.3217828409398,3.5527136788005E-15));
#10006=CARTESIAN_POINT('Ctrl Pts',(17.1072098925361,7.37198349025052,3.5527136788005E-15));
#10007=CARTESIAN_POINT('Ctrl Pts',(17.152594623907,7.42295497299155,3.5527136788005E-15));
#10008=CARTESIAN_POINT('Ctrl Pts',(17.1974615329836,7.47468154510066,3.5527136788005E-15));
#10009=CARTESIAN_POINT('Ctrl Pts',(17.2628853510336,7.55010795426648,3.5527136788005E-15));
#10010=CARTESIAN_POINT('Ctrl Pts',(17.3272128166269,7.62713055697605,3.5527136788005E-15));
#10011=CARTESIAN_POINT('Ctrl Pts',(17.3904814743017,7.70560214383567,3.5527136788005E-15));
#10012=CARTESIAN_POINT('Ctrl Pts',(17.4748669599967,7.81026475584253,3.5527136788005E-15));
#10013=CARTESIAN_POINT('Ctrl Pts',(17.5573652139114,7.91751211278508,3.5527136788005E-15));
#10014=CARTESIAN_POINT('Ctrl Pts',(17.6379787145858,8.02717634954189,3.5527136788005E-15));
#10015=CARTESIAN_POINT('Ctrl Pts',(17.7122540426609,8.12821832259957,3.5527136788005E-15));
#10016=CARTESIAN_POINT('Ctrl Pts',(17.784933151925,8.23130437800259,3.5527136788005E-15));
#10017=CARTESIAN_POINT('Ctrl Pts',(17.8560280495578,8.33629375891779,3.5527136788005E-15));
#10018=CARTESIAN_POINT('Ctrl Pts',(17.9551848842048,8.48272360170162,3.5527136788005E-15));
#10019=CARTESIAN_POINT('Ctrl Pts',(18.0512557178483,8.63286484736616,3.5527136788005E-15));
#10020=CARTESIAN_POINT('Ctrl Pts',(18.1442400527682,8.78641091092748,3.5527136788005E-15));
#10021=CARTESIAN_POINT('Ctrl Pts',(18.2254016932986,8.92043402811556,3.5527136788005E-15));
#10022=CARTESIAN_POINT('Ctrl Pts',(18.3042147550771,9.05705622669093,3.5527136788005E-15));
#10023=CARTESIAN_POINT('Ctrl Pts',(18.3806690592517,9.19610070328757,3.5527136788005E-15));
#10024=CARTESIAN_POINT('Ctrl Pts',(18.4362180825657,9.29712555670217,3.5527136788005E-15));
#10025=CARTESIAN_POINT('Ctrl Pts',(18.4905189525035,9.39942320974837,3.5527136788005E-15));
#10026=CARTESIAN_POINT('Ctrl Pts',(18.5435719378473,9.50294171910262,3.5527136788005E-15));
#10027=CARTESIAN_POINT('Ctrl Pts',(18.5741861502134,9.56267704989803,3.5527136788005E-15));
#10028=CARTESIAN_POINT('Ctrl Pts',(18.6043854861916,9.62282009648424,3.5527136788005E-15));
#10029=CARTESIAN_POINT('Ctrl Pts',(18.6341711255607,9.68336882179496,3.5527136788005E-15));
#10030=CARTESIAN_POINT('Origin',(0.,0.,-5.55111512312578E-16));
#10031=CARTESIAN_POINT('Origin',(0.,0.,-5.55111512312578E-16));
#10032=CARTESIAN_POINT('Origin',(0.,0.,-5.55111512312578E-16));
#10033=CARTESIAN_POINT('Origin',(0.,0.,-5.55111512312578E-16));
#10034=CARTESIAN_POINT('Origin',(0.,0.,-5.55111512312578E-16));
#10035=CARTESIAN_POINT('Origin',(0.,0.,-5.55111512312578E-16));
#10036=CARTESIAN_POINT('Origin',(0.,0.,-5.55111512312578E-16));
#10037=CARTESIAN_POINT('Origin',(0.,0.,-5.55111512312578E-16));
#10038=CARTESIAN_POINT('Origin',(0.,0.,-5.55111512312578E-16));
#10039=CARTESIAN_POINT('Origin',(0.,0.,-5.55111512312578E-16));
#10040=CARTESIAN_POINT('',(13.9185346615396,3.48911410612526,-5.55111512312578E-16));
#10041=CARTESIAN_POINT('Origin',(0.,0.,-5.55111512312578E-16));
#10042=CARTESIAN_POINT('',(15.688156693827,2.30434230318469,-5.55111512312578E-16));
#10043=CARTESIAN_POINT('Origin',(15.4583887752311,3.87512648746467,-5.55111512312578E-16));
#10044=CARTESIAN_POINT('',(16.7349939182085,2.45746939254679,-5.55111512312578E-16));
#10045=CARTESIAN_POINT('',(8.36681365459235,1.23340603562706,-5.55111512312578E-16));
#10046=CARTESIAN_POINT('',(20.9793499840996,0.931042168891764,-5.55111512312578E-16));
#10047=CARTESIAN_POINT('Ctrl Pts',(20.9793499840996,0.931042168891749,0.));
#10048=CARTESIAN_POINT('Ctrl Pts',(20.8812100510752,0.99675629832878,0.));
#10049=CARTESIAN_POINT('Ctrl Pts',(20.7825926878045,1.06076288003723,-8.29877319382235E-15));
#10050=CARTESIAN_POINT('Ctrl Pts',(20.6835024356792,1.12303972152975,3.38681440317663E-16));
#10051=CARTESIAN_POINT('Ctrl Pts',(20.5129360099562,1.23023834128158,1.52065391023052E-14));
#10052=CARTESIAN_POINT('Ctrl Pts',(20.340970529094,1.33230644788979,1.57094589909663E-15));
#10053=CARTESIAN_POINT('Ctrl Pts',(20.1678142764061,1.42894370235184,2.08526377846176E-15));
#10054=CARTESIAN_POINT('Ctrl Pts',(20.0282574888773,1.50682933789183,2.4997827455715E-15));
#10055=CARTESIAN_POINT('Ctrl Pts',(19.887920568209,1.58119251744815,1.80485699476441E-15));
#10056=CARTESIAN_POINT('Ctrl Pts',(19.7469080432038,1.65185089233837,2.08926317602125E-15));
#10057=CARTESIAN_POINT('Ctrl Pts',(19.6320324316245,1.70941261622363,2.32095418366481E-15));
#10058=CARTESIAN_POINT('Ctrl Pts',(19.5167092414207,1.76451768117562,-6.91264088478671E-16));
#10059=CARTESIAN_POINT('Ctrl Pts',(19.4009979631383,1.81705367723398,1.91934105655206E-15));
#10060=CARTESIAN_POINT('Ctrl Pts',(19.2911783380145,1.86691470615242,4.39702242546349E-15));
#10061=CARTESIAN_POINT('Ctrl Pts',(19.1810094827544,1.91445404945109,2.09403628995487E-15));
#10062=CARTESIAN_POINT('Ctrl Pts',(19.0705471945509,1.95955569178235,2.09518511199624E-15));
#10063=CARTESIAN_POINT('Ctrl Pts',(18.9922903139333,1.99150789825006,2.09599899364584E-15));
#10064=CARTESIAN_POINT('Ctrl Pts',(18.9138859221841,2.02224242955483,3.63359199263291E-15));
#10065=CARTESIAN_POINT('Ctrl Pts',(18.8353550530443,2.051713320377,1.66001186310127E-15));
#10066=CARTESIAN_POINT('Ctrl Pts',(18.7481785082843,2.08442874121744,-5.30845036664092E-16));
#10067=CARTESIAN_POINT('Ctrl Pts',(18.6608463800029,2.11558001156985,-6.67031845062653E-15));
#10068=CARTESIAN_POINT('Ctrl Pts',(18.5733918274227,2.14505128744043,4.66579296378563E-16));
#10069=CARTESIAN_POINT('Ctrl Pts',(18.496869093915,2.17083865382718,6.71136482500802E-15));
#10070=CARTESIAN_POINT('Ctrl Pts',(18.4202525517187,2.19534158331602,1.97759739760921E-15));
#10071=CARTESIAN_POINT('Ctrl Pts',(18.3435622205283,2.21855799197729,2.09118208438062E-15));
#10072=CARTESIAN_POINT('Ctrl Pts',(18.2948654376551,2.23329993394211,2.16330602417277E-15));
#10073=CARTESIAN_POINT('Ctrl Pts',(18.246138790833,2.24752603149606,-2.38275979885681E-15));
#10074=CARTESIAN_POINT('Ctrl Pts',(18.1973893905641,2.26120255795506,9.92880840010704E-16));
#10075=CARTESIAN_POINT('Ctrl Pts',(18.1363065191719,2.27833920993802,5.22254975640235E-15));
#10076=CARTESIAN_POINT('Ctrl Pts',(18.0751883261379,2.29460386170372,-3.44860831610566E-15));
#10077=CARTESIAN_POINT('Ctrl Pts',(18.0140523884774,2.30987381430462,8.77348683326119E-16));
#10078=CARTESIAN_POINT('Ctrl Pts',(17.972619996249,2.320222402871,3.8090898820744E-15));
#10079=CARTESIAN_POINT('Ctrl Pts',(17.9311795599669,2.33011234725037,0.));
#10080=CARTESIAN_POINT('Ctrl Pts',(17.8897346460554,2.33955136081696,0.));
#10081=CARTESIAN_POINT('Ctrl Pts',(17.8414051479197,2.35055832754735,0.));
#10082=CARTESIAN_POINT('Ctrl Pts',(17.7930691180742,2.36096069690173,0.));
#10083=CARTESIAN_POINT('Ctrl Pts',(17.744730510006,2.370818083142,0.));
#10084=CARTESIAN_POINT('Ctrl Pts',(17.7123351800471,2.37742425763785,0.));
#10085=CARTESIAN_POINT('Ctrl Pts',(17.6799386514273,2.38378677138261,-1.93771776947427E-15));
#10086=CARTESIAN_POINT('Ctrl Pts',(17.6475439465867,2.38989020898719,6.11995898868743E-16));
#10087=CARTESIAN_POINT('Ctrl Pts',(17.612663860312,2.39646191356877,3.3573282970274E-15));
#10088=CARTESIAN_POINT('Ctrl Pts',(17.5777858558689,2.40273377989048,2.02645183695057E-15));
#10089=CARTESIAN_POINT('Ctrl Pts',(17.5429173965908,2.4086162534584,2.08987155919852E-15));
#10090=CARTESIAN_POINT('Ctrl Pts',(17.5090425752579,2.41433109561758,2.15148402515209E-15));
#10091=CARTESIAN_POINT('Ctrl Pts',(17.4751770675889,2.41967203633808,7.43178875809658E-16));
#10092=CARTESIAN_POINT('Ctrl Pts',(17.4413285037572,2.42454790434267,1.80223096813922E-15));
#10093=CARTESIAN_POINT('Ctrl Pts',(17.4137609226586,2.42851900005328,2.66476400168302E-15));
#10094=CARTESIAN_POINT('Ctrl Pts',(17.3862046500674,2.43218025903348,2.03049526081722E-15));
#10095=CARTESIAN_POINT('Ctrl Pts',(17.358662264747,2.43551868897376,2.08867995596519E-15));
#10096=CARTESIAN_POINT('Ctrl Pts',(17.3318374386039,2.43877014311243,2.14534877071667E-15));
#10097=CARTESIAN_POINT('Ctrl Pts',(17.3050258123549,2.44171469983422,-1.5502297872048E-15));
#10098=CARTESIAN_POINT('Ctrl Pts',(17.2782271534448,2.44439878080358,5.81151633962088E-16));
#10099=CARTESIAN_POINT('Ctrl Pts',(17.2476596729894,2.44746033671378,3.0122792569133E-15));
#10100=CARTESIAN_POINT('Ctrl Pts',(17.2171087091413,2.45018896285599,1.54471409137014E-15));
#10101=CARTESIAN_POINT('Ctrl Pts',(17.1865728080175,2.45269384742135,1.99753691833059E-15));
#10102=CARTESIAN_POINT('Ctrl Pts',(17.1637486616408,2.45456613053311,2.33600063169392E-15));
#10103=CARTESIAN_POINT('Ctrl Pts',(17.1409328577521,2.45631516201231,1.93188470396465E-15));
#10104=CARTESIAN_POINT('Ctrl Pts',(17.118126771276,2.45795869940128,2.06807103658238E-15));
#10105=CARTESIAN_POINT('Ctrl Pts',(17.0977123334226,2.4594298808739,2.18997566176283E-15));
#10106=CARTESIAN_POINT('Ctrl Pts',(17.0773056510097,2.46081718243086,1.94242822951384E-15));
#10107=CARTESIAN_POINT('Ctrl Pts',(17.0569100828248,2.4620951043845,2.06718519929868E-15));
#10108=CARTESIAN_POINT('Ctrl Pts',(17.0366300893012,2.46336578479451,2.19123521429797E-15));
#10109=CARTESIAN_POINT('Ctrl Pts',(17.0163610405584,2.46452914534053,3.5527136788005E-15));
#10110=CARTESIAN_POINT('Ctrl Pts',(16.9961094594034,2.46550627386841,3.5527136788005E-15));
#10111=CARTESIAN_POINT('Ctrl Pts',(16.9707765882854,2.46672857206196,3.5527136788005E-15));
#10112=CARTESIAN_POINT('Ctrl Pts',(16.9454711379235,2.46765846673592,3.5527136788005E-15));
#10113=CARTESIAN_POINT('Ctrl Pts',(16.9202110849656,2.46804997404531,3.5527136788005E-15));
#10114=CARTESIAN_POINT('Ctrl Pts',(16.894498320867,2.46844849795601,3.5527136788005E-15));
#10115=CARTESIAN_POINT('Ctrl Pts',(16.8688330507088,2.46828210323625,5.78612675733935E-17));
#10116=CARTESIAN_POINT('Ctrl Pts',(16.8432342036393,2.46727954059588,-8.8800787326167E-18));
#10117=CARTESIAN_POINT('Ctrl Pts',(16.8241925999525,2.4665337882416,-5.85253718363044E-17));
#10118=CARTESIAN_POINT('Ctrl Pts',(16.8051877860732,2.46532453950008,-1.34787010153867E-16));
#10119=CARTESIAN_POINT('Ctrl Pts',(16.7862252923279,2.46357093094226,2.8983662064978E-17));
#10120=CARTESIAN_POINT('Ctrl Pts',(16.7691131633213,2.46198843993282,1.76773552368448E-16));
#10121=CARTESIAN_POINT('Ctrl Pts',(16.7520355255529,2.45996216952294,1.04759505913348E-15));
#10122=CARTESIAN_POINT('Ctrl Pts',(16.7349939182085,2.45746939254679,1.04759505913348E-15));
#10123=CARTESIAN_POINT('',(20.9793499840996,-0.931042168891748,-5.55111512312578E-16));
#10124=CARTESIAN_POINT('Origin',(4.88498130835069E-14,6.93889390390723E-17,
-5.55111512312578E-16));
#10125=CARTESIAN_POINT('',(16.7349939182085,-2.45746939254679,-5.55111512312578E-16));
#10126=CARTESIAN_POINT('Ctrl Pts',(16.7349939182085,-2.45746939254679,0.));
#10127=CARTESIAN_POINT('Ctrl Pts',(16.7531419962036,-2.46012401954723,0.));
#10128=CARTESIAN_POINT('Ctrl Pts',(16.7713309704718,-2.46224907807924,-9.66661516380682E-16));
#10129=CARTESIAN_POINT('Ctrl Pts',(16.7895588731384,-2.46387361569187,-1.03934976381166E-15));
#10130=CARTESIAN_POINT('Ctrl Pts',(16.8102251274031,-2.46571546815175,-1.12176153827266E-15));
#10131=CARTESIAN_POINT('Ctrl Pts',(16.8309413797449,-2.46691468431895,1.57583297506055E-15));
#10132=CARTESIAN_POINT('Ctrl Pts',(16.8517001128918,-2.46758102312526,2.04289650438061E-15));
#10133=CARTESIAN_POINT('Ctrl Pts',(16.8879660716717,-2.46874513152784,2.85886665930371E-15));
#10134=CARTESIAN_POINT('Ctrl Pts',(16.9243615250245,-2.46828813596822,3.5527136788005E-15));
#10135=CARTESIAN_POINT('Ctrl Pts',(16.960831092116,-2.46699452825579,3.5527136788005E-15));
#10136=CARTESIAN_POINT('Ctrl Pts',(16.9819512498123,-2.46624537763343,3.5527136788005E-15));
#10137=CARTESIAN_POINT('Ctrl Pts',(17.0030960071676,-2.4652187219056,3.5527136788005E-15));
#10138=CARTESIAN_POINT('Ctrl Pts',(17.0242561080774,-2.46403587368576,3.5527136788005E-15));
#10139=CARTESIAN_POINT('Ctrl Pts',(17.0441495935294,-2.46292382918494,3.5527136788005E-15));
#10140=CARTESIAN_POINT('Ctrl Pts',(17.064056601913,-2.46167423792139,3.5527136788005E-15));
#10141=CARTESIAN_POINT('Ctrl Pts',(17.0839724221809,-2.46033719545983,3.5527136788005E-15));
#10142=CARTESIAN_POINT('Ctrl Pts',(17.1063169711699,-2.45883710104339,3.5527136788005E-15));
#10143=CARTESIAN_POINT('Ctrl Pts',(17.1286726460635,-2.45722623537558,0.));
#10144=CARTESIAN_POINT('Ctrl Pts',(17.1510366534928,-2.45551167209172,0.));
#10145=CARTESIAN_POINT('Ctrl Pts',(17.179259088953,-2.45334796544059,0.));
#10146=CARTESIAN_POINT('Ctrl Pts',(17.2074948332873,-2.4510179075469,-1.02819526265927E-15));
#10147=CARTESIAN_POINT('Ctrl Pts',(17.235743757618,-2.44845097854462,9.60188930635064E-16));
#10148=CARTESIAN_POINT('Ctrl Pts',(17.2641949940256,-2.44586566580739,2.96281345856925E-15));
#10149=CARTESIAN_POINT('Ctrl Pts',(17.2926599572045,-2.44303360136651,1.49720326583649E-15));
#10150=CARTESIAN_POINT('Ctrl Pts',(17.3211399462632,-2.43987315673841,1.97748400075323E-15));
#10151=CARTESIAN_POINT('Ctrl Pts',(17.3477777779492,-2.43691713762328,2.42669896893235E-15));
#10152=CARTESIAN_POINT('Ctrl Pts',(17.374428865543,-2.4336720961958,2.08091599710322E-15));
#10153=CARTESIAN_POINT('Ctrl Pts',(17.4010920181188,-2.43012432224691,2.09426814265063E-15));
#10154=CARTESIAN_POINT('Ctrl Pts',(17.4324659730163,-2.42594973338152,2.1099793235021E-15));
#10155=CARTESIAN_POINT('Ctrl Pts',(17.4638565429901,-2.42135770512775,4.68994055099187E-16));
#10156=CARTESIAN_POINT('Ctrl Pts',(17.495258416083,-2.41640210387639,1.68716881952534E-15));
#10157=CARTESIAN_POINT('Ctrl Pts',(17.5322398519365,-2.41056597909332,3.12179189998947E-15));
#10158=CARTESIAN_POINT('Ctrl Pts',(17.5692366571625,-2.40423183268954,-1.40891942432458E-15));
#10159=CARTESIAN_POINT('Ctrl Pts',(17.6062387902782,-2.39752617727759,1.0151473581562E-15));
#10160=CARTESIAN_POINT('Ctrl Pts',(17.637820096209,-2.39180290304446,3.08408739507556E-15));
#10161=CARTESIAN_POINT('Ctrl Pts',(17.669405187441,-2.38581122189525,0.));
#10162=CARTESIAN_POINT('Ctrl Pts',(17.7009901096262,-2.37958750988286,0.));
#10163=CARTESIAN_POINT('Ctrl Pts',(17.7406932577922,-2.37176412634812,0.));
#10164=CARTESIAN_POINT('Ctrl Pts',(17.7803961994666,-2.36357268040157,0.));
#10165=CARTESIAN_POINT('Ctrl Pts',(17.820095698814,-2.35499813924902,0.));
#10166=CARTESIAN_POINT('Ctrl Pts',(17.862544939246,-2.34582969216625,0.));
#10167=CARTESIAN_POINT('Ctrl Pts',(17.9049905877574,-2.33621622244776,0.));
#10168=CARTESIAN_POINT('Ctrl Pts',(17.947430082423,-2.32611942465668,0.));
#10169=CARTESIAN_POINT('Ctrl Pts',(17.9920803032092,-2.31549667209665,0.));
#10170=CARTESIAN_POINT('Ctrl Pts',(18.0367237730973,-2.30433774083556,2.08587505476265E-15));
#10171=CARTESIAN_POINT('Ctrl Pts',(18.0813545713822,-2.29266669887066,2.09491772533032E-15));
#10172=CARTESIAN_POINT('Ctrl Pts',(18.1431073112741,-2.27651823533378,2.10742948189646E-15));
#10173=CARTESIAN_POINT('Ctrl Pts',(18.2048352448078,-2.25940001168838,2.08462516141083E-15));
#10174=CARTESIAN_POINT('Ctrl Pts',(18.2665206850896,-2.24143762493589,2.09497898523059E-15));
#10175=CARTESIAN_POINT('Ctrl Pts',(18.3231931228989,-2.22493499090283,2.10449138286988E-15));
#10176=CARTESIAN_POINT('Ctrl Pts',(18.3798297525778,-2.20771906287839,1.57269093497328E-15));
#10177=CARTESIAN_POINT('Ctrl Pts',(18.4364214367723,-2.18980629173431,2.05105374174678E-15));
#10178=CARTESIAN_POINT('Ctrl Pts',(18.5012700993408,-2.16927996762642,2.59921180919593E-15));
#10179=CARTESIAN_POINT('Ctrl Pts',(18.5660601711557,-2.1478297343506,2.01897059819281E-15));
#10180=CARTESIAN_POINT('Ctrl Pts',(18.6307793403929,-2.1254666633489,2.0924110326499E-15));
#10181=CARTESIAN_POINT('Ctrl Pts',(18.7251512336515,-2.09285738584452,2.1995000593346E-15));
#10182=CARTESIAN_POINT('Ctrl Pts',(18.8193717546022,-2.05831758794391,0.));
#10183=CARTESIAN_POINT('Ctrl Pts',(18.9133998130719,-2.02199352899185,0.));
#10184=CARTESIAN_POINT('Ctrl Pts',(19.0388110931719,-1.97354579109588,0.));
#10185=CARTESIAN_POINT('Ctrl Pts',(19.1638803550762,-1.92191598254472,2.20318756574964E-16));
#10186=CARTESIAN_POINT('Ctrl Pts',(19.2885258127033,-1.86725071806712,2.00384244109197E-15));
#10187=CARTESIAN_POINT('Ctrl Pts',(19.4033711204395,-1.81688346649673,3.6471379955591E-15));
#10188=CARTESIAN_POINT('Ctrl Pts',(19.5178561033066,-1.76394787827239,-5.47342847134549E-15));
#10189=CARTESIAN_POINT('Ctrl Pts',(19.6319207814104,-1.70857185597799,1.30073485047364E-15));
#10190=CARTESIAN_POINT('Ctrl Pts',(19.7910080404816,-1.63133830961181,1.07487348210431E-14));
#10191=CARTESIAN_POINT('Ctrl Pts',(19.9492784457286,-1.54934759357059,-1.06072122954379E-14));
#10192=CARTESIAN_POINT('Ctrl Pts',(20.1065782736216,-1.46286496937849,9.32091176451343E-16));
#10193=CARTESIAN_POINT('Ctrl Pts',(20.2438778748668,-1.38737836538623,1.1004204964235E-14));
#10194=CARTESIAN_POINT('Ctrl Pts',(20.3804430879422,-1.30846660150317,-1.10490718671807E-14));
#10195=CARTESIAN_POINT('Ctrl Pts',(20.5161766960201,-1.22627770451026,4.70737240115143E-16));
#10196=CARTESIAN_POINT('Ctrl Pts',(20.6147959882525,-1.16656212658092,8.84062762247658E-15));
#10197=CARTESIAN_POINT('Ctrl Pts',(20.7129707477673,-1.10512019514236,-1.09773230616234E-18));
#10198=CARTESIAN_POINT('Ctrl Pts',(20.810675235675,-1.04199702882355,1.4121227768271E-20));
#10199=CARTESIAN_POINT('Ctrl Pts',(20.8670555863488,-1.00557182125216,6.55716035574181E-19));
#10200=CARTESIAN_POINT('Ctrl Pts',(20.9232805014286,-0.968586083261379,
2.50511861966703E-15));
#10201=CARTESIAN_POINT('Ctrl Pts',(20.9793499840996,-0.931042168891749,
2.50511861966702E-15));
#10202=CARTESIAN_POINT('',(15.688156693827,-2.30434230318469,-5.55111512312578E-16));
#10203=CARTESIAN_POINT('',(7.09284267775208,-1.04705474521454,-5.55111512312578E-16));
#10204=CARTESIAN_POINT('',(13.9185346615396,-3.48911410612526,-5.55111512312578E-16));
#10205=CARTESIAN_POINT('Origin',(15.4583887752311,-3.87512648746467,-5.55111512312578E-16));
#10206=CARTESIAN_POINT('Origin',(0.,0.,-5.55111512312578E-16));
#10207=CARTESIAN_POINT('Origin',(0.,0.,-5.55111512312578E-16));
#10208=CARTESIAN_POINT('',(-6.,7.34788079488412E-16,-5.55111512312578E-16));
#10209=CARTESIAN_POINT('Origin',(0.,0.,-5.55111512312578E-16));
#10210=CARTESIAN_POINT('Origin',(0.,0.,0.));
#10211=CARTESIAN_POINT('',(13.9185346615396,3.48911410612526,0.));
#10212=CARTESIAN_POINT('Origin',(0.,0.,0.));
#10213=CARTESIAN_POINT('Origin',(0.,0.,0.));
#10214=CARTESIAN_POINT('Origin',(0.,0.,0.));
#10215=CARTESIAN_POINT('Origin',(0.,0.,0.));
#10216=CARTESIAN_POINT('Origin',(0.,0.,0.));
#10217=CARTESIAN_POINT('Origin',(0.,0.,0.));
#10218=CARTESIAN_POINT('Origin',(0.,0.,0.));
#10219=CARTESIAN_POINT('Origin',(0.,0.,0.));
#10220=CARTESIAN_POINT('Origin',(0.,0.,0.));
#10221=CARTESIAN_POINT('Origin',(0.,0.,0.));
#10222=CARTESIAN_POINT('Origin',(15.4583887752311,3.87512648746467,0.));
#10223=CARTESIAN_POINT('',(15.688156693827,2.30434230318469,0.));
#10224=CARTESIAN_POINT('Origin',(16.7349939182085,2.45746939254679,0.));
#10225=CARTESIAN_POINT('',(16.7349939182085,2.45746939254679,0.));
#10226=CARTESIAN_POINT('Origin',(15.4583887752311,-3.87512648746467,0.));
#10227=CARTESIAN_POINT('',(15.688156693827,-2.30434230318469,0.));
#10228=CARTESIAN_POINT('',(13.9185346615396,-3.48911410612526,0.));
#10229=CARTESIAN_POINT('Origin',(14.187051964528,-2.08476681172176,0.));
#10230=CARTESIAN_POINT('',(16.7349939182085,-2.45746939254679,0.));
#10231=CARTESIAN_POINT('Ctrl Pts',(20.9793499840996,0.931042168891749,-27.5));
#10232=CARTESIAN_POINT('Ctrl Pts',(20.9793499840996,0.931042168891749,11.5));
#10233=CARTESIAN_POINT('Ctrl Pts',(20.9677247324411,0.938826393607201,-27.5));
#10234=CARTESIAN_POINT('Ctrl Pts',(20.9677247324411,0.938826393607201,11.5));
#10235=CARTESIAN_POINT('Ctrl Pts',(20.9444630953301,0.954354822965221,-27.5));
#10236=CARTESIAN_POINT('Ctrl Pts',(20.9444630953301,0.954354822965221,11.5));
#10237=CARTESIAN_POINT('Ctrl Pts',(20.9095372382948,0.977527406780465,-27.5));
#10238=CARTESIAN_POINT('Ctrl Pts',(20.9095372382948,0.977527406780465,11.5));
#10239=CARTESIAN_POINT('Ctrl Pts',(20.8629026038651,1.00818398500761,-27.5));
#10240=CARTESIAN_POINT('Ctrl Pts',(20.8629026038651,1.00818398500761,11.5));
#10241=CARTESIAN_POINT('Ctrl Pts',(20.8044978967829,1.04610377071613,-27.5));
#10242=CARTESIAN_POINT('Ctrl Pts',(20.8044978967829,1.04610377071613,11.5));
#10243=CARTESIAN_POINT('Ctrl Pts',(20.7459818792352,1.08362160939547,-27.5));
#10244=CARTESIAN_POINT('Ctrl Pts',(20.7459818792352,1.08362160939547,11.5));
#10245=CARTESIAN_POINT('Ctrl Pts',(20.6873549298725,1.12073608157886,-27.5));
#10246=CARTESIAN_POINT('Ctrl Pts',(20.6873549298725,1.12073608157886,11.5));
#10247=CARTESIAN_POINT('Ctrl Pts',(20.6286178222211,1.15744536188768,-27.5));
#10248=CARTESIAN_POINT('Ctrl Pts',(20.6286178222211,1.15744536188768,11.5));
#10249=CARTESIAN_POINT('Ctrl Pts',(20.5697718801245,1.19374721183834,-27.5));
#10250=CARTESIAN_POINT('Ctrl Pts',(20.5697718801245,1.19374721183834,11.5));
#10251=CARTESIAN_POINT('Ctrl Pts',(20.5108188595386,1.22963907190492,-27.5));
#10252=CARTESIAN_POINT('Ctrl Pts',(20.5108188595386,1.22963907190492,11.5));
#10253=CARTESIAN_POINT('Ctrl Pts',(20.4517607827005,1.26511817113121,-27.5));
#10254=CARTESIAN_POINT('Ctrl Pts',(20.4517607827005,1.26511817113121,11.5));
#10255=CARTESIAN_POINT('Ctrl Pts',(20.3925997845181,1.30018163792039,-27.5));
#10256=CARTESIAN_POINT('Ctrl Pts',(20.3925997845181,1.30018163792039,11.5));
#10257=CARTESIAN_POINT('Ctrl Pts',(20.3333379672314,1.33482660251809,-27.5));
#10258=CARTESIAN_POINT('Ctrl Pts',(20.3333379672314,1.33482660251809,11.5));
#10259=CARTESIAN_POINT('Ctrl Pts',(20.273977220843,1.36905033317087,-27.5));
#10260=CARTESIAN_POINT('Ctrl Pts',(20.273977220843,1.36905033317087,11.5));
#10261=CARTESIAN_POINT('Ctrl Pts',(20.2145192320292,1.40285021227195,-27.5));
#10262=CARTESIAN_POINT('Ctrl Pts',(20.2145192320292,1.40285021227195,11.5));
#10263=CARTESIAN_POINT('Ctrl Pts',(20.1549655741383,1.43622364626834,-27.5));
#10264=CARTESIAN_POINT('Ctrl Pts',(20.1549655741383,1.43622364626834,11.5));
#10265=CARTESIAN_POINT('Ctrl Pts',(20.0953177744928,1.4691679964259,-27.5));
#10266=CARTESIAN_POINT('Ctrl Pts',(20.0953177744928,1.4691679964259,11.5));
#10267=CARTESIAN_POINT('Ctrl Pts',(20.0355773853755,1.50168051151147,-27.5));
#10268=CARTESIAN_POINT('Ctrl Pts',(20.0355773853755,1.50168051151147,11.5));
#10269=CARTESIAN_POINT('Ctrl Pts',(19.9757460699824,1.53375824412882,-27.5));
#10270=CARTESIAN_POINT('Ctrl Pts',(19.9757460699824,1.53375824412882,11.5));
#10271=CARTESIAN_POINT('Ctrl Pts',(19.9158256134473,1.5653980577817,-27.5));
#10272=CARTESIAN_POINT('Ctrl Pts',(19.9158256134473,1.5653980577817,11.5));
#10273=CARTESIAN_POINT('Ctrl Pts',(19.855817877538,1.59659669970027,-27.5));
#10274=CARTESIAN_POINT('Ctrl Pts',(19.855817877538,1.59659669970027,11.5));
#10275=CARTESIAN_POINT('Ctrl Pts',(19.7957247713539,1.62735086232833,-27.5));
#10276=CARTESIAN_POINT('Ctrl Pts',(19.7957247713539,1.62735086232833,11.5));
#10277=CARTESIAN_POINT('Ctrl Pts',(19.7355482189931,1.65765724116737,-27.5));
#10278=CARTESIAN_POINT('Ctrl Pts',(19.7355482189931,1.65765724116737,11.5));
#10279=CARTESIAN_POINT('Ctrl Pts',(19.6752901222455,1.68751262542087,-27.5));
#10280=CARTESIAN_POINT('Ctrl Pts',(19.6752901222455,1.68751262542087,11.5));
#10281=CARTESIAN_POINT('Ctrl Pts',(19.6149523527798,1.71691387090944,-27.5));
#10282=CARTESIAN_POINT('Ctrl Pts',(19.6149523527798,1.71691387090944,11.5));
#10283=CARTESIAN_POINT('Ctrl Pts',(19.5545367774002,1.74585774980005,-27.5));
#10284=CARTESIAN_POINT('Ctrl Pts',(19.5545367774002,1.74585774980005,11.5));
#10285=CARTESIAN_POINT('Ctrl Pts',(19.494045275888,1.77434082713572,-27.5));
#10286=CARTESIAN_POINT('Ctrl Pts',(19.494045275888,1.77434082713572,11.5));
#10287=CARTESIAN_POINT('Ctrl Pts',(19.433479760431,1.80235934887014,-27.5));
#10288=CARTESIAN_POINT('Ctrl Pts',(19.433479760431,1.80235934887014,11.5));
#10289=CARTESIAN_POINT('Ctrl Pts',(19.3728421998792,1.82990908127658,-27.5));
#10290=CARTESIAN_POINT('Ctrl Pts',(19.3728421998792,1.82990908127658,11.5));
#10291=CARTESIAN_POINT('Ctrl Pts',(19.3121346250468,1.85698534008739,-27.5));
#10292=CARTESIAN_POINT('Ctrl Pts',(19.3121346250468,1.85698534008739,11.5));
#10293=CARTESIAN_POINT('Ctrl Pts',(19.2513591063843,1.88358327892128,-27.5));
#10294=CARTESIAN_POINT('Ctrl Pts',(19.2513591063843,1.88358327892128,11.5));
#10295=CARTESIAN_POINT('Ctrl Pts',(19.1905177377962,1.90969813757777,-27.5));
#10296=CARTESIAN_POINT('Ctrl Pts',(19.1905177377962,1.90969813757777,11.5));
#10297=CARTESIAN_POINT('Ctrl Pts',(19.1296126209256,1.93532546659468,-27.5));
#10298=CARTESIAN_POINT('Ctrl Pts',(19.1296126209256,1.93532546659468,11.5));
#10299=CARTESIAN_POINT('Ctrl Pts',(19.0686458439518,1.96046147032859,-27.5));
#10300=CARTESIAN_POINT('Ctrl Pts',(19.0686458439518,1.96046147032859,11.5));
#10301=CARTESIAN_POINT('Ctrl Pts',(19.0076194830836,1.98510294601921,-27.5));
#10302=CARTESIAN_POINT('Ctrl Pts',(19.0076194830836,1.98510294601921,11.5));
#10303=CARTESIAN_POINT('Ctrl Pts',(18.9465356416829,2.00924655959882,-27.5));
#10304=CARTESIAN_POINT('Ctrl Pts',(18.9465356416829,2.00924655959882,11.5));
#10305=CARTESIAN_POINT('Ctrl Pts',(18.8853964834762,2.03288823094541,-27.5));
#10306=CARTESIAN_POINT('Ctrl Pts',(18.8853964834762,2.03288823094541,11.5));
#10307=CARTESIAN_POINT('Ctrl Pts',(18.8242042637587,2.05602257410862,-27.5));
#10308=CARTESIAN_POINT('Ctrl Pts',(18.8242042637587,2.05602257410862,11.5));
#10309=CARTESIAN_POINT('Ctrl Pts',(18.7629613736846,2.07864208577363,-27.5));
#10310=CARTESIAN_POINT('Ctrl Pts',(18.7629613736846,2.07864208577363,11.5));
#10311=CARTESIAN_POINT('Ctrl Pts',(18.701670340003,2.10073722081666,-27.5));
#10312=CARTESIAN_POINT('Ctrl Pts',(18.701670340003,2.10073722081666,11.5));
#10313=CARTESIAN_POINT('Ctrl Pts',(18.6403337467048,2.12229800967238,-27.5));
#10314=CARTESIAN_POINT('Ctrl Pts',(18.6403337467048,2.12229800967238,11.5));
#10315=CARTESIAN_POINT('Ctrl Pts',(18.5789541690281,2.14331544615367,-27.5));
#10316=CARTESIAN_POINT('Ctrl Pts',(18.5789541690281,2.14331544615367,11.5));
#10317=CARTESIAN_POINT('Ctrl Pts',(18.5175341143946,2.16378273550392,-27.5));
#10318=CARTESIAN_POINT('Ctrl Pts',(18.5175341143946,2.16378273550392,11.5));
#10319=CARTESIAN_POINT('Ctrl Pts',(18.4560759329709,2.18369717600781,-27.5));
#10320=CARTESIAN_POINT('Ctrl Pts',(18.4560759329709,2.18369717600781,11.5));
#10321=CARTESIAN_POINT('Ctrl Pts',(18.3945818357611,2.20305984325784,-27.5));
#10322=CARTESIAN_POINT('Ctrl Pts',(18.3945818357611,2.20305984325784,11.5));
#10323=CARTESIAN_POINT('Ctrl Pts',(18.3330540894789,2.22187166127139,-27.5));
#10324=CARTESIAN_POINT('Ctrl Pts',(18.3330540894789,2.22187166127139,11.5));
#10325=CARTESIAN_POINT('Ctrl Pts',(18.271495184924,2.24013002100688,-27.5));
#10326=CARTESIAN_POINT('Ctrl Pts',(18.271495184924,2.24013002100688,11.5));
#10327=CARTESIAN_POINT('Ctrl Pts',(18.2099079878553,2.25782577230719,-27.5));
#10328=CARTESIAN_POINT('Ctrl Pts',(18.2099079878553,2.25782577230719,11.5));
#10329=CARTESIAN_POINT('Ctrl Pts',(18.1482959670473,2.27493862417306,-27.5));
#10330=CARTESIAN_POINT('Ctrl Pts',(18.1482959670473,2.27493862417306,11.5));
#10331=CARTESIAN_POINT('Ctrl Pts',(18.0866631466136,2.29143826112639,-27.5));
#10332=CARTESIAN_POINT('Ctrl Pts',(18.0866631466136,2.29143826112639,11.5));
#10333=CARTESIAN_POINT('Ctrl Pts',(18.0250136778266,2.30729335016716,-27.5));
#10334=CARTESIAN_POINT('Ctrl Pts',(18.0250136778266,2.30729335016716,11.5));
#10335=CARTESIAN_POINT('Ctrl Pts',(17.9633514683259,2.32247935674173,-27.5));
#10336=CARTESIAN_POINT('Ctrl Pts',(17.9633514683259,2.32247935674173,11.5));
#10337=CARTESIAN_POINT('Ctrl Pts',(17.9016798633142,2.33698531370604,-27.5));
#10338=CARTESIAN_POINT('Ctrl Pts',(17.9016798633142,2.33698531370604,11.5));
#10339=CARTESIAN_POINT('Ctrl Pts',(17.8400011211625,2.35082479906538,-27.5));
#10340=CARTESIAN_POINT('Ctrl Pts',(17.8400011211625,2.35082479906538,11.5));
#10341=CARTESIAN_POINT('Ctrl Pts',(17.7783166677707,2.36403099285581,-27.5));
#10342=CARTESIAN_POINT('Ctrl Pts',(17.7783166677707,2.36403099285581,11.5));
#10343=CARTESIAN_POINT('Ctrl Pts',(17.7166281649145,2.37663510568995,-27.5));
#10344=CARTESIAN_POINT('Ctrl Pts',(17.7166281649145,2.37663510568995,11.5));
#10345=CARTESIAN_POINT('Ctrl Pts',(17.6549384477382,2.38864746480819,-27.5));
#10346=CARTESIAN_POINT('Ctrl Pts',(17.6549384477382,2.38864746480819,11.5));
#10347=CARTESIAN_POINT('Ctrl Pts',(17.5932523344353,2.40004127977306,-27.5));
#10348=CARTESIAN_POINT('Ctrl Pts',(17.5932523344353,2.40004127977306,11.5));
#10349=CARTESIAN_POINT('Ctrl Pts',(17.5315779425777,2.41072590562869,-27.5));
#10350=CARTESIAN_POINT('Ctrl Pts',(17.5315779425777,2.41072590562869,11.5));
#10351=CARTESIAN_POINT('Ctrl Pts',(17.4699258729673,2.4205643711255,-27.5));
#10352=CARTESIAN_POINT('Ctrl Pts',(17.4699258729673,2.4205643711255,11.5));
#10353=CARTESIAN_POINT('Ctrl Pts',(17.4083068978517,2.42942221881929,-27.5));
#10354=CARTESIAN_POINT('Ctrl Pts',(17.4083068978517,2.42942221881929,11.5));
#10355=CARTESIAN_POINT('Ctrl Pts',(17.3467298766505,2.43721114115494,-27.5));
#10356=CARTESIAN_POINT('Ctrl Pts',(17.3467298766505,2.43721114115494,11.5));
#10357=CARTESIAN_POINT('Ctrl Pts',(17.2852000355351,2.44392618739206,-27.5));
#10358=CARTESIAN_POINT('Ctrl Pts',(17.2852000355351,2.44392618739206,11.5));
#10359=CARTESIAN_POINT('Ctrl Pts',(17.2237159280857,2.44970758091394,-27.5));
#10360=CARTESIAN_POINT('Ctrl Pts',(17.2237159280857,2.44970758091394,11.5));
#10361=CARTESIAN_POINT('Ctrl Pts',(17.162273178031,2.45477512254252,-27.5));
#10362=CARTESIAN_POINT('Ctrl Pts',(17.162273178031,2.45477512254252,11.5));
#10363=CARTESIAN_POINT('Ctrl Pts',(17.1008710837249,2.45930831869907,-27.5));
#10364=CARTESIAN_POINT('Ctrl Pts',(17.1008710837249,2.45930831869907,11.5));
#10365=CARTESIAN_POINT('Ctrl Pts',(17.0395186350482,2.46333853473684,-27.5));
#10366=CARTESIAN_POINT('Ctrl Pts',(17.0395186350482,2.46333853473684,11.5));
#10367=CARTESIAN_POINT('Ctrl Pts',(16.9782400582459,2.4666478959209,-27.5));
#10368=CARTESIAN_POINT('Ctrl Pts',(16.9782400582459,2.4666478959209,11.5));
#10369=CARTESIAN_POINT('Ctrl Pts',(16.9170824831697,2.46863385882319,-27.5));
#10370=CARTESIAN_POINT('Ctrl Pts',(16.9170824831697,2.46863385882319,11.5));
#10371=CARTESIAN_POINT('Ctrl Pts',(16.8561058072456,2.46846511242916,-27.5));
#10372=CARTESIAN_POINT('Ctrl Pts',(16.8561058072456,2.46846511242916,11.5));
#10373=CARTESIAN_POINT('Ctrl Pts',(16.8075164038666,2.46592898415609,-27.5));
#10374=CARTESIAN_POINT('Ctrl Pts',(16.8075164038666,2.46592898415609,11.5));
#10375=CARTESIAN_POINT('Ctrl Pts',(16.7712028977866,2.46237521795221,-27.5));
#10376=CARTESIAN_POINT('Ctrl Pts',(16.7712028977866,2.46237521795221,11.5));
#10377=CARTESIAN_POINT('Ctrl Pts',(16.7470536230484,2.45923343709708,-27.5));
#10378=CARTESIAN_POINT('Ctrl Pts',(16.7470536230484,2.45923343709708,11.5));
#10379=CARTESIAN_POINT('Ctrl Pts',(16.7349939182085,2.45746939254679,-27.5));
#10380=CARTESIAN_POINT('Ctrl Pts',(16.7349939182085,2.45746939254679,11.5));
#10381=CARTESIAN_POINT('',(20.9793499840996,0.931042168891764,0.));
#10382=CARTESIAN_POINT('Origin',(4.88498130835069E-14,6.93889390390723E-17,
0.));
#10383=CARTESIAN_POINT('',(20.9793499840996,-0.931042168891748,0.));
#10384=CARTESIAN_POINT('Ctrl Pts',(16.7349939182085,-2.45746939254679,-27.5));
#10385=CARTESIAN_POINT('Ctrl Pts',(16.7349939182085,-2.45746939254679,11.5));
#10386=CARTESIAN_POINT('Ctrl Pts',(16.7470536230484,-2.45923343709708,-27.5));
#10387=CARTESIAN_POINT('Ctrl Pts',(16.7470536230484,-2.45923343709708,11.5));
#10388=CARTESIAN_POINT('Ctrl Pts',(16.7712028977866,-2.46237521795221,-27.5));
#10389=CARTESIAN_POINT('Ctrl Pts',(16.7712028977866,-2.46237521795221,11.5));
#10390=CARTESIAN_POINT('Ctrl Pts',(16.8075164038666,-2.46592898415609,-27.5));
#10391=CARTESIAN_POINT('Ctrl Pts',(16.8075164038666,-2.46592898415609,11.5));
#10392=CARTESIAN_POINT('Ctrl Pts',(16.8561058072456,-2.46846511242916,-27.5));
#10393=CARTESIAN_POINT('Ctrl Pts',(16.8561058072456,-2.46846511242916,11.5));
#10394=CARTESIAN_POINT('Ctrl Pts',(16.9170824831697,-2.46863385882319,-27.5));
#10395=CARTESIAN_POINT('Ctrl Pts',(16.9170824831697,-2.46863385882319,11.5));
#10396=CARTESIAN_POINT('Ctrl Pts',(16.9782400582459,-2.4666478959209,-27.5));
#10397=CARTESIAN_POINT('Ctrl Pts',(16.9782400582459,-2.4666478959209,11.5));
#10398=CARTESIAN_POINT('Ctrl Pts',(17.0395186350482,-2.46333853473684,-27.5));
#10399=CARTESIAN_POINT('Ctrl Pts',(17.0395186350482,-2.46333853473684,11.5));
#10400=CARTESIAN_POINT('Ctrl Pts',(17.1008710837249,-2.45930831869907,-27.5));
#10401=CARTESIAN_POINT('Ctrl Pts',(17.1008710837249,-2.45930831869907,11.5));
#10402=CARTESIAN_POINT('Ctrl Pts',(17.162273178031,-2.45477512254252,-27.5));
#10403=CARTESIAN_POINT('Ctrl Pts',(17.162273178031,-2.45477512254252,11.5));
#10404=CARTESIAN_POINT('Ctrl Pts',(17.2237159280857,-2.44970758091394,-27.5));
#10405=CARTESIAN_POINT('Ctrl Pts',(17.2237159280857,-2.44970758091394,11.5));
#10406=CARTESIAN_POINT('Ctrl Pts',(17.2852000355351,-2.44392618739206,-27.5));
#10407=CARTESIAN_POINT('Ctrl Pts',(17.2852000355351,-2.44392618739206,11.5));
#10408=CARTESIAN_POINT('Ctrl Pts',(17.3467298766505,-2.43721114115494,-27.5));
#10409=CARTESIAN_POINT('Ctrl Pts',(17.3467298766505,-2.43721114115494,11.5));
#10410=CARTESIAN_POINT('Ctrl Pts',(17.4083068978517,-2.42942221881929,-27.5));
#10411=CARTESIAN_POINT('Ctrl Pts',(17.4083068978517,-2.42942221881929,11.5));
#10412=CARTESIAN_POINT('Ctrl Pts',(17.4699258729673,-2.4205643711255,-27.5));
#10413=CARTESIAN_POINT('Ctrl Pts',(17.4699258729673,-2.4205643711255,11.5));
#10414=CARTESIAN_POINT('Ctrl Pts',(17.5315779425777,-2.41072590562869,-27.5));
#10415=CARTESIAN_POINT('Ctrl Pts',(17.5315779425777,-2.41072590562869,11.5));
#10416=CARTESIAN_POINT('Ctrl Pts',(17.5932523344353,-2.40004127977306,-27.5));
#10417=CARTESIAN_POINT('Ctrl Pts',(17.5932523344353,-2.40004127977306,11.5));
#10418=CARTESIAN_POINT('Ctrl Pts',(17.6549384477382,-2.38864746480819,-27.5));
#10419=CARTESIAN_POINT('Ctrl Pts',(17.6549384477382,-2.38864746480819,11.5));
#10420=CARTESIAN_POINT('Ctrl Pts',(17.7166281649145,-2.37663510568995,-27.5));
#10421=CARTESIAN_POINT('Ctrl Pts',(17.7166281649145,-2.37663510568995,11.5));
#10422=CARTESIAN_POINT('Ctrl Pts',(17.7783166677707,-2.36403099285581,-27.5));
#10423=CARTESIAN_POINT('Ctrl Pts',(17.7783166677707,-2.36403099285581,11.5));
#10424=CARTESIAN_POINT('Ctrl Pts',(17.8400011211625,-2.35082479906538,-27.5));
#10425=CARTESIAN_POINT('Ctrl Pts',(17.8400011211625,-2.35082479906538,11.5));
#10426=CARTESIAN_POINT('Ctrl Pts',(17.9016798633142,-2.33698531370604,-27.5));
#10427=CARTESIAN_POINT('Ctrl Pts',(17.9016798633142,-2.33698531370604,11.5));
#10428=CARTESIAN_POINT('Ctrl Pts',(17.9633514683259,-2.32247935674173,-27.5));
#10429=CARTESIAN_POINT('Ctrl Pts',(17.9633514683259,-2.32247935674173,11.5));
#10430=CARTESIAN_POINT('Ctrl Pts',(18.0250136778266,-2.30729335016716,-27.5));
#10431=CARTESIAN_POINT('Ctrl Pts',(18.0250136778266,-2.30729335016716,11.5));
#10432=CARTESIAN_POINT('Ctrl Pts',(18.0866631466136,-2.29143826112639,-27.5));
#10433=CARTESIAN_POINT('Ctrl Pts',(18.0866631466136,-2.29143826112639,11.5));
#10434=CARTESIAN_POINT('Ctrl Pts',(18.1482959670473,-2.27493862417306,-27.5));
#10435=CARTESIAN_POINT('Ctrl Pts',(18.1482959670473,-2.27493862417306,11.5));
#10436=CARTESIAN_POINT('Ctrl Pts',(18.2099079878553,-2.25782577230719,-27.5));
#10437=CARTESIAN_POINT('Ctrl Pts',(18.2099079878553,-2.25782577230719,11.5));
#10438=CARTESIAN_POINT('Ctrl Pts',(18.271495184924,-2.24013002100688,-27.5));
#10439=CARTESIAN_POINT('Ctrl Pts',(18.271495184924,-2.24013002100688,11.5));
#10440=CARTESIAN_POINT('Ctrl Pts',(18.3330540894789,-2.22187166127139,-27.5));
#10441=CARTESIAN_POINT('Ctrl Pts',(18.3330540894789,-2.22187166127139,11.5));
#10442=CARTESIAN_POINT('Ctrl Pts',(18.3945818357611,-2.20305984325784,-27.5));
#10443=CARTESIAN_POINT('Ctrl Pts',(18.3945818357611,-2.20305984325784,11.5));
#10444=CARTESIAN_POINT('Ctrl Pts',(18.4560759329709,-2.18369717600781,-27.5));
#10445=CARTESIAN_POINT('Ctrl Pts',(18.4560759329709,-2.18369717600781,11.5));
#10446=CARTESIAN_POINT('Ctrl Pts',(18.5175341143946,-2.16378273550392,-27.5));
#10447=CARTESIAN_POINT('Ctrl Pts',(18.5175341143946,-2.16378273550392,11.5));
#10448=CARTESIAN_POINT('Ctrl Pts',(18.5789541690281,-2.14331544615367,-27.5));
#10449=CARTESIAN_POINT('Ctrl Pts',(18.5789541690281,-2.14331544615367,11.5));
#10450=CARTESIAN_POINT('Ctrl Pts',(18.6403337467048,-2.12229800967238,-27.5));
#10451=CARTESIAN_POINT('Ctrl Pts',(18.6403337467048,-2.12229800967238,11.5));
#10452=CARTESIAN_POINT('Ctrl Pts',(18.701670340003,-2.10073722081666,-27.5));
#10453=CARTESIAN_POINT('Ctrl Pts',(18.701670340003,-2.10073722081666,11.5));
#10454=CARTESIAN_POINT('Ctrl Pts',(18.7629613736846,-2.07864208577363,-27.5));
#10455=CARTESIAN_POINT('Ctrl Pts',(18.7629613736846,-2.07864208577363,11.5));
#10456=CARTESIAN_POINT('Ctrl Pts',(18.8242042637587,-2.05602257410862,-27.5));
#10457=CARTESIAN_POINT('Ctrl Pts',(18.8242042637587,-2.05602257410862,11.5));
#10458=CARTESIAN_POINT('Ctrl Pts',(18.8853964834762,-2.03288823094541,-27.5));
#10459=CARTESIAN_POINT('Ctrl Pts',(18.8853964834762,-2.03288823094541,11.5));
#10460=CARTESIAN_POINT('Ctrl Pts',(18.9465356416829,-2.00924655959882,-27.5));
#10461=CARTESIAN_POINT('Ctrl Pts',(18.9465356416829,-2.00924655959882,11.5));
#10462=CARTESIAN_POINT('Ctrl Pts',(19.0076194830836,-1.98510294601921,-27.5));
#10463=CARTESIAN_POINT('Ctrl Pts',(19.0076194830836,-1.98510294601921,11.5));
#10464=CARTESIAN_POINT('Ctrl Pts',(19.0686458439518,-1.96046147032859,-27.5));
#10465=CARTESIAN_POINT('Ctrl Pts',(19.0686458439518,-1.96046147032859,11.5));
#10466=CARTESIAN_POINT('Ctrl Pts',(19.1296126209256,-1.93532546659468,-27.5));
#10467=CARTESIAN_POINT('Ctrl Pts',(19.1296126209256,-1.93532546659468,11.5));
#10468=CARTESIAN_POINT('Ctrl Pts',(19.1905177377962,-1.90969813757777,-27.5));
#10469=CARTESIAN_POINT('Ctrl Pts',(19.1905177377962,-1.90969813757777,11.5));
#10470=CARTESIAN_POINT('Ctrl Pts',(19.2513591063843,-1.88358327892128,-27.5));
#10471=CARTESIAN_POINT('Ctrl Pts',(19.2513591063843,-1.88358327892128,11.5));
#10472=CARTESIAN_POINT('Ctrl Pts',(19.3121346250468,-1.85698534008739,-27.5));
#10473=CARTESIAN_POINT('Ctrl Pts',(19.3121346250468,-1.85698534008739,11.5));
#10474=CARTESIAN_POINT('Ctrl Pts',(19.3728421998792,-1.82990908127658,-27.5));
#10475=CARTESIAN_POINT('Ctrl Pts',(19.3728421998792,-1.82990908127658,11.5));
#10476=CARTESIAN_POINT('Ctrl Pts',(19.433479760431,-1.80235934887014,-27.5));
#10477=CARTESIAN_POINT('Ctrl Pts',(19.433479760431,-1.80235934887014,11.5));
#10478=CARTESIAN_POINT('Ctrl Pts',(19.494045275888,-1.77434082713572,-27.5));
#10479=CARTESIAN_POINT('Ctrl Pts',(19.494045275888,-1.77434082713572,11.5));
#10480=CARTESIAN_POINT('Ctrl Pts',(19.5545367774002,-1.74585774980005,-27.5));
#10481=CARTESIAN_POINT('Ctrl Pts',(19.5545367774002,-1.74585774980005,11.5));
#10482=CARTESIAN_POINT('Ctrl Pts',(19.6149523527798,-1.71691387090944,-27.5));
#10483=CARTESIAN_POINT('Ctrl Pts',(19.6149523527798,-1.71691387090944,11.5));
#10484=CARTESIAN_POINT('Ctrl Pts',(19.6752901222455,-1.68751262542087,-27.5));
#10485=CARTESIAN_POINT('Ctrl Pts',(19.6752901222455,-1.68751262542087,11.5));
#10486=CARTESIAN_POINT('Ctrl Pts',(19.7355482189931,-1.65765724116737,-27.5));
#10487=CARTESIAN_POINT('Ctrl Pts',(19.7355482189931,-1.65765724116737,11.5));
#10488=CARTESIAN_POINT('Ctrl Pts',(19.7957247713539,-1.62735086232833,-27.5));
#10489=CARTESIAN_POINT('Ctrl Pts',(19.7957247713539,-1.62735086232833,11.5));
#10490=CARTESIAN_POINT('Ctrl Pts',(19.855817877538,-1.59659669970027,-27.5));
#10491=CARTESIAN_POINT('Ctrl Pts',(19.855817877538,-1.59659669970027,11.5));
#10492=CARTESIAN_POINT('Ctrl Pts',(19.9158256134473,-1.5653980577817,-27.5));
#10493=CARTESIAN_POINT('Ctrl Pts',(19.9158256134473,-1.5653980577817,11.5));
#10494=CARTESIAN_POINT('Ctrl Pts',(19.9757460699824,-1.53375824412882,-27.5));
#10495=CARTESIAN_POINT('Ctrl Pts',(19.9757460699824,-1.53375824412882,11.5));
#10496=CARTESIAN_POINT('Ctrl Pts',(20.0355773853755,-1.50168051151147,-27.5));
#10497=CARTESIAN_POINT('Ctrl Pts',(20.0355773853755,-1.50168051151147,11.5));
#10498=CARTESIAN_POINT('Ctrl Pts',(20.0953177744928,-1.4691679964259,-27.5));
#10499=CARTESIAN_POINT('Ctrl Pts',(20.0953177744928,-1.4691679964259,11.5));
#10500=CARTESIAN_POINT('Ctrl Pts',(20.1549655741383,-1.43622364626834,-27.5));
#10501=CARTESIAN_POINT('Ctrl Pts',(20.1549655741383,-1.43622364626834,11.5));
#10502=CARTESIAN_POINT('Ctrl Pts',(20.2145192320292,-1.40285021227195,-27.5));
#10503=CARTESIAN_POINT('Ctrl Pts',(20.2145192320292,-1.40285021227195,11.5));
#10504=CARTESIAN_POINT('Ctrl Pts',(20.273977220843,-1.36905033317087,-27.5));
#10505=CARTESIAN_POINT('Ctrl Pts',(20.273977220843,-1.36905033317087,11.5));
#10506=CARTESIAN_POINT('Ctrl Pts',(20.3333379672314,-1.33482660251809,-27.5));
#10507=CARTESIAN_POINT('Ctrl Pts',(20.3333379672314,-1.33482660251809,11.5));
#10508=CARTESIAN_POINT('Ctrl Pts',(20.3925997845181,-1.30018163792039,-27.5));
#10509=CARTESIAN_POINT('Ctrl Pts',(20.3925997845181,-1.30018163792039,11.5));
#10510=CARTESIAN_POINT('Ctrl Pts',(20.4517607827005,-1.26511817113121,-27.5));
#10511=CARTESIAN_POINT('Ctrl Pts',(20.4517607827005,-1.26511817113121,11.5));
#10512=CARTESIAN_POINT('Ctrl Pts',(20.5108188595386,-1.22963907190492,-27.5));
#10513=CARTESIAN_POINT('Ctrl Pts',(20.5108188595386,-1.22963907190492,11.5));
#10514=CARTESIAN_POINT('Ctrl Pts',(20.5697718801245,-1.19374721183834,-27.5));
#10515=CARTESIAN_POINT('Ctrl Pts',(20.5697718801245,-1.19374721183834,11.5));
#10516=CARTESIAN_POINT('Ctrl Pts',(20.6286178222211,-1.15744536188768,-27.5));
#10517=CARTESIAN_POINT('Ctrl Pts',(20.6286178222211,-1.15744536188768,11.5));
#10518=CARTESIAN_POINT('Ctrl Pts',(20.6873549298725,-1.12073608157886,-27.5));
#10519=CARTESIAN_POINT('Ctrl Pts',(20.6873549298725,-1.12073608157886,11.5));
#10520=CARTESIAN_POINT('Ctrl Pts',(20.7459818792352,-1.08362160939547,-27.5));
#10521=CARTESIAN_POINT('Ctrl Pts',(20.7459818792352,-1.08362160939547,11.5));
#10522=CARTESIAN_POINT('Ctrl Pts',(20.8044978967829,-1.04610377071613,-27.5));
#10523=CARTESIAN_POINT('Ctrl Pts',(20.8044978967829,-1.04610377071613,11.5));
#10524=CARTESIAN_POINT('Ctrl Pts',(20.8629026038651,-1.00818398500761,-27.5));
#10525=CARTESIAN_POINT('Ctrl Pts',(20.8629026038651,-1.00818398500761,11.5));
#10526=CARTESIAN_POINT('Ctrl Pts',(20.9095372382948,-0.977527406780465,
-27.5));
#10527=CARTESIAN_POINT('Ctrl Pts',(20.9095372382948,-0.977527406780465,
11.5));
#10528=CARTESIAN_POINT('Ctrl Pts',(20.9444630953301,-0.954354822965221,
-27.5));
#10529=CARTESIAN_POINT('Ctrl Pts',(20.9444630953301,-0.954354822965221,
11.5));
#10530=CARTESIAN_POINT('Ctrl Pts',(20.9677247324411,-0.938826393607201,
-27.5));
#10531=CARTESIAN_POINT('Ctrl Pts',(20.9677247324411,-0.938826393607201,
11.5));
#10532=CARTESIAN_POINT('Ctrl Pts',(20.9793499840996,-0.931042168891749,
-27.5));
#10533=CARTESIAN_POINT('Ctrl Pts',(20.9793499840996,-0.931042168891749,
11.5));
#10534=CARTESIAN_POINT('Origin',(0.,0.,3.));
#10535=CARTESIAN_POINT('',(-6.,7.34788079488412E-16,3.));
#10536=CARTESIAN_POINT('Origin',(0.,0.,3.));
#10537=CARTESIAN_POINT('Origin',(0.,0.,0.));
#10538=CARTESIAN_POINT('',(-6.,-7.34788079488412E-16,0.));
#10539=CARTESIAN_POINT('Origin',(0.,0.,0.));
#10540=CARTESIAN_POINT('',(0.,0.,0.));
#10541=UNCERTAINTY_MEASURE_WITH_UNIT(LENGTH_MEASURE(0.01),#10547,
'DISTANCE_ACCURACY_VALUE',
'Maximum model space distance between geometric entities at asserted c
onnectivities');
#10542=UNCERTAINTY_MEASURE_WITH_UNIT(LENGTH_MEASURE(0.01),#10547,
'DISTANCE_ACCURACY_VALUE',
'Maximum model space distance between geometric entities at asserted c
onnectivities');
#10543=UNCERTAINTY_MEASURE_WITH_UNIT(LENGTH_MEASURE(0.01),#10547,
'DISTANCE_ACCURACY_VALUE',
'Maximum model space distance between geometric entities at asserted c
onnectivities');
#10544=(
GEOMETRIC_REPRESENTATION_CONTEXT(3)
GLOBAL_UNCERTAINTY_ASSIGNED_CONTEXT((#10541))
GLOBAL_UNIT_ASSIGNED_CONTEXT((#10547,#10549,#10550))
REPRESENTATION_CONTEXT('','3D')
);
#10545=(
GEOMETRIC_REPRESENTATION_CONTEXT(3)
GLOBAL_UNCERTAINTY_ASSIGNED_CONTEXT((#10542))
GLOBAL_UNIT_ASSIGNED_CONTEXT((#10547,#10549,#10550))
REPRESENTATION_CONTEXT('','3D')
);
#10546=(
GEOMETRIC_REPRESENTATION_CONTEXT(3)
GLOBAL_UNCERTAINTY_ASSIGNED_CONTEXT((#10543))
GLOBAL_UNIT_ASSIGNED_CONTEXT((#10547,#10549,#10550))
REPRESENTATION_CONTEXT('','3D')
);
#10547=(
LENGTH_UNIT()
NAMED_UNIT(*)
SI_UNIT(.MILLI.,.METRE.)
);
#10548=(
LENGTH_UNIT()
NAMED_UNIT(*)
SI_UNIT($,.METRE.)
);
#10549=(
NAMED_UNIT(*)
PLANE_ANGLE_UNIT()
SI_UNIT($,.RADIAN.)
);
#10550=(
NAMED_UNIT(*)
SI_UNIT($,.STERADIAN.)
SOLID_ANGLE_UNIT()
);
#10551=SHAPE_DEFINITION_REPRESENTATION(#10553,#10556);
#10552=SHAPE_DEFINITION_REPRESENTATION(#10554,#10557);
#10553=PRODUCT_DEFINITION_SHAPE('',$,#10559);
#10554=PRODUCT_DEFINITION_SHAPE('',$,#10560);
#10555=PRODUCT_DEFINITION_SHAPE($,$,#14);
#10556=SHAPE_REPRESENTATION('',(#2757,#2981),#10544);
#10557=SHAPE_REPRESENTATION('',(#2758),#10545);
#10558=PRODUCT_DEFINITION_CONTEXT('part definition',#10566,'design');
#10559=PRODUCT_DEFINITION('2025-08-04-21-12-11-282','zpos_4',#10561,#10558);
#10560=PRODUCT_DEFINITION('2025-08-04-21-12-11-281',
'Spur Gear (12 teeth)',#10562,#10558);
#10561=PRODUCT_DEFINITION_FORMATION('',$,#10568);
#10562=PRODUCT_DEFINITION_FORMATION('',$,#10569);
#10563=PRODUCT_RELATED_PRODUCT_CATEGORY('zpos_4','zpos_4',(#10568));
#10564=PRODUCT_RELATED_PRODUCT_CATEGORY('Spur Gear (12 teeth)',
'Spur Gear (12 teeth)',(#10569));
#10565=APPLICATION_PROTOCOL_DEFINITION('international standard',
'automotive_design',2009,#10566);
#10566=APPLICATION_CONTEXT(
'Core Data for Automotive Mechanical Design Process');
#10567=PRODUCT_CONTEXT('part definition',#10566,'mechanical');
#10568=PRODUCT('2025-08-04-21-12-11-282','zpos_4',$,(#10567));
#10569=PRODUCT('2025-08-04-21-12-11-281','Spur Gear (12 teeth)',
'Spur Gear; Module: 3.000000; Num Teeth: 12; Pressure Angle: 20.000000
; Backlash: 0.00 mm',(#10567));
#10570=PRESENTATION_STYLE_ASSIGNMENT((#10572));
#10571=PRESENTATION_STYLE_ASSIGNMENT((#10573));
#10572=SURFACE_STYLE_USAGE(.BOTH.,#10574);
#10573=SURFACE_STYLE_USAGE(.BOTH.,#10575);
#10574=SURFACE_SIDE_STYLE('',(#10576));
#10575=SURFACE_SIDE_STYLE('',(#10577));
#10576=SURFACE_STYLE_FILL_AREA(#10578);
#10577=SURFACE_STYLE_FILL_AREA(#10579);
#10578=FILL_AREA_STYLE('Steel - Satin',(#10580));
#10579=FILL_AREA_STYLE('Sunflower yellow PLA',(#10581));
#10580=FILL_AREA_STYLE_COLOUR('Steel - Satin',#10582);
#10581=FILL_AREA_STYLE_COLOUR('Sunflower yellow PLA',#10583);
#10582=COLOUR_RGB('Steel - Satin',0.627450980392157,0.627450980392157,0.627450980392157);
#10583=COLOUR_RGB('Sunflower yellow PLA',1.,0.733333333333333,0.);
ENDSEC;
END-ISO-10303-21;
