ISO-10303-21;
HEADER;
/* Generated by software containing ST-Developer
 * from STEP Tools, Inc. (www.steptools.com) 
 */

FILE_DESCRIPTION(
/* description */ (''),
/* implementation_level */ '2;1');

FILE_NAME(
/* name */ 'link1_0.step',
/* time_stamp */ '2025-07-30T18:26:44+01:00',
/* author */ (''),
/* organization */ (''),
/* preprocessor_version */ 'ST-DEVELOPER v20.1',
/* originating_system */ 'Autodesk Translation Framework v14.10.0.0',
/* authorisation */ '');

FILE_SCHEMA (('AUTOMOTIVE_DESIGN { 1 0 10303 214 3 1 1 }'));
ENDSEC;

DATA;
#10=MECHANICAL_DESIGN_GEOMETRIC_PRESENTATION_REPRESENTATION('',(#13,#14),
#4025);
#11=SHAPE_REPRESENTATION_RELATIONSHIP('SRR','None',#4032,#12);
#12=ADVANCED_BREP_SHAPE_REPRESENTATION('',(#15,#16),#4024);
#13=STYLED_ITEM('',(#4042),#15);
#14=STYLED_ITEM('',(#4041),#16);
#15=MANIFOLD_SOLID_BREP('Body1',#2332);
#16=MANIFOLD_SOLID_BREP('Body3',#2333);
#17=B_SPLINE_CURVE_WITH_KNOTS('',3,(#3509,#3510,#3511,#3512,#3513,#3514,
#3515,#3516),.UNSPECIFIED.,.F.,.F.,(4,2,2,4),(12.4551352864067,14.0208096969612,
15.5864841075157,15.725743090625),.UNSPECIFIED.);
#18=B_SPLINE_CURVE_WITH_KNOTS('',3,(#3519,#3520,#3521,#3522,#3523,#3524,
#3525,#3526),.UNSPECIFIED.,.F.,.F.,(4,2,2,4),(34.3008664835342,34.4401254666549,
36.0057998772095,37.571474287764),.UNSPECIFIED.);
#19=CYLINDRICAL_SURFACE('',#2400,1.55);
#20=CYLINDRICAL_SURFACE('',#2402,125.);
#21=CYLINDRICAL_SURFACE('',#2433,10.0000020116568);
#22=CYLINDRICAL_SURFACE('',#2437,10.0000020116568);
#23=CYLINDRICAL_SURFACE('',#2441,10.0000020116568);
#24=CYLINDRICAL_SURFACE('',#2445,10.0000020116568);
#25=CYLINDRICAL_SURFACE('',#2449,80.);
#26=CYLINDRICAL_SURFACE('',#2452,1.);
#27=CYLINDRICAL_SURFACE('',#2454,35.0000005215407);
#28=CYLINDRICAL_SURFACE('',#2458,5.);
#29=CYLINDRICAL_SURFACE('',#2460,5.);
#30=CYLINDRICAL_SURFACE('',#2462,5.);
#31=CYLINDRICAL_SURFACE('',#2464,30.0000004470349);
#32=CYLINDRICAL_SURFACE('',#2466,5.);
#33=CYLINDRICAL_SURFACE('',#2468,30.0000004470349);
#34=CYLINDRICAL_SURFACE('',#2470,5.);
#35=CYLINDRICAL_SURFACE('',#2472,5.);
#36=CYLINDRICAL_SURFACE('',#2474,30.0000004470349);
#37=CYLINDRICAL_SURFACE('',#2476,5.);
#38=CYLINDRICAL_SURFACE('',#2478,5.);
#39=CYLINDRICAL_SURFACE('',#2480,30.0000004470349);
#40=CYLINDRICAL_SURFACE('',#2482,5.);
#41=CYLINDRICAL_SURFACE('',#2485,30.0000004470348);
#42=CYLINDRICAL_SURFACE('',#2488,5.);
#43=CYLINDRICAL_SURFACE('',#2492,5.);
#44=CYLINDRICAL_SURFACE('',#2495,30.0000004470348);
#45=CYLINDRICAL_SURFACE('',#2498,5.);
#46=CYLINDRICAL_SURFACE('',#2502,5.);
#47=CYLINDRICAL_SURFACE('',#2505,30.0000004470348);
#48=CYLINDRICAL_SURFACE('',#2508,5.);
#49=CYLINDRICAL_SURFACE('',#2512,5.);
#50=CYLINDRICAL_SURFACE('',#2515,30.0000004470348);
#51=CYLINDRICAL_SURFACE('',#2518,5.);
#52=CYLINDRICAL_SURFACE('',#2522,80.);
#53=CYLINDRICAL_SURFACE('',#2525,35.0000005215406);
#54=CYLINDRICAL_SURFACE('',#2530,1.);
#55=CYLINDRICAL_SURFACE('',#2533,1.);
#56=CYLINDRICAL_SURFACE('',#2537,1.);
#57=CYLINDRICAL_SURFACE('',#2540,80.);
#58=CYLINDRICAL_SURFACE('',#2544,80.);
#59=CYLINDRICAL_SURFACE('',#2549,33.0000004917383);
#60=CYLINDRICAL_SURFACE('',#2552,33.0000004917384);
#61=CYLINDRICAL_SURFACE('',#2556,1.54999999999999);
#62=CYLINDRICAL_SURFACE('',#2558,1.54999999999999);
#63=CYLINDRICAL_SURFACE('',#2560,4.00000005960508);
#64=CYLINDRICAL_SURFACE('',#2561,1.05);
#65=CYLINDRICAL_SURFACE('',#2563,1.05);
#66=CYLINDRICAL_SURFACE('',#2565,1.05);
#67=CYLINDRICAL_SURFACE('',#2567,1.05);
#68=CYLINDRICAL_SURFACE('',#2586,1.55);
#69=CYLINDRICAL_SURFACE('',#2588,10.0000001490116);
#70=CYLINDRICAL_SURFACE('',#2590,10.0000001490116);
#71=CYLINDRICAL_SURFACE('',#2592,10.0000001490116);
#72=CYLINDRICAL_SURFACE('',#2594,10.0000001490116);
#73=CYLINDRICAL_SURFACE('',#2596,1.55);
#74=CYLINDRICAL_SURFACE('',#2598,1.05);
#75=CYLINDRICAL_SURFACE('',#2600,1.05);
#76=CYLINDRICAL_SURFACE('',#2602,1.05);
#77=CYLINDRICAL_SURFACE('',#2604,1.05);
#78=CYLINDRICAL_SURFACE('',#2606,4.00000005960464);
#79=CYLINDRICAL_SURFACE('',#2612,1.55);
#80=CYLINDRICAL_SURFACE('',#2614,4.00000005960464);
#81=FACE_BOUND('',#429,.T.);
#82=FACE_BOUND('',#433,.T.);
#83=FACE_BOUND('',#434,.T.);
#84=FACE_BOUND('',#435,.T.);
#85=FACE_BOUND('',#436,.T.);
#86=FACE_BOUND('',#437,.T.);
#87=FACE_BOUND('',#438,.T.);
#88=FACE_BOUND('',#439,.T.);
#89=FACE_BOUND('',#440,.T.);
#90=FACE_BOUND('',#441,.T.);
#91=FACE_BOUND('',#442,.T.);
#92=FACE_BOUND('',#443,.T.);
#93=FACE_BOUND('',#460,.T.);
#94=FACE_BOUND('',#461,.T.);
#95=FACE_BOUND('',#462,.T.);
#96=FACE_BOUND('',#493,.T.);
#97=FACE_BOUND('',#494,.T.);
#98=FACE_BOUND('',#495,.T.);
#99=FACE_BOUND('',#509,.T.);
#100=FACE_BOUND('',#510,.T.);
#101=FACE_BOUND('',#519,.T.);
#102=FACE_BOUND('',#520,.T.);
#103=FACE_BOUND('',#521,.T.);
#104=FACE_BOUND('',#522,.T.);
#105=FACE_BOUND('',#523,.T.);
#106=FACE_BOUND('',#524,.T.);
#107=FACE_BOUND('',#525,.T.);
#108=FACE_BOUND('',#526,.T.);
#109=FACE_BOUND('',#527,.T.);
#110=FACE_BOUND('',#528,.T.);
#111=FACE_BOUND('',#529,.T.);
#112=FACE_BOUND('',#531,.T.);
#113=FACE_BOUND('',#532,.T.);
#114=FACE_BOUND('',#533,.T.);
#115=FACE_BOUND('',#534,.T.);
#116=FACE_BOUND('',#535,.T.);
#117=FACE_BOUND('',#536,.T.);
#118=FACE_BOUND('',#537,.T.);
#119=FACE_BOUND('',#538,.T.);
#120=FACE_BOUND('',#539,.T.);
#121=FACE_BOUND('',#540,.T.);
#122=FACE_BOUND('',#541,.T.);
#123=FACE_BOUND('',#558,.T.);
#124=FACE_BOUND('',#559,.T.);
#125=FACE_BOUND('',#560,.T.);
#126=FACE_BOUND('',#561,.T.);
#127=FACE_BOUND('',#562,.T.);
#128=FACE_BOUND('',#563,.T.);
#129=FACE_BOUND('',#564,.T.);
#130=FACE_BOUND('',#565,.T.);
#131=FACE_BOUND('',#566,.T.);
#132=FACE_BOUND('',#567,.T.);
#133=FACE_BOUND('',#568,.T.);
#134=FACE_BOUND('',#569,.T.);
#135=FACE_BOUND('',#570,.T.);
#136=FACE_BOUND('',#572,.T.);
#137=FACE_BOUND('',#576,.T.);
#138=CIRCLE('',#2353,35.0000005215406);
#139=CIRCLE('',#2364,35.0000005215407);
#140=CIRCLE('',#2375,35.0000005215407);
#141=CIRCLE('',#2377,35.0000005215406);
#142=CIRCLE('',#2389,35.0000005215406);
#143=CIRCLE('',#2396,35.0000005215407);
#144=CIRCLE('',#2398,4.00000005960508);
#145=CIRCLE('',#2399,1.55);
#146=CIRCLE('',#2401,1.55);
#147=CIRCLE('',#2403,125.);
#148=CIRCLE('',#2404,125.);
#149=CIRCLE('',#2406,1.);
#150=CIRCLE('',#2407,35.0000005215407);
#151=CIRCLE('',#2408,1.);
#152=CIRCLE('',#2409,1.05);
#153=CIRCLE('',#2410,1.05);
#154=CIRCLE('',#2411,1.05);
#155=CIRCLE('',#2412,1.05);
#156=CIRCLE('',#2413,4.00000005960508);
#157=CIRCLE('',#2414,1.54999999999999);
#158=CIRCLE('',#2415,1.54999999999999);
#159=CIRCLE('',#2416,5.);
#160=CIRCLE('',#2417,10.0000020116568);
#161=CIRCLE('',#2418,5.);
#162=CIRCLE('',#2419,30.0000004470349);
#163=CIRCLE('',#2420,5.);
#164=CIRCLE('',#2421,10.0000020116568);
#165=CIRCLE('',#2422,5.);
#166=CIRCLE('',#2423,30.0000004470349);
#167=CIRCLE('',#2424,5.);
#168=CIRCLE('',#2425,10.0000020116568);
#169=CIRCLE('',#2426,5.);
#170=CIRCLE('',#2427,30.0000004470349);
#171=CIRCLE('',#2428,5.);
#172=CIRCLE('',#2429,10.0000020116568);
#173=CIRCLE('',#2430,5.);
#174=CIRCLE('',#2431,30.0000004470349);
#175=CIRCLE('',#2434,10.0000020116568);
#176=CIRCLE('',#2438,10.0000020116568);
#177=CIRCLE('',#2442,10.0000020116568);
#178=CIRCLE('',#2446,10.0000020116568);
#179=CIRCLE('',#2450,80.);
#180=CIRCLE('',#2451,80.);
#181=CIRCLE('',#2453,1.);
#182=CIRCLE('',#2455,35.0000005215407);
#183=CIRCLE('',#2456,35.0000005215407);
#184=CIRCLE('',#2457,35.0000005215407);
#185=CIRCLE('',#2459,5.);
#186=CIRCLE('',#2461,5.);
#187=CIRCLE('',#2463,5.);
#188=CIRCLE('',#2465,30.0000004470349);
#189=CIRCLE('',#2467,5.);
#190=CIRCLE('',#2469,30.0000004470349);
#191=CIRCLE('',#2471,5.);
#192=CIRCLE('',#2473,5.);
#193=CIRCLE('',#2475,30.0000004470349);
#194=CIRCLE('',#2477,5.);
#195=CIRCLE('',#2479,5.);
#196=CIRCLE('',#2481,30.0000004470349);
#197=CIRCLE('',#2483,5.);
#198=CIRCLE('',#2484,5.);
#199=CIRCLE('',#2486,30.0000004470348);
#200=CIRCLE('',#2487,30.0000004470348);
#201=CIRCLE('',#2489,5.);
#202=CIRCLE('',#2490,5.);
#203=CIRCLE('',#2493,5.);
#204=CIRCLE('',#2494,5.);
#205=CIRCLE('',#2496,30.0000004470348);
#206=CIRCLE('',#2497,30.0000004470348);
#207=CIRCLE('',#2499,5.);
#208=CIRCLE('',#2500,5.);
#209=CIRCLE('',#2503,5.);
#210=CIRCLE('',#2504,5.);
#211=CIRCLE('',#2506,30.0000004470348);
#212=CIRCLE('',#2507,30.0000004470348);
#213=CIRCLE('',#2509,5.);
#214=CIRCLE('',#2510,5.);
#215=CIRCLE('',#2513,5.);
#216=CIRCLE('',#2514,5.);
#217=CIRCLE('',#2516,30.0000004470348);
#218=CIRCLE('',#2517,30.0000004470348);
#219=CIRCLE('',#2519,5.);
#220=CIRCLE('',#2520,5.);
#221=CIRCLE('',#2523,80.);
#222=CIRCLE('',#2524,80.);
#223=CIRCLE('',#2526,35.0000005215406);
#224=CIRCLE('',#2527,35.0000005215406);
#225=CIRCLE('',#2528,35.0000005215406);
#226=CIRCLE('',#2529,35.0000005215406);
#227=CIRCLE('',#2531,1.);
#228=CIRCLE('',#2534,1.);
#229=CIRCLE('',#2535,1.);
#230=CIRCLE('',#2538,1.);
#231=CIRCLE('',#2539,1.);
#232=CIRCLE('',#2541,80.);
#233=CIRCLE('',#2542,80.);
#234=CIRCLE('',#2545,80.);
#235=CIRCLE('',#2546,80.);
#236=CIRCLE('',#2550,33.0000004917383);
#237=CIRCLE('',#2551,33.0000004917383);
#238=CIRCLE('',#2553,33.0000004917384);
#239=CIRCLE('',#2554,33.0000004917384);
#240=CIRCLE('',#2557,1.54999999999999);
#241=CIRCLE('',#2559,1.54999999999999);
#242=CIRCLE('',#2562,1.05);
#243=CIRCLE('',#2564,1.05);
#244=CIRCLE('',#2566,1.05);
#245=CIRCLE('',#2568,1.05);
#246=CIRCLE('',#2571,4.00000005960464);
#247=CIRCLE('',#2572,1.05);
#248=CIRCLE('',#2573,1.05);
#249=CIRCLE('',#2574,1.05);
#250=CIRCLE('',#2575,1.05);
#251=CIRCLE('',#2576,1.55);
#252=CIRCLE('',#2577,10.0000001490116);
#253=CIRCLE('',#2578,10.0000001490116);
#254=CIRCLE('',#2579,10.0000001490116);
#255=CIRCLE('',#2580,10.0000001490116);
#256=CIRCLE('',#2581,1.55);
#257=CIRCLE('',#2587,1.55);
#258=CIRCLE('',#2589,10.0000001490116);
#259=CIRCLE('',#2591,10.0000001490116);
#260=CIRCLE('',#2593,10.0000001490116);
#261=CIRCLE('',#2595,10.0000001490116);
#262=CIRCLE('',#2597,1.55);
#263=CIRCLE('',#2599,1.05);
#264=CIRCLE('',#2601,1.05);
#265=CIRCLE('',#2603,1.05);
#266=CIRCLE('',#2605,1.05);
#267=CIRCLE('',#2607,4.00000005960464);
#268=CIRCLE('',#2610,4.00000005960464);
#269=CIRCLE('',#2611,1.55);
#270=CIRCLE('',#2613,1.55);
#271=CIRCLE('',#2615,4.00000005960464);
#272=FACE_OUTER_BOUND('',#396,.T.);
#273=FACE_OUTER_BOUND('',#397,.T.);
#274=FACE_OUTER_BOUND('',#398,.T.);
#275=FACE_OUTER_BOUND('',#399,.T.);
#276=FACE_OUTER_BOUND('',#400,.T.);
#277=FACE_OUTER_BOUND('',#401,.T.);
#278=FACE_OUTER_BOUND('',#402,.T.);
#279=FACE_OUTER_BOUND('',#403,.T.);
#280=FACE_OUTER_BOUND('',#404,.T.);
#281=FACE_OUTER_BOUND('',#405,.T.);
#282=FACE_OUTER_BOUND('',#406,.T.);
#283=FACE_OUTER_BOUND('',#407,.T.);
#284=FACE_OUTER_BOUND('',#408,.T.);
#285=FACE_OUTER_BOUND('',#409,.T.);
#286=FACE_OUTER_BOUND('',#410,.T.);
#287=FACE_OUTER_BOUND('',#411,.T.);
#288=FACE_OUTER_BOUND('',#412,.T.);
#289=FACE_OUTER_BOUND('',#413,.T.);
#290=FACE_OUTER_BOUND('',#414,.T.);
#291=FACE_OUTER_BOUND('',#415,.T.);
#292=FACE_OUTER_BOUND('',#416,.T.);
#293=FACE_OUTER_BOUND('',#417,.T.);
#294=FACE_OUTER_BOUND('',#418,.T.);
#295=FACE_OUTER_BOUND('',#419,.T.);
#296=FACE_OUTER_BOUND('',#420,.T.);
#297=FACE_OUTER_BOUND('',#421,.T.);
#298=FACE_OUTER_BOUND('',#422,.T.);
#299=FACE_OUTER_BOUND('',#423,.T.);
#300=FACE_OUTER_BOUND('',#424,.T.);
#301=FACE_OUTER_BOUND('',#425,.T.);
#302=FACE_OUTER_BOUND('',#426,.T.);
#303=FACE_OUTER_BOUND('',#427,.T.);
#304=FACE_OUTER_BOUND('',#428,.T.);
#305=FACE_OUTER_BOUND('',#430,.T.);
#306=FACE_OUTER_BOUND('',#431,.T.);
#307=FACE_OUTER_BOUND('',#432,.T.);
#308=FACE_OUTER_BOUND('',#444,.T.);
#309=FACE_OUTER_BOUND('',#445,.T.);
#310=FACE_OUTER_BOUND('',#446,.T.);
#311=FACE_OUTER_BOUND('',#447,.T.);
#312=FACE_OUTER_BOUND('',#448,.T.);
#313=FACE_OUTER_BOUND('',#449,.T.);
#314=FACE_OUTER_BOUND('',#450,.T.);
#315=FACE_OUTER_BOUND('',#451,.T.);
#316=FACE_OUTER_BOUND('',#452,.T.);
#317=FACE_OUTER_BOUND('',#453,.T.);
#318=FACE_OUTER_BOUND('',#454,.T.);
#319=FACE_OUTER_BOUND('',#455,.T.);
#320=FACE_OUTER_BOUND('',#456,.T.);
#321=FACE_OUTER_BOUND('',#457,.T.);
#322=FACE_OUTER_BOUND('',#458,.T.);
#323=FACE_OUTER_BOUND('',#459,.T.);
#324=FACE_OUTER_BOUND('',#463,.T.);
#325=FACE_OUTER_BOUND('',#464,.T.);
#326=FACE_OUTER_BOUND('',#465,.T.);
#327=FACE_OUTER_BOUND('',#466,.T.);
#328=FACE_OUTER_BOUND('',#467,.T.);
#329=FACE_OUTER_BOUND('',#468,.T.);
#330=FACE_OUTER_BOUND('',#469,.T.);
#331=FACE_OUTER_BOUND('',#470,.T.);
#332=FACE_OUTER_BOUND('',#471,.T.);
#333=FACE_OUTER_BOUND('',#472,.T.);
#334=FACE_OUTER_BOUND('',#473,.T.);
#335=FACE_OUTER_BOUND('',#474,.T.);
#336=FACE_OUTER_BOUND('',#475,.T.);
#337=FACE_OUTER_BOUND('',#476,.T.);
#338=FACE_OUTER_BOUND('',#477,.T.);
#339=FACE_OUTER_BOUND('',#478,.T.);
#340=FACE_OUTER_BOUND('',#479,.T.);
#341=FACE_OUTER_BOUND('',#480,.T.);
#342=FACE_OUTER_BOUND('',#481,.T.);
#343=FACE_OUTER_BOUND('',#482,.T.);
#344=FACE_OUTER_BOUND('',#483,.T.);
#345=FACE_OUTER_BOUND('',#484,.T.);
#346=FACE_OUTER_BOUND('',#485,.T.);
#347=FACE_OUTER_BOUND('',#486,.T.);
#348=FACE_OUTER_BOUND('',#487,.T.);
#349=FACE_OUTER_BOUND('',#488,.T.);
#350=FACE_OUTER_BOUND('',#489,.T.);
#351=FACE_OUTER_BOUND('',#490,.T.);
#352=FACE_OUTER_BOUND('',#491,.T.);
#353=FACE_OUTER_BOUND('',#492,.T.);
#354=FACE_OUTER_BOUND('',#496,.T.);
#355=FACE_OUTER_BOUND('',#497,.T.);
#356=FACE_OUTER_BOUND('',#498,.T.);
#357=FACE_OUTER_BOUND('',#499,.T.);
#358=FACE_OUTER_BOUND('',#500,.T.);
#359=FACE_OUTER_BOUND('',#501,.T.);
#360=FACE_OUTER_BOUND('',#502,.T.);
#361=FACE_OUTER_BOUND('',#503,.T.);
#362=FACE_OUTER_BOUND('',#504,.T.);
#363=FACE_OUTER_BOUND('',#505,.T.);
#364=FACE_OUTER_BOUND('',#506,.T.);
#365=FACE_OUTER_BOUND('',#507,.T.);
#366=FACE_OUTER_BOUND('',#508,.T.);
#367=FACE_OUTER_BOUND('',#511,.T.);
#368=FACE_OUTER_BOUND('',#512,.T.);
#369=FACE_OUTER_BOUND('',#513,.T.);
#370=FACE_OUTER_BOUND('',#514,.T.);
#371=FACE_OUTER_BOUND('',#515,.T.);
#372=FACE_OUTER_BOUND('',#516,.T.);
#373=FACE_OUTER_BOUND('',#517,.T.);
#374=FACE_OUTER_BOUND('',#518,.T.);
#375=FACE_OUTER_BOUND('',#530,.T.);
#376=FACE_OUTER_BOUND('',#542,.T.);
#377=FACE_OUTER_BOUND('',#543,.T.);
#378=FACE_OUTER_BOUND('',#544,.T.);
#379=FACE_OUTER_BOUND('',#545,.T.);
#380=FACE_OUTER_BOUND('',#546,.T.);
#381=FACE_OUTER_BOUND('',#547,.T.);
#382=FACE_OUTER_BOUND('',#548,.T.);
#383=FACE_OUTER_BOUND('',#549,.T.);
#384=FACE_OUTER_BOUND('',#550,.T.);
#385=FACE_OUTER_BOUND('',#551,.T.);
#386=FACE_OUTER_BOUND('',#552,.T.);
#387=FACE_OUTER_BOUND('',#553,.T.);
#388=FACE_OUTER_BOUND('',#554,.T.);
#389=FACE_OUTER_BOUND('',#555,.T.);
#390=FACE_OUTER_BOUND('',#556,.T.);
#391=FACE_OUTER_BOUND('',#557,.T.);
#392=FACE_OUTER_BOUND('',#571,.T.);
#393=FACE_OUTER_BOUND('',#573,.T.);
#394=FACE_OUTER_BOUND('',#574,.T.);
#395=FACE_OUTER_BOUND('',#575,.T.);
#396=EDGE_LOOP('',(#1492,#1493,#1494,#1495));
#397=EDGE_LOOP('',(#1496,#1497,#1498,#1499));
#398=EDGE_LOOP('',(#1500,#1501,#1502));
#399=EDGE_LOOP('',(#1503,#1504,#1505,#1506));
#400=EDGE_LOOP('',(#1507,#1508,#1509));
#401=EDGE_LOOP('',(#1510,#1511,#1512,#1513));
#402=EDGE_LOOP('',(#1514,#1515,#1516,#1517));
#403=EDGE_LOOP('',(#1518,#1519,#1520,#1521));
#404=EDGE_LOOP('',(#1522,#1523,#1524,#1525));
#405=EDGE_LOOP('',(#1526,#1527,#1528,#1529));
#406=EDGE_LOOP('',(#1530,#1531,#1532));
#407=EDGE_LOOP('',(#1533,#1534,#1535,#1536));
#408=EDGE_LOOP('',(#1537,#1538,#1539,#1540));
#409=EDGE_LOOP('',(#1541,#1542,#1543,#1544));
#410=EDGE_LOOP('',(#1545,#1546,#1547,#1548));
#411=EDGE_LOOP('',(#1549,#1550,#1551));
#412=EDGE_LOOP('',(#1552,#1553,#1554,#1555));
#413=EDGE_LOOP('',(#1556,#1557,#1558,#1559));
#414=EDGE_LOOP('',(#1560,#1561,#1562));
#415=EDGE_LOOP('',(#1563,#1564,#1565,#1566));
#416=EDGE_LOOP('',(#1567,#1568,#1569,#1570));
#417=EDGE_LOOP('',(#1571,#1572,#1573,#1574));
#418=EDGE_LOOP('',(#1575,#1576,#1577));
#419=EDGE_LOOP('',(#1578,#1579,#1580,#1581));
#420=EDGE_LOOP('',(#1582,#1583,#1584,#1585));
#421=EDGE_LOOP('',(#1586,#1587,#1588,#1589));
#422=EDGE_LOOP('',(#1590,#1591,#1592));
#423=EDGE_LOOP('',(#1593,#1594,#1595,#1596));
#424=EDGE_LOOP('',(#1597,#1598,#1599,#1600));
#425=EDGE_LOOP('',(#1601,#1602,#1603,#1604));
#426=EDGE_LOOP('',(#1605,#1606,#1607));
#427=EDGE_LOOP('',(#1608,#1609,#1610,#1611));
#428=EDGE_LOOP('',(#1612));
#429=EDGE_LOOP('',(#1613));
#430=EDGE_LOOP('',(#1614,#1615,#1616,#1617));
#431=EDGE_LOOP('',(#1618,#1619,#1620,#1621,#1622,#1623));
#432=EDGE_LOOP('',(#1624,#1625,#1626,#1627,#1628,#1629));
#433=EDGE_LOOP('',(#1630));
#434=EDGE_LOOP('',(#1631));
#435=EDGE_LOOP('',(#1632));
#436=EDGE_LOOP('',(#1633));
#437=EDGE_LOOP('',(#1634));
#438=EDGE_LOOP('',(#1635));
#439=EDGE_LOOP('',(#1636));
#440=EDGE_LOOP('',(#1637,#1638,#1639,#1640,#1641,#1642));
#441=EDGE_LOOP('',(#1643,#1644,#1645,#1646,#1647,#1648));
#442=EDGE_LOOP('',(#1649,#1650,#1651,#1652,#1653,#1654));
#443=EDGE_LOOP('',(#1655,#1656,#1657,#1658,#1659,#1660));
#444=EDGE_LOOP('',(#1661,#1662,#1663,#1664));
#445=EDGE_LOOP('',(#1665,#1666,#1667,#1668));
#446=EDGE_LOOP('',(#1669,#1670,#1671,#1672));
#447=EDGE_LOOP('',(#1673,#1674,#1675,#1676));
#448=EDGE_LOOP('',(#1677,#1678,#1679,#1680));
#449=EDGE_LOOP('',(#1681,#1682,#1683,#1684));
#450=EDGE_LOOP('',(#1685,#1686,#1687,#1688));
#451=EDGE_LOOP('',(#1689,#1690,#1691,#1692));
#452=EDGE_LOOP('',(#1693,#1694,#1695,#1696));
#453=EDGE_LOOP('',(#1697,#1698,#1699,#1700));
#454=EDGE_LOOP('',(#1701,#1702,#1703,#1704));
#455=EDGE_LOOP('',(#1705,#1706,#1707,#1708));
#456=EDGE_LOOP('',(#1709,#1710,#1711,#1712,#1713));
#457=EDGE_LOOP('',(#1714,#1715,#1716,#1717,#1718));
#458=EDGE_LOOP('',(#1719,#1720,#1721,#1722));
#459=EDGE_LOOP('',(#1723,#1724,#1725,#1726,#1727,#1728,#1729,#1730));
#460=EDGE_LOOP('',(#1731,#1732,#1733));
#461=EDGE_LOOP('',(#1734,#1735,#1736));
#462=EDGE_LOOP('',(#1737,#1738,#1739));
#463=EDGE_LOOP('',(#1740,#1741,#1742,#1743));
#464=EDGE_LOOP('',(#1744,#1745,#1746,#1747));
#465=EDGE_LOOP('',(#1748,#1749,#1750,#1751));
#466=EDGE_LOOP('',(#1752,#1753,#1754,#1755));
#467=EDGE_LOOP('',(#1756,#1757,#1758,#1759));
#468=EDGE_LOOP('',(#1760,#1761,#1762,#1763));
#469=EDGE_LOOP('',(#1764,#1765,#1766,#1767));
#470=EDGE_LOOP('',(#1768,#1769,#1770,#1771));
#471=EDGE_LOOP('',(#1772,#1773,#1774,#1775));
#472=EDGE_LOOP('',(#1776,#1777,#1778,#1779));
#473=EDGE_LOOP('',(#1780,#1781,#1782,#1783));
#474=EDGE_LOOP('',(#1784,#1785,#1786,#1787));
#475=EDGE_LOOP('',(#1788,#1789,#1790,#1791));
#476=EDGE_LOOP('',(#1792,#1793,#1794,#1795));
#477=EDGE_LOOP('',(#1796,#1797,#1798,#1799));
#478=EDGE_LOOP('',(#1800,#1801,#1802,#1803));
#479=EDGE_LOOP('',(#1804,#1805,#1806,#1807));
#480=EDGE_LOOP('',(#1808,#1809,#1810,#1811));
#481=EDGE_LOOP('',(#1812,#1813,#1814,#1815));
#482=EDGE_LOOP('',(#1816,#1817,#1818,#1819));
#483=EDGE_LOOP('',(#1820,#1821,#1822,#1823));
#484=EDGE_LOOP('',(#1824,#1825,#1826,#1827));
#485=EDGE_LOOP('',(#1828,#1829,#1830,#1831));
#486=EDGE_LOOP('',(#1832,#1833,#1834,#1835));
#487=EDGE_LOOP('',(#1836,#1837,#1838,#1839));
#488=EDGE_LOOP('',(#1840,#1841,#1842,#1843));
#489=EDGE_LOOP('',(#1844,#1845,#1846,#1847));
#490=EDGE_LOOP('',(#1848,#1849,#1850,#1851));
#491=EDGE_LOOP('',(#1852,#1853,#1854,#1855,#1856));
#492=EDGE_LOOP('',(#1857,#1858,#1859,#1860,#1861,#1862,#1863,#1864));
#493=EDGE_LOOP('',(#1865,#1866,#1867));
#494=EDGE_LOOP('',(#1868,#1869,#1870));
#495=EDGE_LOOP('',(#1871,#1872,#1873));
#496=EDGE_LOOP('',(#1874,#1875,#1876,#1877));
#497=EDGE_LOOP('',(#1878,#1879,#1880,#1881,#1882));
#498=EDGE_LOOP('',(#1883,#1884,#1885,#1886));
#499=EDGE_LOOP('',(#1887,#1888,#1889,#1890));
#500=EDGE_LOOP('',(#1891,#1892,#1893,#1894));
#501=EDGE_LOOP('',(#1895,#1896,#1897,#1898));
#502=EDGE_LOOP('',(#1899,#1900,#1901,#1902));
#503=EDGE_LOOP('',(#1903,#1904,#1905,#1906));
#504=EDGE_LOOP('',(#1907,#1908,#1909,#1910,#1911,#1912,#1913,#1914));
#505=EDGE_LOOP('',(#1915,#1916,#1917,#1918,#1919,#1920,#1921,#1922));
#506=EDGE_LOOP('',(#1923,#1924,#1925,#1926));
#507=EDGE_LOOP('',(#1927,#1928,#1929,#1930));
#508=EDGE_LOOP('',(#1931,#1932,#1933,#1934));
#509=EDGE_LOOP('',(#1935,#1936,#1937));
#510=EDGE_LOOP('',(#1938));
#511=EDGE_LOOP('',(#1939,#1940,#1941,#1942));
#512=EDGE_LOOP('',(#1943,#1944,#1945,#1946));
#513=EDGE_LOOP('',(#1947,#1948,#1949,#1950));
#514=EDGE_LOOP('',(#1951,#1952,#1953,#1954));
#515=EDGE_LOOP('',(#1955,#1956,#1957,#1958));
#516=EDGE_LOOP('',(#1959,#1960,#1961,#1962));
#517=EDGE_LOOP('',(#1963,#1964,#1965,#1966));
#518=EDGE_LOOP('',(#1967));
#519=EDGE_LOOP('',(#1968));
#520=EDGE_LOOP('',(#1969,#1970,#1971,#1972,#1973,#1974));
#521=EDGE_LOOP('',(#1975));
#522=EDGE_LOOP('',(#1976));
#523=EDGE_LOOP('',(#1977));
#524=EDGE_LOOP('',(#1978));
#525=EDGE_LOOP('',(#1979));
#526=EDGE_LOOP('',(#1980,#1981,#1982,#1983,#1984,#1985));
#527=EDGE_LOOP('',(#1986,#1987,#1988,#1989,#1990,#1991));
#528=EDGE_LOOP('',(#1992,#1993,#1994,#1995,#1996,#1997));
#529=EDGE_LOOP('',(#1998));
#530=EDGE_LOOP('',(#1999));
#531=EDGE_LOOP('',(#2000));
#532=EDGE_LOOP('',(#2001));
#533=EDGE_LOOP('',(#2002));
#534=EDGE_LOOP('',(#2003));
#535=EDGE_LOOP('',(#2004));
#536=EDGE_LOOP('',(#2005));
#537=EDGE_LOOP('',(#2006,#2007,#2008,#2009,#2010,#2011));
#538=EDGE_LOOP('',(#2012,#2013,#2014,#2015,#2016,#2017));
#539=EDGE_LOOP('',(#2018,#2019,#2020,#2021,#2022,#2023));
#540=EDGE_LOOP('',(#2024,#2025,#2026,#2027,#2028,#2029));
#541=EDGE_LOOP('',(#2030));
#542=EDGE_LOOP('',(#2031,#2032,#2033,#2034));
#543=EDGE_LOOP('',(#2035,#2036,#2037,#2038));
#544=EDGE_LOOP('',(#2039,#2040,#2041,#2042));
#545=EDGE_LOOP('',(#2043,#2044,#2045,#2046));
#546=EDGE_LOOP('',(#2047,#2048,#2049,#2050));
#547=EDGE_LOOP('',(#2051,#2052,#2053,#2054));
#548=EDGE_LOOP('',(#2055,#2056,#2057,#2058));
#549=EDGE_LOOP('',(#2059,#2060,#2061,#2062));
#550=EDGE_LOOP('',(#2063,#2064,#2065,#2066));
#551=EDGE_LOOP('',(#2067,#2068,#2069,#2070));
#552=EDGE_LOOP('',(#2071,#2072,#2073,#2074));
#553=EDGE_LOOP('',(#2075,#2076,#2077,#2078));
#554=EDGE_LOOP('',(#2079,#2080,#2081,#2082));
#555=EDGE_LOOP('',(#2083,#2084,#2085,#2086));
#556=EDGE_LOOP('',(#2087,#2088,#2089,#2090));
#557=EDGE_LOOP('',(#2091,#2092,#2093,#2094,#2095,#2096,#2097,#2098));
#558=EDGE_LOOP('',(#2099,#2100,#2101));
#559=EDGE_LOOP('',(#2102));
#560=EDGE_LOOP('',(#2103));
#561=EDGE_LOOP('',(#2104));
#562=EDGE_LOOP('',(#2105));
#563=EDGE_LOOP('',(#2106));
#564=EDGE_LOOP('',(#2107));
#565=EDGE_LOOP('',(#2108));
#566=EDGE_LOOP('',(#2109,#2110,#2111,#2112,#2113,#2114));
#567=EDGE_LOOP('',(#2115,#2116,#2117,#2118,#2119,#2120));
#568=EDGE_LOOP('',(#2121,#2122,#2123,#2124,#2125,#2126));
#569=EDGE_LOOP('',(#2127,#2128,#2129,#2130,#2131,#2132));
#570=EDGE_LOOP('',(#2133));
#571=EDGE_LOOP('',(#2134));
#572=EDGE_LOOP('',(#2135));
#573=EDGE_LOOP('',(#2136,#2137,#2138,#2139));
#574=EDGE_LOOP('',(#2140,#2141,#2142,#2143));
#575=EDGE_LOOP('',(#2144));
#576=EDGE_LOOP('',(#2145));
#577=LINE('',#3344,#756);
#578=LINE('',#3346,#757);
#579=LINE('',#3347,#758);
#580=LINE('',#3352,#759);
#581=LINE('',#3353,#760);
#582=LINE('',#3355,#761);
#583=LINE('',#3361,#762);
#584=LINE('',#3363,#763);
#585=LINE('',#3364,#764);
#586=LINE('',#3367,#765);
#587=LINE('',#3369,#766);
#588=LINE('',#3370,#767);
#589=LINE('',#3373,#768);
#590=LINE('',#3374,#769);
#591=LINE('',#3376,#770);
#592=LINE('',#3382,#771);
#593=LINE('',#3384,#772);
#594=LINE('',#3385,#773);
#595=LINE('',#3390,#774);
#596=LINE('',#3391,#775);
#597=LINE('',#3393,#776);
#598=LINE('',#3399,#777);
#599=LINE('',#3401,#778);
#600=LINE('',#3403,#779);
#601=LINE('',#3404,#780);
#602=LINE('',#3407,#781);
#603=LINE('',#3409,#782);
#604=LINE('',#3410,#783);
#605=LINE('',#3412,#784);
#606=LINE('',#3413,#785);
#607=LINE('',#3420,#786);
#608=LINE('',#3422,#787);
#609=LINE('',#3423,#788);
#610=LINE('',#3428,#789);
#611=LINE('',#3429,#790);
#612=LINE('',#3431,#791);
#613=LINE('',#3439,#792);
#614=LINE('',#3441,#793);
#615=LINE('',#3442,#794);
#616=LINE('',#3447,#795);
#617=LINE('',#3448,#796);
#618=LINE('',#3450,#797);
#619=LINE('',#3458,#798);
#620=LINE('',#3460,#799);
#621=LINE('',#3461,#800);
#622=LINE('',#3466,#801);
#623=LINE('',#3467,#802);
#624=LINE('',#3469,#803);
#625=LINE('',#3477,#804);
#626=LINE('',#3479,#805);
#627=LINE('',#3480,#806);
#628=LINE('',#3485,#807);
#629=LINE('',#3486,#808);
#630=LINE('',#3488,#809);
#631=LINE('',#3499,#810);
#632=LINE('',#3505,#811);
#633=LINE('',#3518,#812);
#634=LINE('',#3529,#813);
#635=LINE('',#3536,#814);
#636=LINE('',#3555,#815);
#637=LINE('',#3559,#816);
#638=LINE('',#3567,#817);
#639=LINE('',#3571,#818);
#640=LINE('',#3579,#819);
#641=LINE('',#3583,#820);
#642=LINE('',#3591,#821);
#643=LINE('',#3595,#822);
#644=LINE('',#3601,#823);
#645=LINE('',#3603,#824);
#646=LINE('',#3604,#825);
#647=LINE('',#3607,#826);
#648=LINE('',#3611,#827);
#649=LINE('',#3612,#828);
#650=LINE('',#3615,#829);
#651=LINE('',#3617,#830);
#652=LINE('',#3618,#831);
#653=LINE('',#3621,#832);
#654=LINE('',#3625,#833);
#655=LINE('',#3626,#834);
#656=LINE('',#3629,#835);
#657=LINE('',#3631,#836);
#658=LINE('',#3632,#837);
#659=LINE('',#3635,#838);
#660=LINE('',#3639,#839);
#661=LINE('',#3640,#840);
#662=LINE('',#3643,#841);
#663=LINE('',#3645,#842);
#664=LINE('',#3646,#843);
#665=LINE('',#3649,#844);
#666=LINE('',#3653,#845);
#667=LINE('',#3654,#846);
#668=LINE('',#3657,#847);
#669=LINE('',#3659,#848);
#670=LINE('',#3660,#849);
#671=LINE('',#3665,#850);
#672=LINE('',#3668,#851);
#673=LINE('',#3671,#852);
#674=LINE('',#3675,#853);
#675=LINE('',#3679,#854);
#676=LINE('',#3683,#855);
#677=LINE('',#3688,#856);
#678=LINE('',#3692,#857);
#679=LINE('',#3695,#858);
#680=LINE('',#3699,#859);
#681=LINE('',#3703,#860);
#682=LINE('',#3711,#861);
#683=LINE('',#3715,#862);
#684=LINE('',#3721,#863);
#685=LINE('',#3730,#864);
#686=LINE('',#3733,#865);
#687=LINE('',#3738,#866);
#688=LINE('',#3745,#867);
#689=LINE('',#3748,#868);
#690=LINE('',#3751,#869);
#691=LINE('',#3753,#870);
#692=LINE('',#3754,#871);
#693=LINE('',#3760,#872);
#694=LINE('',#3763,#873);
#695=LINE('',#3768,#874);
#696=LINE('',#3774,#875);
#697=LINE('',#3778,#876);
#698=LINE('',#3780,#877);
#699=LINE('',#3781,#878);
#700=LINE('',#3787,#879);
#701=LINE('',#3790,#880);
#702=LINE('',#3795,#881);
#703=LINE('',#3801,#882);
#704=LINE('',#3805,#883);
#705=LINE('',#3807,#884);
#706=LINE('',#3808,#885);
#707=LINE('',#3814,#886);
#708=LINE('',#3817,#887);
#709=LINE('',#3825,#888);
#710=LINE('',#3829,#889);
#711=LINE('',#3831,#890);
#712=LINE('',#3832,#891);
#713=LINE('',#3837,#892);
#714=LINE('',#3843,#893);
#715=LINE('',#3847,#894);
#716=LINE('',#3852,#895);
#717=LINE('',#3855,#896);
#718=LINE('',#3860,#897);
#719=LINE('',#3864,#898);
#720=LINE('',#3866,#899);
#721=LINE('',#3867,#900);
#722=LINE('',#3873,#901);
#723=LINE('',#3878,#902);
#724=LINE('',#3881,#903);
#725=LINE('',#3882,#904);
#726=LINE('',#3892,#905);
#727=LINE('',#3898,#906);
#728=LINE('',#3904,#907);
#729=LINE('',#3908,#908);
#730=LINE('',#3910,#909);
#731=LINE('',#3914,#910);
#732=LINE('',#3918,#911);
#733=LINE('',#3922,#912);
#734=LINE('',#3926,#913);
#735=LINE('',#3942,#914);
#736=LINE('',#3945,#915);
#737=LINE('',#3948,#916);
#738=LINE('',#3951,#917);
#739=LINE('',#3957,#918);
#740=LINE('',#3958,#919);
#741=LINE('',#3961,#920);
#742=LINE('',#3962,#921);
#743=LINE('',#3965,#922);
#744=LINE('',#3966,#923);
#745=LINE('',#3969,#924);
#746=LINE('',#3970,#925);
#747=LINE('',#3974,#926);
#748=LINE('',#3986,#927);
#749=LINE('',#3990,#928);
#750=LINE('',#3994,#929);
#751=LINE('',#3998,#930);
#752=LINE('',#4002,#931);
#753=LINE('',#4006,#932);
#754=LINE('',#4016,#933);
#755=LINE('',#4020,#934);
#756=VECTOR('',#2623,10.);
#757=VECTOR('',#2624,10.);
#758=VECTOR('',#2625,10.);
#759=VECTOR('',#2630,10.);
#760=VECTOR('',#2631,10.);
#761=VECTOR('',#2634,10.);
#762=VECTOR('',#2641,10.);
#763=VECTOR('',#2642,10.);
#764=VECTOR('',#2643,10.);
#765=VECTOR('',#2646,10.);
#766=VECTOR('',#2647,10.);
#767=VECTOR('',#2648,10.);
#768=VECTOR('',#2651,10.);
#769=VECTOR('',#2652,10.);
#770=VECTOR('',#2655,10.);
#771=VECTOR('',#2660,10.);
#772=VECTOR('',#2661,10.);
#773=VECTOR('',#2662,10.);
#774=VECTOR('',#2667,10.);
#775=VECTOR('',#2668,10.);
#776=VECTOR('',#2671,10.);
#777=VECTOR('',#2678,10.);
#778=VECTOR('',#2679,10.);
#779=VECTOR('',#2680,10.);
#780=VECTOR('',#2681,10.);
#781=VECTOR('',#2684,10.);
#782=VECTOR('',#2685,10.);
#783=VECTOR('',#2686,10.);
#784=VECTOR('',#2689,10.);
#785=VECTOR('',#2690,10.);
#786=VECTOR('',#2697,10.);
#787=VECTOR('',#2698,10.);
#788=VECTOR('',#2699,10.);
#789=VECTOR('',#2704,10.);
#790=VECTOR('',#2705,10.);
#791=VECTOR('',#2708,10.);
#792=VECTOR('',#2717,10.);
#793=VECTOR('',#2718,10.);
#794=VECTOR('',#2719,10.);
#795=VECTOR('',#2724,10.);
#796=VECTOR('',#2725,10.);
#797=VECTOR('',#2728,10.);
#798=VECTOR('',#2737,10.);
#799=VECTOR('',#2738,10.);
#800=VECTOR('',#2739,10.);
#801=VECTOR('',#2744,10.);
#802=VECTOR('',#2745,10.);
#803=VECTOR('',#2748,10.);
#804=VECTOR('',#2757,10.);
#805=VECTOR('',#2758,10.);
#806=VECTOR('',#2759,10.);
#807=VECTOR('',#2764,10.);
#808=VECTOR('',#2765,10.);
#809=VECTOR('',#2768,10.);
#810=VECTOR('',#2783,1.55);
#811=VECTOR('',#2788,125.);
#812=VECTOR('',#2791,10.);
#813=VECTOR('',#2794,10.);
#814=VECTOR('',#2801,10.);
#815=VECTOR('',#2818,10.);
#816=VECTOR('',#2821,10.);
#817=VECTOR('',#2828,10.);
#818=VECTOR('',#2831,10.);
#819=VECTOR('',#2838,10.);
#820=VECTOR('',#2841,10.);
#821=VECTOR('',#2848,10.);
#822=VECTOR('',#2851,10.);
#823=VECTOR('',#2858,10.);
#824=VECTOR('',#2859,10.);
#825=VECTOR('',#2860,10.);
#826=VECTOR('',#2863,10.);
#827=VECTOR('',#2868,10.);
#828=VECTOR('',#2869,10.);
#829=VECTOR('',#2872,10.);
#830=VECTOR('',#2873,10.);
#831=VECTOR('',#2874,10.);
#832=VECTOR('',#2877,10.);
#833=VECTOR('',#2882,10.);
#834=VECTOR('',#2883,10.);
#835=VECTOR('',#2886,10.);
#836=VECTOR('',#2887,10.);
#837=VECTOR('',#2888,10.);
#838=VECTOR('',#2891,10.);
#839=VECTOR('',#2896,10.);
#840=VECTOR('',#2897,10.);
#841=VECTOR('',#2900,10.);
#842=VECTOR('',#2901,10.);
#843=VECTOR('',#2902,10.);
#844=VECTOR('',#2905,10.);
#845=VECTOR('',#2910,10.);
#846=VECTOR('',#2911,10.);
#847=VECTOR('',#2914,10.);
#848=VECTOR('',#2915,10.);
#849=VECTOR('',#2916,10.);
#850=VECTOR('',#2921,10.);
#851=VECTOR('',#2924,10.);
#852=VECTOR('',#2927,10.);
#853=VECTOR('',#2932,10.);
#854=VECTOR('',#2935,10.);
#855=VECTOR('',#2938,10.);
#856=VECTOR('',#2945,10.);
#857=VECTOR('',#2950,10.);
#858=VECTOR('',#2953,10.);
#859=VECTOR('',#2958,10.);
#860=VECTOR('',#2963,10.);
#861=VECTOR('',#2976,10.);
#862=VECTOR('',#2981,10.);
#863=VECTOR('',#2990,10.);
#864=VECTOR('',#3001,10.);
#865=VECTOR('',#3004,10.);
#866=VECTOR('',#3009,10.);
#867=VECTOR('',#3016,10.);
#868=VECTOR('',#3019,10.);
#869=VECTOR('',#3022,10.);
#870=VECTOR('',#3023,10.);
#871=VECTOR('',#3024,10.);
#872=VECTOR('',#3029,10.);
#873=VECTOR('',#3032,10.);
#874=VECTOR('',#3037,10.);
#875=VECTOR('',#3044,10.);
#876=VECTOR('',#3049,10.);
#877=VECTOR('',#3050,10.);
#878=VECTOR('',#3051,10.);
#879=VECTOR('',#3056,10.);
#880=VECTOR('',#3059,10.);
#881=VECTOR('',#3064,10.);
#882=VECTOR('',#3071,10.);
#883=VECTOR('',#3076,10.);
#884=VECTOR('',#3077,10.);
#885=VECTOR('',#3078,10.);
#886=VECTOR('',#3083,10.);
#887=VECTOR('',#3086,10.);
#888=VECTOR('',#3097,10.);
#889=VECTOR('',#3102,10.);
#890=VECTOR('',#3103,10.);
#891=VECTOR('',#3104,10.);
#892=VECTOR('',#3109,10.);
#893=VECTOR('',#3116,10.);
#894=VECTOR('',#3119,10.);
#895=VECTOR('',#3126,10.);
#896=VECTOR('',#3131,10.);
#897=VECTOR('',#3136,10.);
#898=VECTOR('',#3141,10.);
#899=VECTOR('',#3142,10.);
#900=VECTOR('',#3143,10.);
#901=VECTOR('',#3150,10.);
#902=VECTOR('',#3155,10.);
#903=VECTOR('',#3160,10.);
#904=VECTOR('',#3161,10.);
#905=VECTOR('',#3176,33.0000004917383);
#906=VECTOR('',#3183,33.0000004917384);
#907=VECTOR('',#3192,1.54999999999999);
#908=VECTOR('',#3197,1.54999999999999);
#909=VECTOR('',#3200,4.00000005960508);
#910=VECTOR('',#3205,1.05);
#911=VECTOR('',#3210,1.05);
#912=VECTOR('',#3215,1.05);
#913=VECTOR('',#3220,1.05);
#914=VECTOR('',#3237,10.);
#915=VECTOR('',#3240,10.);
#916=VECTOR('',#3243,10.);
#917=VECTOR('',#3246,10.);
#918=VECTOR('',#3253,10.);
#919=VECTOR('',#3254,10.);
#920=VECTOR('',#3257,10.);
#921=VECTOR('',#3258,10.);
#922=VECTOR('',#3261,10.);
#923=VECTOR('',#3262,10.);
#924=VECTOR('',#3265,10.);
#925=VECTOR('',#3266,10.);
#926=VECTOR('',#3271,1.55);
#927=VECTOR('',#3292,1.55);
#928=VECTOR('',#3297,1.05);
#929=VECTOR('',#3302,1.05);
#930=VECTOR('',#3307,1.05);
#931=VECTOR('',#3312,1.05);
#932=VECTOR('',#3317,4.00000005960464);
#933=VECTOR('',#3330,1.55);
#934=VECTOR('',#3335,4.00000005960464);
#935=ELLIPSE('',#2348,110.67971975515,35.0000005215406);
#936=ELLIPSE('',#2350,110.67971975515,35.0000005215406);
#937=ELLIPSE('',#2359,110.67971975515,35.0000005215407);
#938=ELLIPSE('',#2361,110.67971975515,35.0000005215407);
#939=ELLIPSE('',#2370,110.67971975515,35.0000005215407);
#940=ELLIPSE('',#2372,110.67971975515,35.0000005215407);
#941=ELLIPSE('',#2379,110.67971975515,35.0000005215406);
#942=ELLIPSE('',#2382,110.67971975515,35.0000005215406);
#943=ELLIPSE('',#2384,110.67971975515,35.0000005215406);
#944=ELLIPSE('',#2386,110.67971975515,35.0000005215406);
#945=ELLIPSE('',#2391,110.67971975515,35.0000005215407);
#946=ELLIPSE('',#2393,110.67971975515,35.0000005215407);
#947=VERTEX_POINT('',#3340);
#948=VERTEX_POINT('',#3341);
#949=VERTEX_POINT('',#3343);
#950=VERTEX_POINT('',#3345);
#951=VERTEX_POINT('',#3349);
#952=VERTEX_POINT('',#3351);
#953=VERTEX_POINT('',#3359);
#954=VERTEX_POINT('',#3360);
#955=VERTEX_POINT('',#3362);
#956=VERTEX_POINT('',#3366);
#957=VERTEX_POINT('',#3368);
#958=VERTEX_POINT('',#3372);
#959=VERTEX_POINT('',#3378);
#960=VERTEX_POINT('',#3379);
#961=VERTEX_POINT('',#3381);
#962=VERTEX_POINT('',#3383);
#963=VERTEX_POINT('',#3387);
#964=VERTEX_POINT('',#3389);
#965=VERTEX_POINT('',#3397);
#966=VERTEX_POINT('',#3398);
#967=VERTEX_POINT('',#3400);
#968=VERTEX_POINT('',#3402);
#969=VERTEX_POINT('',#3406);
#970=VERTEX_POINT('',#3408);
#971=VERTEX_POINT('',#3416);
#972=VERTEX_POINT('',#3417);
#973=VERTEX_POINT('',#3419);
#974=VERTEX_POINT('',#3421);
#975=VERTEX_POINT('',#3425);
#976=VERTEX_POINT('',#3427);
#977=VERTEX_POINT('',#3435);
#978=VERTEX_POINT('',#3436);
#979=VERTEX_POINT('',#3438);
#980=VERTEX_POINT('',#3440);
#981=VERTEX_POINT('',#3444);
#982=VERTEX_POINT('',#3446);
#983=VERTEX_POINT('',#3454);
#984=VERTEX_POINT('',#3455);
#985=VERTEX_POINT('',#3457);
#986=VERTEX_POINT('',#3459);
#987=VERTEX_POINT('',#3463);
#988=VERTEX_POINT('',#3465);
#989=VERTEX_POINT('',#3473);
#990=VERTEX_POINT('',#3474);
#991=VERTEX_POINT('',#3476);
#992=VERTEX_POINT('',#3478);
#993=VERTEX_POINT('',#3482);
#994=VERTEX_POINT('',#3484);
#995=VERTEX_POINT('',#3492);
#996=VERTEX_POINT('',#3494);
#997=VERTEX_POINT('',#3497);
#998=VERTEX_POINT('',#3501);
#999=VERTEX_POINT('',#3502);
#1000=VERTEX_POINT('',#3504);
#1001=VERTEX_POINT('',#3506);
#1002=VERTEX_POINT('',#3508);
#1003=VERTEX_POINT('',#3517);
#1004=VERTEX_POINT('',#3528);
#1005=VERTEX_POINT('',#3530);
#1006=VERTEX_POINT('',#3532);
#1007=VERTEX_POINT('',#3534);
#1008=VERTEX_POINT('',#3537);
#1009=VERTEX_POINT('',#3539);
#1010=VERTEX_POINT('',#3541);
#1011=VERTEX_POINT('',#3543);
#1012=VERTEX_POINT('',#3545);
#1013=VERTEX_POINT('',#3547);
#1014=VERTEX_POINT('',#3549);
#1015=VERTEX_POINT('',#3551);
#1016=VERTEX_POINT('',#3552);
#1017=VERTEX_POINT('',#3554);
#1018=VERTEX_POINT('',#3556);
#1019=VERTEX_POINT('',#3558);
#1020=VERTEX_POINT('',#3560);
#1021=VERTEX_POINT('',#3563);
#1022=VERTEX_POINT('',#3564);
#1023=VERTEX_POINT('',#3566);
#1024=VERTEX_POINT('',#3568);
#1025=VERTEX_POINT('',#3570);
#1026=VERTEX_POINT('',#3572);
#1027=VERTEX_POINT('',#3575);
#1028=VERTEX_POINT('',#3576);
#1029=VERTEX_POINT('',#3578);
#1030=VERTEX_POINT('',#3580);
#1031=VERTEX_POINT('',#3582);
#1032=VERTEX_POINT('',#3584);
#1033=VERTEX_POINT('',#3587);
#1034=VERTEX_POINT('',#3588);
#1035=VERTEX_POINT('',#3590);
#1036=VERTEX_POINT('',#3592);
#1037=VERTEX_POINT('',#3594);
#1038=VERTEX_POINT('',#3596);
#1039=VERTEX_POINT('',#3600);
#1040=VERTEX_POINT('',#3602);
#1041=VERTEX_POINT('',#3606);
#1042=VERTEX_POINT('',#3610);
#1043=VERTEX_POINT('',#3614);
#1044=VERTEX_POINT('',#3616);
#1045=VERTEX_POINT('',#3620);
#1046=VERTEX_POINT('',#3624);
#1047=VERTEX_POINT('',#3628);
#1048=VERTEX_POINT('',#3630);
#1049=VERTEX_POINT('',#3634);
#1050=VERTEX_POINT('',#3638);
#1051=VERTEX_POINT('',#3642);
#1052=VERTEX_POINT('',#3644);
#1053=VERTEX_POINT('',#3648);
#1054=VERTEX_POINT('',#3652);
#1055=VERTEX_POINT('',#3656);
#1056=VERTEX_POINT('',#3658);
#1057=VERTEX_POINT('',#3662);
#1058=VERTEX_POINT('',#3664);
#1059=VERTEX_POINT('',#3666);
#1060=VERTEX_POINT('',#3670);
#1061=VERTEX_POINT('',#3674);
#1062=VERTEX_POINT('',#3676);
#1063=VERTEX_POINT('',#3678);
#1064=VERTEX_POINT('',#3680);
#1065=VERTEX_POINT('',#3682);
#1066=VERTEX_POINT('',#3686);
#1067=VERTEX_POINT('',#3690);
#1068=VERTEX_POINT('',#3694);
#1069=VERTEX_POINT('',#3698);
#1070=VERTEX_POINT('',#3702);
#1071=VERTEX_POINT('',#3710);
#1072=VERTEX_POINT('',#3714);
#1073=VERTEX_POINT('',#3720);
#1074=VERTEX_POINT('',#3726);
#1075=VERTEX_POINT('',#3727);
#1076=VERTEX_POINT('',#3729);
#1077=VERTEX_POINT('',#3731);
#1078=VERTEX_POINT('',#3735);
#1079=VERTEX_POINT('',#3737);
#1080=VERTEX_POINT('',#3741);
#1081=VERTEX_POINT('',#3742);
#1082=VERTEX_POINT('',#3744);
#1083=VERTEX_POINT('',#3746);
#1084=VERTEX_POINT('',#3750);
#1085=VERTEX_POINT('',#3752);
#1086=VERTEX_POINT('',#3756);
#1087=VERTEX_POINT('',#3757);
#1088=VERTEX_POINT('',#3759);
#1089=VERTEX_POINT('',#3761);
#1090=VERTEX_POINT('',#3765);
#1091=VERTEX_POINT('',#3767);
#1092=VERTEX_POINT('',#3771);
#1093=VERTEX_POINT('',#3773);
#1094=VERTEX_POINT('',#3777);
#1095=VERTEX_POINT('',#3779);
#1096=VERTEX_POINT('',#3783);
#1097=VERTEX_POINT('',#3784);
#1098=VERTEX_POINT('',#3786);
#1099=VERTEX_POINT('',#3788);
#1100=VERTEX_POINT('',#3792);
#1101=VERTEX_POINT('',#3794);
#1102=VERTEX_POINT('',#3798);
#1103=VERTEX_POINT('',#3800);
#1104=VERTEX_POINT('',#3804);
#1105=VERTEX_POINT('',#3806);
#1106=VERTEX_POINT('',#3810);
#1107=VERTEX_POINT('',#3811);
#1108=VERTEX_POINT('',#3813);
#1109=VERTEX_POINT('',#3815);
#1110=VERTEX_POINT('',#3822);
#1111=VERTEX_POINT('',#3824);
#1112=VERTEX_POINT('',#3828);
#1113=VERTEX_POINT('',#3830);
#1114=VERTEX_POINT('',#3834);
#1115=VERTEX_POINT('',#3836);
#1116=VERTEX_POINT('',#3840);
#1117=VERTEX_POINT('',#3842);
#1118=VERTEX_POINT('',#3844);
#1119=VERTEX_POINT('',#3846);
#1120=VERTEX_POINT('',#3851);
#1121=VERTEX_POINT('',#3857);
#1122=VERTEX_POINT('',#3859);
#1123=VERTEX_POINT('',#3863);
#1124=VERTEX_POINT('',#3865);
#1125=VERTEX_POINT('',#3869);
#1126=VERTEX_POINT('',#3871);
#1127=VERTEX_POINT('',#3875);
#1128=VERTEX_POINT('',#3877);
#1129=VERTEX_POINT('',#3889);
#1130=VERTEX_POINT('',#3891);
#1131=VERTEX_POINT('',#3895);
#1132=VERTEX_POINT('',#3897);
#1133=VERTEX_POINT('',#3902);
#1134=VERTEX_POINT('',#3906);
#1135=VERTEX_POINT('',#3912);
#1136=VERTEX_POINT('',#3916);
#1137=VERTEX_POINT('',#3920);
#1138=VERTEX_POINT('',#3924);
#1139=VERTEX_POINT('',#3929);
#1140=VERTEX_POINT('',#3931);
#1141=VERTEX_POINT('',#3933);
#1142=VERTEX_POINT('',#3935);
#1143=VERTEX_POINT('',#3937);
#1144=VERTEX_POINT('',#3939);
#1145=VERTEX_POINT('',#3941);
#1146=VERTEX_POINT('',#3944);
#1147=VERTEX_POINT('',#3947);
#1148=VERTEX_POINT('',#3950);
#1149=VERTEX_POINT('',#3953);
#1150=VERTEX_POINT('',#3956);
#1151=VERTEX_POINT('',#3960);
#1152=VERTEX_POINT('',#3964);
#1153=VERTEX_POINT('',#3968);
#1154=VERTEX_POINT('',#3972);
#1155=VERTEX_POINT('',#3984);
#1156=VERTEX_POINT('',#3988);
#1157=VERTEX_POINT('',#3992);
#1158=VERTEX_POINT('',#3996);
#1159=VERTEX_POINT('',#4000);
#1160=VERTEX_POINT('',#4004);
#1161=VERTEX_POINT('',#4009);
#1162=VERTEX_POINT('',#4011);
#1163=VERTEX_POINT('',#4014);
#1164=VERTEX_POINT('',#4018);
#1165=EDGE_CURVE('',#947,#948,#935,.T.);
#1166=EDGE_CURVE('',#949,#947,#577,.T.);
#1167=EDGE_CURVE('',#950,#949,#578,.T.);
#1168=EDGE_CURVE('',#950,#948,#579,.T.);
#1169=EDGE_CURVE('',#948,#951,#936,.T.);
#1170=EDGE_CURVE('',#952,#950,#580,.T.);
#1171=EDGE_CURVE('',#952,#951,#581,.T.);
#1172=EDGE_CURVE('',#949,#952,#582,.T.);
#1173=EDGE_CURVE('',#951,#947,#138,.T.);
#1174=EDGE_CURVE('',#953,#954,#583,.T.);
#1175=EDGE_CURVE('',#954,#955,#584,.T.);
#1176=EDGE_CURVE('',#955,#953,#585,.T.);
#1177=EDGE_CURVE('',#955,#956,#586,.T.);
#1178=EDGE_CURVE('',#957,#956,#587,.T.);
#1179=EDGE_CURVE('',#953,#957,#588,.T.);
#1180=EDGE_CURVE('',#958,#957,#589,.T.);
#1181=EDGE_CURVE('',#954,#958,#590,.T.);
#1182=EDGE_CURVE('',#956,#958,#591,.T.);
#1183=EDGE_CURVE('',#959,#960,#937,.T.);
#1184=EDGE_CURVE('',#961,#959,#592,.T.);
#1185=EDGE_CURVE('',#962,#961,#593,.T.);
#1186=EDGE_CURVE('',#962,#960,#594,.T.);
#1187=EDGE_CURVE('',#960,#963,#938,.T.);
#1188=EDGE_CURVE('',#964,#962,#595,.T.);
#1189=EDGE_CURVE('',#964,#963,#596,.T.);
#1190=EDGE_CURVE('',#961,#964,#597,.T.);
#1191=EDGE_CURVE('',#963,#959,#139,.T.);
#1192=EDGE_CURVE('',#965,#966,#598,.T.);
#1193=EDGE_CURVE('',#965,#967,#599,.T.);
#1194=EDGE_CURVE('',#967,#968,#600,.T.);
#1195=EDGE_CURVE('',#966,#968,#601,.T.);
#1196=EDGE_CURVE('',#966,#969,#602,.T.);
#1197=EDGE_CURVE('',#968,#970,#603,.T.);
#1198=EDGE_CURVE('',#969,#970,#604,.T.);
#1199=EDGE_CURVE('',#969,#965,#605,.T.);
#1200=EDGE_CURVE('',#970,#967,#606,.T.);
#1201=EDGE_CURVE('',#971,#972,#939,.T.);
#1202=EDGE_CURVE('',#973,#971,#607,.T.);
#1203=EDGE_CURVE('',#974,#973,#608,.T.);
#1204=EDGE_CURVE('',#974,#972,#609,.T.);
#1205=EDGE_CURVE('',#972,#975,#940,.T.);
#1206=EDGE_CURVE('',#976,#974,#610,.T.);
#1207=EDGE_CURVE('',#976,#975,#611,.T.);
#1208=EDGE_CURVE('',#973,#976,#612,.T.);
#1209=EDGE_CURVE('',#975,#971,#140,.T.);
#1210=EDGE_CURVE('',#977,#978,#141,.T.);
#1211=EDGE_CURVE('',#979,#977,#613,.T.);
#1212=EDGE_CURVE('',#980,#979,#614,.T.);
#1213=EDGE_CURVE('',#980,#978,#615,.T.);
#1214=EDGE_CURVE('',#978,#981,#941,.T.);
#1215=EDGE_CURVE('',#982,#980,#616,.T.);
#1216=EDGE_CURVE('',#982,#981,#617,.T.);
#1217=EDGE_CURVE('',#979,#982,#618,.T.);
#1218=EDGE_CURVE('',#981,#977,#942,.T.);
#1219=EDGE_CURVE('',#983,#984,#943,.T.);
#1220=EDGE_CURVE('',#985,#983,#619,.T.);
#1221=EDGE_CURVE('',#986,#985,#620,.T.);
#1222=EDGE_CURVE('',#986,#984,#621,.T.);
#1223=EDGE_CURVE('',#984,#987,#944,.T.);
#1224=EDGE_CURVE('',#988,#986,#622,.T.);
#1225=EDGE_CURVE('',#988,#987,#623,.T.);
#1226=EDGE_CURVE('',#985,#988,#624,.T.);
#1227=EDGE_CURVE('',#987,#983,#142,.T.);
#1228=EDGE_CURVE('',#989,#990,#945,.T.);
#1229=EDGE_CURVE('',#991,#989,#625,.T.);
#1230=EDGE_CURVE('',#992,#991,#626,.T.);
#1231=EDGE_CURVE('',#992,#990,#627,.T.);
#1232=EDGE_CURVE('',#990,#993,#946,.T.);
#1233=EDGE_CURVE('',#994,#992,#628,.T.);
#1234=EDGE_CURVE('',#994,#993,#629,.T.);
#1235=EDGE_CURVE('',#991,#994,#630,.T.);
#1236=EDGE_CURVE('',#993,#989,#143,.T.);
#1237=EDGE_CURVE('',#995,#995,#144,.T.);
#1238=EDGE_CURVE('',#996,#996,#145,.T.);
#1239=EDGE_CURVE('',#997,#997,#146,.T.);
#1240=EDGE_CURVE('',#997,#996,#631,.T.);
#1241=EDGE_CURVE('',#998,#999,#147,.T.);
#1242=EDGE_CURVE('',#999,#1000,#632,.T.);
#1243=EDGE_CURVE('',#1001,#1000,#148,.F.);
#1244=EDGE_CURVE('',#1002,#1001,#17,.F.);
#1245=EDGE_CURVE('',#1003,#1002,#633,.T.);
#1246=EDGE_CURVE('',#1003,#998,#18,.T.);
#1247=EDGE_CURVE('',#1004,#999,#634,.T.);
#1248=EDGE_CURVE('',#1005,#1004,#149,.T.);
#1249=EDGE_CURVE('',#1006,#1005,#150,.T.);
#1250=EDGE_CURVE('',#1007,#1006,#151,.T.);
#1251=EDGE_CURVE('',#1000,#1007,#635,.T.);
#1252=EDGE_CURVE('',#1008,#1008,#152,.T.);
#1253=EDGE_CURVE('',#1009,#1009,#153,.T.);
#1254=EDGE_CURVE('',#1010,#1010,#154,.T.);
#1255=EDGE_CURVE('',#1011,#1011,#155,.T.);
#1256=EDGE_CURVE('',#1012,#1012,#156,.T.);
#1257=EDGE_CURVE('',#1013,#1013,#157,.T.);
#1258=EDGE_CURVE('',#1014,#1014,#158,.T.);
#1259=EDGE_CURVE('',#1015,#1016,#159,.T.);
#1260=EDGE_CURVE('',#1017,#1015,#636,.T.);
#1261=EDGE_CURVE('',#1018,#1017,#160,.T.);
#1262=EDGE_CURVE('',#1019,#1018,#637,.T.);
#1263=EDGE_CURVE('',#1020,#1019,#161,.T.);
#1264=EDGE_CURVE('',#1016,#1020,#162,.T.);
#1265=EDGE_CURVE('',#1021,#1022,#163,.T.);
#1266=EDGE_CURVE('',#1023,#1021,#638,.T.);
#1267=EDGE_CURVE('',#1024,#1023,#164,.T.);
#1268=EDGE_CURVE('',#1025,#1024,#639,.T.);
#1269=EDGE_CURVE('',#1026,#1025,#165,.T.);
#1270=EDGE_CURVE('',#1022,#1026,#166,.T.);
#1271=EDGE_CURVE('',#1027,#1028,#167,.T.);
#1272=EDGE_CURVE('',#1029,#1027,#640,.T.);
#1273=EDGE_CURVE('',#1030,#1029,#168,.T.);
#1274=EDGE_CURVE('',#1031,#1030,#641,.T.);
#1275=EDGE_CURVE('',#1032,#1031,#169,.T.);
#1276=EDGE_CURVE('',#1028,#1032,#170,.T.);
#1277=EDGE_CURVE('',#1033,#1034,#171,.T.);
#1278=EDGE_CURVE('',#1035,#1033,#642,.T.);
#1279=EDGE_CURVE('',#1036,#1035,#172,.T.);
#1280=EDGE_CURVE('',#1037,#1036,#643,.T.);
#1281=EDGE_CURVE('',#1038,#1037,#173,.T.);
#1282=EDGE_CURVE('',#1034,#1038,#174,.T.);
#1283=EDGE_CURVE('',#1036,#1039,#644,.T.);
#1284=EDGE_CURVE('',#1040,#1039,#645,.T.);
#1285=EDGE_CURVE('',#1037,#1040,#646,.T.);
#1286=EDGE_CURVE('',#1035,#1041,#647,.T.);
#1287=EDGE_CURVE('',#1039,#1041,#175,.T.);
#1288=EDGE_CURVE('',#1042,#1033,#648,.T.);
#1289=EDGE_CURVE('',#1041,#1042,#649,.T.);
#1290=EDGE_CURVE('',#1030,#1043,#650,.T.);
#1291=EDGE_CURVE('',#1044,#1043,#651,.T.);
#1292=EDGE_CURVE('',#1031,#1044,#652,.T.);
#1293=EDGE_CURVE('',#1029,#1045,#653,.T.);
#1294=EDGE_CURVE('',#1043,#1045,#176,.T.);
#1295=EDGE_CURVE('',#1046,#1027,#654,.T.);
#1296=EDGE_CURVE('',#1045,#1046,#655,.T.);
#1297=EDGE_CURVE('',#1024,#1047,#656,.T.);
#1298=EDGE_CURVE('',#1048,#1047,#657,.T.);
#1299=EDGE_CURVE('',#1025,#1048,#658,.T.);
#1300=EDGE_CURVE('',#1023,#1049,#659,.T.);
#1301=EDGE_CURVE('',#1047,#1049,#177,.T.);
#1302=EDGE_CURVE('',#1050,#1021,#660,.T.);
#1303=EDGE_CURVE('',#1049,#1050,#661,.T.);
#1304=EDGE_CURVE('',#1018,#1051,#662,.T.);
#1305=EDGE_CURVE('',#1052,#1051,#663,.T.);
#1306=EDGE_CURVE('',#1019,#1052,#664,.T.);
#1307=EDGE_CURVE('',#1017,#1053,#665,.T.);
#1308=EDGE_CURVE('',#1051,#1053,#178,.T.);
#1309=EDGE_CURVE('',#1054,#1015,#666,.T.);
#1310=EDGE_CURVE('',#1053,#1054,#667,.T.);
#1311=EDGE_CURVE('',#1055,#1007,#668,.T.);
#1312=EDGE_CURVE('',#1055,#1056,#669,.T.);
#1313=EDGE_CURVE('',#1001,#1056,#670,.T.);
#1314=EDGE_CURVE('',#1003,#1057,#179,.T.);
#1315=EDGE_CURVE('',#1057,#1058,#671,.T.);
#1316=EDGE_CURVE('',#1059,#1058,#180,.T.);
#1317=EDGE_CURVE('',#998,#1059,#672,.F.);
#1318=EDGE_CURVE('',#1006,#1060,#673,.T.);
#1319=EDGE_CURVE('',#1055,#1060,#181,.T.);
#1320=EDGE_CURVE('',#1061,#1005,#674,.T.);
#1321=EDGE_CURVE('',#1061,#1062,#182,.T.);
#1322=EDGE_CURVE('',#1063,#1062,#675,.T.);
#1323=EDGE_CURVE('',#1064,#1063,#183,.T.);
#1324=EDGE_CURVE('',#1065,#1064,#676,.T.);
#1325=EDGE_CURVE('',#1065,#1060,#184,.T.);
#1326=EDGE_CURVE('',#1052,#1066,#185,.T.);
#1327=EDGE_CURVE('',#1066,#1020,#677,.T.);
#1328=EDGE_CURVE('',#1044,#1067,#186,.T.);
#1329=EDGE_CURVE('',#1067,#1032,#678,.T.);
#1330=EDGE_CURVE('',#1034,#1068,#679,.T.);
#1331=EDGE_CURVE('',#1068,#1042,#187,.T.);
#1332=EDGE_CURVE('',#1069,#1038,#680,.T.);
#1333=EDGE_CURVE('',#1068,#1069,#188,.T.);
#1334=EDGE_CURVE('',#1028,#1070,#681,.T.);
#1335=EDGE_CURVE('',#1070,#1046,#189,.T.);
#1336=EDGE_CURVE('',#1070,#1067,#190,.T.);
#1337=EDGE_CURVE('',#1040,#1069,#191,.T.);
#1338=EDGE_CURVE('',#1022,#1071,#682,.T.);
#1339=EDGE_CURVE('',#1071,#1050,#192,.T.);
#1340=EDGE_CURVE('',#1072,#1026,#683,.T.);
#1341=EDGE_CURVE('',#1071,#1072,#193,.T.);
#1342=EDGE_CURVE('',#1048,#1072,#194,.T.);
#1343=EDGE_CURVE('',#1016,#1073,#684,.T.);
#1344=EDGE_CURVE('',#1073,#1054,#195,.T.);
#1345=EDGE_CURVE('',#1073,#1066,#196,.T.);
#1346=EDGE_CURVE('',#1074,#1075,#197,.T.);
#1347=EDGE_CURVE('',#1075,#1076,#685,.T.);
#1348=EDGE_CURVE('',#1076,#1077,#198,.T.);
#1349=EDGE_CURVE('',#1077,#1074,#686,.T.);
#1350=EDGE_CURVE('',#1075,#1078,#199,.T.);
#1351=EDGE_CURVE('',#1079,#1078,#687,.T.);
#1352=EDGE_CURVE('',#1076,#1079,#200,.T.);
#1353=EDGE_CURVE('',#1080,#1081,#201,.T.);
#1354=EDGE_CURVE('',#1081,#1082,#688,.T.);
#1355=EDGE_CURVE('',#1082,#1083,#202,.T.);
#1356=EDGE_CURVE('',#1083,#1080,#689,.T.);
#1357=EDGE_CURVE('',#1081,#1084,#690,.T.);
#1358=EDGE_CURVE('',#1084,#1085,#691,.T.);
#1359=EDGE_CURVE('',#1082,#1085,#692,.T.);
#1360=EDGE_CURVE('',#1086,#1087,#203,.T.);
#1361=EDGE_CURVE('',#1087,#1088,#693,.T.);
#1362=EDGE_CURVE('',#1088,#1089,#204,.T.);
#1363=EDGE_CURVE('',#1089,#1086,#694,.T.);
#1364=EDGE_CURVE('',#1087,#1090,#205,.T.);
#1365=EDGE_CURVE('',#1091,#1090,#695,.T.);
#1366=EDGE_CURVE('',#1088,#1091,#206,.T.);
#1367=EDGE_CURVE('',#1078,#1092,#207,.T.);
#1368=EDGE_CURVE('',#1092,#1093,#696,.T.);
#1369=EDGE_CURVE('',#1093,#1079,#208,.T.);
#1370=EDGE_CURVE('',#1092,#1094,#697,.T.);
#1371=EDGE_CURVE('',#1094,#1095,#698,.T.);
#1372=EDGE_CURVE('',#1093,#1095,#699,.T.);
#1373=EDGE_CURVE('',#1096,#1097,#209,.T.);
#1374=EDGE_CURVE('',#1097,#1098,#700,.T.);
#1375=EDGE_CURVE('',#1098,#1099,#210,.T.);
#1376=EDGE_CURVE('',#1099,#1096,#701,.T.);
#1377=EDGE_CURVE('',#1097,#1100,#211,.T.);
#1378=EDGE_CURVE('',#1101,#1100,#702,.T.);
#1379=EDGE_CURVE('',#1098,#1101,#212,.T.);
#1380=EDGE_CURVE('',#1090,#1102,#213,.T.);
#1381=EDGE_CURVE('',#1102,#1103,#703,.T.);
#1382=EDGE_CURVE('',#1103,#1091,#214,.T.);
#1383=EDGE_CURVE('',#1102,#1104,#704,.T.);
#1384=EDGE_CURVE('',#1104,#1105,#705,.T.);
#1385=EDGE_CURVE('',#1103,#1105,#706,.T.);
#1386=EDGE_CURVE('',#1106,#1107,#215,.T.);
#1387=EDGE_CURVE('',#1107,#1108,#707,.T.);
#1388=EDGE_CURVE('',#1108,#1109,#216,.T.);
#1389=EDGE_CURVE('',#1109,#1106,#708,.T.);
#1390=EDGE_CURVE('',#1108,#1083,#217,.T.);
#1391=EDGE_CURVE('',#1107,#1080,#218,.T.);
#1392=EDGE_CURVE('',#1100,#1110,#219,.T.);
#1393=EDGE_CURVE('',#1110,#1111,#709,.T.);
#1394=EDGE_CURVE('',#1111,#1101,#220,.T.);
#1395=EDGE_CURVE('',#1110,#1112,#710,.T.);
#1396=EDGE_CURVE('',#1112,#1113,#711,.T.);
#1397=EDGE_CURVE('',#1111,#1113,#712,.T.);
#1398=EDGE_CURVE('',#1114,#1056,#221,.T.);
#1399=EDGE_CURVE('',#1114,#1115,#713,.T.);
#1400=EDGE_CURVE('',#1115,#1002,#222,.T.);
#1401=EDGE_CURVE('',#1114,#1116,#223,.T.);
#1402=EDGE_CURVE('',#1117,#1116,#714,.T.);
#1403=EDGE_CURVE('',#1118,#1117,#224,.T.);
#1404=EDGE_CURVE('',#1119,#1118,#715,.T.);
#1405=EDGE_CURVE('',#1119,#1058,#225,.T.);
#1406=EDGE_CURVE('',#1057,#1115,#226,.T.);
#1407=EDGE_CURVE('',#1004,#1120,#716,.T.);
#1408=EDGE_CURVE('',#1061,#1120,#227,.T.);
#1409=EDGE_CURVE('',#1059,#1120,#717,.T.);
#1410=EDGE_CURVE('',#1062,#1121,#228,.T.);
#1411=EDGE_CURVE('',#1121,#1122,#718,.T.);
#1412=EDGE_CURVE('',#1122,#1063,#229,.T.);
#1413=EDGE_CURVE('',#1121,#1123,#719,.T.);
#1414=EDGE_CURVE('',#1124,#1123,#720,.T.);
#1415=EDGE_CURVE('',#1122,#1124,#721,.T.);
#1416=EDGE_CURVE('',#1125,#1065,#230,.T.);
#1417=EDGE_CURVE('',#1064,#1126,#231,.T.);
#1418=EDGE_CURVE('',#1126,#1125,#722,.T.);
#1419=EDGE_CURVE('',#1116,#1127,#232,.T.);
#1420=EDGE_CURVE('',#1127,#1128,#723,.T.);
#1421=EDGE_CURVE('',#1128,#1117,#233,.T.);
#1422=EDGE_CURVE('',#1128,#1126,#724,.T.);
#1423=EDGE_CURVE('',#1127,#1125,#725,.T.);
#1424=EDGE_CURVE('',#1123,#1119,#234,.T.);
#1425=EDGE_CURVE('',#1118,#1124,#235,.T.);
#1426=EDGE_CURVE('',#1129,#1129,#236,.T.);
#1427=EDGE_CURVE('',#1129,#1130,#726,.T.);
#1428=EDGE_CURVE('',#1130,#1130,#237,.T.);
#1429=EDGE_CURVE('',#1131,#1131,#238,.T.);
#1430=EDGE_CURVE('',#1131,#1132,#727,.T.);
#1431=EDGE_CURVE('',#1132,#1132,#239,.T.);
#1432=EDGE_CURVE('',#1133,#1133,#240,.T.);
#1433=EDGE_CURVE('',#1133,#1014,#728,.T.);
#1434=EDGE_CURVE('',#1134,#1134,#241,.T.);
#1435=EDGE_CURVE('',#1134,#1013,#729,.T.);
#1436=EDGE_CURVE('',#995,#1012,#730,.T.);
#1437=EDGE_CURVE('',#1135,#1135,#242,.T.);
#1438=EDGE_CURVE('',#1135,#1011,#731,.T.);
#1439=EDGE_CURVE('',#1136,#1136,#243,.T.);
#1440=EDGE_CURVE('',#1136,#1010,#732,.T.);
#1441=EDGE_CURVE('',#1137,#1137,#244,.T.);
#1442=EDGE_CURVE('',#1137,#1009,#733,.T.);
#1443=EDGE_CURVE('',#1138,#1138,#245,.T.);
#1444=EDGE_CURVE('',#1138,#1008,#734,.T.);
#1445=EDGE_CURVE('',#1139,#1139,#246,.T.);
#1446=EDGE_CURVE('',#1140,#1140,#247,.T.);
#1447=EDGE_CURVE('',#1141,#1141,#248,.T.);
#1448=EDGE_CURVE('',#1142,#1142,#249,.T.);
#1449=EDGE_CURVE('',#1143,#1143,#250,.T.);
#1450=EDGE_CURVE('',#1144,#1144,#251,.T.);
#1451=EDGE_CURVE('',#1145,#1086,#735,.T.);
#1452=EDGE_CURVE('',#1104,#1145,#252,.T.);
#1453=EDGE_CURVE('',#1146,#1096,#736,.T.);
#1454=EDGE_CURVE('',#1112,#1146,#253,.T.);
#1455=EDGE_CURVE('',#1147,#1106,#737,.T.);
#1456=EDGE_CURVE('',#1084,#1147,#254,.T.);
#1457=EDGE_CURVE('',#1148,#1074,#738,.T.);
#1458=EDGE_CURVE('',#1094,#1148,#255,.T.);
#1459=EDGE_CURVE('',#1149,#1149,#256,.T.);
#1460=EDGE_CURVE('',#1150,#1077,#739,.T.);
#1461=EDGE_CURVE('',#1148,#1150,#740,.T.);
#1462=EDGE_CURVE('',#1151,#1109,#741,.T.);
#1463=EDGE_CURVE('',#1147,#1151,#742,.T.);
#1464=EDGE_CURVE('',#1152,#1099,#743,.T.);
#1465=EDGE_CURVE('',#1146,#1152,#744,.T.);
#1466=EDGE_CURVE('',#1153,#1089,#745,.T.);
#1467=EDGE_CURVE('',#1145,#1153,#746,.T.);
#1468=EDGE_CURVE('',#1154,#1154,#257,.T.);
#1469=EDGE_CURVE('',#1154,#1149,#747,.T.);
#1470=EDGE_CURVE('',#1095,#1150,#258,.T.);
#1471=EDGE_CURVE('',#1085,#1151,#259,.T.);
#1472=EDGE_CURVE('',#1113,#1152,#260,.T.);
#1473=EDGE_CURVE('',#1105,#1153,#261,.T.);
#1474=EDGE_CURVE('',#1155,#1155,#262,.T.);
#1475=EDGE_CURVE('',#1155,#1144,#748,.T.);
#1476=EDGE_CURVE('',#1156,#1156,#263,.T.);
#1477=EDGE_CURVE('',#1156,#1143,#749,.T.);
#1478=EDGE_CURVE('',#1157,#1157,#264,.T.);
#1479=EDGE_CURVE('',#1157,#1142,#750,.T.);
#1480=EDGE_CURVE('',#1158,#1158,#265,.T.);
#1481=EDGE_CURVE('',#1158,#1141,#751,.T.);
#1482=EDGE_CURVE('',#1159,#1159,#266,.T.);
#1483=EDGE_CURVE('',#1159,#1140,#752,.T.);
#1484=EDGE_CURVE('',#1160,#1160,#267,.T.);
#1485=EDGE_CURVE('',#1160,#1139,#753,.T.);
#1486=EDGE_CURVE('',#1161,#1161,#268,.T.);
#1487=EDGE_CURVE('',#1162,#1162,#269,.T.);
#1488=EDGE_CURVE('',#1163,#1163,#270,.T.);
#1489=EDGE_CURVE('',#1163,#1162,#754,.T.);
#1490=EDGE_CURVE('',#1164,#1164,#271,.T.);
#1491=EDGE_CURVE('',#1164,#1161,#755,.T.);
#1492=ORIENTED_EDGE('',*,*,#1165,.F.);
#1493=ORIENTED_EDGE('',*,*,#1166,.F.);
#1494=ORIENTED_EDGE('',*,*,#1167,.F.);
#1495=ORIENTED_EDGE('',*,*,#1168,.T.);
#1496=ORIENTED_EDGE('',*,*,#1169,.F.);
#1497=ORIENTED_EDGE('',*,*,#1168,.F.);
#1498=ORIENTED_EDGE('',*,*,#1170,.F.);
#1499=ORIENTED_EDGE('',*,*,#1171,.T.);
#1500=ORIENTED_EDGE('',*,*,#1170,.T.);
#1501=ORIENTED_EDGE('',*,*,#1167,.T.);
#1502=ORIENTED_EDGE('',*,*,#1172,.T.);
#1503=ORIENTED_EDGE('',*,*,#1173,.F.);
#1504=ORIENTED_EDGE('',*,*,#1171,.F.);
#1505=ORIENTED_EDGE('',*,*,#1172,.F.);
#1506=ORIENTED_EDGE('',*,*,#1166,.T.);
#1507=ORIENTED_EDGE('',*,*,#1174,.T.);
#1508=ORIENTED_EDGE('',*,*,#1175,.T.);
#1509=ORIENTED_EDGE('',*,*,#1176,.T.);
#1510=ORIENTED_EDGE('',*,*,#1176,.F.);
#1511=ORIENTED_EDGE('',*,*,#1177,.T.);
#1512=ORIENTED_EDGE('',*,*,#1178,.F.);
#1513=ORIENTED_EDGE('',*,*,#1179,.F.);
#1514=ORIENTED_EDGE('',*,*,#1174,.F.);
#1515=ORIENTED_EDGE('',*,*,#1179,.T.);
#1516=ORIENTED_EDGE('',*,*,#1180,.F.);
#1517=ORIENTED_EDGE('',*,*,#1181,.F.);
#1518=ORIENTED_EDGE('',*,*,#1175,.F.);
#1519=ORIENTED_EDGE('',*,*,#1181,.T.);
#1520=ORIENTED_EDGE('',*,*,#1182,.F.);
#1521=ORIENTED_EDGE('',*,*,#1177,.F.);
#1522=ORIENTED_EDGE('',*,*,#1183,.F.);
#1523=ORIENTED_EDGE('',*,*,#1184,.F.);
#1524=ORIENTED_EDGE('',*,*,#1185,.F.);
#1525=ORIENTED_EDGE('',*,*,#1186,.T.);
#1526=ORIENTED_EDGE('',*,*,#1187,.F.);
#1527=ORIENTED_EDGE('',*,*,#1186,.F.);
#1528=ORIENTED_EDGE('',*,*,#1188,.F.);
#1529=ORIENTED_EDGE('',*,*,#1189,.T.);
#1530=ORIENTED_EDGE('',*,*,#1190,.T.);
#1531=ORIENTED_EDGE('',*,*,#1188,.T.);
#1532=ORIENTED_EDGE('',*,*,#1185,.T.);
#1533=ORIENTED_EDGE('',*,*,#1191,.F.);
#1534=ORIENTED_EDGE('',*,*,#1189,.F.);
#1535=ORIENTED_EDGE('',*,*,#1190,.F.);
#1536=ORIENTED_EDGE('',*,*,#1184,.T.);
#1537=ORIENTED_EDGE('',*,*,#1192,.F.);
#1538=ORIENTED_EDGE('',*,*,#1193,.T.);
#1539=ORIENTED_EDGE('',*,*,#1194,.T.);
#1540=ORIENTED_EDGE('',*,*,#1195,.F.);
#1541=ORIENTED_EDGE('',*,*,#1196,.F.);
#1542=ORIENTED_EDGE('',*,*,#1195,.T.);
#1543=ORIENTED_EDGE('',*,*,#1197,.T.);
#1544=ORIENTED_EDGE('',*,*,#1198,.F.);
#1545=ORIENTED_EDGE('',*,*,#1199,.F.);
#1546=ORIENTED_EDGE('',*,*,#1198,.T.);
#1547=ORIENTED_EDGE('',*,*,#1200,.T.);
#1548=ORIENTED_EDGE('',*,*,#1193,.F.);
#1549=ORIENTED_EDGE('',*,*,#1197,.F.);
#1550=ORIENTED_EDGE('',*,*,#1194,.F.);
#1551=ORIENTED_EDGE('',*,*,#1200,.F.);
#1552=ORIENTED_EDGE('',*,*,#1201,.F.);
#1553=ORIENTED_EDGE('',*,*,#1202,.F.);
#1554=ORIENTED_EDGE('',*,*,#1203,.F.);
#1555=ORIENTED_EDGE('',*,*,#1204,.T.);
#1556=ORIENTED_EDGE('',*,*,#1205,.F.);
#1557=ORIENTED_EDGE('',*,*,#1204,.F.);
#1558=ORIENTED_EDGE('',*,*,#1206,.F.);
#1559=ORIENTED_EDGE('',*,*,#1207,.T.);
#1560=ORIENTED_EDGE('',*,*,#1208,.T.);
#1561=ORIENTED_EDGE('',*,*,#1206,.T.);
#1562=ORIENTED_EDGE('',*,*,#1203,.T.);
#1563=ORIENTED_EDGE('',*,*,#1209,.F.);
#1564=ORIENTED_EDGE('',*,*,#1207,.F.);
#1565=ORIENTED_EDGE('',*,*,#1208,.F.);
#1566=ORIENTED_EDGE('',*,*,#1202,.T.);
#1567=ORIENTED_EDGE('',*,*,#1210,.F.);
#1568=ORIENTED_EDGE('',*,*,#1211,.F.);
#1569=ORIENTED_EDGE('',*,*,#1212,.F.);
#1570=ORIENTED_EDGE('',*,*,#1213,.T.);
#1571=ORIENTED_EDGE('',*,*,#1214,.F.);
#1572=ORIENTED_EDGE('',*,*,#1213,.F.);
#1573=ORIENTED_EDGE('',*,*,#1215,.F.);
#1574=ORIENTED_EDGE('',*,*,#1216,.T.);
#1575=ORIENTED_EDGE('',*,*,#1215,.T.);
#1576=ORIENTED_EDGE('',*,*,#1212,.T.);
#1577=ORIENTED_EDGE('',*,*,#1217,.T.);
#1578=ORIENTED_EDGE('',*,*,#1218,.F.);
#1579=ORIENTED_EDGE('',*,*,#1216,.F.);
#1580=ORIENTED_EDGE('',*,*,#1217,.F.);
#1581=ORIENTED_EDGE('',*,*,#1211,.T.);
#1582=ORIENTED_EDGE('',*,*,#1219,.F.);
#1583=ORIENTED_EDGE('',*,*,#1220,.F.);
#1584=ORIENTED_EDGE('',*,*,#1221,.F.);
#1585=ORIENTED_EDGE('',*,*,#1222,.T.);
#1586=ORIENTED_EDGE('',*,*,#1223,.F.);
#1587=ORIENTED_EDGE('',*,*,#1222,.F.);
#1588=ORIENTED_EDGE('',*,*,#1224,.F.);
#1589=ORIENTED_EDGE('',*,*,#1225,.T.);
#1590=ORIENTED_EDGE('',*,*,#1224,.T.);
#1591=ORIENTED_EDGE('',*,*,#1221,.T.);
#1592=ORIENTED_EDGE('',*,*,#1226,.T.);
#1593=ORIENTED_EDGE('',*,*,#1227,.F.);
#1594=ORIENTED_EDGE('',*,*,#1225,.F.);
#1595=ORIENTED_EDGE('',*,*,#1226,.F.);
#1596=ORIENTED_EDGE('',*,*,#1220,.T.);
#1597=ORIENTED_EDGE('',*,*,#1228,.F.);
#1598=ORIENTED_EDGE('',*,*,#1229,.F.);
#1599=ORIENTED_EDGE('',*,*,#1230,.F.);
#1600=ORIENTED_EDGE('',*,*,#1231,.T.);
#1601=ORIENTED_EDGE('',*,*,#1232,.F.);
#1602=ORIENTED_EDGE('',*,*,#1231,.F.);
#1603=ORIENTED_EDGE('',*,*,#1233,.F.);
#1604=ORIENTED_EDGE('',*,*,#1234,.T.);
#1605=ORIENTED_EDGE('',*,*,#1235,.T.);
#1606=ORIENTED_EDGE('',*,*,#1233,.T.);
#1607=ORIENTED_EDGE('',*,*,#1230,.T.);
#1608=ORIENTED_EDGE('',*,*,#1236,.F.);
#1609=ORIENTED_EDGE('',*,*,#1234,.F.);
#1610=ORIENTED_EDGE('',*,*,#1235,.F.);
#1611=ORIENTED_EDGE('',*,*,#1229,.T.);
#1612=ORIENTED_EDGE('',*,*,#1237,.F.);
#1613=ORIENTED_EDGE('',*,*,#1238,.F.);
#1614=ORIENTED_EDGE('',*,*,#1239,.F.);
#1615=ORIENTED_EDGE('',*,*,#1240,.T.);
#1616=ORIENTED_EDGE('',*,*,#1238,.T.);
#1617=ORIENTED_EDGE('',*,*,#1240,.F.);
#1618=ORIENTED_EDGE('',*,*,#1241,.T.);
#1619=ORIENTED_EDGE('',*,*,#1242,.T.);
#1620=ORIENTED_EDGE('',*,*,#1243,.F.);
#1621=ORIENTED_EDGE('',*,*,#1244,.F.);
#1622=ORIENTED_EDGE('',*,*,#1245,.F.);
#1623=ORIENTED_EDGE('',*,*,#1246,.T.);
#1624=ORIENTED_EDGE('',*,*,#1242,.F.);
#1625=ORIENTED_EDGE('',*,*,#1247,.F.);
#1626=ORIENTED_EDGE('',*,*,#1248,.F.);
#1627=ORIENTED_EDGE('',*,*,#1249,.F.);
#1628=ORIENTED_EDGE('',*,*,#1250,.F.);
#1629=ORIENTED_EDGE('',*,*,#1251,.F.);
#1630=ORIENTED_EDGE('',*,*,#1252,.F.);
#1631=ORIENTED_EDGE('',*,*,#1253,.F.);
#1632=ORIENTED_EDGE('',*,*,#1254,.F.);
#1633=ORIENTED_EDGE('',*,*,#1255,.F.);
#1634=ORIENTED_EDGE('',*,*,#1256,.F.);
#1635=ORIENTED_EDGE('',*,*,#1257,.F.);
#1636=ORIENTED_EDGE('',*,*,#1258,.F.);
#1637=ORIENTED_EDGE('',*,*,#1259,.F.);
#1638=ORIENTED_EDGE('',*,*,#1260,.F.);
#1639=ORIENTED_EDGE('',*,*,#1261,.F.);
#1640=ORIENTED_EDGE('',*,*,#1262,.F.);
#1641=ORIENTED_EDGE('',*,*,#1263,.F.);
#1642=ORIENTED_EDGE('',*,*,#1264,.F.);
#1643=ORIENTED_EDGE('',*,*,#1265,.F.);
#1644=ORIENTED_EDGE('',*,*,#1266,.F.);
#1645=ORIENTED_EDGE('',*,*,#1267,.F.);
#1646=ORIENTED_EDGE('',*,*,#1268,.F.);
#1647=ORIENTED_EDGE('',*,*,#1269,.F.);
#1648=ORIENTED_EDGE('',*,*,#1270,.F.);
#1649=ORIENTED_EDGE('',*,*,#1271,.F.);
#1650=ORIENTED_EDGE('',*,*,#1272,.F.);
#1651=ORIENTED_EDGE('',*,*,#1273,.F.);
#1652=ORIENTED_EDGE('',*,*,#1274,.F.);
#1653=ORIENTED_EDGE('',*,*,#1275,.F.);
#1654=ORIENTED_EDGE('',*,*,#1276,.F.);
#1655=ORIENTED_EDGE('',*,*,#1277,.F.);
#1656=ORIENTED_EDGE('',*,*,#1278,.F.);
#1657=ORIENTED_EDGE('',*,*,#1279,.F.);
#1658=ORIENTED_EDGE('',*,*,#1280,.F.);
#1659=ORIENTED_EDGE('',*,*,#1281,.F.);
#1660=ORIENTED_EDGE('',*,*,#1282,.F.);
#1661=ORIENTED_EDGE('',*,*,#1280,.T.);
#1662=ORIENTED_EDGE('',*,*,#1283,.T.);
#1663=ORIENTED_EDGE('',*,*,#1284,.F.);
#1664=ORIENTED_EDGE('',*,*,#1285,.F.);
#1665=ORIENTED_EDGE('',*,*,#1279,.T.);
#1666=ORIENTED_EDGE('',*,*,#1286,.T.);
#1667=ORIENTED_EDGE('',*,*,#1287,.F.);
#1668=ORIENTED_EDGE('',*,*,#1283,.F.);
#1669=ORIENTED_EDGE('',*,*,#1278,.T.);
#1670=ORIENTED_EDGE('',*,*,#1288,.F.);
#1671=ORIENTED_EDGE('',*,*,#1289,.F.);
#1672=ORIENTED_EDGE('',*,*,#1286,.F.);
#1673=ORIENTED_EDGE('',*,*,#1274,.T.);
#1674=ORIENTED_EDGE('',*,*,#1290,.T.);
#1675=ORIENTED_EDGE('',*,*,#1291,.F.);
#1676=ORIENTED_EDGE('',*,*,#1292,.F.);
#1677=ORIENTED_EDGE('',*,*,#1273,.T.);
#1678=ORIENTED_EDGE('',*,*,#1293,.T.);
#1679=ORIENTED_EDGE('',*,*,#1294,.F.);
#1680=ORIENTED_EDGE('',*,*,#1290,.F.);
#1681=ORIENTED_EDGE('',*,*,#1272,.T.);
#1682=ORIENTED_EDGE('',*,*,#1295,.F.);
#1683=ORIENTED_EDGE('',*,*,#1296,.F.);
#1684=ORIENTED_EDGE('',*,*,#1293,.F.);
#1685=ORIENTED_EDGE('',*,*,#1268,.T.);
#1686=ORIENTED_EDGE('',*,*,#1297,.T.);
#1687=ORIENTED_EDGE('',*,*,#1298,.F.);
#1688=ORIENTED_EDGE('',*,*,#1299,.F.);
#1689=ORIENTED_EDGE('',*,*,#1267,.T.);
#1690=ORIENTED_EDGE('',*,*,#1300,.T.);
#1691=ORIENTED_EDGE('',*,*,#1301,.F.);
#1692=ORIENTED_EDGE('',*,*,#1297,.F.);
#1693=ORIENTED_EDGE('',*,*,#1266,.T.);
#1694=ORIENTED_EDGE('',*,*,#1302,.F.);
#1695=ORIENTED_EDGE('',*,*,#1303,.F.);
#1696=ORIENTED_EDGE('',*,*,#1300,.F.);
#1697=ORIENTED_EDGE('',*,*,#1262,.T.);
#1698=ORIENTED_EDGE('',*,*,#1304,.T.);
#1699=ORIENTED_EDGE('',*,*,#1305,.F.);
#1700=ORIENTED_EDGE('',*,*,#1306,.F.);
#1701=ORIENTED_EDGE('',*,*,#1261,.T.);
#1702=ORIENTED_EDGE('',*,*,#1307,.T.);
#1703=ORIENTED_EDGE('',*,*,#1308,.F.);
#1704=ORIENTED_EDGE('',*,*,#1304,.F.);
#1705=ORIENTED_EDGE('',*,*,#1260,.T.);
#1706=ORIENTED_EDGE('',*,*,#1309,.F.);
#1707=ORIENTED_EDGE('',*,*,#1310,.F.);
#1708=ORIENTED_EDGE('',*,*,#1307,.F.);
#1709=ORIENTED_EDGE('',*,*,#1251,.T.);
#1710=ORIENTED_EDGE('',*,*,#1311,.F.);
#1711=ORIENTED_EDGE('',*,*,#1312,.T.);
#1712=ORIENTED_EDGE('',*,*,#1313,.F.);
#1713=ORIENTED_EDGE('',*,*,#1243,.T.);
#1714=ORIENTED_EDGE('',*,*,#1314,.T.);
#1715=ORIENTED_EDGE('',*,*,#1315,.T.);
#1716=ORIENTED_EDGE('',*,*,#1316,.F.);
#1717=ORIENTED_EDGE('',*,*,#1317,.F.);
#1718=ORIENTED_EDGE('',*,*,#1246,.F.);
#1719=ORIENTED_EDGE('',*,*,#1250,.T.);
#1720=ORIENTED_EDGE('',*,*,#1318,.T.);
#1721=ORIENTED_EDGE('',*,*,#1319,.F.);
#1722=ORIENTED_EDGE('',*,*,#1311,.T.);
#1723=ORIENTED_EDGE('',*,*,#1249,.T.);
#1724=ORIENTED_EDGE('',*,*,#1320,.F.);
#1725=ORIENTED_EDGE('',*,*,#1321,.T.);
#1726=ORIENTED_EDGE('',*,*,#1322,.F.);
#1727=ORIENTED_EDGE('',*,*,#1323,.F.);
#1728=ORIENTED_EDGE('',*,*,#1324,.F.);
#1729=ORIENTED_EDGE('',*,*,#1325,.T.);
#1730=ORIENTED_EDGE('',*,*,#1318,.F.);
#1731=ORIENTED_EDGE('',*,*,#1191,.T.);
#1732=ORIENTED_EDGE('',*,*,#1183,.T.);
#1733=ORIENTED_EDGE('',*,*,#1187,.T.);
#1734=ORIENTED_EDGE('',*,*,#1209,.T.);
#1735=ORIENTED_EDGE('',*,*,#1201,.T.);
#1736=ORIENTED_EDGE('',*,*,#1205,.T.);
#1737=ORIENTED_EDGE('',*,*,#1236,.T.);
#1738=ORIENTED_EDGE('',*,*,#1228,.T.);
#1739=ORIENTED_EDGE('',*,*,#1232,.T.);
#1740=ORIENTED_EDGE('',*,*,#1263,.T.);
#1741=ORIENTED_EDGE('',*,*,#1306,.T.);
#1742=ORIENTED_EDGE('',*,*,#1326,.T.);
#1743=ORIENTED_EDGE('',*,*,#1327,.T.);
#1744=ORIENTED_EDGE('',*,*,#1275,.T.);
#1745=ORIENTED_EDGE('',*,*,#1292,.T.);
#1746=ORIENTED_EDGE('',*,*,#1328,.T.);
#1747=ORIENTED_EDGE('',*,*,#1329,.T.);
#1748=ORIENTED_EDGE('',*,*,#1277,.T.);
#1749=ORIENTED_EDGE('',*,*,#1330,.T.);
#1750=ORIENTED_EDGE('',*,*,#1331,.T.);
#1751=ORIENTED_EDGE('',*,*,#1288,.T.);
#1752=ORIENTED_EDGE('',*,*,#1282,.T.);
#1753=ORIENTED_EDGE('',*,*,#1332,.F.);
#1754=ORIENTED_EDGE('',*,*,#1333,.F.);
#1755=ORIENTED_EDGE('',*,*,#1330,.F.);
#1756=ORIENTED_EDGE('',*,*,#1271,.T.);
#1757=ORIENTED_EDGE('',*,*,#1334,.T.);
#1758=ORIENTED_EDGE('',*,*,#1335,.T.);
#1759=ORIENTED_EDGE('',*,*,#1295,.T.);
#1760=ORIENTED_EDGE('',*,*,#1276,.T.);
#1761=ORIENTED_EDGE('',*,*,#1329,.F.);
#1762=ORIENTED_EDGE('',*,*,#1336,.F.);
#1763=ORIENTED_EDGE('',*,*,#1334,.F.);
#1764=ORIENTED_EDGE('',*,*,#1281,.T.);
#1765=ORIENTED_EDGE('',*,*,#1285,.T.);
#1766=ORIENTED_EDGE('',*,*,#1337,.T.);
#1767=ORIENTED_EDGE('',*,*,#1332,.T.);
#1768=ORIENTED_EDGE('',*,*,#1265,.T.);
#1769=ORIENTED_EDGE('',*,*,#1338,.T.);
#1770=ORIENTED_EDGE('',*,*,#1339,.T.);
#1771=ORIENTED_EDGE('',*,*,#1302,.T.);
#1772=ORIENTED_EDGE('',*,*,#1270,.T.);
#1773=ORIENTED_EDGE('',*,*,#1340,.F.);
#1774=ORIENTED_EDGE('',*,*,#1341,.F.);
#1775=ORIENTED_EDGE('',*,*,#1338,.F.);
#1776=ORIENTED_EDGE('',*,*,#1269,.T.);
#1777=ORIENTED_EDGE('',*,*,#1299,.T.);
#1778=ORIENTED_EDGE('',*,*,#1342,.T.);
#1779=ORIENTED_EDGE('',*,*,#1340,.T.);
#1780=ORIENTED_EDGE('',*,*,#1259,.T.);
#1781=ORIENTED_EDGE('',*,*,#1343,.T.);
#1782=ORIENTED_EDGE('',*,*,#1344,.T.);
#1783=ORIENTED_EDGE('',*,*,#1309,.T.);
#1784=ORIENTED_EDGE('',*,*,#1264,.T.);
#1785=ORIENTED_EDGE('',*,*,#1327,.F.);
#1786=ORIENTED_EDGE('',*,*,#1345,.F.);
#1787=ORIENTED_EDGE('',*,*,#1343,.F.);
#1788=ORIENTED_EDGE('',*,*,#1346,.T.);
#1789=ORIENTED_EDGE('',*,*,#1347,.T.);
#1790=ORIENTED_EDGE('',*,*,#1348,.T.);
#1791=ORIENTED_EDGE('',*,*,#1349,.T.);
#1792=ORIENTED_EDGE('',*,*,#1347,.F.);
#1793=ORIENTED_EDGE('',*,*,#1350,.T.);
#1794=ORIENTED_EDGE('',*,*,#1351,.F.);
#1795=ORIENTED_EDGE('',*,*,#1352,.F.);
#1796=ORIENTED_EDGE('',*,*,#1353,.T.);
#1797=ORIENTED_EDGE('',*,*,#1354,.T.);
#1798=ORIENTED_EDGE('',*,*,#1355,.T.);
#1799=ORIENTED_EDGE('',*,*,#1356,.T.);
#1800=ORIENTED_EDGE('',*,*,#1354,.F.);
#1801=ORIENTED_EDGE('',*,*,#1357,.T.);
#1802=ORIENTED_EDGE('',*,*,#1358,.T.);
#1803=ORIENTED_EDGE('',*,*,#1359,.F.);
#1804=ORIENTED_EDGE('',*,*,#1360,.T.);
#1805=ORIENTED_EDGE('',*,*,#1361,.T.);
#1806=ORIENTED_EDGE('',*,*,#1362,.T.);
#1807=ORIENTED_EDGE('',*,*,#1363,.T.);
#1808=ORIENTED_EDGE('',*,*,#1361,.F.);
#1809=ORIENTED_EDGE('',*,*,#1364,.T.);
#1810=ORIENTED_EDGE('',*,*,#1365,.F.);
#1811=ORIENTED_EDGE('',*,*,#1366,.F.);
#1812=ORIENTED_EDGE('',*,*,#1367,.T.);
#1813=ORIENTED_EDGE('',*,*,#1368,.T.);
#1814=ORIENTED_EDGE('',*,*,#1369,.T.);
#1815=ORIENTED_EDGE('',*,*,#1351,.T.);
#1816=ORIENTED_EDGE('',*,*,#1368,.F.);
#1817=ORIENTED_EDGE('',*,*,#1370,.T.);
#1818=ORIENTED_EDGE('',*,*,#1371,.T.);
#1819=ORIENTED_EDGE('',*,*,#1372,.F.);
#1820=ORIENTED_EDGE('',*,*,#1373,.T.);
#1821=ORIENTED_EDGE('',*,*,#1374,.T.);
#1822=ORIENTED_EDGE('',*,*,#1375,.T.);
#1823=ORIENTED_EDGE('',*,*,#1376,.T.);
#1824=ORIENTED_EDGE('',*,*,#1374,.F.);
#1825=ORIENTED_EDGE('',*,*,#1377,.T.);
#1826=ORIENTED_EDGE('',*,*,#1378,.F.);
#1827=ORIENTED_EDGE('',*,*,#1379,.F.);
#1828=ORIENTED_EDGE('',*,*,#1380,.T.);
#1829=ORIENTED_EDGE('',*,*,#1381,.T.);
#1830=ORIENTED_EDGE('',*,*,#1382,.T.);
#1831=ORIENTED_EDGE('',*,*,#1365,.T.);
#1832=ORIENTED_EDGE('',*,*,#1381,.F.);
#1833=ORIENTED_EDGE('',*,*,#1383,.T.);
#1834=ORIENTED_EDGE('',*,*,#1384,.T.);
#1835=ORIENTED_EDGE('',*,*,#1385,.F.);
#1836=ORIENTED_EDGE('',*,*,#1386,.T.);
#1837=ORIENTED_EDGE('',*,*,#1387,.T.);
#1838=ORIENTED_EDGE('',*,*,#1388,.T.);
#1839=ORIENTED_EDGE('',*,*,#1389,.T.);
#1840=ORIENTED_EDGE('',*,*,#1356,.F.);
#1841=ORIENTED_EDGE('',*,*,#1390,.F.);
#1842=ORIENTED_EDGE('',*,*,#1387,.F.);
#1843=ORIENTED_EDGE('',*,*,#1391,.T.);
#1844=ORIENTED_EDGE('',*,*,#1392,.T.);
#1845=ORIENTED_EDGE('',*,*,#1393,.T.);
#1846=ORIENTED_EDGE('',*,*,#1394,.T.);
#1847=ORIENTED_EDGE('',*,*,#1378,.T.);
#1848=ORIENTED_EDGE('',*,*,#1393,.F.);
#1849=ORIENTED_EDGE('',*,*,#1395,.T.);
#1850=ORIENTED_EDGE('',*,*,#1396,.T.);
#1851=ORIENTED_EDGE('',*,*,#1397,.F.);
#1852=ORIENTED_EDGE('',*,*,#1313,.T.);
#1853=ORIENTED_EDGE('',*,*,#1398,.F.);
#1854=ORIENTED_EDGE('',*,*,#1399,.T.);
#1855=ORIENTED_EDGE('',*,*,#1400,.T.);
#1856=ORIENTED_EDGE('',*,*,#1244,.T.);
#1857=ORIENTED_EDGE('',*,*,#1399,.F.);
#1858=ORIENTED_EDGE('',*,*,#1401,.T.);
#1859=ORIENTED_EDGE('',*,*,#1402,.F.);
#1860=ORIENTED_EDGE('',*,*,#1403,.F.);
#1861=ORIENTED_EDGE('',*,*,#1404,.F.);
#1862=ORIENTED_EDGE('',*,*,#1405,.T.);
#1863=ORIENTED_EDGE('',*,*,#1315,.F.);
#1864=ORIENTED_EDGE('',*,*,#1406,.T.);
#1865=ORIENTED_EDGE('',*,*,#1173,.T.);
#1866=ORIENTED_EDGE('',*,*,#1165,.T.);
#1867=ORIENTED_EDGE('',*,*,#1169,.T.);
#1868=ORIENTED_EDGE('',*,*,#1218,.T.);
#1869=ORIENTED_EDGE('',*,*,#1210,.T.);
#1870=ORIENTED_EDGE('',*,*,#1214,.T.);
#1871=ORIENTED_EDGE('',*,*,#1227,.T.);
#1872=ORIENTED_EDGE('',*,*,#1219,.T.);
#1873=ORIENTED_EDGE('',*,*,#1223,.T.);
#1874=ORIENTED_EDGE('',*,*,#1248,.T.);
#1875=ORIENTED_EDGE('',*,*,#1407,.T.);
#1876=ORIENTED_EDGE('',*,*,#1408,.F.);
#1877=ORIENTED_EDGE('',*,*,#1320,.T.);
#1878=ORIENTED_EDGE('',*,*,#1247,.T.);
#1879=ORIENTED_EDGE('',*,*,#1241,.F.);
#1880=ORIENTED_EDGE('',*,*,#1317,.T.);
#1881=ORIENTED_EDGE('',*,*,#1409,.T.);
#1882=ORIENTED_EDGE('',*,*,#1407,.F.);
#1883=ORIENTED_EDGE('',*,*,#1410,.T.);
#1884=ORIENTED_EDGE('',*,*,#1411,.T.);
#1885=ORIENTED_EDGE('',*,*,#1412,.T.);
#1886=ORIENTED_EDGE('',*,*,#1322,.T.);
#1887=ORIENTED_EDGE('',*,*,#1411,.F.);
#1888=ORIENTED_EDGE('',*,*,#1413,.T.);
#1889=ORIENTED_EDGE('',*,*,#1414,.F.);
#1890=ORIENTED_EDGE('',*,*,#1415,.F.);
#1891=ORIENTED_EDGE('',*,*,#1416,.T.);
#1892=ORIENTED_EDGE('',*,*,#1324,.T.);
#1893=ORIENTED_EDGE('',*,*,#1417,.T.);
#1894=ORIENTED_EDGE('',*,*,#1418,.T.);
#1895=ORIENTED_EDGE('',*,*,#1419,.T.);
#1896=ORIENTED_EDGE('',*,*,#1420,.T.);
#1897=ORIENTED_EDGE('',*,*,#1421,.T.);
#1898=ORIENTED_EDGE('',*,*,#1402,.T.);
#1899=ORIENTED_EDGE('',*,*,#1418,.F.);
#1900=ORIENTED_EDGE('',*,*,#1422,.F.);
#1901=ORIENTED_EDGE('',*,*,#1420,.F.);
#1902=ORIENTED_EDGE('',*,*,#1423,.T.);
#1903=ORIENTED_EDGE('',*,*,#1424,.T.);
#1904=ORIENTED_EDGE('',*,*,#1404,.T.);
#1905=ORIENTED_EDGE('',*,*,#1425,.T.);
#1906=ORIENTED_EDGE('',*,*,#1414,.T.);
#1907=ORIENTED_EDGE('',*,*,#1398,.T.);
#1908=ORIENTED_EDGE('',*,*,#1312,.F.);
#1909=ORIENTED_EDGE('',*,*,#1319,.T.);
#1910=ORIENTED_EDGE('',*,*,#1325,.F.);
#1911=ORIENTED_EDGE('',*,*,#1416,.F.);
#1912=ORIENTED_EDGE('',*,*,#1423,.F.);
#1913=ORIENTED_EDGE('',*,*,#1419,.F.);
#1914=ORIENTED_EDGE('',*,*,#1401,.F.);
#1915=ORIENTED_EDGE('',*,*,#1316,.T.);
#1916=ORIENTED_EDGE('',*,*,#1405,.F.);
#1917=ORIENTED_EDGE('',*,*,#1424,.F.);
#1918=ORIENTED_EDGE('',*,*,#1413,.F.);
#1919=ORIENTED_EDGE('',*,*,#1410,.F.);
#1920=ORIENTED_EDGE('',*,*,#1321,.F.);
#1921=ORIENTED_EDGE('',*,*,#1408,.T.);
#1922=ORIENTED_EDGE('',*,*,#1409,.F.);
#1923=ORIENTED_EDGE('',*,*,#1426,.T.);
#1924=ORIENTED_EDGE('',*,*,#1427,.T.);
#1925=ORIENTED_EDGE('',*,*,#1428,.T.);
#1926=ORIENTED_EDGE('',*,*,#1427,.F.);
#1927=ORIENTED_EDGE('',*,*,#1429,.F.);
#1928=ORIENTED_EDGE('',*,*,#1430,.T.);
#1929=ORIENTED_EDGE('',*,*,#1431,.F.);
#1930=ORIENTED_EDGE('',*,*,#1430,.F.);
#1931=ORIENTED_EDGE('',*,*,#1245,.T.);
#1932=ORIENTED_EDGE('',*,*,#1400,.F.);
#1933=ORIENTED_EDGE('',*,*,#1406,.F.);
#1934=ORIENTED_EDGE('',*,*,#1314,.F.);
#1935=ORIENTED_EDGE('',*,*,#1192,.T.);
#1936=ORIENTED_EDGE('',*,*,#1196,.T.);
#1937=ORIENTED_EDGE('',*,*,#1199,.T.);
#1938=ORIENTED_EDGE('',*,*,#1428,.F.);
#1939=ORIENTED_EDGE('',*,*,#1432,.F.);
#1940=ORIENTED_EDGE('',*,*,#1433,.T.);
#1941=ORIENTED_EDGE('',*,*,#1258,.T.);
#1942=ORIENTED_EDGE('',*,*,#1433,.F.);
#1943=ORIENTED_EDGE('',*,*,#1434,.F.);
#1944=ORIENTED_EDGE('',*,*,#1435,.T.);
#1945=ORIENTED_EDGE('',*,*,#1257,.T.);
#1946=ORIENTED_EDGE('',*,*,#1435,.F.);
#1947=ORIENTED_EDGE('',*,*,#1237,.T.);
#1948=ORIENTED_EDGE('',*,*,#1436,.T.);
#1949=ORIENTED_EDGE('',*,*,#1256,.T.);
#1950=ORIENTED_EDGE('',*,*,#1436,.F.);
#1951=ORIENTED_EDGE('',*,*,#1437,.F.);
#1952=ORIENTED_EDGE('',*,*,#1438,.T.);
#1953=ORIENTED_EDGE('',*,*,#1255,.T.);
#1954=ORIENTED_EDGE('',*,*,#1438,.F.);
#1955=ORIENTED_EDGE('',*,*,#1439,.F.);
#1956=ORIENTED_EDGE('',*,*,#1440,.T.);
#1957=ORIENTED_EDGE('',*,*,#1254,.T.);
#1958=ORIENTED_EDGE('',*,*,#1440,.F.);
#1959=ORIENTED_EDGE('',*,*,#1441,.F.);
#1960=ORIENTED_EDGE('',*,*,#1442,.T.);
#1961=ORIENTED_EDGE('',*,*,#1253,.T.);
#1962=ORIENTED_EDGE('',*,*,#1442,.F.);
#1963=ORIENTED_EDGE('',*,*,#1443,.F.);
#1964=ORIENTED_EDGE('',*,*,#1444,.T.);
#1965=ORIENTED_EDGE('',*,*,#1252,.T.);
#1966=ORIENTED_EDGE('',*,*,#1444,.F.);
#1967=ORIENTED_EDGE('',*,*,#1431,.T.);
#1968=ORIENTED_EDGE('',*,*,#1239,.T.);
#1969=ORIENTED_EDGE('',*,*,#1298,.T.);
#1970=ORIENTED_EDGE('',*,*,#1301,.T.);
#1971=ORIENTED_EDGE('',*,*,#1303,.T.);
#1972=ORIENTED_EDGE('',*,*,#1339,.F.);
#1973=ORIENTED_EDGE('',*,*,#1341,.T.);
#1974=ORIENTED_EDGE('',*,*,#1342,.F.);
#1975=ORIENTED_EDGE('',*,*,#1443,.T.);
#1976=ORIENTED_EDGE('',*,*,#1441,.T.);
#1977=ORIENTED_EDGE('',*,*,#1439,.T.);
#1978=ORIENTED_EDGE('',*,*,#1437,.T.);
#1979=ORIENTED_EDGE('',*,*,#1434,.T.);
#1980=ORIENTED_EDGE('',*,*,#1291,.T.);
#1981=ORIENTED_EDGE('',*,*,#1294,.T.);
#1982=ORIENTED_EDGE('',*,*,#1296,.T.);
#1983=ORIENTED_EDGE('',*,*,#1335,.F.);
#1984=ORIENTED_EDGE('',*,*,#1336,.T.);
#1985=ORIENTED_EDGE('',*,*,#1328,.F.);
#1986=ORIENTED_EDGE('',*,*,#1305,.T.);
#1987=ORIENTED_EDGE('',*,*,#1308,.T.);
#1988=ORIENTED_EDGE('',*,*,#1310,.T.);
#1989=ORIENTED_EDGE('',*,*,#1344,.F.);
#1990=ORIENTED_EDGE('',*,*,#1345,.T.);
#1991=ORIENTED_EDGE('',*,*,#1326,.F.);
#1992=ORIENTED_EDGE('',*,*,#1284,.T.);
#1993=ORIENTED_EDGE('',*,*,#1287,.T.);
#1994=ORIENTED_EDGE('',*,*,#1289,.T.);
#1995=ORIENTED_EDGE('',*,*,#1331,.F.);
#1996=ORIENTED_EDGE('',*,*,#1333,.T.);
#1997=ORIENTED_EDGE('',*,*,#1337,.F.);
#1998=ORIENTED_EDGE('',*,*,#1432,.T.);
#1999=ORIENTED_EDGE('',*,*,#1426,.F.);
#2000=ORIENTED_EDGE('',*,*,#1445,.F.);
#2001=ORIENTED_EDGE('',*,*,#1446,.F.);
#2002=ORIENTED_EDGE('',*,*,#1447,.F.);
#2003=ORIENTED_EDGE('',*,*,#1448,.F.);
#2004=ORIENTED_EDGE('',*,*,#1449,.F.);
#2005=ORIENTED_EDGE('',*,*,#1450,.F.);
#2006=ORIENTED_EDGE('',*,*,#1360,.F.);
#2007=ORIENTED_EDGE('',*,*,#1451,.F.);
#2008=ORIENTED_EDGE('',*,*,#1452,.F.);
#2009=ORIENTED_EDGE('',*,*,#1383,.F.);
#2010=ORIENTED_EDGE('',*,*,#1380,.F.);
#2011=ORIENTED_EDGE('',*,*,#1364,.F.);
#2012=ORIENTED_EDGE('',*,*,#1373,.F.);
#2013=ORIENTED_EDGE('',*,*,#1453,.F.);
#2014=ORIENTED_EDGE('',*,*,#1454,.F.);
#2015=ORIENTED_EDGE('',*,*,#1395,.F.);
#2016=ORIENTED_EDGE('',*,*,#1392,.F.);
#2017=ORIENTED_EDGE('',*,*,#1377,.F.);
#2018=ORIENTED_EDGE('',*,*,#1386,.F.);
#2019=ORIENTED_EDGE('',*,*,#1455,.F.);
#2020=ORIENTED_EDGE('',*,*,#1456,.F.);
#2021=ORIENTED_EDGE('',*,*,#1357,.F.);
#2022=ORIENTED_EDGE('',*,*,#1353,.F.);
#2023=ORIENTED_EDGE('',*,*,#1391,.F.);
#2024=ORIENTED_EDGE('',*,*,#1346,.F.);
#2025=ORIENTED_EDGE('',*,*,#1457,.F.);
#2026=ORIENTED_EDGE('',*,*,#1458,.F.);
#2027=ORIENTED_EDGE('',*,*,#1370,.F.);
#2028=ORIENTED_EDGE('',*,*,#1367,.F.);
#2029=ORIENTED_EDGE('',*,*,#1350,.F.);
#2030=ORIENTED_EDGE('',*,*,#1459,.F.);
#2031=ORIENTED_EDGE('',*,*,#1349,.F.);
#2032=ORIENTED_EDGE('',*,*,#1460,.F.);
#2033=ORIENTED_EDGE('',*,*,#1461,.F.);
#2034=ORIENTED_EDGE('',*,*,#1457,.T.);
#2035=ORIENTED_EDGE('',*,*,#1389,.F.);
#2036=ORIENTED_EDGE('',*,*,#1462,.F.);
#2037=ORIENTED_EDGE('',*,*,#1463,.F.);
#2038=ORIENTED_EDGE('',*,*,#1455,.T.);
#2039=ORIENTED_EDGE('',*,*,#1376,.F.);
#2040=ORIENTED_EDGE('',*,*,#1464,.F.);
#2041=ORIENTED_EDGE('',*,*,#1465,.F.);
#2042=ORIENTED_EDGE('',*,*,#1453,.T.);
#2043=ORIENTED_EDGE('',*,*,#1363,.F.);
#2044=ORIENTED_EDGE('',*,*,#1466,.F.);
#2045=ORIENTED_EDGE('',*,*,#1467,.F.);
#2046=ORIENTED_EDGE('',*,*,#1451,.T.);
#2047=ORIENTED_EDGE('',*,*,#1468,.F.);
#2048=ORIENTED_EDGE('',*,*,#1469,.T.);
#2049=ORIENTED_EDGE('',*,*,#1459,.T.);
#2050=ORIENTED_EDGE('',*,*,#1469,.F.);
#2051=ORIENTED_EDGE('',*,*,#1458,.T.);
#2052=ORIENTED_EDGE('',*,*,#1461,.T.);
#2053=ORIENTED_EDGE('',*,*,#1470,.F.);
#2054=ORIENTED_EDGE('',*,*,#1371,.F.);
#2055=ORIENTED_EDGE('',*,*,#1456,.T.);
#2056=ORIENTED_EDGE('',*,*,#1463,.T.);
#2057=ORIENTED_EDGE('',*,*,#1471,.F.);
#2058=ORIENTED_EDGE('',*,*,#1358,.F.);
#2059=ORIENTED_EDGE('',*,*,#1454,.T.);
#2060=ORIENTED_EDGE('',*,*,#1465,.T.);
#2061=ORIENTED_EDGE('',*,*,#1472,.F.);
#2062=ORIENTED_EDGE('',*,*,#1396,.F.);
#2063=ORIENTED_EDGE('',*,*,#1452,.T.);
#2064=ORIENTED_EDGE('',*,*,#1467,.T.);
#2065=ORIENTED_EDGE('',*,*,#1473,.F.);
#2066=ORIENTED_EDGE('',*,*,#1384,.F.);
#2067=ORIENTED_EDGE('',*,*,#1474,.F.);
#2068=ORIENTED_EDGE('',*,*,#1475,.T.);
#2069=ORIENTED_EDGE('',*,*,#1450,.T.);
#2070=ORIENTED_EDGE('',*,*,#1475,.F.);
#2071=ORIENTED_EDGE('',*,*,#1476,.F.);
#2072=ORIENTED_EDGE('',*,*,#1477,.T.);
#2073=ORIENTED_EDGE('',*,*,#1449,.T.);
#2074=ORIENTED_EDGE('',*,*,#1477,.F.);
#2075=ORIENTED_EDGE('',*,*,#1478,.F.);
#2076=ORIENTED_EDGE('',*,*,#1479,.T.);
#2077=ORIENTED_EDGE('',*,*,#1448,.T.);
#2078=ORIENTED_EDGE('',*,*,#1479,.F.);
#2079=ORIENTED_EDGE('',*,*,#1480,.F.);
#2080=ORIENTED_EDGE('',*,*,#1481,.T.);
#2081=ORIENTED_EDGE('',*,*,#1447,.T.);
#2082=ORIENTED_EDGE('',*,*,#1481,.F.);
#2083=ORIENTED_EDGE('',*,*,#1482,.F.);
#2084=ORIENTED_EDGE('',*,*,#1483,.T.);
#2085=ORIENTED_EDGE('',*,*,#1446,.T.);
#2086=ORIENTED_EDGE('',*,*,#1483,.F.);
#2087=ORIENTED_EDGE('',*,*,#1484,.F.);
#2088=ORIENTED_EDGE('',*,*,#1485,.T.);
#2089=ORIENTED_EDGE('',*,*,#1445,.T.);
#2090=ORIENTED_EDGE('',*,*,#1485,.F.);
#2091=ORIENTED_EDGE('',*,*,#1403,.T.);
#2092=ORIENTED_EDGE('',*,*,#1421,.F.);
#2093=ORIENTED_EDGE('',*,*,#1422,.T.);
#2094=ORIENTED_EDGE('',*,*,#1417,.F.);
#2095=ORIENTED_EDGE('',*,*,#1323,.T.);
#2096=ORIENTED_EDGE('',*,*,#1412,.F.);
#2097=ORIENTED_EDGE('',*,*,#1415,.T.);
#2098=ORIENTED_EDGE('',*,*,#1425,.F.);
#2099=ORIENTED_EDGE('',*,*,#1178,.T.);
#2100=ORIENTED_EDGE('',*,*,#1182,.T.);
#2101=ORIENTED_EDGE('',*,*,#1180,.T.);
#2102=ORIENTED_EDGE('',*,*,#1429,.T.);
#2103=ORIENTED_EDGE('',*,*,#1484,.T.);
#2104=ORIENTED_EDGE('',*,*,#1482,.T.);
#2105=ORIENTED_EDGE('',*,*,#1480,.T.);
#2106=ORIENTED_EDGE('',*,*,#1478,.T.);
#2107=ORIENTED_EDGE('',*,*,#1476,.T.);
#2108=ORIENTED_EDGE('',*,*,#1474,.T.);
#2109=ORIENTED_EDGE('',*,*,#1366,.T.);
#2110=ORIENTED_EDGE('',*,*,#1382,.F.);
#2111=ORIENTED_EDGE('',*,*,#1385,.T.);
#2112=ORIENTED_EDGE('',*,*,#1473,.T.);
#2113=ORIENTED_EDGE('',*,*,#1466,.T.);
#2114=ORIENTED_EDGE('',*,*,#1362,.F.);
#2115=ORIENTED_EDGE('',*,*,#1379,.T.);
#2116=ORIENTED_EDGE('',*,*,#1394,.F.);
#2117=ORIENTED_EDGE('',*,*,#1397,.T.);
#2118=ORIENTED_EDGE('',*,*,#1472,.T.);
#2119=ORIENTED_EDGE('',*,*,#1464,.T.);
#2120=ORIENTED_EDGE('',*,*,#1375,.F.);
#2121=ORIENTED_EDGE('',*,*,#1390,.T.);
#2122=ORIENTED_EDGE('',*,*,#1355,.F.);
#2123=ORIENTED_EDGE('',*,*,#1359,.T.);
#2124=ORIENTED_EDGE('',*,*,#1471,.T.);
#2125=ORIENTED_EDGE('',*,*,#1462,.T.);
#2126=ORIENTED_EDGE('',*,*,#1388,.F.);
#2127=ORIENTED_EDGE('',*,*,#1352,.T.);
#2128=ORIENTED_EDGE('',*,*,#1369,.F.);
#2129=ORIENTED_EDGE('',*,*,#1372,.T.);
#2130=ORIENTED_EDGE('',*,*,#1470,.T.);
#2131=ORIENTED_EDGE('',*,*,#1460,.T.);
#2132=ORIENTED_EDGE('',*,*,#1348,.F.);
#2133=ORIENTED_EDGE('',*,*,#1468,.T.);
#2134=ORIENTED_EDGE('',*,*,#1486,.F.);
#2135=ORIENTED_EDGE('',*,*,#1487,.F.);
#2136=ORIENTED_EDGE('',*,*,#1488,.F.);
#2137=ORIENTED_EDGE('',*,*,#1489,.T.);
#2138=ORIENTED_EDGE('',*,*,#1487,.T.);
#2139=ORIENTED_EDGE('',*,*,#1489,.F.);
#2140=ORIENTED_EDGE('',*,*,#1490,.F.);
#2141=ORIENTED_EDGE('',*,*,#1491,.T.);
#2142=ORIENTED_EDGE('',*,*,#1486,.T.);
#2143=ORIENTED_EDGE('',*,*,#1491,.F.);
#2144=ORIENTED_EDGE('',*,*,#1490,.T.);
#2145=ORIENTED_EDGE('',*,*,#1488,.T.);
#2146=PLANE('',#2347);
#2147=PLANE('',#2349);
#2148=PLANE('',#2351);
#2149=PLANE('',#2352);
#2150=PLANE('',#2354);
#2151=PLANE('',#2355);
#2152=PLANE('',#2356);
#2153=PLANE('',#2357);
#2154=PLANE('',#2358);
#2155=PLANE('',#2360);
#2156=PLANE('',#2362);
#2157=PLANE('',#2363);
#2158=PLANE('',#2365);
#2159=PLANE('',#2366);
#2160=PLANE('',#2367);
#2161=PLANE('',#2368);
#2162=PLANE('',#2369);
#2163=PLANE('',#2371);
#2164=PLANE('',#2373);
#2165=PLANE('',#2374);
#2166=PLANE('',#2376);
#2167=PLANE('',#2378);
#2168=PLANE('',#2380);
#2169=PLANE('',#2381);
#2170=PLANE('',#2383);
#2171=PLANE('',#2385);
#2172=PLANE('',#2387);
#2173=PLANE('',#2388);
#2174=PLANE('',#2390);
#2175=PLANE('',#2392);
#2176=PLANE('',#2394);
#2177=PLANE('',#2395);
#2178=PLANE('',#2397);
#2179=PLANE('',#2405);
#2180=PLANE('',#2432);
#2181=PLANE('',#2435);
#2182=PLANE('',#2436);
#2183=PLANE('',#2439);
#2184=PLANE('',#2440);
#2185=PLANE('',#2443);
#2186=PLANE('',#2444);
#2187=PLANE('',#2447);
#2188=PLANE('',#2448);
#2189=PLANE('',#2491);
#2190=PLANE('',#2501);
#2191=PLANE('',#2511);
#2192=PLANE('',#2521);
#2193=PLANE('',#2532);
#2194=PLANE('',#2536);
#2195=PLANE('',#2543);
#2196=PLANE('',#2547);
#2197=PLANE('',#2548);
#2198=PLANE('',#2555);
#2199=PLANE('',#2569);
#2200=PLANE('',#2570);
#2201=PLANE('',#2582);
#2202=PLANE('',#2583);
#2203=PLANE('',#2584);
#2204=PLANE('',#2585);
#2205=PLANE('',#2608);
#2206=PLANE('',#2609);
#2207=PLANE('',#2616);
#2208=ADVANCED_FACE('',(#272),#2146,.F.);
#2209=ADVANCED_FACE('',(#273),#2147,.F.);
#2210=ADVANCED_FACE('',(#274),#2148,.T.);
#2211=ADVANCED_FACE('',(#275),#2149,.F.);
#2212=ADVANCED_FACE('',(#276),#2150,.T.);
#2213=ADVANCED_FACE('',(#277),#2151,.F.);
#2214=ADVANCED_FACE('',(#278),#2152,.F.);
#2215=ADVANCED_FACE('',(#279),#2153,.F.);
#2216=ADVANCED_FACE('',(#280),#2154,.F.);
#2217=ADVANCED_FACE('',(#281),#2155,.F.);
#2218=ADVANCED_FACE('',(#282),#2156,.T.);
#2219=ADVANCED_FACE('',(#283),#2157,.F.);
#2220=ADVANCED_FACE('',(#284),#2158,.F.);
#2221=ADVANCED_FACE('',(#285),#2159,.F.);
#2222=ADVANCED_FACE('',(#286),#2160,.F.);
#2223=ADVANCED_FACE('',(#287),#2161,.F.);
#2224=ADVANCED_FACE('',(#288),#2162,.F.);
#2225=ADVANCED_FACE('',(#289),#2163,.F.);
#2226=ADVANCED_FACE('',(#290),#2164,.T.);
#2227=ADVANCED_FACE('',(#291),#2165,.F.);
#2228=ADVANCED_FACE('',(#292),#2166,.F.);
#2229=ADVANCED_FACE('',(#293),#2167,.F.);
#2230=ADVANCED_FACE('',(#294),#2168,.T.);
#2231=ADVANCED_FACE('',(#295),#2169,.F.);
#2232=ADVANCED_FACE('',(#296),#2170,.F.);
#2233=ADVANCED_FACE('',(#297),#2171,.F.);
#2234=ADVANCED_FACE('',(#298),#2172,.T.);
#2235=ADVANCED_FACE('',(#299),#2173,.F.);
#2236=ADVANCED_FACE('',(#300),#2174,.F.);
#2237=ADVANCED_FACE('',(#301),#2175,.F.);
#2238=ADVANCED_FACE('',(#302),#2176,.T.);
#2239=ADVANCED_FACE('',(#303),#2177,.F.);
#2240=ADVANCED_FACE('',(#304,#81),#2178,.F.);
#2241=ADVANCED_FACE('',(#305),#19,.F.);
#2242=ADVANCED_FACE('',(#306),#20,.F.);
#2243=ADVANCED_FACE('',(#307,#82,#83,#84,#85,#86,#87,#88,#89,#90,#91,#92),
#2179,.F.);
#2244=ADVANCED_FACE('',(#308),#2180,.T.);
#2245=ADVANCED_FACE('',(#309),#21,.T.);
#2246=ADVANCED_FACE('',(#310),#2181,.T.);
#2247=ADVANCED_FACE('',(#311),#2182,.T.);
#2248=ADVANCED_FACE('',(#312),#22,.T.);
#2249=ADVANCED_FACE('',(#313),#2183,.T.);
#2250=ADVANCED_FACE('',(#314),#2184,.T.);
#2251=ADVANCED_FACE('',(#315),#23,.T.);
#2252=ADVANCED_FACE('',(#316),#2185,.T.);
#2253=ADVANCED_FACE('',(#317),#2186,.T.);
#2254=ADVANCED_FACE('',(#318),#24,.T.);
#2255=ADVANCED_FACE('',(#319),#2187,.T.);
#2256=ADVANCED_FACE('',(#320),#2188,.T.);
#2257=ADVANCED_FACE('',(#321),#25,.F.);
#2258=ADVANCED_FACE('',(#322),#26,.F.);
#2259=ADVANCED_FACE('',(#323,#93,#94,#95),#27,.T.);
#2260=ADVANCED_FACE('',(#324),#28,.F.);
#2261=ADVANCED_FACE('',(#325),#29,.F.);
#2262=ADVANCED_FACE('',(#326),#30,.F.);
#2263=ADVANCED_FACE('',(#327),#31,.F.);
#2264=ADVANCED_FACE('',(#328),#32,.F.);
#2265=ADVANCED_FACE('',(#329),#33,.F.);
#2266=ADVANCED_FACE('',(#330),#34,.F.);
#2267=ADVANCED_FACE('',(#331),#35,.F.);
#2268=ADVANCED_FACE('',(#332),#36,.F.);
#2269=ADVANCED_FACE('',(#333),#37,.F.);
#2270=ADVANCED_FACE('',(#334),#38,.F.);
#2271=ADVANCED_FACE('',(#335),#39,.F.);
#2272=ADVANCED_FACE('',(#336),#40,.F.);
#2273=ADVANCED_FACE('',(#337),#41,.F.);
#2274=ADVANCED_FACE('',(#338),#42,.F.);
#2275=ADVANCED_FACE('',(#339),#2189,.T.);
#2276=ADVANCED_FACE('',(#340),#43,.F.);
#2277=ADVANCED_FACE('',(#341),#44,.F.);
#2278=ADVANCED_FACE('',(#342),#45,.F.);
#2279=ADVANCED_FACE('',(#343),#2190,.T.);
#2280=ADVANCED_FACE('',(#344),#46,.F.);
#2281=ADVANCED_FACE('',(#345),#47,.F.);
#2282=ADVANCED_FACE('',(#346),#48,.F.);
#2283=ADVANCED_FACE('',(#347),#2191,.T.);
#2284=ADVANCED_FACE('',(#348),#49,.F.);
#2285=ADVANCED_FACE('',(#349),#50,.F.);
#2286=ADVANCED_FACE('',(#350),#51,.F.);
#2287=ADVANCED_FACE('',(#351),#2192,.T.);
#2288=ADVANCED_FACE('',(#352),#52,.F.);
#2289=ADVANCED_FACE('',(#353,#96,#97,#98),#53,.T.);
#2290=ADVANCED_FACE('',(#354),#54,.F.);
#2291=ADVANCED_FACE('',(#355),#2193,.T.);
#2292=ADVANCED_FACE('',(#356),#55,.F.);
#2293=ADVANCED_FACE('',(#357),#2194,.T.);
#2294=ADVANCED_FACE('',(#358),#56,.F.);
#2295=ADVANCED_FACE('',(#359),#57,.F.);
#2296=ADVANCED_FACE('',(#360),#2195,.T.);
#2297=ADVANCED_FACE('',(#361),#58,.F.);
#2298=ADVANCED_FACE('',(#362),#2196,.F.);
#2299=ADVANCED_FACE('',(#363),#2197,.F.);
#2300=ADVANCED_FACE('',(#364),#59,.F.);
#2301=ADVANCED_FACE('',(#365),#60,.F.);
#2302=ADVANCED_FACE('',(#366,#99,#100),#2198,.F.);
#2303=ADVANCED_FACE('',(#367),#61,.F.);
#2304=ADVANCED_FACE('',(#368),#62,.F.);
#2305=ADVANCED_FACE('',(#369),#63,.F.);
#2306=ADVANCED_FACE('',(#370),#64,.F.);
#2307=ADVANCED_FACE('',(#371),#65,.F.);
#2308=ADVANCED_FACE('',(#372),#66,.F.);
#2309=ADVANCED_FACE('',(#373),#67,.F.);
#2310=ADVANCED_FACE('',(#374,#101,#102,#103,#104,#105,#106,#107,#108,#109,
#110,#111),#2199,.T.);
#2311=ADVANCED_FACE('',(#375,#112,#113,#114,#115,#116,#117,#118,#119,#120,
#121,#122),#2200,.F.);
#2312=ADVANCED_FACE('',(#376),#2201,.T.);
#2313=ADVANCED_FACE('',(#377),#2202,.T.);
#2314=ADVANCED_FACE('',(#378),#2203,.T.);
#2315=ADVANCED_FACE('',(#379),#2204,.T.);
#2316=ADVANCED_FACE('',(#380),#68,.F.);
#2317=ADVANCED_FACE('',(#381),#69,.T.);
#2318=ADVANCED_FACE('',(#382),#70,.T.);
#2319=ADVANCED_FACE('',(#383),#71,.T.);
#2320=ADVANCED_FACE('',(#384),#72,.T.);
#2321=ADVANCED_FACE('',(#385),#73,.F.);
#2322=ADVANCED_FACE('',(#386),#74,.F.);
#2323=ADVANCED_FACE('',(#387),#75,.F.);
#2324=ADVANCED_FACE('',(#388),#76,.F.);
#2325=ADVANCED_FACE('',(#389),#77,.F.);
#2326=ADVANCED_FACE('',(#390),#78,.F.);
#2327=ADVANCED_FACE('',(#391,#123,#124,#125,#126,#127,#128,#129,#130,#131,
#132,#133,#134,#135),#2205,.T.);
#2328=ADVANCED_FACE('',(#392,#136),#2206,.F.);
#2329=ADVANCED_FACE('',(#393),#79,.F.);
#2330=ADVANCED_FACE('',(#394),#80,.T.);
#2331=ADVANCED_FACE('',(#395,#137),#2207,.T.);
#2332=CLOSED_SHELL('',(#2208,#2209,#2210,#2211,#2212,#2213,#2214,#2215,
#2216,#2217,#2218,#2219,#2220,#2221,#2222,#2223,#2224,#2225,#2226,#2227,
#2228,#2229,#2230,#2231,#2232,#2233,#2234,#2235,#2236,#2237,#2238,#2239,
#2240,#2241,#2242,#2243,#2244,#2245,#2246,#2247,#2248,#2249,#2250,#2251,
#2252,#2253,#2254,#2255,#2256,#2257,#2258,#2259,#2260,#2261,#2262,#2263,
#2264,#2265,#2266,#2267,#2268,#2269,#2270,#2271,#2272,#2273,#2274,#2275,
#2276,#2277,#2278,#2279,#2280,#2281,#2282,#2283,#2284,#2285,#2286,#2287,
#2288,#2289,#2290,#2291,#2292,#2293,#2294,#2295,#2296,#2297,#2298,#2299,
#2300,#2301,#2302,#2303,#2304,#2305,#2306,#2307,#2308,#2309,#2310,#2311,
#2312,#2313,#2314,#2315,#2316,#2317,#2318,#2319,#2320,#2321,#2322,#2323,
#2324,#2325,#2326,#2327));
#2333=CLOSED_SHELL('',(#2328,#2329,#2330,#2331));
#2334=DERIVED_UNIT_ELEMENT(#2336,1.);
#2335=DERIVED_UNIT_ELEMENT(#4027,-3.);
#2336=(
MASS_UNIT()
NAMED_UNIT(*)
SI_UNIT(.KILO.,.GRAM.)
);
#2337=DERIVED_UNIT((#2334,#2335));
#2338=MEASURE_REPRESENTATION_ITEM('density measure',
POSITIVE_RATIO_MEASURE(7850.),#2337);
#2339=PROPERTY_DEFINITION_REPRESENTATION(#2344,#2341);
#2340=PROPERTY_DEFINITION_REPRESENTATION(#2345,#2342);
#2341=REPRESENTATION('material name',(#2343),#4024);
#2342=REPRESENTATION('density',(#2338),#4024);
#2343=DESCRIPTIVE_REPRESENTATION_ITEM('Steel','Steel');
#2344=PROPERTY_DEFINITION('material property','material name',#4034);
#2345=PROPERTY_DEFINITION('material property','density of part',#4034);
#2346=AXIS2_PLACEMENT_3D('',#3338,#2617,#2618);
#2347=AXIS2_PLACEMENT_3D('',#3339,#2619,#2620);
#2348=AXIS2_PLACEMENT_3D('',#3342,#2621,#2622);
#2349=AXIS2_PLACEMENT_3D('',#3348,#2626,#2627);
#2350=AXIS2_PLACEMENT_3D('',#3350,#2628,#2629);
#2351=AXIS2_PLACEMENT_3D('',#3354,#2632,#2633);
#2352=AXIS2_PLACEMENT_3D('',#3356,#2635,#2636);
#2353=AXIS2_PLACEMENT_3D('',#3357,#2637,#2638);
#2354=AXIS2_PLACEMENT_3D('',#3358,#2639,#2640);
#2355=AXIS2_PLACEMENT_3D('',#3365,#2644,#2645);
#2356=AXIS2_PLACEMENT_3D('',#3371,#2649,#2650);
#2357=AXIS2_PLACEMENT_3D('',#3375,#2653,#2654);
#2358=AXIS2_PLACEMENT_3D('',#3377,#2656,#2657);
#2359=AXIS2_PLACEMENT_3D('',#3380,#2658,#2659);
#2360=AXIS2_PLACEMENT_3D('',#3386,#2663,#2664);
#2361=AXIS2_PLACEMENT_3D('',#3388,#2665,#2666);
#2362=AXIS2_PLACEMENT_3D('',#3392,#2669,#2670);
#2363=AXIS2_PLACEMENT_3D('',#3394,#2672,#2673);
#2364=AXIS2_PLACEMENT_3D('',#3395,#2674,#2675);
#2365=AXIS2_PLACEMENT_3D('',#3396,#2676,#2677);
#2366=AXIS2_PLACEMENT_3D('',#3405,#2682,#2683);
#2367=AXIS2_PLACEMENT_3D('',#3411,#2687,#2688);
#2368=AXIS2_PLACEMENT_3D('',#3414,#2691,#2692);
#2369=AXIS2_PLACEMENT_3D('',#3415,#2693,#2694);
#2370=AXIS2_PLACEMENT_3D('',#3418,#2695,#2696);
#2371=AXIS2_PLACEMENT_3D('',#3424,#2700,#2701);
#2372=AXIS2_PLACEMENT_3D('',#3426,#2702,#2703);
#2373=AXIS2_PLACEMENT_3D('',#3430,#2706,#2707);
#2374=AXIS2_PLACEMENT_3D('',#3432,#2709,#2710);
#2375=AXIS2_PLACEMENT_3D('',#3433,#2711,#2712);
#2376=AXIS2_PLACEMENT_3D('',#3434,#2713,#2714);
#2377=AXIS2_PLACEMENT_3D('',#3437,#2715,#2716);
#2378=AXIS2_PLACEMENT_3D('',#3443,#2720,#2721);
#2379=AXIS2_PLACEMENT_3D('',#3445,#2722,#2723);
#2380=AXIS2_PLACEMENT_3D('',#3449,#2726,#2727);
#2381=AXIS2_PLACEMENT_3D('',#3451,#2729,#2730);
#2382=AXIS2_PLACEMENT_3D('',#3452,#2731,#2732);
#2383=AXIS2_PLACEMENT_3D('',#3453,#2733,#2734);
#2384=AXIS2_PLACEMENT_3D('',#3456,#2735,#2736);
#2385=AXIS2_PLACEMENT_3D('',#3462,#2740,#2741);
#2386=AXIS2_PLACEMENT_3D('',#3464,#2742,#2743);
#2387=AXIS2_PLACEMENT_3D('',#3468,#2746,#2747);
#2388=AXIS2_PLACEMENT_3D('',#3470,#2749,#2750);
#2389=AXIS2_PLACEMENT_3D('',#3471,#2751,#2752);
#2390=AXIS2_PLACEMENT_3D('',#3472,#2753,#2754);
#2391=AXIS2_PLACEMENT_3D('',#3475,#2755,#2756);
#2392=AXIS2_PLACEMENT_3D('',#3481,#2760,#2761);
#2393=AXIS2_PLACEMENT_3D('',#3483,#2762,#2763);
#2394=AXIS2_PLACEMENT_3D('',#3487,#2766,#2767);
#2395=AXIS2_PLACEMENT_3D('',#3489,#2769,#2770);
#2396=AXIS2_PLACEMENT_3D('',#3490,#2771,#2772);
#2397=AXIS2_PLACEMENT_3D('',#3491,#2773,#2774);
#2398=AXIS2_PLACEMENT_3D('',#3493,#2775,#2776);
#2399=AXIS2_PLACEMENT_3D('',#3495,#2777,#2778);
#2400=AXIS2_PLACEMENT_3D('',#3496,#2779,#2780);
#2401=AXIS2_PLACEMENT_3D('',#3498,#2781,#2782);
#2402=AXIS2_PLACEMENT_3D('',#3500,#2784,#2785);
#2403=AXIS2_PLACEMENT_3D('',#3503,#2786,#2787);
#2404=AXIS2_PLACEMENT_3D('',#3507,#2789,#2790);
#2405=AXIS2_PLACEMENT_3D('',#3527,#2792,#2793);
#2406=AXIS2_PLACEMENT_3D('',#3531,#2795,#2796);
#2407=AXIS2_PLACEMENT_3D('',#3533,#2797,#2798);
#2408=AXIS2_PLACEMENT_3D('',#3535,#2799,#2800);
#2409=AXIS2_PLACEMENT_3D('',#3538,#2802,#2803);
#2410=AXIS2_PLACEMENT_3D('',#3540,#2804,#2805);
#2411=AXIS2_PLACEMENT_3D('',#3542,#2806,#2807);
#2412=AXIS2_PLACEMENT_3D('',#3544,#2808,#2809);
#2413=AXIS2_PLACEMENT_3D('',#3546,#2810,#2811);
#2414=AXIS2_PLACEMENT_3D('',#3548,#2812,#2813);
#2415=AXIS2_PLACEMENT_3D('',#3550,#2814,#2815);
#2416=AXIS2_PLACEMENT_3D('',#3553,#2816,#2817);
#2417=AXIS2_PLACEMENT_3D('',#3557,#2819,#2820);
#2418=AXIS2_PLACEMENT_3D('',#3561,#2822,#2823);
#2419=AXIS2_PLACEMENT_3D('',#3562,#2824,#2825);
#2420=AXIS2_PLACEMENT_3D('',#3565,#2826,#2827);
#2421=AXIS2_PLACEMENT_3D('',#3569,#2829,#2830);
#2422=AXIS2_PLACEMENT_3D('',#3573,#2832,#2833);
#2423=AXIS2_PLACEMENT_3D('',#3574,#2834,#2835);
#2424=AXIS2_PLACEMENT_3D('',#3577,#2836,#2837);
#2425=AXIS2_PLACEMENT_3D('',#3581,#2839,#2840);
#2426=AXIS2_PLACEMENT_3D('',#3585,#2842,#2843);
#2427=AXIS2_PLACEMENT_3D('',#3586,#2844,#2845);
#2428=AXIS2_PLACEMENT_3D('',#3589,#2846,#2847);
#2429=AXIS2_PLACEMENT_3D('',#3593,#2849,#2850);
#2430=AXIS2_PLACEMENT_3D('',#3597,#2852,#2853);
#2431=AXIS2_PLACEMENT_3D('',#3598,#2854,#2855);
#2432=AXIS2_PLACEMENT_3D('',#3599,#2856,#2857);
#2433=AXIS2_PLACEMENT_3D('',#3605,#2861,#2862);
#2434=AXIS2_PLACEMENT_3D('',#3608,#2864,#2865);
#2435=AXIS2_PLACEMENT_3D('',#3609,#2866,#2867);
#2436=AXIS2_PLACEMENT_3D('',#3613,#2870,#2871);
#2437=AXIS2_PLACEMENT_3D('',#3619,#2875,#2876);
#2438=AXIS2_PLACEMENT_3D('',#3622,#2878,#2879);
#2439=AXIS2_PLACEMENT_3D('',#3623,#2880,#2881);
#2440=AXIS2_PLACEMENT_3D('',#3627,#2884,#2885);
#2441=AXIS2_PLACEMENT_3D('',#3633,#2889,#2890);
#2442=AXIS2_PLACEMENT_3D('',#3636,#2892,#2893);
#2443=AXIS2_PLACEMENT_3D('',#3637,#2894,#2895);
#2444=AXIS2_PLACEMENT_3D('',#3641,#2898,#2899);
#2445=AXIS2_PLACEMENT_3D('',#3647,#2903,#2904);
#2446=AXIS2_PLACEMENT_3D('',#3650,#2906,#2907);
#2447=AXIS2_PLACEMENT_3D('',#3651,#2908,#2909);
#2448=AXIS2_PLACEMENT_3D('',#3655,#2912,#2913);
#2449=AXIS2_PLACEMENT_3D('',#3661,#2917,#2918);
#2450=AXIS2_PLACEMENT_3D('',#3663,#2919,#2920);
#2451=AXIS2_PLACEMENT_3D('',#3667,#2922,#2923);
#2452=AXIS2_PLACEMENT_3D('',#3669,#2925,#2926);
#2453=AXIS2_PLACEMENT_3D('',#3672,#2928,#2929);
#2454=AXIS2_PLACEMENT_3D('',#3673,#2930,#2931);
#2455=AXIS2_PLACEMENT_3D('',#3677,#2933,#2934);
#2456=AXIS2_PLACEMENT_3D('',#3681,#2936,#2937);
#2457=AXIS2_PLACEMENT_3D('',#3684,#2939,#2940);
#2458=AXIS2_PLACEMENT_3D('',#3685,#2941,#2942);
#2459=AXIS2_PLACEMENT_3D('',#3687,#2943,#2944);
#2460=AXIS2_PLACEMENT_3D('',#3689,#2946,#2947);
#2461=AXIS2_PLACEMENT_3D('',#3691,#2948,#2949);
#2462=AXIS2_PLACEMENT_3D('',#3693,#2951,#2952);
#2463=AXIS2_PLACEMENT_3D('',#3696,#2954,#2955);
#2464=AXIS2_PLACEMENT_3D('',#3697,#2956,#2957);
#2465=AXIS2_PLACEMENT_3D('',#3700,#2959,#2960);
#2466=AXIS2_PLACEMENT_3D('',#3701,#2961,#2962);
#2467=AXIS2_PLACEMENT_3D('',#3704,#2964,#2965);
#2468=AXIS2_PLACEMENT_3D('',#3705,#2966,#2967);
#2469=AXIS2_PLACEMENT_3D('',#3706,#2968,#2969);
#2470=AXIS2_PLACEMENT_3D('',#3707,#2970,#2971);
#2471=AXIS2_PLACEMENT_3D('',#3708,#2972,#2973);
#2472=AXIS2_PLACEMENT_3D('',#3709,#2974,#2975);
#2473=AXIS2_PLACEMENT_3D('',#3712,#2977,#2978);
#2474=AXIS2_PLACEMENT_3D('',#3713,#2979,#2980);
#2475=AXIS2_PLACEMENT_3D('',#3716,#2982,#2983);
#2476=AXIS2_PLACEMENT_3D('',#3717,#2984,#2985);
#2477=AXIS2_PLACEMENT_3D('',#3718,#2986,#2987);
#2478=AXIS2_PLACEMENT_3D('',#3719,#2988,#2989);
#2479=AXIS2_PLACEMENT_3D('',#3722,#2991,#2992);
#2480=AXIS2_PLACEMENT_3D('',#3723,#2993,#2994);
#2481=AXIS2_PLACEMENT_3D('',#3724,#2995,#2996);
#2482=AXIS2_PLACEMENT_3D('',#3725,#2997,#2998);
#2483=AXIS2_PLACEMENT_3D('',#3728,#2999,#3000);
#2484=AXIS2_PLACEMENT_3D('',#3732,#3002,#3003);
#2485=AXIS2_PLACEMENT_3D('',#3734,#3005,#3006);
#2486=AXIS2_PLACEMENT_3D('',#3736,#3007,#3008);
#2487=AXIS2_PLACEMENT_3D('',#3739,#3010,#3011);
#2488=AXIS2_PLACEMENT_3D('',#3740,#3012,#3013);
#2489=AXIS2_PLACEMENT_3D('',#3743,#3014,#3015);
#2490=AXIS2_PLACEMENT_3D('',#3747,#3017,#3018);
#2491=AXIS2_PLACEMENT_3D('',#3749,#3020,#3021);
#2492=AXIS2_PLACEMENT_3D('',#3755,#3025,#3026);
#2493=AXIS2_PLACEMENT_3D('',#3758,#3027,#3028);
#2494=AXIS2_PLACEMENT_3D('',#3762,#3030,#3031);
#2495=AXIS2_PLACEMENT_3D('',#3764,#3033,#3034);
#2496=AXIS2_PLACEMENT_3D('',#3766,#3035,#3036);
#2497=AXIS2_PLACEMENT_3D('',#3769,#3038,#3039);
#2498=AXIS2_PLACEMENT_3D('',#3770,#3040,#3041);
#2499=AXIS2_PLACEMENT_3D('',#3772,#3042,#3043);
#2500=AXIS2_PLACEMENT_3D('',#3775,#3045,#3046);
#2501=AXIS2_PLACEMENT_3D('',#3776,#3047,#3048);
#2502=AXIS2_PLACEMENT_3D('',#3782,#3052,#3053);
#2503=AXIS2_PLACEMENT_3D('',#3785,#3054,#3055);
#2504=AXIS2_PLACEMENT_3D('',#3789,#3057,#3058);
#2505=AXIS2_PLACEMENT_3D('',#3791,#3060,#3061);
#2506=AXIS2_PLACEMENT_3D('',#3793,#3062,#3063);
#2507=AXIS2_PLACEMENT_3D('',#3796,#3065,#3066);
#2508=AXIS2_PLACEMENT_3D('',#3797,#3067,#3068);
#2509=AXIS2_PLACEMENT_3D('',#3799,#3069,#3070);
#2510=AXIS2_PLACEMENT_3D('',#3802,#3072,#3073);
#2511=AXIS2_PLACEMENT_3D('',#3803,#3074,#3075);
#2512=AXIS2_PLACEMENT_3D('',#3809,#3079,#3080);
#2513=AXIS2_PLACEMENT_3D('',#3812,#3081,#3082);
#2514=AXIS2_PLACEMENT_3D('',#3816,#3084,#3085);
#2515=AXIS2_PLACEMENT_3D('',#3818,#3087,#3088);
#2516=AXIS2_PLACEMENT_3D('',#3819,#3089,#3090);
#2517=AXIS2_PLACEMENT_3D('',#3820,#3091,#3092);
#2518=AXIS2_PLACEMENT_3D('',#3821,#3093,#3094);
#2519=AXIS2_PLACEMENT_3D('',#3823,#3095,#3096);
#2520=AXIS2_PLACEMENT_3D('',#3826,#3098,#3099);
#2521=AXIS2_PLACEMENT_3D('',#3827,#3100,#3101);
#2522=AXIS2_PLACEMENT_3D('',#3833,#3105,#3106);
#2523=AXIS2_PLACEMENT_3D('',#3835,#3107,#3108);
#2524=AXIS2_PLACEMENT_3D('',#3838,#3110,#3111);
#2525=AXIS2_PLACEMENT_3D('',#3839,#3112,#3113);
#2526=AXIS2_PLACEMENT_3D('',#3841,#3114,#3115);
#2527=AXIS2_PLACEMENT_3D('',#3845,#3117,#3118);
#2528=AXIS2_PLACEMENT_3D('',#3848,#3120,#3121);
#2529=AXIS2_PLACEMENT_3D('',#3849,#3122,#3123);
#2530=AXIS2_PLACEMENT_3D('',#3850,#3124,#3125);
#2531=AXIS2_PLACEMENT_3D('',#3853,#3127,#3128);
#2532=AXIS2_PLACEMENT_3D('',#3854,#3129,#3130);
#2533=AXIS2_PLACEMENT_3D('',#3856,#3132,#3133);
#2534=AXIS2_PLACEMENT_3D('',#3858,#3134,#3135);
#2535=AXIS2_PLACEMENT_3D('',#3861,#3137,#3138);
#2536=AXIS2_PLACEMENT_3D('',#3862,#3139,#3140);
#2537=AXIS2_PLACEMENT_3D('',#3868,#3144,#3145);
#2538=AXIS2_PLACEMENT_3D('',#3870,#3146,#3147);
#2539=AXIS2_PLACEMENT_3D('',#3872,#3148,#3149);
#2540=AXIS2_PLACEMENT_3D('',#3874,#3151,#3152);
#2541=AXIS2_PLACEMENT_3D('',#3876,#3153,#3154);
#2542=AXIS2_PLACEMENT_3D('',#3879,#3156,#3157);
#2543=AXIS2_PLACEMENT_3D('',#3880,#3158,#3159);
#2544=AXIS2_PLACEMENT_3D('',#3883,#3162,#3163);
#2545=AXIS2_PLACEMENT_3D('',#3884,#3164,#3165);
#2546=AXIS2_PLACEMENT_3D('',#3885,#3166,#3167);
#2547=AXIS2_PLACEMENT_3D('',#3886,#3168,#3169);
#2548=AXIS2_PLACEMENT_3D('',#3887,#3170,#3171);
#2549=AXIS2_PLACEMENT_3D('',#3888,#3172,#3173);
#2550=AXIS2_PLACEMENT_3D('',#3890,#3174,#3175);
#2551=AXIS2_PLACEMENT_3D('',#3893,#3177,#3178);
#2552=AXIS2_PLACEMENT_3D('',#3894,#3179,#3180);
#2553=AXIS2_PLACEMENT_3D('',#3896,#3181,#3182);
#2554=AXIS2_PLACEMENT_3D('',#3899,#3184,#3185);
#2555=AXIS2_PLACEMENT_3D('',#3900,#3186,#3187);
#2556=AXIS2_PLACEMENT_3D('',#3901,#3188,#3189);
#2557=AXIS2_PLACEMENT_3D('',#3903,#3190,#3191);
#2558=AXIS2_PLACEMENT_3D('',#3905,#3193,#3194);
#2559=AXIS2_PLACEMENT_3D('',#3907,#3195,#3196);
#2560=AXIS2_PLACEMENT_3D('',#3909,#3198,#3199);
#2561=AXIS2_PLACEMENT_3D('',#3911,#3201,#3202);
#2562=AXIS2_PLACEMENT_3D('',#3913,#3203,#3204);
#2563=AXIS2_PLACEMENT_3D('',#3915,#3206,#3207);
#2564=AXIS2_PLACEMENT_3D('',#3917,#3208,#3209);
#2565=AXIS2_PLACEMENT_3D('',#3919,#3211,#3212);
#2566=AXIS2_PLACEMENT_3D('',#3921,#3213,#3214);
#2567=AXIS2_PLACEMENT_3D('',#3923,#3216,#3217);
#2568=AXIS2_PLACEMENT_3D('',#3925,#3218,#3219);
#2569=AXIS2_PLACEMENT_3D('',#3927,#3221,#3222);
#2570=AXIS2_PLACEMENT_3D('',#3928,#3223,#3224);
#2571=AXIS2_PLACEMENT_3D('',#3930,#3225,#3226);
#2572=AXIS2_PLACEMENT_3D('',#3932,#3227,#3228);
#2573=AXIS2_PLACEMENT_3D('',#3934,#3229,#3230);
#2574=AXIS2_PLACEMENT_3D('',#3936,#3231,#3232);
#2575=AXIS2_PLACEMENT_3D('',#3938,#3233,#3234);
#2576=AXIS2_PLACEMENT_3D('',#3940,#3235,#3236);
#2577=AXIS2_PLACEMENT_3D('',#3943,#3238,#3239);
#2578=AXIS2_PLACEMENT_3D('',#3946,#3241,#3242);
#2579=AXIS2_PLACEMENT_3D('',#3949,#3244,#3245);
#2580=AXIS2_PLACEMENT_3D('',#3952,#3247,#3248);
#2581=AXIS2_PLACEMENT_3D('',#3954,#3249,#3250);
#2582=AXIS2_PLACEMENT_3D('',#3955,#3251,#3252);
#2583=AXIS2_PLACEMENT_3D('',#3959,#3255,#3256);
#2584=AXIS2_PLACEMENT_3D('',#3963,#3259,#3260);
#2585=AXIS2_PLACEMENT_3D('',#3967,#3263,#3264);
#2586=AXIS2_PLACEMENT_3D('',#3971,#3267,#3268);
#2587=AXIS2_PLACEMENT_3D('',#3973,#3269,#3270);
#2588=AXIS2_PLACEMENT_3D('',#3975,#3272,#3273);
#2589=AXIS2_PLACEMENT_3D('',#3976,#3274,#3275);
#2590=AXIS2_PLACEMENT_3D('',#3977,#3276,#3277);
#2591=AXIS2_PLACEMENT_3D('',#3978,#3278,#3279);
#2592=AXIS2_PLACEMENT_3D('',#3979,#3280,#3281);
#2593=AXIS2_PLACEMENT_3D('',#3980,#3282,#3283);
#2594=AXIS2_PLACEMENT_3D('',#3981,#3284,#3285);
#2595=AXIS2_PLACEMENT_3D('',#3982,#3286,#3287);
#2596=AXIS2_PLACEMENT_3D('',#3983,#3288,#3289);
#2597=AXIS2_PLACEMENT_3D('',#3985,#3290,#3291);
#2598=AXIS2_PLACEMENT_3D('',#3987,#3293,#3294);
#2599=AXIS2_PLACEMENT_3D('',#3989,#3295,#3296);
#2600=AXIS2_PLACEMENT_3D('',#3991,#3298,#3299);
#2601=AXIS2_PLACEMENT_3D('',#3993,#3300,#3301);
#2602=AXIS2_PLACEMENT_3D('',#3995,#3303,#3304);
#2603=AXIS2_PLACEMENT_3D('',#3997,#3305,#3306);
#2604=AXIS2_PLACEMENT_3D('',#3999,#3308,#3309);
#2605=AXIS2_PLACEMENT_3D('',#4001,#3310,#3311);
#2606=AXIS2_PLACEMENT_3D('',#4003,#3313,#3314);
#2607=AXIS2_PLACEMENT_3D('',#4005,#3315,#3316);
#2608=AXIS2_PLACEMENT_3D('',#4007,#3318,#3319);
#2609=AXIS2_PLACEMENT_3D('',#4008,#3320,#3321);
#2610=AXIS2_PLACEMENT_3D('',#4010,#3322,#3323);
#2611=AXIS2_PLACEMENT_3D('',#4012,#3324,#3325);
#2612=AXIS2_PLACEMENT_3D('',#4013,#3326,#3327);
#2613=AXIS2_PLACEMENT_3D('',#4015,#3328,#3329);
#2614=AXIS2_PLACEMENT_3D('',#4017,#3331,#3332);
#2615=AXIS2_PLACEMENT_3D('',#4019,#3333,#3334);
#2616=AXIS2_PLACEMENT_3D('',#4021,#3336,#3337);
#2617=DIRECTION('axis',(0.,0.,1.));
#2618=DIRECTION('refdir',(1.,0.,0.));
#2619=DIRECTION('center_axis',(-0.948683298050514,0.,-0.316227766016838));
#2620=DIRECTION('ref_axis',(-0.316227766016838,0.,0.948683298050514));
#2621=DIRECTION('center_axis',(-0.948683298050514,0.,-0.316227766016838));
#2622=DIRECTION('ref_axis',(0.316227766016838,-2.00619052357783E-17,-0.948683298050514));
#2623=DIRECTION('',(0.,1.,0.));
#2624=DIRECTION('',(-0.316227766016838,0.,0.948683298050514));
#2625=DIRECTION('',(0.,1.,0.));
#2626=DIRECTION('center_axis',(0.948683298050514,0.,-0.316227766016838));
#2627=DIRECTION('ref_axis',(-0.316227766016838,0.,-0.948683298050514));
#2628=DIRECTION('center_axis',(0.948683298050514,0.,-0.316227766016838));
#2629=DIRECTION('ref_axis',(0.316227766016838,-2.00619052357783E-17,0.948683298050514));
#2630=DIRECTION('',(-0.316227766016838,0.,-0.948683298050514));
#2631=DIRECTION('',(0.,1.,0.));
#2632=DIRECTION('center_axis',(0.,1.,0.));
#2633=DIRECTION('ref_axis',(0.,0.,1.));
#2634=DIRECTION('',(1.,0.,0.));
#2635=DIRECTION('center_axis',(0.,0.,1.));
#2636=DIRECTION('ref_axis',(1.,0.,0.));
#2637=DIRECTION('center_axis',(0.,0.,1.));
#2638=DIRECTION('ref_axis',(0.142857142857143,-0.989743318610787,0.));
#2639=DIRECTION('center_axis',(0.,0.,1.));
#2640=DIRECTION('ref_axis',(1.,0.,0.));
#2641=DIRECTION('',(0.316227766016838,-0.948683298050514,0.));
#2642=DIRECTION('',(0.316227766016838,0.948683298050514,0.));
#2643=DIRECTION('',(-1.,0.,0.));
#2644=DIRECTION('center_axis',(0.,1.,0.));
#2645=DIRECTION('ref_axis',(-1.,0.,0.));
#2646=DIRECTION('',(0.,0.,1.));
#2647=DIRECTION('',(1.,0.,0.));
#2648=DIRECTION('',(0.,0.,1.));
#2649=DIRECTION('center_axis',(-0.948683298050514,-0.316227766016838,0.));
#2650=DIRECTION('ref_axis',(0.316227766016838,-0.948683298050514,0.));
#2651=DIRECTION('',(-0.316227766016838,0.948683298050514,0.));
#2652=DIRECTION('',(0.,0.,1.));
#2653=DIRECTION('center_axis',(0.948683298050514,-0.316227766016838,0.));
#2654=DIRECTION('ref_axis',(0.316227766016838,0.948683298050514,0.));
#2655=DIRECTION('',(-0.316227766016838,-0.948683298050514,0.));
#2656=DIRECTION('center_axis',(-0.948683298050514,0.,0.316227766016838));
#2657=DIRECTION('ref_axis',(-0.316227766016838,0.,-0.948683298050514));
#2658=DIRECTION('center_axis',(-0.948683298050514,0.,0.316227766016838));
#2659=DIRECTION('ref_axis',(-0.316227766016838,2.00619052357783E-17,-0.948683298050514));
#2660=DIRECTION('',(0.,-1.,0.));
#2661=DIRECTION('',(-0.316227766016838,0.,-0.948683298050514));
#2662=DIRECTION('',(0.,-1.,0.));
#2663=DIRECTION('center_axis',(0.948683298050514,0.,0.316227766016838));
#2664=DIRECTION('ref_axis',(-0.316227766016838,0.,0.948683298050514));
#2665=DIRECTION('center_axis',(0.948683298050514,0.,0.316227766016838));
#2666=DIRECTION('ref_axis',(-0.316227766016838,2.00619052357783E-17,0.948683298050514));
#2667=DIRECTION('',(-0.316227766016838,0.,0.948683298050514));
#2668=DIRECTION('',(0.,-1.,0.));
#2669=DIRECTION('center_axis',(0.,-1.,0.));
#2670=DIRECTION('ref_axis',(0.,0.,-1.));
#2671=DIRECTION('',(1.,0.,0.));
#2672=DIRECTION('center_axis',(0.,0.,-1.));
#2673=DIRECTION('ref_axis',(1.,0.,0.));
#2674=DIRECTION('center_axis',(0.,0.,-1.));
#2675=DIRECTION('ref_axis',(-0.142857142857143,0.989743318610787,0.));
#2676=DIRECTION('center_axis',(-0.948683298050514,0.316227766016837,0.));
#2677=DIRECTION('ref_axis',(-0.316227766016837,-0.948683298050514,0.));
#2678=DIRECTION('',(-0.316227766016837,-0.948683298050514,0.));
#2679=DIRECTION('',(0.,0.,1.));
#2680=DIRECTION('',(-0.316227766016837,-0.948683298050514,0.));
#2681=DIRECTION('',(0.,0.,1.));
#2682=DIRECTION('center_axis',(0.,-1.,0.));
#2683=DIRECTION('ref_axis',(1.,0.,0.));
#2684=DIRECTION('',(1.,0.,0.));
#2685=DIRECTION('',(1.,0.,0.));
#2686=DIRECTION('',(0.,0.,1.));
#2687=DIRECTION('center_axis',(0.948683298050514,0.316227766016837,0.));
#2688=DIRECTION('ref_axis',(-0.316227766016837,0.948683298050514,0.));
#2689=DIRECTION('',(-0.316227766016837,0.948683298050514,0.));
#2690=DIRECTION('',(-0.316227766016837,0.948683298050514,0.));
#2691=DIRECTION('center_axis',(0.,0.,1.));
#2692=DIRECTION('ref_axis',(1.,0.,0.));
#2693=DIRECTION('center_axis',(0.,0.948683298050514,0.316227766016838));
#2694=DIRECTION('ref_axis',(0.,0.316227766016838,-0.948683298050514));
#2695=DIRECTION('center_axis',(0.,0.948683298050514,0.316227766016838));
#2696=DIRECTION('ref_axis',(1.00309526178891E-17,0.316227766016838,-0.948683298050514));
#2697=DIRECTION('',(-1.,0.,0.));
#2698=DIRECTION('',(0.,0.316227766016838,-0.948683298050514));
#2699=DIRECTION('',(-1.,0.,0.));
#2700=DIRECTION('center_axis',(0.,-0.948683298050514,0.316227766016838));
#2701=DIRECTION('ref_axis',(0.,0.316227766016838,0.948683298050514));
#2702=DIRECTION('center_axis',(0.,-0.948683298050514,0.316227766016838));
#2703=DIRECTION('ref_axis',(1.00309526178891E-17,0.316227766016838,0.948683298050514));
#2704=DIRECTION('',(0.,0.316227766016838,0.948683298050514));
#2705=DIRECTION('',(-1.,0.,0.));
#2706=DIRECTION('center_axis',(-1.,0.,0.));
#2707=DIRECTION('ref_axis',(0.,0.,1.));
#2708=DIRECTION('',(0.,-1.,0.));
#2709=DIRECTION('center_axis',(0.,0.,-1.));
#2710=DIRECTION('ref_axis',(0.,-1.,0.));
#2711=DIRECTION('center_axis',(0.,0.,-1.));
#2712=DIRECTION('ref_axis',(-0.142857142857143,0.989743318610787,0.));
#2713=DIRECTION('center_axis',(0.,0.,1.));
#2714=DIRECTION('ref_axis',(0.,1.,0.));
#2715=DIRECTION('center_axis',(0.,0.,1.));
#2716=DIRECTION('ref_axis',(0.142857142857143,-0.989743318610787,0.));
#2717=DIRECTION('',(-1.,0.,0.));
#2718=DIRECTION('',(0.,1.,0.));
#2719=DIRECTION('',(-1.,0.,0.));
#2720=DIRECTION('center_axis',(0.,-0.948683298050514,-0.316227766016838));
#2721=DIRECTION('ref_axis',(0.,-0.316227766016838,0.948683298050514));
#2722=DIRECTION('center_axis',(0.,-0.948683298050514,-0.316227766016838));
#2723=DIRECTION('ref_axis',(0.,-0.316227766016838,0.948683298050514));
#2724=DIRECTION('',(0.,-0.316227766016838,0.948683298050514));
#2725=DIRECTION('',(-1.,0.,0.));
#2726=DIRECTION('center_axis',(-1.,0.,0.));
#2727=DIRECTION('ref_axis',(0.,0.,1.));
#2728=DIRECTION('',(0.,-0.316227766016838,-0.948683298050514));
#2729=DIRECTION('center_axis',(0.,0.948683298050514,-0.316227766016838));
#2730=DIRECTION('ref_axis',(0.,-0.316227766016838,-0.948683298050514));
#2731=DIRECTION('center_axis',(0.,0.948683298050514,-0.316227766016838));
#2732=DIRECTION('ref_axis',(0.,-0.316227766016838,-0.948683298050514));
#2733=DIRECTION('center_axis',(0.,0.948683298050514,-0.316227766016838));
#2734=DIRECTION('ref_axis',(0.,0.316227766016838,0.948683298050514));
#2735=DIRECTION('center_axis',(0.,0.948683298050514,-0.316227766016838));
#2736=DIRECTION('ref_axis',(0.,-0.316227766016838,-0.948683298050514));
#2737=DIRECTION('',(1.,0.,0.));
#2738=DIRECTION('',(0.,0.316227766016838,0.948683298050514));
#2739=DIRECTION('',(1.,0.,0.));
#2740=DIRECTION('center_axis',(0.,-0.948683298050514,-0.316227766016838));
#2741=DIRECTION('ref_axis',(0.,0.316227766016838,-0.948683298050514));
#2742=DIRECTION('center_axis',(0.,-0.948683298050514,-0.316227766016838));
#2743=DIRECTION('ref_axis',(0.,-0.316227766016838,0.948683298050514));
#2744=DIRECTION('',(0.,0.316227766016838,-0.948683298050514));
#2745=DIRECTION('',(1.,0.,0.));
#2746=DIRECTION('center_axis',(1.,0.,0.));
#2747=DIRECTION('ref_axis',(0.,0.,-1.));
#2748=DIRECTION('',(0.,-1.,0.));
#2749=DIRECTION('center_axis',(0.,0.,1.));
#2750=DIRECTION('ref_axis',(0.,-1.,0.));
#2751=DIRECTION('center_axis',(0.,0.,1.));
#2752=DIRECTION('ref_axis',(0.142857142857143,-0.989743318610787,0.));
#2753=DIRECTION('center_axis',(0.,-0.948683298050514,0.316227766016838));
#2754=DIRECTION('ref_axis',(0.,-0.316227766016838,-0.948683298050514));
#2755=DIRECTION('center_axis',(0.,-0.948683298050514,0.316227766016838));
#2756=DIRECTION('ref_axis',(1.00309526178891E-17,0.316227766016838,0.948683298050514));
#2757=DIRECTION('',(1.,0.,0.));
#2758=DIRECTION('',(0.,-0.316227766016838,-0.948683298050514));
#2759=DIRECTION('',(1.,0.,0.));
#2760=DIRECTION('center_axis',(0.,0.948683298050514,0.316227766016838));
#2761=DIRECTION('ref_axis',(0.,-0.316227766016838,0.948683298050514));
#2762=DIRECTION('center_axis',(0.,0.948683298050514,0.316227766016838));
#2763=DIRECTION('ref_axis',(1.00309526178891E-17,0.316227766016838,-0.948683298050514));
#2764=DIRECTION('',(0.,-0.316227766016838,0.948683298050514));
#2765=DIRECTION('',(1.,0.,0.));
#2766=DIRECTION('center_axis',(1.,0.,0.));
#2767=DIRECTION('ref_axis',(0.,0.,-1.));
#2768=DIRECTION('',(0.,1.,0.));
#2769=DIRECTION('center_axis',(0.,0.,-1.));
#2770=DIRECTION('ref_axis',(0.,1.,0.));
#2771=DIRECTION('center_axis',(0.,0.,-1.));
#2772=DIRECTION('ref_axis',(-0.142857142857143,0.989743318610787,0.));
#2773=DIRECTION('center_axis',(0.,0.,1.));
#2774=DIRECTION('ref_axis',(1.,0.,0.));
#2775=DIRECTION('center_axis',(0.,0.,1.));
#2776=DIRECTION('ref_axis',(1.,0.,0.));
#2777=DIRECTION('center_axis',(0.,0.,-1.));
#2778=DIRECTION('ref_axis',(1.,0.,0.));
#2779=DIRECTION('center_axis',(0.,0.,1.));
#2780=DIRECTION('ref_axis',(1.,0.,0.));
#2781=DIRECTION('center_axis',(0.,0.,-1.));
#2782=DIRECTION('ref_axis',(1.,0.,0.));
#2783=DIRECTION('',(0.,0.,-1.));
#2784=DIRECTION('center_axis',(1.,0.,0.));
#2785=DIRECTION('ref_axis',(0.,0.28,0.96));
#2786=DIRECTION('center_axis',(1.,0.,0.));
#2787=DIRECTION('ref_axis',(0.,0.28,0.96));
#2788=DIRECTION('',(-1.,0.,0.));
#2789=DIRECTION('center_axis',(-1.,0.,0.));
#2790=DIRECTION('ref_axis',(0.,0.28,0.96));
#2791=DIRECTION('',(-1.,0.,0.));
#2792=DIRECTION('center_axis',(0.,0.,1.));
#2793=DIRECTION('ref_axis',(0.,-1.,0.));
#2794=DIRECTION('',(0.,1.,0.));
#2795=DIRECTION('center_axis',(0.,0.,-1.));
#2796=DIRECTION('ref_axis',(-0.763762615713066,-0.645497224501497,0.));
#2797=DIRECTION('center_axis',(0.,0.,1.));
#2798=DIRECTION('ref_axis',(-0.142857142857143,0.989743318610787,0.));
#2799=DIRECTION('center_axis',(0.,0.,-1.));
#2800=DIRECTION('ref_axis',(0.763762615713065,-0.645497224501497,0.));
#2801=DIRECTION('',(0.,-1.,0.));
#2802=DIRECTION('center_axis',(0.,0.,-1.));
#2803=DIRECTION('ref_axis',(1.,0.,0.));
#2804=DIRECTION('center_axis',(0.,0.,-1.));
#2805=DIRECTION('ref_axis',(1.,0.,0.));
#2806=DIRECTION('center_axis',(0.,0.,-1.));
#2807=DIRECTION('ref_axis',(1.,0.,0.));
#2808=DIRECTION('center_axis',(0.,0.,-1.));
#2809=DIRECTION('ref_axis',(1.,0.,0.));
#2810=DIRECTION('center_axis',(0.,0.,-1.));
#2811=DIRECTION('ref_axis',(1.,0.,0.));
#2812=DIRECTION('center_axis',(0.,0.,-1.));
#2813=DIRECTION('ref_axis',(1.,0.,0.));
#2814=DIRECTION('center_axis',(0.,0.,-1.));
#2815=DIRECTION('ref_axis',(1.,0.,0.));
#2816=DIRECTION('center_axis',(0.,0.,-1.));
#2817=DIRECTION('ref_axis',(-0.83666002439684,-0.547722560769848,0.));
#2818=DIRECTION('',(-1.,0.,0.));
#2819=DIRECTION('center_axis',(0.,0.,1.));
#2820=DIRECTION('ref_axis',(-0.499999899417182,0.866025461855948,0.));
#2821=DIRECTION('',(0.,-1.,0.));
#2822=DIRECTION('center_axis',(0.,0.,-1.));
#2823=DIRECTION('ref_axis',(0.547722560769848,0.83666002439684,0.));
#2824=DIRECTION('center_axis',(0.,0.,-1.));
#2825=DIRECTION('ref_axis',(-0.16666666418314,0.986013297603062,0.));
#2826=DIRECTION('center_axis',(0.,0.,-1.));
#2827=DIRECTION('ref_axis',(0.83666002439684,0.547722560769848,0.));
#2828=DIRECTION('',(1.,0.,0.));
#2829=DIRECTION('center_axis',(0.,0.,1.));
#2830=DIRECTION('ref_axis',(0.499999899417182,-0.866025461855948,0.));
#2831=DIRECTION('',(0.,1.,0.));
#2832=DIRECTION('center_axis',(0.,0.,-1.));
#2833=DIRECTION('ref_axis',(-0.547722560769848,-0.83666002439684,0.));
#2834=DIRECTION('center_axis',(0.,0.,-1.));
#2835=DIRECTION('ref_axis',(0.16666666418314,-0.986013297603062,0.));
#2836=DIRECTION('center_axis',(0.,0.,-1.));
#2837=DIRECTION('ref_axis',(0.547722560769847,-0.83666002439684,0.));
#2838=DIRECTION('',(0.,-1.,0.));
#2839=DIRECTION('center_axis',(0.,0.,1.));
#2840=DIRECTION('ref_axis',(-0.866025461855948,-0.499999899417182,0.));
#2841=DIRECTION('',(1.,0.,0.));
#2842=DIRECTION('center_axis',(0.,0.,-1.));
#2843=DIRECTION('ref_axis',(-0.83666002439684,0.547722560769848,0.));
#2844=DIRECTION('center_axis',(0.,0.,-1.));
#2845=DIRECTION('ref_axis',(-0.986013297603062,-0.16666666418314,0.));
#2846=DIRECTION('center_axis',(0.,0.,-1.));
#2847=DIRECTION('ref_axis',(-0.547722560769847,0.83666002439684,0.));
#2848=DIRECTION('',(0.,1.,0.));
#2849=DIRECTION('center_axis',(0.,0.,1.));
#2850=DIRECTION('ref_axis',(0.866025461855948,0.499999899417182,0.));
#2851=DIRECTION('',(-1.,0.,0.));
#2852=DIRECTION('center_axis',(0.,0.,-1.));
#2853=DIRECTION('ref_axis',(0.83666002439684,-0.547722560769848,0.));
#2854=DIRECTION('center_axis',(0.,0.,-1.));
#2855=DIRECTION('ref_axis',(0.986013297603062,0.16666666418314,0.));
#2856=DIRECTION('center_axis',(0.,1.,0.));
#2857=DIRECTION('ref_axis',(-1.,0.,0.));
#2858=DIRECTION('',(0.,0.,1.));
#2859=DIRECTION('',(-1.,0.,0.));
#2860=DIRECTION('',(0.,0.,1.));
#2861=DIRECTION('center_axis',(0.,0.,1.));
#2862=DIRECTION('ref_axis',(0.866025461855948,0.499999899417182,0.));
#2863=DIRECTION('',(0.,0.,1.));
#2864=DIRECTION('center_axis',(0.,0.,1.));
#2865=DIRECTION('ref_axis',(0.866025461855948,0.499999899417182,0.));
#2866=DIRECTION('center_axis',(1.,0.,0.));
#2867=DIRECTION('ref_axis',(0.,1.,0.));
#2868=DIRECTION('',(0.,0.,-1.));
#2869=DIRECTION('',(0.,1.,0.));
#2870=DIRECTION('center_axis',(0.,-1.,0.));
#2871=DIRECTION('ref_axis',(1.,0.,0.));
#2872=DIRECTION('',(0.,0.,1.));
#2873=DIRECTION('',(1.,0.,0.));
#2874=DIRECTION('',(0.,0.,1.));
#2875=DIRECTION('center_axis',(0.,0.,1.));
#2876=DIRECTION('ref_axis',(-0.866025461855948,-0.499999899417182,0.));
#2877=DIRECTION('',(0.,0.,1.));
#2878=DIRECTION('center_axis',(0.,0.,1.));
#2879=DIRECTION('ref_axis',(-0.866025461855948,-0.499999899417182,0.));
#2880=DIRECTION('center_axis',(-1.,0.,0.));
#2881=DIRECTION('ref_axis',(0.,-1.,0.));
#2882=DIRECTION('',(0.,0.,-1.));
#2883=DIRECTION('',(0.,-1.,0.));
#2884=DIRECTION('center_axis',(1.,0.,0.));
#2885=DIRECTION('ref_axis',(0.,1.,0.));
#2886=DIRECTION('',(0.,0.,1.));
#2887=DIRECTION('',(0.,1.,0.));
#2888=DIRECTION('',(0.,0.,1.));
#2889=DIRECTION('center_axis',(0.,0.,1.));
#2890=DIRECTION('ref_axis',(0.499999899417182,-0.866025461855948,0.));
#2891=DIRECTION('',(0.,0.,1.));
#2892=DIRECTION('center_axis',(0.,0.,1.));
#2893=DIRECTION('ref_axis',(0.499999899417182,-0.866025461855948,0.));
#2894=DIRECTION('center_axis',(0.,-1.,0.));
#2895=DIRECTION('ref_axis',(1.,0.,0.));
#2896=DIRECTION('',(0.,0.,-1.));
#2897=DIRECTION('',(1.,0.,0.));
#2898=DIRECTION('center_axis',(-1.,0.,0.));
#2899=DIRECTION('ref_axis',(0.,-1.,0.));
#2900=DIRECTION('',(0.,0.,1.));
#2901=DIRECTION('',(0.,-1.,0.));
#2902=DIRECTION('',(0.,0.,1.));
#2903=DIRECTION('center_axis',(0.,0.,1.));
#2904=DIRECTION('ref_axis',(-0.499999899417182,0.866025461855948,0.));
#2905=DIRECTION('',(0.,0.,1.));
#2906=DIRECTION('center_axis',(0.,0.,1.));
#2907=DIRECTION('ref_axis',(-0.499999899417182,0.866025461855948,0.));
#2908=DIRECTION('center_axis',(0.,1.,0.));
#2909=DIRECTION('ref_axis',(-1.,0.,0.));
#2910=DIRECTION('',(0.,0.,-1.));
#2911=DIRECTION('',(-1.,0.,0.));
#2912=DIRECTION('center_axis',(-1.,0.,0.));
#2913=DIRECTION('ref_axis',(0.,-1.,0.));
#2914=DIRECTION('',(0.,0.,-1.));
#2915=DIRECTION('',(0.,1.,0.));
#2916=DIRECTION('',(0.,0.,1.));
#2917=DIRECTION('center_axis',(0.,0.,1.));
#2918=DIRECTION('ref_axis',(-0.932504807515336,0.361157561129192,0.));
#2919=DIRECTION('center_axis',(0.,0.,-1.));
#2920=DIRECTION('ref_axis',(-0.932504807515336,0.361157561129192,0.));
#2921=DIRECTION('',(0.,0.,1.));
#2922=DIRECTION('center_axis',(0.,0.,-1.));
#2923=DIRECTION('ref_axis',(-0.932504807515336,0.361157561129192,0.));
#2924=DIRECTION('',(0.,0.,-1.));
#2925=DIRECTION('center_axis',(0.,0.,1.));
#2926=DIRECTION('ref_axis',(0.763762615713065,-0.645497224501497,0.));
#2927=DIRECTION('',(0.,0.,1.));
#2928=DIRECTION('center_axis',(0.,0.,-1.));
#2929=DIRECTION('ref_axis',(0.763762615713065,-0.645497224501497,0.));
#2930=DIRECTION('center_axis',(0.,0.,1.));
#2931=DIRECTION('ref_axis',(-3.33066902424463E-16,-1.,0.));
#2932=DIRECTION('',(0.,0.,-1.));
#2933=DIRECTION('center_axis',(0.,0.,-1.));
#2934=DIRECTION('ref_axis',(-0.142857142857143,0.989743318610787,0.));
#2935=DIRECTION('',(0.,0.,-1.));
#2936=DIRECTION('center_axis',(0.,0.,1.));
#2937=DIRECTION('ref_axis',(-0.142857142857143,0.989743318610787,0.));
#2938=DIRECTION('',(0.,0.,1.));
#2939=DIRECTION('center_axis',(0.,0.,-1.));
#2940=DIRECTION('ref_axis',(-0.142857142857143,0.989743318610787,0.));
#2941=DIRECTION('center_axis',(0.,0.,1.));
#2942=DIRECTION('ref_axis',(0.547722560769848,0.83666002439684,0.));
#2943=DIRECTION('center_axis',(0.,0.,1.));
#2944=DIRECTION('ref_axis',(0.547722560769848,0.83666002439684,0.));
#2945=DIRECTION('',(0.,0.,-1.));
#2946=DIRECTION('center_axis',(0.,0.,1.));
#2947=DIRECTION('ref_axis',(-0.83666002439684,0.547722560769848,0.));
#2948=DIRECTION('center_axis',(0.,0.,1.));
#2949=DIRECTION('ref_axis',(-0.83666002439684,0.547722560769848,0.));
#2950=DIRECTION('',(0.,0.,-1.));
#2951=DIRECTION('center_axis',(0.,0.,1.));
#2952=DIRECTION('ref_axis',(-0.547722560769847,0.83666002439684,0.));
#2953=DIRECTION('',(0.,0.,1.));
#2954=DIRECTION('center_axis',(0.,0.,1.));
#2955=DIRECTION('ref_axis',(-0.547722560769847,0.83666002439684,0.));
#2956=DIRECTION('center_axis',(0.,0.,1.));
#2957=DIRECTION('ref_axis',(0.986013297603062,0.16666666418314,0.));
#2958=DIRECTION('',(0.,0.,-1.));
#2959=DIRECTION('center_axis',(0.,0.,-1.));
#2960=DIRECTION('ref_axis',(0.986013297603062,0.16666666418314,0.));
#2961=DIRECTION('center_axis',(0.,0.,1.));
#2962=DIRECTION('ref_axis',(0.547722560769847,-0.83666002439684,0.));
#2963=DIRECTION('',(0.,0.,1.));
#2964=DIRECTION('center_axis',(0.,0.,1.));
#2965=DIRECTION('ref_axis',(0.547722560769847,-0.83666002439684,0.));
#2966=DIRECTION('center_axis',(0.,0.,1.));
#2967=DIRECTION('ref_axis',(-0.986013297603062,-0.16666666418314,0.));
#2968=DIRECTION('center_axis',(0.,0.,-1.));
#2969=DIRECTION('ref_axis',(-0.986013297603062,-0.16666666418314,0.));
#2970=DIRECTION('center_axis',(0.,0.,1.));
#2971=DIRECTION('ref_axis',(0.83666002439684,-0.547722560769848,0.));
#2972=DIRECTION('center_axis',(0.,0.,1.));
#2973=DIRECTION('ref_axis',(0.83666002439684,-0.547722560769848,0.));
#2974=DIRECTION('center_axis',(0.,0.,1.));
#2975=DIRECTION('ref_axis',(0.83666002439684,0.547722560769848,0.));
#2976=DIRECTION('',(0.,0.,1.));
#2977=DIRECTION('center_axis',(0.,0.,1.));
#2978=DIRECTION('ref_axis',(0.83666002439684,0.547722560769848,0.));
#2979=DIRECTION('center_axis',(0.,0.,1.));
#2980=DIRECTION('ref_axis',(0.16666666418314,-0.986013297603062,0.));
#2981=DIRECTION('',(0.,0.,-1.));
#2982=DIRECTION('center_axis',(0.,0.,-1.));
#2983=DIRECTION('ref_axis',(0.16666666418314,-0.986013297603062,0.));
#2984=DIRECTION('center_axis',(0.,0.,1.));
#2985=DIRECTION('ref_axis',(-0.547722560769848,-0.83666002439684,0.));
#2986=DIRECTION('center_axis',(0.,0.,1.));
#2987=DIRECTION('ref_axis',(-0.547722560769848,-0.83666002439684,0.));
#2988=DIRECTION('center_axis',(0.,0.,1.));
#2989=DIRECTION('ref_axis',(-0.83666002439684,-0.547722560769848,0.));
#2990=DIRECTION('',(0.,0.,1.));
#2991=DIRECTION('center_axis',(0.,0.,1.));
#2992=DIRECTION('ref_axis',(-0.83666002439684,-0.547722560769848,0.));
#2993=DIRECTION('center_axis',(0.,0.,1.));
#2994=DIRECTION('ref_axis',(-0.16666666418314,0.986013297603062,0.));
#2995=DIRECTION('center_axis',(0.,0.,-1.));
#2996=DIRECTION('ref_axis',(-0.16666666418314,0.986013297603062,0.));
#2997=DIRECTION('center_axis',(0.,0.,1.));
#2998=DIRECTION('ref_axis',(-0.836660024396841,-0.547722560769845,0.));
#2999=DIRECTION('center_axis',(0.,0.,-1.));
#3000=DIRECTION('ref_axis',(-0.836660024396841,-0.547722560769845,0.));
#3001=DIRECTION('',(0.,0.,1.));
#3002=DIRECTION('center_axis',(0.,0.,1.));
#3003=DIRECTION('ref_axis',(-0.836660024396841,-0.547722560769845,0.));
#3004=DIRECTION('',(0.,0.,-1.));
#3005=DIRECTION('center_axis',(0.,0.,1.));
#3006=DIRECTION('ref_axis',(-0.16666666418314,0.986013297603062,0.));
#3007=DIRECTION('center_axis',(0.,0.,-1.));
#3008=DIRECTION('ref_axis',(-0.16666666418314,0.986013297603062,0.));
#3009=DIRECTION('',(0.,0.,-1.));
#3010=DIRECTION('center_axis',(0.,0.,-1.));
#3011=DIRECTION('ref_axis',(-0.16666666418314,0.986013297603062,0.));
#3012=DIRECTION('center_axis',(0.,0.,1.));
#3013=DIRECTION('ref_axis',(-0.83666002439684,0.547722560769847,0.));
#3014=DIRECTION('center_axis',(0.,0.,-1.));
#3015=DIRECTION('ref_axis',(-0.83666002439684,0.547722560769847,0.));
#3016=DIRECTION('',(0.,0.,1.));
#3017=DIRECTION('center_axis',(0.,0.,1.));
#3018=DIRECTION('ref_axis',(-0.83666002439684,0.547722560769847,0.));
#3019=DIRECTION('',(0.,0.,-1.));
#3020=DIRECTION('center_axis',(-2.65347830091259E-17,-1.,0.));
#3021=DIRECTION('ref_axis',(1.,-2.65347830091259E-17,0.));
#3022=DIRECTION('',(1.,-2.65347830091259E-17,0.));
#3023=DIRECTION('',(0.,0.,1.));
#3024=DIRECTION('',(1.,-2.65347830091259E-17,0.));
#3025=DIRECTION('center_axis',(0.,0.,1.));
#3026=DIRECTION('ref_axis',(-0.547722560769846,0.836660024396841,0.));
#3027=DIRECTION('center_axis',(0.,0.,-1.));
#3028=DIRECTION('ref_axis',(-0.547722560769846,0.836660024396841,0.));
#3029=DIRECTION('',(0.,0.,1.));
#3030=DIRECTION('center_axis',(0.,0.,1.));
#3031=DIRECTION('ref_axis',(-0.547722560769846,0.836660024396841,0.));
#3032=DIRECTION('',(0.,0.,-1.));
#3033=DIRECTION('center_axis',(0.,0.,1.));
#3034=DIRECTION('ref_axis',(0.986013297603062,0.16666666418314,0.));
#3035=DIRECTION('center_axis',(0.,0.,-1.));
#3036=DIRECTION('ref_axis',(0.986013297603062,0.16666666418314,0.));
#3037=DIRECTION('',(0.,0.,-1.));
#3038=DIRECTION('center_axis',(0.,0.,-1.));
#3039=DIRECTION('ref_axis',(0.986013297603062,0.16666666418314,0.));
#3040=DIRECTION('center_axis',(0.,0.,1.));
#3041=DIRECTION('ref_axis',(0.547722560769848,0.83666002439684,0.));
#3042=DIRECTION('center_axis',(0.,0.,-1.));
#3043=DIRECTION('ref_axis',(0.547722560769848,0.83666002439684,0.));
#3044=DIRECTION('',(0.,0.,1.));
#3045=DIRECTION('center_axis',(0.,0.,1.));
#3046=DIRECTION('ref_axis',(0.547722560769848,0.83666002439684,0.));
#3047=DIRECTION('center_axis',(-1.,-1.85743481063881E-16,0.));
#3048=DIRECTION('ref_axis',(1.85743481063881E-16,-1.,0.));
#3049=DIRECTION('',(1.85743481063881E-16,-1.,0.));
#3050=DIRECTION('',(0.,0.,1.));
#3051=DIRECTION('',(1.85743481063881E-16,-1.,0.));
#3052=DIRECTION('center_axis',(0.,0.,1.));
#3053=DIRECTION('ref_axis',(0.836660024396841,0.547722560769846,0.));
#3054=DIRECTION('center_axis',(0.,0.,-1.));
#3055=DIRECTION('ref_axis',(0.836660024396841,0.547722560769846,0.));
#3056=DIRECTION('',(0.,0.,1.));
#3057=DIRECTION('center_axis',(0.,0.,1.));
#3058=DIRECTION('ref_axis',(0.836660024396841,0.547722560769846,0.));
#3059=DIRECTION('',(0.,0.,-1.));
#3060=DIRECTION('center_axis',(0.,0.,1.));
#3061=DIRECTION('ref_axis',(0.16666666418314,-0.986013297603062,0.));
#3062=DIRECTION('center_axis',(0.,0.,-1.));
#3063=DIRECTION('ref_axis',(0.16666666418314,-0.986013297603062,0.));
#3064=DIRECTION('',(0.,0.,-1.));
#3065=DIRECTION('center_axis',(0.,0.,-1.));
#3066=DIRECTION('ref_axis',(0.16666666418314,-0.986013297603062,0.));
#3067=DIRECTION('center_axis',(0.,0.,1.));
#3068=DIRECTION('ref_axis',(0.83666002439684,-0.547722560769847,0.));
#3069=DIRECTION('center_axis',(0.,0.,-1.));
#3070=DIRECTION('ref_axis',(0.83666002439684,-0.547722560769847,0.));
#3071=DIRECTION('',(0.,0.,1.));
#3072=DIRECTION('center_axis',(0.,0.,1.));
#3073=DIRECTION('ref_axis',(0.83666002439684,-0.547722560769847,0.));
#3074=DIRECTION('center_axis',(2.65347830091259E-17,1.,0.));
#3075=DIRECTION('ref_axis',(-1.,2.65347830091259E-17,0.));
#3076=DIRECTION('',(-1.,2.65347830091259E-17,0.));
#3077=DIRECTION('',(0.,0.,1.));
#3078=DIRECTION('',(-1.,2.65347830091259E-17,0.));
#3079=DIRECTION('center_axis',(0.,0.,1.));
#3080=DIRECTION('ref_axis',(0.547722560769846,-0.836660024396841,0.));
#3081=DIRECTION('center_axis',(0.,0.,-1.));
#3082=DIRECTION('ref_axis',(0.547722560769846,-0.836660024396841,0.));
#3083=DIRECTION('',(0.,0.,1.));
#3084=DIRECTION('center_axis',(0.,0.,1.));
#3085=DIRECTION('ref_axis',(0.547722560769846,-0.836660024396841,0.));
#3086=DIRECTION('',(0.,0.,-1.));
#3087=DIRECTION('center_axis',(0.,0.,1.));
#3088=DIRECTION('ref_axis',(-0.986013297603062,-0.16666666418314,0.));
#3089=DIRECTION('center_axis',(0.,0.,-1.));
#3090=DIRECTION('ref_axis',(-0.986013297603062,-0.16666666418314,0.));
#3091=DIRECTION('center_axis',(0.,0.,-1.));
#3092=DIRECTION('ref_axis',(-0.986013297603062,-0.16666666418314,0.));
#3093=DIRECTION('center_axis',(0.,0.,1.));
#3094=DIRECTION('ref_axis',(-0.547722560769847,-0.83666002439684,0.));
#3095=DIRECTION('center_axis',(0.,0.,-1.));
#3096=DIRECTION('ref_axis',(-0.547722560769847,-0.83666002439684,0.));
#3097=DIRECTION('',(0.,0.,1.));
#3098=DIRECTION('center_axis',(0.,0.,1.));
#3099=DIRECTION('ref_axis',(-0.547722560769847,-0.83666002439684,0.));
#3100=DIRECTION('center_axis',(1.,-2.65347830091259E-17,0.));
#3101=DIRECTION('ref_axis',(2.65347830091259E-17,1.,0.));
#3102=DIRECTION('',(2.65347830091259E-17,1.,0.));
#3103=DIRECTION('',(0.,0.,1.));
#3104=DIRECTION('',(2.65347830091259E-17,1.,0.));
#3105=DIRECTION('center_axis',(0.,0.,1.));
#3106=DIRECTION('ref_axis',(0.932504807515336,0.361157561129192,0.));
#3107=DIRECTION('center_axis',(0.,0.,-1.));
#3108=DIRECTION('ref_axis',(0.932504807515336,0.361157561129192,0.));
#3109=DIRECTION('',(0.,0.,-1.));
#3110=DIRECTION('center_axis',(0.,0.,-1.));
#3111=DIRECTION('ref_axis',(0.932504807515336,0.361157561129192,0.));
#3112=DIRECTION('center_axis',(0.,0.,1.));
#3113=DIRECTION('ref_axis',(3.01346245050705E-16,1.,0.));
#3114=DIRECTION('center_axis',(0.,0.,-1.));
#3115=DIRECTION('ref_axis',(0.142857142857143,-0.989743318610787,0.));
#3116=DIRECTION('',(0.,0.,-1.));
#3117=DIRECTION('center_axis',(0.,0.,1.));
#3118=DIRECTION('ref_axis',(0.142857142857143,-0.989743318610787,0.));
#3119=DIRECTION('',(0.,0.,1.));
#3120=DIRECTION('center_axis',(0.,0.,-1.));
#3121=DIRECTION('ref_axis',(0.142857142857143,-0.989743318610787,0.));
#3122=DIRECTION('center_axis',(0.,0.,1.));
#3123=DIRECTION('ref_axis',(0.142857142857143,-0.989743318610787,0.));
#3124=DIRECTION('center_axis',(0.,0.,1.));
#3125=DIRECTION('ref_axis',(-0.763762615713066,-0.645497224501497,0.));
#3126=DIRECTION('',(0.,0.,1.));
#3127=DIRECTION('center_axis',(0.,0.,-1.));
#3128=DIRECTION('ref_axis',(-0.763762615713066,-0.645497224501497,0.));
#3129=DIRECTION('center_axis',(1.,0.,0.));
#3130=DIRECTION('ref_axis',(0.,1.,0.));
#3131=DIRECTION('',(0.,-1.,0.));
#3132=DIRECTION('center_axis',(0.,0.,1.));
#3133=DIRECTION('ref_axis',(-0.79056941494392,-0.612372435822538,0.));
#3134=DIRECTION('center_axis',(0.,0.,-1.));
#3135=DIRECTION('ref_axis',(-0.79056941494392,-0.612372435822538,0.));
#3136=DIRECTION('',(0.,0.,1.));
#3137=DIRECTION('center_axis',(0.,0.,1.));
#3138=DIRECTION('ref_axis',(-0.79056941494392,-0.612372435822538,0.));
#3139=DIRECTION('center_axis',(1.,1.95279245525148E-16,0.));
#3140=DIRECTION('ref_axis',(-1.95279245525148E-16,1.,0.));
#3141=DIRECTION('',(-1.95279245525148E-16,1.,0.));
#3142=DIRECTION('',(0.,0.,-1.));
#3143=DIRECTION('',(-1.95279245525148E-16,1.,0.));
#3144=DIRECTION('center_axis',(0.,0.,-1.));
#3145=DIRECTION('ref_axis',(0.79056941494392,-0.612372435822538,0.));
#3146=DIRECTION('center_axis',(0.,0.,-1.));
#3147=DIRECTION('ref_axis',(0.79056941494392,-0.612372435822538,0.));
#3148=DIRECTION('center_axis',(0.,0.,1.));
#3149=DIRECTION('ref_axis',(0.79056941494392,-0.612372435822538,0.));
#3150=DIRECTION('',(0.,0.,-1.));
#3151=DIRECTION('center_axis',(0.,0.,1.));
#3152=DIRECTION('ref_axis',(0.939472561832059,0.342624146207922,0.));
#3153=DIRECTION('center_axis',(0.,0.,-1.));
#3154=DIRECTION('ref_axis',(0.939472561832059,0.342624146207922,0.));
#3155=DIRECTION('',(0.,0.,1.));
#3156=DIRECTION('center_axis',(0.,0.,1.));
#3157=DIRECTION('ref_axis',(0.939472561832059,0.342624146207922,0.));
#3158=DIRECTION('center_axis',(-1.,7.81116982100593E-17,0.));
#3159=DIRECTION('ref_axis',(-7.81116982100593E-17,-1.,0.));
#3160=DIRECTION('',(-7.81116982100593E-17,-1.,0.));
#3161=DIRECTION('',(-7.81116982100593E-17,-1.,0.));
#3162=DIRECTION('center_axis',(0.,0.,-1.));
#3163=DIRECTION('ref_axis',(-0.93947256183206,0.342624146207921,0.));
#3164=DIRECTION('center_axis',(0.,0.,-1.));
#3165=DIRECTION('ref_axis',(-0.93947256183206,0.342624146207921,0.));
#3166=DIRECTION('center_axis',(0.,0.,1.));
#3167=DIRECTION('ref_axis',(-0.93947256183206,0.342624146207921,0.));
#3168=DIRECTION('center_axis',(0.,0.,1.));
#3169=DIRECTION('ref_axis',(1.,0.,0.));
#3170=DIRECTION('center_axis',(0.,0.,1.));
#3171=DIRECTION('ref_axis',(1.,0.,0.));
#3172=DIRECTION('center_axis',(0.,0.,1.));
#3173=DIRECTION('ref_axis',(1.,0.,0.));
#3174=DIRECTION('center_axis',(0.,0.,1.));
#3175=DIRECTION('ref_axis',(1.,0.,0.));
#3176=DIRECTION('',(0.,0.,-1.));
#3177=DIRECTION('center_axis',(0.,0.,-1.));
#3178=DIRECTION('ref_axis',(1.,0.,0.));
#3179=DIRECTION('center_axis',(0.,0.,1.));
#3180=DIRECTION('ref_axis',(1.,0.,0.));
#3181=DIRECTION('center_axis',(0.,0.,-1.));
#3182=DIRECTION('ref_axis',(1.,0.,0.));
#3183=DIRECTION('',(0.,0.,-1.));
#3184=DIRECTION('center_axis',(0.,0.,1.));
#3185=DIRECTION('ref_axis',(1.,0.,0.));
#3186=DIRECTION('center_axis',(0.,0.,1.));
#3187=DIRECTION('ref_axis',(1.,0.,0.));
#3188=DIRECTION('center_axis',(0.,0.,1.));
#3189=DIRECTION('ref_axis',(1.,0.,0.));
#3190=DIRECTION('center_axis',(0.,0.,-1.));
#3191=DIRECTION('ref_axis',(1.,0.,0.));
#3192=DIRECTION('',(0.,0.,-1.));
#3193=DIRECTION('center_axis',(0.,0.,1.));
#3194=DIRECTION('ref_axis',(1.,0.,0.));
#3195=DIRECTION('center_axis',(0.,0.,-1.));
#3196=DIRECTION('ref_axis',(1.,0.,0.));
#3197=DIRECTION('',(0.,0.,-1.));
#3198=DIRECTION('center_axis',(0.,0.,1.));
#3199=DIRECTION('ref_axis',(1.,0.,0.));
#3200=DIRECTION('',(0.,0.,-1.));
#3201=DIRECTION('center_axis',(0.,0.,1.));
#3202=DIRECTION('ref_axis',(1.,0.,0.));
#3203=DIRECTION('center_axis',(0.,0.,-1.));
#3204=DIRECTION('ref_axis',(1.,0.,0.));
#3205=DIRECTION('',(0.,0.,-1.));
#3206=DIRECTION('center_axis',(0.,0.,1.));
#3207=DIRECTION('ref_axis',(1.,0.,0.));
#3208=DIRECTION('center_axis',(0.,0.,-1.));
#3209=DIRECTION('ref_axis',(1.,0.,0.));
#3210=DIRECTION('',(0.,0.,-1.));
#3211=DIRECTION('center_axis',(0.,0.,1.));
#3212=DIRECTION('ref_axis',(1.,0.,0.));
#3213=DIRECTION('center_axis',(0.,0.,-1.));
#3214=DIRECTION('ref_axis',(1.,0.,0.));
#3215=DIRECTION('',(0.,0.,-1.));
#3216=DIRECTION('center_axis',(0.,0.,1.));
#3217=DIRECTION('ref_axis',(1.,0.,0.));
#3218=DIRECTION('center_axis',(0.,0.,-1.));
#3219=DIRECTION('ref_axis',(1.,0.,0.));
#3220=DIRECTION('',(0.,0.,-1.));
#3221=DIRECTION('center_axis',(0.,0.,1.));
#3222=DIRECTION('ref_axis',(1.,0.,0.));
#3223=DIRECTION('center_axis',(0.,0.,1.));
#3224=DIRECTION('ref_axis',(1.,0.,0.));
#3225=DIRECTION('center_axis',(0.,0.,-1.));
#3226=DIRECTION('ref_axis',(1.,0.,0.));
#3227=DIRECTION('center_axis',(0.,0.,-1.));
#3228=DIRECTION('ref_axis',(1.,0.,0.));
#3229=DIRECTION('center_axis',(0.,0.,-1.));
#3230=DIRECTION('ref_axis',(1.,0.,0.));
#3231=DIRECTION('center_axis',(0.,0.,-1.));
#3232=DIRECTION('ref_axis',(1.,0.,0.));
#3233=DIRECTION('center_axis',(0.,0.,-1.));
#3234=DIRECTION('ref_axis',(1.,0.,0.));
#3235=DIRECTION('center_axis',(0.,0.,-1.));
#3236=DIRECTION('ref_axis',(1.,0.,0.));
#3237=DIRECTION('',(2.65347830091259E-17,1.,0.));
#3238=DIRECTION('center_axis',(0.,0.,1.));
#3239=DIRECTION('ref_axis',(0.866025408086033,0.49999999254942,0.));
#3240=DIRECTION('',(1.,-2.65347830091259E-17,0.));
#3241=DIRECTION('center_axis',(0.,0.,1.));
#3242=DIRECTION('ref_axis',(0.49999999254942,-0.866025408086033,0.));
#3243=DIRECTION('',(0.,-1.,0.));
#3244=DIRECTION('center_axis',(0.,0.,1.));
#3245=DIRECTION('ref_axis',(-0.866025408086033,-0.49999999254942,0.));
#3246=DIRECTION('',(-1.,0.,0.));
#3247=DIRECTION('center_axis',(0.,0.,1.));
#3248=DIRECTION('ref_axis',(-0.499999992549419,0.866025408086033,0.));
#3249=DIRECTION('center_axis',(0.,0.,-1.));
#3250=DIRECTION('ref_axis',(1.,0.,0.));
#3251=DIRECTION('center_axis',(0.,1.,0.));
#3252=DIRECTION('ref_axis',(-1.,0.,0.));
#3253=DIRECTION('',(-1.,0.,0.));
#3254=DIRECTION('',(0.,0.,1.));
#3255=DIRECTION('center_axis',(-1.,0.,0.));
#3256=DIRECTION('ref_axis',(0.,-1.,0.));
#3257=DIRECTION('',(0.,-1.,0.));
#3258=DIRECTION('',(0.,0.,1.));
#3259=DIRECTION('center_axis',(-2.65347830091259E-17,-1.,0.));
#3260=DIRECTION('ref_axis',(1.,-2.65347830091259E-17,0.));
#3261=DIRECTION('',(1.,-2.65347830091259E-17,0.));
#3262=DIRECTION('',(0.,0.,1.));
#3263=DIRECTION('center_axis',(1.,-2.65347830091259E-17,0.));
#3264=DIRECTION('ref_axis',(2.65347830091259E-17,1.,0.));
#3265=DIRECTION('',(2.65347830091259E-17,1.,0.));
#3266=DIRECTION('',(0.,0.,1.));
#3267=DIRECTION('center_axis',(0.,0.,1.));
#3268=DIRECTION('ref_axis',(1.,0.,0.));
#3269=DIRECTION('center_axis',(0.,0.,-1.));
#3270=DIRECTION('ref_axis',(1.,0.,0.));
#3271=DIRECTION('',(0.,0.,-1.));
#3272=DIRECTION('center_axis',(0.,0.,1.));
#3273=DIRECTION('ref_axis',(-0.499999992549419,0.866025408086033,0.));
#3274=DIRECTION('center_axis',(0.,0.,1.));
#3275=DIRECTION('ref_axis',(-0.499999992549419,0.866025408086033,0.));
#3276=DIRECTION('center_axis',(0.,0.,1.));
#3277=DIRECTION('ref_axis',(-0.866025408086033,-0.49999999254942,0.));
#3278=DIRECTION('center_axis',(0.,0.,1.));
#3279=DIRECTION('ref_axis',(-0.866025408086033,-0.49999999254942,0.));
#3280=DIRECTION('center_axis',(0.,0.,1.));
#3281=DIRECTION('ref_axis',(0.49999999254942,-0.866025408086033,0.));
#3282=DIRECTION('center_axis',(0.,0.,1.));
#3283=DIRECTION('ref_axis',(0.49999999254942,-0.866025408086033,0.));
#3284=DIRECTION('center_axis',(0.,0.,1.));
#3285=DIRECTION('ref_axis',(0.866025408086033,0.49999999254942,0.));
#3286=DIRECTION('center_axis',(0.,0.,1.));
#3287=DIRECTION('ref_axis',(0.866025408086033,0.49999999254942,0.));
#3288=DIRECTION('center_axis',(0.,0.,1.));
#3289=DIRECTION('ref_axis',(1.,0.,0.));
#3290=DIRECTION('center_axis',(0.,0.,-1.));
#3291=DIRECTION('ref_axis',(1.,0.,0.));
#3292=DIRECTION('',(0.,0.,-1.));
#3293=DIRECTION('center_axis',(0.,0.,1.));
#3294=DIRECTION('ref_axis',(1.,0.,0.));
#3295=DIRECTION('center_axis',(0.,0.,-1.));
#3296=DIRECTION('ref_axis',(1.,0.,0.));
#3297=DIRECTION('',(0.,0.,-1.));
#3298=DIRECTION('center_axis',(0.,0.,1.));
#3299=DIRECTION('ref_axis',(1.,0.,0.));
#3300=DIRECTION('center_axis',(0.,0.,-1.));
#3301=DIRECTION('ref_axis',(1.,0.,0.));
#3302=DIRECTION('',(0.,0.,-1.));
#3303=DIRECTION('center_axis',(0.,0.,1.));
#3304=DIRECTION('ref_axis',(1.,0.,0.));
#3305=DIRECTION('center_axis',(0.,0.,-1.));
#3306=DIRECTION('ref_axis',(1.,0.,0.));
#3307=DIRECTION('',(0.,0.,-1.));
#3308=DIRECTION('center_axis',(0.,0.,1.));
#3309=DIRECTION('ref_axis',(1.,0.,0.));
#3310=DIRECTION('center_axis',(0.,0.,-1.));
#3311=DIRECTION('ref_axis',(1.,0.,0.));
#3312=DIRECTION('',(0.,0.,-1.));
#3313=DIRECTION('center_axis',(0.,0.,1.));
#3314=DIRECTION('ref_axis',(1.,0.,0.));
#3315=DIRECTION('center_axis',(0.,0.,-1.));
#3316=DIRECTION('ref_axis',(1.,0.,0.));
#3317=DIRECTION('',(0.,0.,-1.));
#3318=DIRECTION('center_axis',(0.,0.,1.));
#3319=DIRECTION('ref_axis',(1.,0.,0.));
#3320=DIRECTION('center_axis',(0.,0.,1.));
#3321=DIRECTION('ref_axis',(1.,0.,0.));
#3322=DIRECTION('center_axis',(0.,0.,1.));
#3323=DIRECTION('ref_axis',(1.,0.,0.));
#3324=DIRECTION('center_axis',(0.,0.,-1.));
#3325=DIRECTION('ref_axis',(1.,0.,0.));
#3326=DIRECTION('center_axis',(0.,0.,1.));
#3327=DIRECTION('ref_axis',(1.,0.,0.));
#3328=DIRECTION('center_axis',(0.,0.,-1.));
#3329=DIRECTION('ref_axis',(1.,0.,0.));
#3330=DIRECTION('',(0.,0.,-1.));
#3331=DIRECTION('center_axis',(0.,0.,1.));
#3332=DIRECTION('ref_axis',(1.,0.,0.));
#3333=DIRECTION('center_axis',(0.,0.,1.));
#3334=DIRECTION('ref_axis',(1.,0.,0.));
#3335=DIRECTION('',(0.,0.,-1.));
#3336=DIRECTION('center_axis',(0.,0.,1.));
#3337=DIRECTION('ref_axis',(1.,0.,0.));
#3338=CARTESIAN_POINT('',(0.,0.,0.));
#3339=CARTESIAN_POINT('Origin',(0.,0.,71.0000010579824));
#3340=CARTESIAN_POINT('',(-1.00000001490116,34.9857118903995,74.0000011026859));
#3341=CARTESIAN_POINT('',(0.,35.,71.0000010579824));
#3342=CARTESIAN_POINT('Origin',(0.,0.,71.0000010579824));
#3343=CARTESIAN_POINT('',(-1.00000001490116,34.5,74.0000011026859));
#3344=CARTESIAN_POINT('',(-1.00000001490116,0.,74.0000011026859));
#3345=CARTESIAN_POINT('',(0.,34.5,71.0000010579824));
#3346=CARTESIAN_POINT('',(-0.225000003352761,34.5,71.6750010680407));
#3347=CARTESIAN_POINT('',(0.,0.,71.0000010579824));
#3348=CARTESIAN_POINT('Origin',(1.00000001490116,0.,74.0000011026859));
#3349=CARTESIAN_POINT('',(1.00000001490116,34.9857118903995,74.0000011026859));
#3350=CARTESIAN_POINT('Origin',(0.,0.,71.0000010579824));
#3351=CARTESIAN_POINT('',(1.00000001490116,34.5,74.0000011026859));
#3352=CARTESIAN_POINT('',(0.725000010803342,34.5,73.1750010903925));
#3353=CARTESIAN_POINT('',(1.00000001490116,0.,74.0000011026859));
#3354=CARTESIAN_POINT('Origin',(0.,34.5,72.5000010803342));
#3355=CARTESIAN_POINT('',(-0.500000007450581,34.5,74.0000011026859));
#3356=CARTESIAN_POINT('Origin',(-1.00000001490116,0.,74.0000011026859));
#3357=CARTESIAN_POINT('Origin',(0.,0.,74.0000011026859));
#3358=CARTESIAN_POINT('Origin',(0.,-87.5000013038516,94.5));
#3359=CARTESIAN_POINT('',(-1.00000001490116,-86.0000012814999,94.5));
#3360=CARTESIAN_POINT('',(0.,-89.0000013262033,94.5));
#3361=CARTESIAN_POINT('',(-0.725000010803342,-86.8250012937933,94.5));
#3362=CARTESIAN_POINT('',(1.00000001490116,-86.0000012814999,94.5));
#3363=CARTESIAN_POINT('',(0.225000003352761,-88.3250013161451,94.5));
#3364=CARTESIAN_POINT('',(0.500000007450581,-86.0000012814999,94.5));
#3365=CARTESIAN_POINT('Origin',(1.00000001490116,-86.0000012814999,0.));
#3366=CARTESIAN_POINT('',(1.00000001490116,-86.0000012814999,95.));
#3367=CARTESIAN_POINT('',(1.00000001490116,-86.0000012814999,0.));
#3368=CARTESIAN_POINT('',(-1.00000001490116,-86.0000012814999,95.));
#3369=CARTESIAN_POINT('',(0.500000007450581,-86.0000012814999,95.));
#3370=CARTESIAN_POINT('',(-1.00000001490116,-86.0000012814999,0.));
#3371=CARTESIAN_POINT('Origin',(-1.00000001490116,-86.0000012814999,0.));
#3372=CARTESIAN_POINT('',(0.,-89.0000013262033,95.));
#3373=CARTESIAN_POINT('',(-13.8500002063811,-47.4500007070601,95.));
#3374=CARTESIAN_POINT('',(0.,-89.0000013262033,0.));
#3375=CARTESIAN_POINT('Origin',(0.,-89.0000013262033,0.));
#3376=CARTESIAN_POINT('',(13.3500001989305,-48.9500007294118,95.));
#3377=CARTESIAN_POINT('Origin',(0.,0.,94.000001385808));
#3378=CARTESIAN_POINT('',(-1.00000001490116,-159.9857118904,91.0000013411045));
#3379=CARTESIAN_POINT('',(0.,-160.,94.000001385808));
#3380=CARTESIAN_POINT('Origin',(0.,-125.,94.000001385808));
#3381=CARTESIAN_POINT('',(-1.00000001490116,-159.5,91.0000013411045));
#3382=CARTESIAN_POINT('',(-1.00000001490116,0.,91.0000013411045));
#3383=CARTESIAN_POINT('',(0.,-159.5,94.000001385808));
#3384=CARTESIAN_POINT('',(-0.225000003352761,-159.5,93.3250013757497));
#3385=CARTESIAN_POINT('',(0.,0.,94.000001385808));
#3386=CARTESIAN_POINT('Origin',(1.00000001490116,0.,91.0000013411045));
#3387=CARTESIAN_POINT('',(1.00000001490116,-159.9857118904,91.0000013411045));
#3388=CARTESIAN_POINT('Origin',(0.,-125.,94.000001385808));
#3389=CARTESIAN_POINT('',(1.00000001490116,-159.5,91.0000013411045));
#3390=CARTESIAN_POINT('',(0.725000010803342,-159.5,91.825001353398));
#3391=CARTESIAN_POINT('',(1.00000001490116,0.,91.0000013411045));
#3392=CARTESIAN_POINT('Origin',(0.,-159.5,92.5000013634562));
#3393=CARTESIAN_POINT('',(-0.500000007450581,-159.5,91.0000013411045));
#3394=CARTESIAN_POINT('Origin',(-1.00000001490116,0.,91.0000013411045));
#3395=CARTESIAN_POINT('Origin',(0.,-125.,91.0000013411045));
#3396=CARTESIAN_POINT('Origin',(0.,-36.000000551343,0.));
#3397=CARTESIAN_POINT('',(0.,-36.000000551343,70.));
#3398=CARTESIAN_POINT('',(-1.00000001490116,-39.0000005960464,70.));
#3399=CARTESIAN_POINT('',(-13.3499999172985,-76.0500003032386,70.));
#3400=CARTESIAN_POINT('',(0.,-36.000000551343,70.5));
#3401=CARTESIAN_POINT('',(0.,-36.000000551343,0.));
#3402=CARTESIAN_POINT('',(-1.00000001490116,-39.0000005960464,70.5));
#3403=CARTESIAN_POINT('',(-1.00000001490116,-39.0000005960464,70.5));
#3404=CARTESIAN_POINT('',(-1.00000001490116,-39.0000005960464,0.));
#3405=CARTESIAN_POINT('Origin',(-1.00000001490116,-39.0000005960464,0.));
#3406=CARTESIAN_POINT('',(1.00000001490116,-39.0000005960464,70.));
#3407=CARTESIAN_POINT('',(-0.500000007450581,-39.0000005960464,70.));
#3408=CARTESIAN_POINT('',(1.00000001490116,-39.0000005960464,70.5));
#3409=CARTESIAN_POINT('',(-1.00000001490116,-39.0000005960464,70.5));
#3410=CARTESIAN_POINT('',(1.00000001490116,-39.0000005960464,0.));
#3411=CARTESIAN_POINT('Origin',(1.00000001490116,-39.0000005960464,0.));
#3412=CARTESIAN_POINT('',(13.8499999247491,-77.5500003255904,70.));
#3413=CARTESIAN_POINT('',(1.00000001490116,-39.0000005960464,70.5));
#3414=CARTESIAN_POINT('Origin',(0.,-37.5000005736947,70.5));
#3415=CARTESIAN_POINT('Origin',(0.,-125.000001862645,94.000001385808));
#3416=CARTESIAN_POINT('',(-34.9857119436397,-124.000001847744,91.0000013411045));
#3417=CARTESIAN_POINT('',(-35.,-125.000001862645,94.000001385808));
#3418=CARTESIAN_POINT('Origin',(0.,-125.,93.9999957978725));
#3419=CARTESIAN_POINT('',(-34.5,-124.000001847744,91.0000013411045));
#3420=CARTESIAN_POINT('',(0.,-124.000001847744,91.0000013411045));
#3421=CARTESIAN_POINT('',(-34.5,-125.000001862645,94.000001385808));
#3422=CARTESIAN_POINT('',(-34.5,-124.775001859292,93.3250013757497));
#3423=CARTESIAN_POINT('',(0.,-125.000001862645,94.000001385808));
#3424=CARTESIAN_POINT('Origin',(0.,-126.000001877546,91.0000013411045));
#3425=CARTESIAN_POINT('',(-34.9857118371594,-126.000001877546,91.0000013411045));
#3426=CARTESIAN_POINT('Origin',(0.,-125.,94.0000069737434));
#3427=CARTESIAN_POINT('',(-34.5,-126.000001877546,91.0000013411045));
#3428=CARTESIAN_POINT('',(-34.5,-125.725001873448,91.825001353398));
#3429=CARTESIAN_POINT('',(0.,-126.000001877546,91.0000013411045));
#3430=CARTESIAN_POINT('Origin',(-34.5,-125.000001862645,92.5000013634562));
#3431=CARTESIAN_POINT('',(-34.5,-124.500001855195,91.0000013411045));
#3432=CARTESIAN_POINT('Origin',(0.,-124.000001847744,91.0000013411045));
#3433=CARTESIAN_POINT('Origin',(0.,-125.,91.0000013411045));
#3434=CARTESIAN_POINT('Origin',(0.,-1.00000001490116,74.0000011175871));
#3435=CARTESIAN_POINT('',(-34.9857118903995,1.00000001490116,74.0000011175871));
#3436=CARTESIAN_POINT('',(-34.9857118903995,-1.00000001490116,74.0000011175871));
#3437=CARTESIAN_POINT('Origin',(0.,0.,74.0000011175871));
#3438=CARTESIAN_POINT('',(-34.5,1.00000001490116,74.0000011175871));
#3439=CARTESIAN_POINT('',(0.,1.00000001490116,74.0000011175871));
#3440=CARTESIAN_POINT('',(-34.5,-1.00000001490116,74.0000011175871));
#3441=CARTESIAN_POINT('',(-34.5,-0.500000007450581,74.0000011175871));
#3442=CARTESIAN_POINT('',(0.,-1.00000001490116,74.0000011175871));
#3443=CARTESIAN_POINT('Origin',(0.,0.,71.0000010728836));
#3444=CARTESIAN_POINT('',(-35.,0.,71.0000010728836));
#3445=CARTESIAN_POINT('Origin',(0.,0.,71.0000010728836));
#3446=CARTESIAN_POINT('',(-34.5,0.,71.0000010728836));
#3447=CARTESIAN_POINT('',(-34.5,-0.225000003352761,71.6750010829419));
#3448=CARTESIAN_POINT('',(0.,0.,71.0000010728836));
#3449=CARTESIAN_POINT('Origin',(-34.5,0.,72.5000010952353));
#3450=CARTESIAN_POINT('',(-34.5,0.725000010803342,73.1750011052936));
#3451=CARTESIAN_POINT('Origin',(0.,1.00000001490116,74.0000011175871));
#3452=CARTESIAN_POINT('Origin',(0.,0.,71.0000010728836));
#3453=CARTESIAN_POINT('Origin',(0.,0.,71.0000010728836));
#3454=CARTESIAN_POINT('',(34.9857118903995,1.00000001490116,74.0000011175871));
#3455=CARTESIAN_POINT('',(35.,0.,71.0000010728836));
#3456=CARTESIAN_POINT('Origin',(0.,0.,71.0000010728836));
#3457=CARTESIAN_POINT('',(34.5,1.00000001490116,74.0000011175871));
#3458=CARTESIAN_POINT('',(0.,1.00000001490116,74.0000011175871));
#3459=CARTESIAN_POINT('',(34.5,0.,71.0000010728836));
#3460=CARTESIAN_POINT('',(34.5,0.225000003352761,71.6750010829419));
#3461=CARTESIAN_POINT('',(0.,0.,71.0000010728836));
#3462=CARTESIAN_POINT('Origin',(0.,-1.00000001490116,74.0000011175871));
#3463=CARTESIAN_POINT('',(34.9857118903995,-1.00000001490116,74.0000011175871));
#3464=CARTESIAN_POINT('Origin',(0.,0.,71.0000010728836));
#3465=CARTESIAN_POINT('',(34.5,-1.00000001490116,74.0000011175871));
#3466=CARTESIAN_POINT('',(34.5,-0.725000010803342,73.1750011052936));
#3467=CARTESIAN_POINT('',(0.,-1.00000001490116,74.0000011175871));
#3468=CARTESIAN_POINT('Origin',(34.5,0.,72.5000010952353));
#3469=CARTESIAN_POINT('',(34.5,0.500000007450581,74.0000011175871));
#3470=CARTESIAN_POINT('Origin',(0.,1.00000001490116,74.0000011175871));
#3471=CARTESIAN_POINT('Origin',(0.,0.,74.0000011175871));
#3472=CARTESIAN_POINT('Origin',(0.,-125.000001862645,94.000001385808));
#3473=CARTESIAN_POINT('',(34.9857118371594,-126.000001877546,91.0000013411045));
#3474=CARTESIAN_POINT('',(35.,-125.000001862645,94.000001385808));
#3475=CARTESIAN_POINT('Origin',(0.,-125.,94.0000069737434));
#3476=CARTESIAN_POINT('',(34.5,-126.000001877546,91.0000013411045));
#3477=CARTESIAN_POINT('',(0.,-126.000001877546,91.0000013411045));
#3478=CARTESIAN_POINT('',(34.5,-125.000001862645,94.000001385808));
#3479=CARTESIAN_POINT('',(34.5,-125.225001865998,93.3250013757497));
#3480=CARTESIAN_POINT('',(0.,-125.000001862645,94.000001385808));
#3481=CARTESIAN_POINT('Origin',(0.,-124.000001847744,91.0000013411045));
#3482=CARTESIAN_POINT('',(34.9857119436397,-124.000001847744,91.0000013411045));
#3483=CARTESIAN_POINT('Origin',(0.,-125.,93.9999957978725));
#3484=CARTESIAN_POINT('',(34.5,-124.000001847744,91.0000013411045));
#3485=CARTESIAN_POINT('',(34.5,-124.275001851842,91.825001353398));
#3486=CARTESIAN_POINT('',(0.,-124.000001847744,91.0000013411045));
#3487=CARTESIAN_POINT('Origin',(34.5,-125.000001862645,92.5000013634562));
#3488=CARTESIAN_POINT('',(34.5,-125.500001870096,91.0000013411045));
#3489=CARTESIAN_POINT('Origin',(0.,-126.000001877546,91.0000013411045));
#3490=CARTESIAN_POINT('Origin',(0.,-125.,91.0000013411045));
#3491=CARTESIAN_POINT('Origin',(0.,-125.,80.));
#3492=CARTESIAN_POINT('',(-4.00000005960508,-125.,80.));
#3493=CARTESIAN_POINT('Origin',(0.,-125.,80.));
#3494=CARTESIAN_POINT('',(-1.55,-125.,80.));
#3495=CARTESIAN_POINT('Origin',(0.,-125.,80.));
#3496=CARTESIAN_POINT('Origin',(0.,-125.,0.));
#3497=CARTESIAN_POINT('',(-1.55,-125.,89.));
#3498=CARTESIAN_POINT('Origin',(0.,-125.,89.));
#3499=CARTESIAN_POINT('',(-1.55,-125.,0.));
#3500=CARTESIAN_POINT('Origin',(0.,-80.,-50.));
#3501=CARTESIAN_POINT('',(5.00000007450581,-77.4596676166917,74.9741841797029));
#3502=CARTESIAN_POINT('',(5.00000007450581,-80.,75.));
#3503=CARTESIAN_POINT('Origin',(5.00000007450581,-80.,-50.));
#3504=CARTESIAN_POINT('',(-5.00000007450581,-80.,75.));
#3505=CARTESIAN_POINT('',(0.,-80.,75.));
#3506=CARTESIAN_POINT('',(-5.00000007450581,-77.4596676166917,74.9741841797029));
#3507=CARTESIAN_POINT('Origin',(-5.00000007450581,-80.,-50.));
#3508=CARTESIAN_POINT('',(-11.8811244115561,-45.,70.));
#3509=CARTESIAN_POINT('Ctrl Pts',(-5.00000007450581,-77.4596676166917,74.974184179703));
#3510=CARTESIAN_POINT('Ctrl Pts',(-5.00000007450581,-72.2418307593561,74.8681219555203));
#3511=CARTESIAN_POINT('Ctrl Pts',(-5.51859745092581,-66.9025410846758,74.4254329031031));
#3512=CARTESIAN_POINT('Ctrl Pts',(-7.63814135784904,-56.3909918322732,72.8651558265954));
#3513=CARTESIAN_POINT('Ctrl Pts',(-9.23817426336735,-51.2184360918866,71.7483221768751));
#3514=CARTESIAN_POINT('Ctrl Pts',(-11.500355601504,-45.8680963209507,70.2506511146118));
#3515=CARTESIAN_POINT('Ctrl Pts',(-11.6888921799663,-45.4330236774453,70.1262985725882));
#3516=CARTESIAN_POINT('Ctrl Pts',(-11.8811244115561,-45.,70.));
#3517=CARTESIAN_POINT('',(11.8811244115561,-45.,70.));
#3518=CARTESIAN_POINT('',(0.,-45.,70.));
#3519=CARTESIAN_POINT('Ctrl Pts',(11.8811244116035,-44.9999999998932,69.9999999999689));
#3520=CARTESIAN_POINT('Ctrl Pts',(11.6888921799973,-45.4330236773738,70.1262985725678));
#3521=CARTESIAN_POINT('Ctrl Pts',(11.5003556015192,-45.8680963209148,70.2506511146018));
#3522=CARTESIAN_POINT('Ctrl Pts',(9.23817426336735,-51.2184360918866,71.7483221768751));
#3523=CARTESIAN_POINT('Ctrl Pts',(7.63814135784905,-56.3909918322732,72.8651558265954));
#3524=CARTESIAN_POINT('Ctrl Pts',(5.51859745092583,-66.9025410846758,74.4254329031031));
#3525=CARTESIAN_POINT('Ctrl Pts',(5.00000007450582,-72.2418307593561,74.8681219555203));
#3526=CARTESIAN_POINT('Ctrl Pts',(5.00000007450582,-77.4596676166917,74.9741841797029));
#3527=CARTESIAN_POINT('Origin',(0.,-45.,75.));
#3528=CARTESIAN_POINT('',(5.00000007450581,-89.5035207850573,75.));
#3529=CARTESIAN_POINT('',(5.00000007450581,-67.6794916662155,75.));
#3530=CARTESIAN_POINT('',(5.83333340818408,-90.4895340822988,75.));
#3531=CARTESIAN_POINT('Origin',(6.00000007450581,-89.5035207850573,75.));
#3532=CARTESIAN_POINT('',(-5.83333340818407,-90.4895340822988,75.));
#3533=CARTESIAN_POINT('Origin',(0.,-125.,75.));
#3534=CARTESIAN_POINT('',(-5.00000007450581,-89.5035207850573,75.));
#3535=CARTESIAN_POINT('Origin',(-6.0000000745058,-89.5035207850573,75.));
#3536=CARTESIAN_POINT('',(-5.00000007450581,-39.8205083337845,75.));
#3537=CARTESIAN_POINT('',(-1.05,-155.00000230968,75.));
#3538=CARTESIAN_POINT('Origin',(0.,-155.00000230968,75.));
#3539=CARTESIAN_POINT('',(28.9500004470348,-125.000001862645,75.));
#3540=CARTESIAN_POINT('Origin',(30.0000004470348,-125.000001862645,75.));
#3541=CARTESIAN_POINT('',(-31.0500004470348,-125.000001862645,75.));
#3542=CARTESIAN_POINT('Origin',(-30.0000004470348,-125.000001862645,75.));
#3543=CARTESIAN_POINT('',(-1.05,-95.0000014156103,75.));
#3544=CARTESIAN_POINT('Origin',(0.,-95.0000014156103,75.));
#3545=CARTESIAN_POINT('',(-4.00000005960508,-125.,75.));
#3546=CARTESIAN_POINT('Origin',(0.,-125.,75.));
#3547=CARTESIAN_POINT('',(-25.5500003576279,-125.000001862645,75.));
#3548=CARTESIAN_POINT('Origin',(-24.0000003576279,-125.000001862645,75.));
#3549=CARTESIAN_POINT('',(-21.5500002980232,-125.000001862645,75.));
#3550=CARTESIAN_POINT('Origin',(-20.0000002980232,-125.000001862645,75.));
#3551=CARTESIAN_POINT('',(-22.9128789625343,-120.,75.));
#3552=CARTESIAN_POINT('',(-27.4954546730983,-113.000000035763,75.));
#3553=CARTESIAN_POINT('Origin',(-22.9128789625343,-115.,75.));
#3554=CARTESIAN_POINT('',(-8.66025636070546,-120.,75.));
#3555=CARTESIAN_POINT('',(-4.33012818035273,-120.,75.));
#3556=CARTESIAN_POINT('',(-5.,-116.339743639295,75.));
#3557=CARTESIAN_POINT('Origin',(0.,-125.,75.));
#3558=CARTESIAN_POINT('',(-5.,-102.087121037466,75.));
#3559=CARTESIAN_POINT('',(-5.,-70.2098003155629,75.));
#3560=CARTESIAN_POINT('',(-11.9999999642372,-97.5045453269017,75.));
#3561=CARTESIAN_POINT('Origin',(-10.,-102.087121037466,75.));
#3562=CARTESIAN_POINT('Origin',(0.,-125.,75.));
#3563=CARTESIAN_POINT('',(22.9128789625343,-130.,75.));
#3564=CARTESIAN_POINT('',(27.4954546730983,-136.999999964237,75.));
#3565=CARTESIAN_POINT('Origin',(22.9128789625343,-135.,75.));
#3566=CARTESIAN_POINT('',(8.66025636070545,-130.,75.));
#3567=CARTESIAN_POINT('',(4.33012818035273,-130.,75.));
#3568=CARTESIAN_POINT('',(5.,-133.660256360705,75.));
#3569=CARTESIAN_POINT('Origin',(0.,-125.,75.));
#3570=CARTESIAN_POINT('',(5.,-147.912878962534,75.));
#3571=CARTESIAN_POINT('',(5.,-99.7901996844371,75.));
#3572=CARTESIAN_POINT('',(11.9999999642372,-152.495454673098,75.));
#3573=CARTESIAN_POINT('Origin',(10.,-147.912878962534,75.));
#3574=CARTESIAN_POINT('Origin',(0.,-125.,75.));
#3575=CARTESIAN_POINT('',(-5.,-147.912878962534,75.));
#3576=CARTESIAN_POINT('',(-11.9999999642372,-152.495454673098,75.));
#3577=CARTESIAN_POINT('Origin',(-10.,-147.912878962534,75.));
#3578=CARTESIAN_POINT('',(-4.99999999999999,-133.660256360705,75.));
#3579=CARTESIAN_POINT('',(-5.,-89.3301281803527,75.));
#3580=CARTESIAN_POINT('',(-8.66025636070545,-130.,75.));
#3581=CARTESIAN_POINT('Origin',(0.,-125.,75.));
#3582=CARTESIAN_POINT('',(-22.9128789625342,-130.,75.));
#3583=CARTESIAN_POINT('',(-14.7901996844371,-130.,75.));
#3584=CARTESIAN_POINT('',(-27.4954546730982,-136.999999964237,75.));
#3585=CARTESIAN_POINT('Origin',(-22.9128789625342,-135.,75.));
#3586=CARTESIAN_POINT('Origin',(0.,-125.,75.));
#3587=CARTESIAN_POINT('',(5.,-102.087121037466,75.));
#3588=CARTESIAN_POINT('',(11.9999999642372,-97.5045453269018,75.));
#3589=CARTESIAN_POINT('Origin',(10.,-102.087121037466,75.));
#3590=CARTESIAN_POINT('',(5.,-116.339743639295,75.));
#3591=CARTESIAN_POINT('',(5.,-80.6698718196473,75.));
#3592=CARTESIAN_POINT('',(8.66025636070545,-120.,75.));
#3593=CARTESIAN_POINT('Origin',(0.,-125.,75.));
#3594=CARTESIAN_POINT('',(22.9128789625342,-120.,75.));
#3595=CARTESIAN_POINT('',(14.7901996844371,-120.,75.));
#3596=CARTESIAN_POINT('',(27.4954546730982,-113.000000035763,75.));
#3597=CARTESIAN_POINT('Origin',(22.9128789625342,-115.,75.));
#3598=CARTESIAN_POINT('Origin',(0.,-125.,75.));
#3599=CARTESIAN_POINT('Origin',(29.5803993688742,-120.,0.));
#3600=CARTESIAN_POINT('',(8.66025636070545,-120.,89.));
#3601=CARTESIAN_POINT('',(8.66025636070545,-120.,0.));
#3602=CARTESIAN_POINT('',(22.9128789625342,-120.,89.));
#3603=CARTESIAN_POINT('',(8.66025636070545,-120.,89.));
#3604=CARTESIAN_POINT('',(22.9128789625342,-120.,0.));
#3605=CARTESIAN_POINT('Origin',(0.,-125.,0.));
#3606=CARTESIAN_POINT('',(5.,-116.339743639295,89.));
#3607=CARTESIAN_POINT('',(5.,-116.339743639295,0.));
#3608=CARTESIAN_POINT('Origin',(0.,-125.,89.));
#3609=CARTESIAN_POINT('Origin',(5.,-116.339743639295,0.));
#3610=CARTESIAN_POINT('',(5.,-102.087121037466,89.));
#3611=CARTESIAN_POINT('',(5.,-102.087121037466,0.));
#3612=CARTESIAN_POINT('',(5.,-95.4196006311258,89.));
#3613=CARTESIAN_POINT('Origin',(-29.5803993688742,-130.,0.));
#3614=CARTESIAN_POINT('',(-8.66025636070545,-130.,89.));
#3615=CARTESIAN_POINT('',(-8.66025636070545,-130.,0.));
#3616=CARTESIAN_POINT('',(-22.9128789625342,-130.,89.));
#3617=CARTESIAN_POINT('',(-8.66025636070545,-130.,89.));
#3618=CARTESIAN_POINT('',(-22.9128789625342,-130.,0.));
#3619=CARTESIAN_POINT('Origin',(0.,-125.,0.));
#3620=CARTESIAN_POINT('',(-4.99999999999999,-133.660256360705,89.));
#3621=CARTESIAN_POINT('',(-4.99999999999999,-133.660256360705,0.));
#3622=CARTESIAN_POINT('Origin',(0.,-125.,89.));
#3623=CARTESIAN_POINT('Origin',(-5.,-133.660256360705,0.));
#3624=CARTESIAN_POINT('',(-5.,-147.912878962534,89.));
#3625=CARTESIAN_POINT('',(-5.,-147.912878962534,0.));
#3626=CARTESIAN_POINT('',(-5.,-154.580399368874,89.));
#3627=CARTESIAN_POINT('Origin',(5.,-154.580399368874,0.));
#3628=CARTESIAN_POINT('',(5.,-133.660256360705,89.));
#3629=CARTESIAN_POINT('',(5.,-133.660256360705,0.));
#3630=CARTESIAN_POINT('',(5.,-147.912878962534,89.));
#3631=CARTESIAN_POINT('',(5.,-133.660256360705,89.));
#3632=CARTESIAN_POINT('',(5.,-147.912878962534,0.));
#3633=CARTESIAN_POINT('Origin',(0.,-125.,0.));
#3634=CARTESIAN_POINT('',(8.66025636070545,-130.,89.));
#3635=CARTESIAN_POINT('',(8.66025636070545,-130.,0.));
#3636=CARTESIAN_POINT('Origin',(0.,-125.,89.));
#3637=CARTESIAN_POINT('Origin',(8.66025636070545,-130.,0.));
#3638=CARTESIAN_POINT('',(22.9128789625343,-130.,89.));
#3639=CARTESIAN_POINT('',(22.9128789625343,-130.,0.));
#3640=CARTESIAN_POINT('',(29.5803993688742,-130.,89.));
#3641=CARTESIAN_POINT('Origin',(-5.,-95.4196006311258,0.));
#3642=CARTESIAN_POINT('',(-5.,-116.339743639295,89.));
#3643=CARTESIAN_POINT('',(-5.,-116.339743639295,0.));
#3644=CARTESIAN_POINT('',(-5.,-102.087121037466,89.));
#3645=CARTESIAN_POINT('',(-5.,-116.339743639295,89.));
#3646=CARTESIAN_POINT('',(-5.,-102.087121037466,0.));
#3647=CARTESIAN_POINT('Origin',(0.,-125.,0.));
#3648=CARTESIAN_POINT('',(-8.66025636070546,-120.,89.));
#3649=CARTESIAN_POINT('',(-8.66025636070546,-120.,0.));
#3650=CARTESIAN_POINT('Origin',(0.,-125.,89.));
#3651=CARTESIAN_POINT('Origin',(-8.66025636070546,-120.,0.));
#3652=CARTESIAN_POINT('',(-22.9128789625343,-120.,89.));
#3653=CARTESIAN_POINT('',(-22.9128789625343,-120.,0.));
#3654=CARTESIAN_POINT('',(-29.5803993688742,-120.,89.));
#3655=CARTESIAN_POINT('Origin',(-5.00000007450581,-34.6410166675689,0.));
#3656=CARTESIAN_POINT('',(-5.00000007450581,-89.5035207850573,85.));
#3657=CARTESIAN_POINT('',(-5.00000007450581,-89.5035207850573,0.));
#3658=CARTESIAN_POINT('',(-5.00000007450581,-77.4596676166917,85.));
#3659=CARTESIAN_POINT('',(-5.00000007450581,-48.5705083337845,85.));
#3660=CARTESIAN_POINT('',(-5.00000007450581,-77.4596676166917,0.));
#3661=CARTESIAN_POINT('Origin',(85.0000000745058,-77.4596676166917,0.));
#3662=CARTESIAN_POINT('',(25.8695655082316,-23.5746816929341,70.));
#3663=CARTESIAN_POINT('Origin',(85.0000000745058,-77.4596676166917,70.));
#3664=CARTESIAN_POINT('',(25.8695655082316,-23.5746816929341,85.));
#3665=CARTESIAN_POINT('',(25.8695655082316,-23.5746816929341,0.));
#3666=CARTESIAN_POINT('',(5.00000007450581,-77.4596676166917,85.));
#3667=CARTESIAN_POINT('Origin',(85.0000000745058,-77.4596676166917,85.));
#3668=CARTESIAN_POINT('',(5.00000007450581,-77.4596676166917,0.));
#3669=CARTESIAN_POINT('Origin',(-6.0000000745058,-89.5035207850573,0.));
#3670=CARTESIAN_POINT('',(-5.83333340818407,-90.4895340822988,85.));
#3671=CARTESIAN_POINT('',(-5.83333340818407,-90.4895340822988,0.));
#3672=CARTESIAN_POINT('Origin',(-6.0000000745058,-89.5035207850573,85.));
#3673=CARTESIAN_POINT('Origin',(0.,-125.,0.));
#3674=CARTESIAN_POINT('',(5.83333340818407,-90.4895340822988,85.));
#3675=CARTESIAN_POINT('',(5.83333340818408,-90.4895340822988,0.));
#3676=CARTESIAN_POINT('',(8.75000011951973,-91.1113952129001,85.));
#3677=CARTESIAN_POINT('Origin',(0.,-125.,85.));
#3678=CARTESIAN_POINT('',(8.75000011951973,-91.1113952129001,95.));
#3679=CARTESIAN_POINT('',(8.75000011951973,-91.1113952129001,0.));
#3680=CARTESIAN_POINT('',(-8.75000011951973,-91.1113952129001,95.));
#3681=CARTESIAN_POINT('Origin',(0.,-125.,95.));
#3682=CARTESIAN_POINT('',(-8.75000011951973,-91.1113952129001,85.));
#3683=CARTESIAN_POINT('',(-8.75000011951973,-91.1113952129001,0.));
#3684=CARTESIAN_POINT('Origin',(0.,-125.,85.));
#3685=CARTESIAN_POINT('Origin',(-10.,-102.087121037466,0.));
#3686=CARTESIAN_POINT('',(-11.9999999642372,-97.5045453269017,89.));
#3687=CARTESIAN_POINT('Origin',(-10.,-102.087121037466,89.));
#3688=CARTESIAN_POINT('',(-11.9999999642372,-97.5045453269017,0.));
#3689=CARTESIAN_POINT('Origin',(-22.9128789625342,-135.,0.));
#3690=CARTESIAN_POINT('',(-27.4954546730983,-136.999999964237,89.));
#3691=CARTESIAN_POINT('Origin',(-22.9128789625342,-135.,89.));
#3692=CARTESIAN_POINT('',(-27.4954546730982,-136.999999964237,0.));
#3693=CARTESIAN_POINT('Origin',(10.,-102.087121037466,0.));
#3694=CARTESIAN_POINT('',(11.9999999642372,-97.5045453269018,89.));
#3695=CARTESIAN_POINT('',(11.9999999642372,-97.5045453269018,0.));
#3696=CARTESIAN_POINT('Origin',(10.,-102.087121037466,89.));
#3697=CARTESIAN_POINT('Origin',(0.,-125.,0.));
#3698=CARTESIAN_POINT('',(27.4954546730983,-113.000000035763,89.));
#3699=CARTESIAN_POINT('',(27.4954546730982,-113.000000035763,0.));
#3700=CARTESIAN_POINT('Origin',(0.,-125.,89.));
#3701=CARTESIAN_POINT('Origin',(-10.,-147.912878962534,0.));
#3702=CARTESIAN_POINT('',(-11.9999999642372,-152.495454673098,89.));
#3703=CARTESIAN_POINT('',(-11.9999999642372,-152.495454673098,0.));
#3704=CARTESIAN_POINT('Origin',(-10.,-147.912878962534,89.));
#3705=CARTESIAN_POINT('Origin',(0.,-125.,0.));
#3706=CARTESIAN_POINT('Origin',(0.,-125.,89.));
#3707=CARTESIAN_POINT('Origin',(22.9128789625342,-115.,0.));
#3708=CARTESIAN_POINT('Origin',(22.9128789625342,-115.,89.));
#3709=CARTESIAN_POINT('Origin',(22.9128789625343,-135.,0.));
#3710=CARTESIAN_POINT('',(27.4954546730983,-136.999999964237,89.));
#3711=CARTESIAN_POINT('',(27.4954546730983,-136.999999964237,0.));
#3712=CARTESIAN_POINT('Origin',(22.9128789625343,-135.,89.));
#3713=CARTESIAN_POINT('Origin',(0.,-125.,0.));
#3714=CARTESIAN_POINT('',(11.9999999642372,-152.495454673098,89.));
#3715=CARTESIAN_POINT('',(11.9999999642372,-152.495454673098,0.));
#3716=CARTESIAN_POINT('Origin',(0.,-125.,89.));
#3717=CARTESIAN_POINT('Origin',(10.,-147.912878962534,0.));
#3718=CARTESIAN_POINT('Origin',(10.,-147.912878962534,89.));
#3719=CARTESIAN_POINT('Origin',(-22.9128789625343,-115.,0.));
#3720=CARTESIAN_POINT('',(-27.4954546730983,-113.000000035763,89.));
#3721=CARTESIAN_POINT('',(-27.4954546730983,-113.000000035763,0.));
#3722=CARTESIAN_POINT('Origin',(-22.9128789625343,-115.,89.));
#3723=CARTESIAN_POINT('Origin',(0.,-125.,0.));
#3724=CARTESIAN_POINT('Origin',(0.,-125.,89.));
#3725=CARTESIAN_POINT('Origin',(-22.9128789625342,10.,0.));
#3726=CARTESIAN_POINT('',(-22.9128789625342,5.,76.));
#3727=CARTESIAN_POINT('',(-27.4954546730982,11.9999999642372,76.));
#3728=CARTESIAN_POINT('Origin',(-22.9128789625342,10.,76.));
#3729=CARTESIAN_POINT('',(-27.4954546730982,11.9999999642372,95.));
#3730=CARTESIAN_POINT('',(-27.4954546730982,11.9999999642372,0.));
#3731=CARTESIAN_POINT('',(-22.9128789625342,5.,95.));
#3732=CARTESIAN_POINT('Origin',(-22.9128789625342,10.,95.));
#3733=CARTESIAN_POINT('',(-22.9128789625342,5.,0.));
#3734=CARTESIAN_POINT('Origin',(0.,0.,0.));
#3735=CARTESIAN_POINT('',(-11.9999999642372,27.4954546730982,76.));
#3736=CARTESIAN_POINT('Origin',(0.,0.,76.));
#3737=CARTESIAN_POINT('',(-11.9999999642372,27.4954546730982,95.));
#3738=CARTESIAN_POINT('',(-11.9999999642372,27.4954546730982,0.));
#3739=CARTESIAN_POINT('Origin',(0.,0.,95.));
#3740=CARTESIAN_POINT('Origin',(-22.9128789625342,-10.,0.));
#3741=CARTESIAN_POINT('',(-27.4954546730982,-11.9999999642372,76.));
#3742=CARTESIAN_POINT('',(-22.9128789625342,-5.,76.));
#3743=CARTESIAN_POINT('Origin',(-22.9128789625342,-10.,76.));
#3744=CARTESIAN_POINT('',(-22.9128789625342,-5.,95.));
#3745=CARTESIAN_POINT('',(-22.9128789625342,-5.,0.));
#3746=CARTESIAN_POINT('',(-27.4954546730982,-11.9999999642372,95.));
#3747=CARTESIAN_POINT('Origin',(-22.9128789625342,-10.,95.));
#3748=CARTESIAN_POINT('',(-27.4954546730982,-11.9999999642372,0.));
#3749=CARTESIAN_POINT('Origin',(-29.5803993688742,-5.,0.));
#3750=CARTESIAN_POINT('',(-8.66025420990817,-5.,76.));
#3751=CARTESIAN_POINT('',(-14.7901996844371,-5.,76.));
#3752=CARTESIAN_POINT('',(-8.66025420990817,-5.,95.));
#3753=CARTESIAN_POINT('',(-8.66025420990817,-5.,0.));
#3754=CARTESIAN_POINT('',(-29.5803993688742,-5.,95.));
#3755=CARTESIAN_POINT('Origin',(10.,22.9128789625342,0.));
#3756=CARTESIAN_POINT('',(5.,22.9128789625342,76.));
#3757=CARTESIAN_POINT('',(11.9999999642372,27.4954546730982,76.));
#3758=CARTESIAN_POINT('Origin',(10.,22.9128789625342,76.));
#3759=CARTESIAN_POINT('',(11.9999999642372,27.4954546730982,95.));
#3760=CARTESIAN_POINT('',(11.9999999642372,27.4954546730982,0.));
#3761=CARTESIAN_POINT('',(5.,22.9128789625342,95.));
#3762=CARTESIAN_POINT('Origin',(10.,22.9128789625342,95.));
#3763=CARTESIAN_POINT('',(5.,22.9128789625342,0.));
#3764=CARTESIAN_POINT('Origin',(0.,0.,0.));
#3765=CARTESIAN_POINT('',(27.4954546730982,11.9999999642372,76.));
#3766=CARTESIAN_POINT('Origin',(0.,0.,76.));
#3767=CARTESIAN_POINT('',(27.4954546730982,11.9999999642372,95.));
#3768=CARTESIAN_POINT('',(27.4954546730982,11.9999999642372,0.));
#3769=CARTESIAN_POINT('Origin',(0.,0.,95.));
#3770=CARTESIAN_POINT('Origin',(-10.,22.9128789625342,0.));
#3771=CARTESIAN_POINT('',(-5.,22.9128789625342,76.));
#3772=CARTESIAN_POINT('Origin',(-10.,22.9128789625342,76.));
#3773=CARTESIAN_POINT('',(-5.,22.9128789625342,95.));
#3774=CARTESIAN_POINT('',(-5.,22.9128789625342,0.));
#3775=CARTESIAN_POINT('Origin',(-10.,22.9128789625342,95.));
#3776=CARTESIAN_POINT('Origin',(-5.,29.5803993688742,0.));
#3777=CARTESIAN_POINT('',(-5.,8.66025420990818,76.));
#3778=CARTESIAN_POINT('',(-5.,14.7901996844371,76.));
#3779=CARTESIAN_POINT('',(-5.,8.66025420990818,95.));
#3780=CARTESIAN_POINT('',(-5.,8.66025420990818,0.));
#3781=CARTESIAN_POINT('',(-5.,8.66025420990818,95.));
#3782=CARTESIAN_POINT('Origin',(22.9128789625342,-10.,0.));
#3783=CARTESIAN_POINT('',(22.9128789625342,-5.,76.));
#3784=CARTESIAN_POINT('',(27.4954546730982,-11.9999999642372,76.));
#3785=CARTESIAN_POINT('Origin',(22.9128789625342,-10.,76.));
#3786=CARTESIAN_POINT('',(27.4954546730982,-11.9999999642372,95.));
#3787=CARTESIAN_POINT('',(27.4954546730982,-11.9999999642372,0.));
#3788=CARTESIAN_POINT('',(22.9128789625342,-5.,95.));
#3789=CARTESIAN_POINT('Origin',(22.9128789625342,-10.,95.));
#3790=CARTESIAN_POINT('',(22.9128789625342,-5.,0.));
#3791=CARTESIAN_POINT('Origin',(0.,0.,0.));
#3792=CARTESIAN_POINT('',(11.9999999642372,-27.4954546730982,76.));
#3793=CARTESIAN_POINT('Origin',(0.,0.,76.));
#3794=CARTESIAN_POINT('',(11.9999999642372,-27.4954546730982,95.));
#3795=CARTESIAN_POINT('',(11.9999999642372,-27.4954546730982,0.));
#3796=CARTESIAN_POINT('Origin',(0.,0.,95.));
#3797=CARTESIAN_POINT('Origin',(22.9128789625342,10.,0.));
#3798=CARTESIAN_POINT('',(22.9128789625342,5.,76.));
#3799=CARTESIAN_POINT('Origin',(22.9128789625342,10.,76.));
#3800=CARTESIAN_POINT('',(22.9128789625342,5.,95.));
#3801=CARTESIAN_POINT('',(22.9128789625342,5.,0.));
#3802=CARTESIAN_POINT('Origin',(22.9128789625342,10.,95.));
#3803=CARTESIAN_POINT('Origin',(29.5803993688742,5.,0.));
#3804=CARTESIAN_POINT('',(8.66025420990817,5.,76.));
#3805=CARTESIAN_POINT('',(14.7901996844371,5.,76.));
#3806=CARTESIAN_POINT('',(8.66025420990817,5.,95.));
#3807=CARTESIAN_POINT('',(8.66025420990817,5.,0.));
#3808=CARTESIAN_POINT('',(29.5803993688742,5.,95.));
#3809=CARTESIAN_POINT('Origin',(-10.,-22.9128789625342,0.));
#3810=CARTESIAN_POINT('',(-5.,-22.9128789625342,76.));
#3811=CARTESIAN_POINT('',(-11.9999999642372,-27.4954546730982,76.));
#3812=CARTESIAN_POINT('Origin',(-10.,-22.9128789625342,76.));
#3813=CARTESIAN_POINT('',(-11.9999999642372,-27.4954546730982,95.));
#3814=CARTESIAN_POINT('',(-11.9999999642372,-27.4954546730982,0.));
#3815=CARTESIAN_POINT('',(-5.,-22.9128789625342,95.));
#3816=CARTESIAN_POINT('Origin',(-10.,-22.9128789625342,95.));
#3817=CARTESIAN_POINT('',(-5.,-22.9128789625342,0.));
#3818=CARTESIAN_POINT('Origin',(0.,0.,0.));
#3819=CARTESIAN_POINT('Origin',(0.,0.,95.));
#3820=CARTESIAN_POINT('Origin',(0.,0.,76.));
#3821=CARTESIAN_POINT('Origin',(10.,-22.9128789625342,0.));
#3822=CARTESIAN_POINT('',(5.,-22.9128789625342,76.));
#3823=CARTESIAN_POINT('Origin',(10.,-22.9128789625342,76.));
#3824=CARTESIAN_POINT('',(5.,-22.9128789625342,95.));
#3825=CARTESIAN_POINT('',(5.,-22.9128789625342,0.));
#3826=CARTESIAN_POINT('Origin',(10.,-22.9128789625342,95.));
#3827=CARTESIAN_POINT('Origin',(5.,-29.5803993688742,0.));
#3828=CARTESIAN_POINT('',(5.,-8.66025420990817,76.));
#3829=CARTESIAN_POINT('',(5.,-14.7901996844371,76.));
#3830=CARTESIAN_POINT('',(5.,-8.66025420990817,95.));
#3831=CARTESIAN_POINT('',(5.,-8.66025420990817,0.));
#3832=CARTESIAN_POINT('',(5.,-8.66025420990817,95.));
#3833=CARTESIAN_POINT('Origin',(-85.0000000745058,-77.4596676166917,0.));
#3834=CARTESIAN_POINT('',(-25.8695655082315,-23.5746816929341,85.));
#3835=CARTESIAN_POINT('Origin',(-85.0000000745058,-77.4596676166917,85.));
#3836=CARTESIAN_POINT('',(-25.8695655082315,-23.5746816929341,70.));
#3837=CARTESIAN_POINT('',(-25.8695655082315,-23.5746816929341,0.));
#3838=CARTESIAN_POINT('Origin',(-85.0000000745058,-77.4596676166917,70.));
#3839=CARTESIAN_POINT('Origin',(0.,0.,0.));
#3840=CARTESIAN_POINT('',(-26.7826090095625,-22.5320192425967,85.));
#3841=CARTESIAN_POINT('Origin',(0.,0.,85.));
#3842=CARTESIAN_POINT('',(-26.7826090095625,-22.5320192425967,95.));
#3843=CARTESIAN_POINT('',(-26.7826090095625,-22.5320192425967,0.));
#3844=CARTESIAN_POINT('',(26.7826090095625,-22.5320192425967,95.));
#3845=CARTESIAN_POINT('Origin',(0.,0.,95.));
#3846=CARTESIAN_POINT('',(26.7826090095625,-22.5320192425967,85.));
#3847=CARTESIAN_POINT('',(26.7826090095625,-22.5320192425967,0.));
#3848=CARTESIAN_POINT('Origin',(0.,0.,85.));
#3849=CARTESIAN_POINT('Origin',(0.,0.,70.));
#3850=CARTESIAN_POINT('Origin',(6.00000007450581,-89.5035207850573,0.));
#3851=CARTESIAN_POINT('',(5.00000007450581,-89.5035207850573,85.));
#3852=CARTESIAN_POINT('',(5.00000007450581,-89.5035207850573,0.));
#3853=CARTESIAN_POINT('Origin',(6.00000007450581,-89.5035207850573,85.));
#3854=CARTESIAN_POINT('Origin',(5.00000007450581,-90.358983332431,0.));
#3855=CARTESIAN_POINT('',(5.00000007450581,-76.4294916662155,85.));
#3856=CARTESIAN_POINT('Origin',(9.00000011920929,-90.143149376268,0.));
#3857=CARTESIAN_POINT('',(8.00000011920929,-90.143149376268,85.));
#3858=CARTESIAN_POINT('Origin',(9.00000011920929,-90.143149376268,85.));
#3859=CARTESIAN_POINT('',(8.00000011920929,-90.143149376268,95.));
#3860=CARTESIAN_POINT('',(8.00000011920929,-90.143149376268,0.));
#3861=CARTESIAN_POINT('Origin',(9.00000011920929,-90.143149376268,95.));
#3862=CARTESIAN_POINT('Origin',(8.00000011920929,-90.9265494174643,0.));
#3863=CARTESIAN_POINT('',(8.00000011920929,-74.0337767439532,85.));
#3864=CARTESIAN_POINT('',(8.00000011920929,-76.7132747087322,85.));
#3865=CARTESIAN_POINT('',(8.00000011920929,-74.0337767439532,95.));
#3866=CARTESIAN_POINT('',(8.00000011920929,-74.0337767439532,0.));
#3867=CARTESIAN_POINT('',(8.00000011920929,-90.9265494174643,95.));
#3868=CARTESIAN_POINT('Origin',(-9.00000011920929,-90.143149376268,0.));
#3869=CARTESIAN_POINT('',(-8.00000011920929,-90.143149376268,85.));
#3870=CARTESIAN_POINT('Origin',(-9.00000011920929,-90.143149376268,85.));
#3871=CARTESIAN_POINT('',(-8.00000011920929,-90.143149376268,95.));
#3872=CARTESIAN_POINT('Origin',(-9.00000011920929,-90.143149376268,95.));
#3873=CARTESIAN_POINT('',(-8.00000011920929,-90.143149376268,0.));
#3874=CARTESIAN_POINT('Origin',(-88.0000001192093,-74.0337767439532,0.));
#3875=CARTESIAN_POINT('',(-8.00000011920929,-74.0337767439532,85.));
#3876=CARTESIAN_POINT('Origin',(-88.0000001192093,-74.0337767439532,85.));
#3877=CARTESIAN_POINT('',(-8.00000011920929,-74.0337767439532,95.));
#3878=CARTESIAN_POINT('',(-8.00000011920929,-74.0337767439532,0.));
#3879=CARTESIAN_POINT('Origin',(-88.0000001192093,-74.0337767439532,95.));
#3880=CARTESIAN_POINT('Origin',(-8.00000011920929,-34.0734505825356,0.));
#3881=CARTESIAN_POINT('',(-8.00000011920929,-34.0734505825356,95.));
#3882=CARTESIAN_POINT('',(-8.00000011920929,-48.2867252912678,85.));
#3883=CARTESIAN_POINT('Origin',(88.0000001192093,-74.0337767439532,0.));
#3884=CARTESIAN_POINT('Origin',(88.0000001192093,-74.0337767439532,85.));
#3885=CARTESIAN_POINT('Origin',(88.0000001192093,-74.0337767439532,95.));
#3886=CARTESIAN_POINT('Origin',(0.,-62.5,85.));
#3887=CARTESIAN_POINT('Origin',(0.,-62.5,85.));
#3888=CARTESIAN_POINT('Origin',(0.,0.,0.));
#3889=CARTESIAN_POINT('',(-33.0000004917383,-4.04133449740684E-15,76.));
#3890=CARTESIAN_POINT('Origin',(0.,0.,76.));
#3891=CARTESIAN_POINT('',(-33.0000004917383,0.,70.));
#3892=CARTESIAN_POINT('',(-33.0000004917383,-4.04133449740684E-15,0.));
#3893=CARTESIAN_POINT('Origin',(0.,0.,70.));
#3894=CARTESIAN_POINT('Origin',(0.,-125.,0.));
#3895=CARTESIAN_POINT('',(-33.0000004917384,-125.,95.));
#3896=CARTESIAN_POINT('Origin',(0.,-125.,95.));
#3897=CARTESIAN_POINT('',(-33.0000004917384,-125.,89.));
#3898=CARTESIAN_POINT('',(-33.0000004917384,-125.,0.));
#3899=CARTESIAN_POINT('Origin',(0.,-125.,89.));
#3900=CARTESIAN_POINT('Origin',(0.,-125.,70.));
#3901=CARTESIAN_POINT('Origin',(-20.0000002980232,-125.000001862645,0.));
#3902=CARTESIAN_POINT('',(-21.5500002980232,-125.000001862645,89.));
#3903=CARTESIAN_POINT('Origin',(-20.0000002980232,-125.000001862645,89.));
#3904=CARTESIAN_POINT('',(-21.5500002980232,-125.000001862645,0.));
#3905=CARTESIAN_POINT('Origin',(-24.0000003576279,-125.000001862645,0.));
#3906=CARTESIAN_POINT('',(-25.5500003576279,-125.000001862645,89.));
#3907=CARTESIAN_POINT('Origin',(-24.0000003576279,-125.000001862645,89.));
#3908=CARTESIAN_POINT('',(-25.5500003576279,-125.000001862645,0.));
#3909=CARTESIAN_POINT('Origin',(0.,-125.,0.));
#3910=CARTESIAN_POINT('',(-4.00000005960508,-125.,0.));
#3911=CARTESIAN_POINT('Origin',(0.,-95.0000014156103,0.));
#3912=CARTESIAN_POINT('',(-1.05,-95.0000014156103,89.));
#3913=CARTESIAN_POINT('Origin',(0.,-95.0000014156103,89.));
#3914=CARTESIAN_POINT('',(-1.05,-95.0000014156103,0.));
#3915=CARTESIAN_POINT('Origin',(-30.0000004470348,-125.000001862645,0.));
#3916=CARTESIAN_POINT('',(-31.0500004470348,-125.000001862645,89.));
#3917=CARTESIAN_POINT('Origin',(-30.0000004470348,-125.000001862645,89.));
#3918=CARTESIAN_POINT('',(-31.0500004470348,-125.000001862645,0.));
#3919=CARTESIAN_POINT('Origin',(30.0000004470348,-125.000001862645,0.));
#3920=CARTESIAN_POINT('',(28.9500004470348,-125.000001862645,89.));
#3921=CARTESIAN_POINT('Origin',(30.0000004470348,-125.000001862645,89.));
#3922=CARTESIAN_POINT('',(28.9500004470348,-125.000001862645,0.));
#3923=CARTESIAN_POINT('Origin',(0.,-155.00000230968,0.));
#3924=CARTESIAN_POINT('',(-1.05,-155.00000230968,89.));
#3925=CARTESIAN_POINT('Origin',(0.,-155.00000230968,89.));
#3926=CARTESIAN_POINT('',(-1.05,-155.00000230968,0.));
#3927=CARTESIAN_POINT('Origin',(0.,-125.,89.));
#3928=CARTESIAN_POINT('Origin',(0.,0.,76.));
#3929=CARTESIAN_POINT('',(-4.00000005960464,-4.89858726958405E-16,76.));
#3930=CARTESIAN_POINT('Origin',(0.,0.,76.));
#3931=CARTESIAN_POINT('',(28.9500004470348,-1.28587913910472E-16,76.));
#3932=CARTESIAN_POINT('Origin',(30.0000004470348,0.,76.));
#3933=CARTESIAN_POINT('',(-1.05,-30.0000004470348,76.));
#3934=CARTESIAN_POINT('Origin',(0.,-30.0000004470348,76.));
#3935=CARTESIAN_POINT('',(-1.05,30.0000004470348,76.));
#3936=CARTESIAN_POINT('Origin',(0.,30.0000004470348,76.));
#3937=CARTESIAN_POINT('',(-31.0500004470348,-1.28587913910472E-16,76.));
#3938=CARTESIAN_POINT('Origin',(-30.0000004470348,0.,76.));
#3939=CARTESIAN_POINT('',(-1.55,-24.0000003576279,76.));
#3940=CARTESIAN_POINT('Origin',(0.,-24.0000003576279,76.));
#3941=CARTESIAN_POINT('',(5.,8.66025420990818,76.));
#3942=CARTESIAN_POINT('',(5.,4.33012710495409,76.));
#3943=CARTESIAN_POINT('Origin',(0.,0.,76.));
#3944=CARTESIAN_POINT('',(8.66025420990818,-5.,76.));
#3945=CARTESIAN_POINT('',(4.33012710495409,-5.,76.));
#3946=CARTESIAN_POINT('Origin',(0.,0.,76.));
#3947=CARTESIAN_POINT('',(-5.,-8.66025420990818,76.));
#3948=CARTESIAN_POINT('',(-5.,-4.33012710495409,76.));
#3949=CARTESIAN_POINT('Origin',(0.,0.,76.));
#3950=CARTESIAN_POINT('',(-8.66025420990818,5.,76.));
#3951=CARTESIAN_POINT('',(-4.33012710495409,5.,76.));
#3952=CARTESIAN_POINT('Origin',(0.,0.,76.));
#3953=CARTESIAN_POINT('',(-1.55,-20.0000002980232,76.));
#3954=CARTESIAN_POINT('Origin',(0.,-20.0000002980232,76.));
#3955=CARTESIAN_POINT('Origin',(-8.66025420990818,5.,0.));
#3956=CARTESIAN_POINT('',(-8.66025420990818,5.,95.));
#3957=CARTESIAN_POINT('',(-8.66025420990818,5.,95.));
#3958=CARTESIAN_POINT('',(-8.66025420990818,5.,0.));
#3959=CARTESIAN_POINT('Origin',(-5.,-8.66025420990818,0.));
#3960=CARTESIAN_POINT('',(-5.,-8.66025420990818,95.));
#3961=CARTESIAN_POINT('',(-5.,-29.5803993688742,95.));
#3962=CARTESIAN_POINT('',(-5.,-8.66025420990818,0.));
#3963=CARTESIAN_POINT('Origin',(8.66025420990818,-5.,0.));
#3964=CARTESIAN_POINT('',(8.66025420990818,-5.,95.));
#3965=CARTESIAN_POINT('',(8.66025420990817,-5.,95.));
#3966=CARTESIAN_POINT('',(8.66025420990818,-5.,0.));
#3967=CARTESIAN_POINT('Origin',(5.,8.66025420990818,0.));
#3968=CARTESIAN_POINT('',(5.,8.66025420990818,95.));
#3969=CARTESIAN_POINT('',(5.,29.5803993688742,95.));
#3970=CARTESIAN_POINT('',(5.,8.66025420990818,0.));
#3971=CARTESIAN_POINT('Origin',(0.,-20.0000002980232,0.));
#3972=CARTESIAN_POINT('',(-1.55,-20.0000002980232,95.));
#3973=CARTESIAN_POINT('Origin',(0.,-20.0000002980232,95.));
#3974=CARTESIAN_POINT('',(-1.55,-20.0000002980232,0.));
#3975=CARTESIAN_POINT('Origin',(0.,0.,0.));
#3976=CARTESIAN_POINT('Origin',(0.,0.,95.));
#3977=CARTESIAN_POINT('Origin',(0.,0.,0.));
#3978=CARTESIAN_POINT('Origin',(0.,0.,95.));
#3979=CARTESIAN_POINT('Origin',(0.,0.,0.));
#3980=CARTESIAN_POINT('Origin',(0.,0.,95.));
#3981=CARTESIAN_POINT('Origin',(0.,0.,0.));
#3982=CARTESIAN_POINT('Origin',(0.,0.,95.));
#3983=CARTESIAN_POINT('Origin',(0.,-24.0000003576279,0.));
#3984=CARTESIAN_POINT('',(-1.55,-24.0000003576279,95.));
#3985=CARTESIAN_POINT('Origin',(0.,-24.0000003576279,95.));
#3986=CARTESIAN_POINT('',(-1.55,-24.0000003576279,0.));
#3987=CARTESIAN_POINT('Origin',(-30.0000004470348,0.,0.));
#3988=CARTESIAN_POINT('',(-31.0500004470348,-1.28587913910472E-16,95.));
#3989=CARTESIAN_POINT('Origin',(-30.0000004470348,0.,95.));
#3990=CARTESIAN_POINT('',(-31.0500004470348,-1.28587913910472E-16,0.));
#3991=CARTESIAN_POINT('Origin',(0.,30.0000004470348,0.));
#3992=CARTESIAN_POINT('',(-1.05,30.0000004470348,95.));
#3993=CARTESIAN_POINT('Origin',(0.,30.0000004470348,95.));
#3994=CARTESIAN_POINT('',(-1.05,30.0000004470348,0.));
#3995=CARTESIAN_POINT('Origin',(0.,-30.0000004470348,0.));
#3996=CARTESIAN_POINT('',(-1.05,-30.0000004470348,95.));
#3997=CARTESIAN_POINT('Origin',(0.,-30.0000004470348,95.));
#3998=CARTESIAN_POINT('',(-1.05,-30.0000004470348,0.));
#3999=CARTESIAN_POINT('Origin',(30.0000004470348,0.,0.));
#4000=CARTESIAN_POINT('',(28.9500004470348,-1.28587913910472E-16,95.));
#4001=CARTESIAN_POINT('Origin',(30.0000004470348,0.,95.));
#4002=CARTESIAN_POINT('',(28.9500004470348,-1.28587913910472E-16,0.));
#4003=CARTESIAN_POINT('Origin',(0.,0.,0.));
#4004=CARTESIAN_POINT('',(-4.00000005960464,-4.89858726958405E-16,95.));
#4005=CARTESIAN_POINT('Origin',(0.,0.,95.));
#4006=CARTESIAN_POINT('',(-4.00000005960464,-4.89858726958405E-16,0.));
#4007=CARTESIAN_POINT('Origin',(0.,0.,95.));
#4008=CARTESIAN_POINT('Origin',(0.,0.,76.));
#4009=CARTESIAN_POINT('',(-4.00000005960464,-4.89858726958405E-16,76.));
#4010=CARTESIAN_POINT('Origin',(0.,0.,76.));
#4011=CARTESIAN_POINT('',(-1.55,-1.8982025386784E-16,76.));
#4012=CARTESIAN_POINT('Origin',(0.,0.,76.));
#4013=CARTESIAN_POINT('Origin',(0.,0.,0.));
#4014=CARTESIAN_POINT('',(-1.55,-1.8982025386784E-16,85.));
#4015=CARTESIAN_POINT('Origin',(0.,0.,85.));
#4016=CARTESIAN_POINT('',(-1.55,-1.8982025386784E-16,0.));
#4017=CARTESIAN_POINT('Origin',(0.,0.,0.));
#4018=CARTESIAN_POINT('',(-4.00000005960464,-4.89858726958405E-16,85.));
#4019=CARTESIAN_POINT('Origin',(0.,0.,85.));
#4020=CARTESIAN_POINT('',(-4.00000005960464,-4.89858726958405E-16,0.));
#4021=CARTESIAN_POINT('Origin',(0.,0.,85.));
#4022=UNCERTAINTY_MEASURE_WITH_UNIT(LENGTH_MEASURE(0.01),#4026,
'DISTANCE_ACCURACY_VALUE',
'Maximum model space distance between geometric entities at asserted c
onnectivities');
#4023=UNCERTAINTY_MEASURE_WITH_UNIT(LENGTH_MEASURE(0.01),#4026,
'DISTANCE_ACCURACY_VALUE',
'Maximum model space distance between geometric entities at asserted c
onnectivities');
#4024=(
GEOMETRIC_REPRESENTATION_CONTEXT(3)
GLOBAL_UNCERTAINTY_ASSIGNED_CONTEXT((#4022))
GLOBAL_UNIT_ASSIGNED_CONTEXT((#4026,#4028,#4029))
REPRESENTATION_CONTEXT('','3D')
);
#4025=(
GEOMETRIC_REPRESENTATION_CONTEXT(3)
GLOBAL_UNCERTAINTY_ASSIGNED_CONTEXT((#4023))
GLOBAL_UNIT_ASSIGNED_CONTEXT((#4026,#4028,#4029))
REPRESENTATION_CONTEXT('','3D')
);
#4026=(
LENGTH_UNIT()
NAMED_UNIT(*)
SI_UNIT(.MILLI.,.METRE.)
);
#4027=(
LENGTH_UNIT()
NAMED_UNIT(*)
SI_UNIT($,.METRE.)
);
#4028=(
NAMED_UNIT(*)
PLANE_ANGLE_UNIT()
SI_UNIT($,.RADIAN.)
);
#4029=(
NAMED_UNIT(*)
SI_UNIT($,.STERADIAN.)
SOLID_ANGLE_UNIT()
);
#4030=SHAPE_DEFINITION_REPRESENTATION(#4031,#4032);
#4031=PRODUCT_DEFINITION_SHAPE('',$,#4034);
#4032=SHAPE_REPRESENTATION('',(#2346),#4024);
#4033=PRODUCT_DEFINITION_CONTEXT('part definition',#4038,'design');
#4034=PRODUCT_DEFINITION('2025-07-30-18-26-44-402','link1_0',#4035,#4033);
#4035=PRODUCT_DEFINITION_FORMATION('',$,#4040);
#4036=PRODUCT_RELATED_PRODUCT_CATEGORY('link1_0','link1_0',(#4040));
#4037=APPLICATION_PROTOCOL_DEFINITION('international standard',
'automotive_design',2009,#4038);
#4038=APPLICATION_CONTEXT(
'Core Data for Automotive Mechanical Design Process');
#4039=PRODUCT_CONTEXT('part definition',#4038,'mechanical');
#4040=PRODUCT('2025-07-30-18-26-44-402','link1_0',$,(#4039));
#4041=PRESENTATION_STYLE_ASSIGNMENT((#4043));
#4042=PRESENTATION_STYLE_ASSIGNMENT((#4044));
#4043=SURFACE_STYLE_USAGE(.BOTH.,#4045);
#4044=SURFACE_STYLE_USAGE(.BOTH.,#4046);
#4045=SURFACE_SIDE_STYLE('',(#4047));
#4046=SURFACE_SIDE_STYLE('',(#4048));
#4047=SURFACE_STYLE_FILL_AREA(#4049);
#4048=SURFACE_STYLE_FILL_AREA(#4050);
#4049=FILL_AREA_STYLE('Steel - Satin',(#4051));
#4050=FILL_AREA_STYLE('Sunflower yellow PLA',(#4052));
#4051=FILL_AREA_STYLE_COLOUR('Steel - Satin',#4053);
#4052=FILL_AREA_STYLE_COLOUR('Sunflower yellow PLA',#4054);
#4053=COLOUR_RGB('Steel - Satin',0.627450980392157,0.627450980392157,0.627450980392157);
#4054=COLOUR_RGB('Sunflower yellow PLA',1.,0.733333333333333,0.);
ENDSEC;
END-ISO-10303-21;
