ISO-10303-21;
HEADER;
/* Generated by software containing ST-Developer
 * from STEP Tools, Inc. (www.steptools.com) 
 */

FILE_DESCRIPTION(
/* description */ (''),
/* implementation_level */ '2;1');

FILE_NAME(
/* name */ 'zrot_1.step',
/* time_stamp */ '2025-08-04T18:25:33+01:00',
/* author */ (''),
/* organization */ (''),
/* preprocessor_version */ 'ST-DEVELOPER v20.1',
/* originating_system */ 'Autodesk Translation Framework v14.10.0.0',
/* authorisation */ '');

FILE_SCHEMA (('AUTOMOTIVE_DESIGN { 1 0 10303 214 3 1 1 }'));
ENDSEC;

DATA;
#10=MECHANICAL_DESIGN_GEOMETRIC_PRESENTATION_REPRESENTATION('',(#19,#20,
#21,#22,#23),#7558);
#11=ITEM_DEFINED_TRANSFORMATION($,$,#1678,#1836);
#12=(
REPRESENTATION_RELATIONSHIP($,$,#7569,#7568)
REPRESENTATION_RELATIONSHIP_WITH_TRANSFORMATION(#11)
SHAPE_REPRESENTATION_RELATIONSHIP()
);
#13=CONTEXT_DEPENDENT_SHAPE_REPRESENTATION(#12,#7567);
#14=NEXT_ASSEMBLY_USAGE_OCCURRENCE('Spur Gear (8 teeth):1',
'Spur Gear (8 teeth):1','Spur Gear (8 teeth):1',#7571,#7572,
'Spur Gear (8 teeth):1');
#15=SHAPE_REPRESENTATION_RELATIONSHIP('SRR','None',#7569,#17);
#16=SHAPE_REPRESENTATION_RELATIONSHIP('SRR','None',#7568,#18);
#17=ADVANCED_BREP_SHAPE_REPRESENTATION('',(#24),#7557);
#18=ADVANCED_BREP_SHAPE_REPRESENTATION('',(#25,#26,#27,#28),#7556);
#19=STYLED_ITEM('',(#7583),#24);
#20=STYLED_ITEM('',(#7582),#25);
#21=STYLED_ITEM('',(#7582),#26);
#22=STYLED_ITEM('',(#7582),#27);
#23=STYLED_ITEM('',(#7582),#28);
#24=MANIFOLD_SOLID_BREP('Body1',#1660);
#25=MANIFOLD_SOLID_BREP('Body4',#1661);
#26=MANIFOLD_SOLID_BREP('Body1',#1662);
#27=MANIFOLD_SOLID_BREP('Body3',#1663);
#28=MANIFOLD_SOLID_BREP('Body2',#1664);
#29=FACE_BOUND('',#254,.T.);
#30=FACE_BOUND('',#270,.T.);
#31=B_SPLINE_CURVE_WITH_KNOTS('',3,(#2725,#2726,#2727,#2728,#2729,#2730,
#2731,#2732,#2733,#2734,#2735,#2736,#2737,#2738,#2739,#2740,#2741,#2742,
#2743,#2744,#2745,#2746,#2747,#2748,#2749,#2750,#2751,#2752,#2753,#2754,
#2755,#2756,#2757,#2758,#2759,#2760,#2761,#2762,#2763,#2764,#2765,#2766,
#2767,#2768,#2769,#2770,#2771,#2772,#2773,#2774,#2775,#2776,#2777,#2778,
#2779,#2780,#2781,#2782,#2783,#2784,#2785,#2786,#2787,#2788,#2789,#2790,
#2791,#2792,#2793,#2794,#2795,#2796,#2797,#2798,#2799,#2800),
 .UNSPECIFIED.,.F.,.F.,(4,3,3,3,3,3,3,3,3,3,3,3,3,3,3,3,3,3,3,3,3,3,3,3,
3,4),(-0.134460573899725,-0.125485637139834,-0.114847725552572,-0.100737383416912,
-0.087567158260081,-0.0739198177883932,-0.0665248794562827,-0.0582092695242473,
-0.0520639743254959,-0.0473901161508916,-0.0414663516320302,-0.0376832172396933,
-0.0329728150847317,-0.0297271767728993,-0.0268327055110214,-0.0234733968745292,
-0.020539222265213,-0.0181957172622664,-0.0136467879466998,-0.0116106116076313,
-0.00976657482694751,-0.00788260133415022,-0.00548478682168058,-0.00322454338994509,
-0.00147647349940348,0.),.UNSPECIFIED.);
#32=B_SPLINE_CURVE_WITH_KNOTS('',3,(#3033,#3034,#3035,#3036,#3037,#3038,
#3039,#3040,#3041,#3042,#3043,#3044,#3045,#3046,#3047,#3048,#3049,#3050,
#3051,#3052,#3053,#3054,#3055,#3056,#3057,#3058,#3059,#3060,#3061,#3062,
#3063,#3064,#3065,#3066,#3067,#3068,#3069,#3070,#3071,#3072,#3073,#3074,
#3075,#3076,#3077,#3078,#3079,#3080,#3081,#3082,#3083,#3084,#3085,#3086,
#3087,#3088,#3089,#3090,#3091,#3092,#3093,#3094,#3095,#3096,#3097,#3098,
#3099,#3100,#3101,#3102,#3103,#3104,#3105,#3106,#3107,#3108),
 .UNSPECIFIED.,.F.,.F.,(4,3,3,3,3,3,3,3,3,3,3,3,3,3,3,3,3,3,3,3,3,3,3,3,
3,4),(-1.38663944073315,-1.36920600109765,-1.34953095621917,-1.31362783392385,
-1.29310239901879,-1.27427678287513,-1.25317688885663,-1.22682756529877,
-1.19977995841562,-1.17488745056675,-1.14463802436492,-1.10886808610352,
-1.07915664822305,-1.04280521785358,-1.00200423803574,-0.962046640968029,
-0.901918725907528,-0.851768858592918,-0.787380922168043,-0.688958306897037,
-0.567203356393872,-0.456286005223139,-0.304169289235866,-0.171725808576581,
-0.0792689323483148,0.),.UNSPECIFIED.);
#33=B_SPLINE_CURVE_WITH_KNOTS('',3,(#3336,#3337,#3338,#3339,#3340,#3341,
#3342,#3343,#3344,#3345,#3346,#3347,#3348,#3349,#3350,#3351,#3352,#3353,
#3354,#3355,#3356,#3357,#3358,#3359,#3360,#3361,#3362,#3363,#3364,#3365,
#3366,#3367,#3368,#3369,#3370,#3371,#3372,#3373,#3374,#3375,#3376,#3377,
#3378,#3379,#3380,#3381,#3382,#3383,#3384,#3385,#3386,#3387,#3388,#3389,
#3390,#3391,#3392,#3393,#3394,#3395,#3396,#3397,#3398,#3399,#3400,#3401,
#3402,#3403,#3404,#3405,#3406,#3407,#3408,#3409,#3410,#3411),
 .UNSPECIFIED.,.F.,.F.,(4,3,3,3,3,3,3,3,3,3,3,3,3,3,3,3,3,3,3,3,3,3,3,3,
3,4),(-0.134460573882515,-0.125485637138342,-0.114847725688038,-0.10073738337478,
-0.0875671582142186,-0.0739198177854573,-0.066524879453297,-0.0582092695216349,
-0.0520639743334195,-0.0473901161554582,-0.041466351636026,-0.0376832172431224,
-0.0329728150877321,-0.0297271767739066,-0.0268327055125478,-0.0234733968738077,
-0.0205392222645817,-0.0181957172618615,-0.0136467879463962,-0.0116106116074087,
-0.00976657482683327,-0.00788260133441886,-0.00548478682373086,-0.00322454339154868,
-0.00147647350119787,0.),.UNSPECIFIED.);
#34=B_SPLINE_CURVE_WITH_KNOTS('',3,(#3644,#3645,#3646,#3647,#3648,#3649,
#3650,#3651,#3652,#3653,#3654,#3655,#3656,#3657,#3658,#3659,#3660,#3661,
#3662,#3663,#3664,#3665,#3666,#3667,#3668,#3669,#3670,#3671,#3672,#3673,
#3674,#3675,#3676,#3677,#3678,#3679,#3680,#3681,#3682,#3683,#3684,#3685,
#3686,#3687,#3688,#3689,#3690,#3691,#3692,#3693,#3694,#3695,#3696,#3697,
#3698,#3699,#3700,#3701,#3702,#3703,#3704,#3705,#3706,#3707,#3708,#3709,
#3710,#3711,#3712,#3713,#3714,#3715,#3716,#3717,#3718,#3719),
 .UNSPECIFIED.,.F.,.F.,(4,3,3,3,3,3,3,3,3,3,3,3,3,3,3,3,3,3,3,3,3,3,3,3,
3,4),(-1.38663944153397,-1.36920600188892,-1.34953095700119,-1.31362783467284,
-1.29310239975608,-1.27427678360192,-1.25317688956844,-1.22682756598485,
-1.1997799590926,-1.17488745122802,-1.14463802499771,-1.10886808671653,
-1.07915664881999,-1.04280521841438,-1.00200423858903,-0.962046641492561,
-0.901918726399276,-0.851768859043938,-0.787380922601266,-0.688958307276108,
-0.567203356862081,-0.456286005584099,-0.304169289819853,-0.171725809241571,
-0.0792689329597426,0.),.UNSPECIFIED.);
#35=B_SPLINE_CURVE_WITH_KNOTS('',3,(#3947,#3948,#3949,#3950,#3951,#3952,
#3953,#3954,#3955,#3956,#3957,#3958,#3959,#3960,#3961,#3962,#3963,#3964,
#3965,#3966,#3967,#3968,#3969,#3970,#3971,#3972,#3973,#3974,#3975,#3976,
#3977,#3978,#3979,#3980,#3981,#3982,#3983,#3984,#3985,#3986,#3987,#3988,
#3989,#3990,#3991,#3992,#3993,#3994,#3995,#3996,#3997,#3998,#3999,#4000,
#4001,#4002,#4003,#4004,#4005,#4006,#4007,#4008,#4009,#4010,#4011,#4012,
#4013,#4014,#4015,#4016,#4017,#4018,#4019,#4020,#4021,#4022),
 .UNSPECIFIED.,.F.,.F.,(4,3,3,3,3,3,3,3,3,3,3,3,3,3,3,3,3,3,3,3,3,3,3,3,
3,4),(-0.134460573837946,-0.1254856370994,-0.114847725618236,-0.100737383340312,
-0.0875671581816819,-0.0739198177119052,-0.066524879403744,-0.058209269478276,
-0.0520639742587623,-0.0473901160919679,-0.0414663515804719,-0.0376832171943698,
-0.0329728150450736,-0.0297271767403965,-0.0268327054788913,-0.0234733968549727,
-0.0205392222481011,-0.0181957172462899,-0.0136467879347174,-0.0116106115972757,
-0.00976657481759247,-0.00788260132529244,-0.00548478680863046,-0.00322454338105325,
-0.00147647349180423,0.),.UNSPECIFIED.);
#36=B_SPLINE_CURVE_WITH_KNOTS('',3,(#4255,#4256,#4257,#4258,#4259,#4260,
#4261,#4262,#4263,#4264,#4265,#4266,#4267,#4268,#4269,#4270,#4271,#4272,
#4273,#4274,#4275,#4276,#4277,#4278,#4279,#4280,#4281,#4282,#4283,#4284,
#4285,#4286,#4287,#4288,#4289,#4290,#4291,#4292,#4293,#4294,#4295,#4296,
#4297,#4298,#4299,#4300,#4301,#4302,#4303,#4304,#4305,#4306,#4307,#4308,
#4309,#4310,#4311,#4312,#4313,#4314,#4315,#4316,#4317,#4318,#4319,#4320,
#4321,#4322,#4323,#4324,#4325,#4326,#4327,#4328,#4329,#4330),
 .UNSPECIFIED.,.F.,.F.,(4,3,3,3,3,3,3,3,3,3,3,3,3,3,3,3,3,3,3,3,3,3,3,3,
3,4),(-1.38663944052801,-1.36920600089718,-1.34953095602455,-1.31362783372102,
-1.29310239881913,-1.27427678267951,-1.25317688866347,-1.22682756510059,
-1.19977995823023,-1.17488745038408,-1.1446380241783,-1.10886808592273,
-1.07915664804751,-1.04280521767209,-1.00200423786851,-0.962046640807322,
-0.901918725756865,-0.851768858452101,-0.787380922013267,-0.688958306761608,
-0.567203356395527,-0.456286005142619,-0.304169288989668,-0.171725808615934,
-0.0792689323724763,0.),.UNSPECIFIED.);
#37=B_SPLINE_CURVE_WITH_KNOTS('',3,(#4558,#4559,#4560,#4561,#4562,#4563,
#4564,#4565,#4566,#4567,#4568,#4569,#4570,#4571,#4572,#4573,#4574,#4575,
#4576,#4577,#4578,#4579,#4580,#4581,#4582,#4583,#4584,#4585,#4586,#4587,
#4588,#4589,#4590,#4591,#4592,#4593,#4594,#4595,#4596,#4597,#4598,#4599,
#4600,#4601,#4602,#4603,#4604,#4605,#4606,#4607,#4608,#4609,#4610,#4611,
#4612,#4613,#4614,#4615,#4616,#4617,#4618,#4619,#4620,#4621,#4622,#4623,
#4624,#4625,#4626,#4627,#4628,#4629,#4630,#4631,#4632,#4633),
 .UNSPECIFIED.,.F.,.F.,(4,3,3,3,3,3,3,3,3,3,3,3,3,3,3,3,3,3,3,3,3,3,3,3,
3,4),(-0.134460573882515,-0.125485637138342,-0.114847725688038,-0.10073738337478,
-0.0875671582142186,-0.0739198177854573,-0.066524879453297,-0.0582092695216349,
-0.0520639743334195,-0.0473901161554582,-0.041466351636026,-0.0376832172431224,
-0.0329728150877321,-0.0297271767739066,-0.0268327055125478,-0.0234733968738077,
-0.0205392222645817,-0.0181957172618615,-0.0136467879463962,-0.0116106116074087,
-0.00976657482683327,-0.00788260133441886,-0.00548478682373086,-0.00322454339154868,
-0.00147647350119787,0.),.UNSPECIFIED.);
#38=B_SPLINE_CURVE_WITH_KNOTS('',3,(#4866,#4867,#4868,#4869,#4870,#4871,
#4872,#4873,#4874,#4875,#4876,#4877,#4878,#4879,#4880,#4881,#4882,#4883,
#4884,#4885,#4886,#4887,#4888,#4889,#4890,#4891,#4892,#4893,#4894,#4895,
#4896,#4897,#4898,#4899,#4900,#4901,#4902,#4903,#4904,#4905,#4906,#4907,
#4908,#4909,#4910,#4911,#4912,#4913,#4914,#4915,#4916,#4917,#4918,#4919,
#4920,#4921,#4922,#4923,#4924,#4925,#4926,#4927,#4928,#4929,#4930,#4931,
#4932,#4933,#4934,#4935,#4936,#4937,#4938,#4939,#4940,#4941),
 .UNSPECIFIED.,.F.,.F.,(4,3,3,3,3,3,3,3,3,3,3,3,3,3,3,3,3,3,3,3,3,3,3,3,
3,4),(-1.38663944153397,-1.36920600188892,-1.34953095700119,-1.31362783467284,
-1.29310239975608,-1.27427678360192,-1.25317688956844,-1.22682756598485,
-1.1997799590926,-1.17488745122802,-1.14463802499771,-1.10886808671653,
-1.07915664881999,-1.04280521841438,-1.00200423858903,-0.962046641492561,
-0.901918726399276,-0.851768859043938,-0.787380922601266,-0.688958307276108,
-0.567203356862081,-0.456286005584099,-0.304169289819853,-0.171725809241571,
-0.0792689329597426,0.),.UNSPECIFIED.);
#39=B_SPLINE_CURVE_WITH_KNOTS('',3,(#5169,#5170,#5171,#5172,#5173,#5174,
#5175,#5176,#5177,#5178,#5179,#5180,#5181,#5182,#5183,#5184,#5185,#5186,
#5187,#5188,#5189,#5190,#5191,#5192,#5193,#5194,#5195,#5196,#5197,#5198,
#5199,#5200,#5201,#5202,#5203,#5204,#5205,#5206,#5207,#5208,#5209,#5210,
#5211,#5212,#5213,#5214,#5215,#5216,#5217,#5218,#5219,#5220,#5221,#5222,
#5223,#5224,#5225,#5226,#5227,#5228,#5229,#5230,#5231,#5232,#5233,#5234,
#5235,#5236,#5237,#5238,#5239,#5240,#5241,#5242,#5243,#5244),
 .UNSPECIFIED.,.F.,.F.,(4,3,3,3,3,3,3,3,3,3,3,3,3,3,3,3,3,3,3,3,3,3,3,3,
3,4),(-0.134460573837946,-0.1254856370994,-0.114847725618236,-0.100737383340312,
-0.0875671581816819,-0.0739198177119052,-0.066524879403744,-0.058209269478276,
-0.0520639742587623,-0.0473901160919679,-0.0414663515804719,-0.0376832171943698,
-0.0329728150450736,-0.0297271767403965,-0.0268327054788913,-0.0234733968549727,
-0.0205392222481011,-0.0181957172462899,-0.0136467879347174,-0.0116106115972757,
-0.00976657481759247,-0.00788260132529244,-0.00548478680863046,-0.00322454338105325,
-0.00147647349180423,0.),.UNSPECIFIED.);
#40=B_SPLINE_CURVE_WITH_KNOTS('',3,(#5477,#5478,#5479,#5480,#5481,#5482,
#5483,#5484,#5485,#5486,#5487,#5488,#5489,#5490,#5491,#5492,#5493,#5494,
#5495,#5496,#5497,#5498,#5499,#5500,#5501,#5502,#5503,#5504,#5505,#5506,
#5507,#5508,#5509,#5510,#5511,#5512,#5513,#5514,#5515,#5516,#5517,#5518,
#5519,#5520,#5521,#5522,#5523,#5524,#5525,#5526,#5527,#5528,#5529,#5530,
#5531,#5532,#5533,#5534,#5535,#5536,#5537,#5538,#5539,#5540,#5541,#5542,
#5543,#5544,#5545,#5546,#5547,#5548,#5549,#5550,#5551,#5552),
 .UNSPECIFIED.,.F.,.F.,(4,3,3,3,3,3,3,3,3,3,3,3,3,3,3,3,3,3,3,3,3,3,3,3,
3,4),(-1.38663944052801,-1.36920600089718,-1.34953095602455,-1.31362783372102,
-1.29310239881913,-1.27427678267951,-1.25317688866347,-1.22682756510059,
-1.19977995823023,-1.17488745038408,-1.1446380241783,-1.10886808592273,
-1.07915664804751,-1.04280521767209,-1.00200423786851,-0.962046640807322,
-0.901918725756865,-0.851768858452101,-0.787380922013267,-0.688958306761608,
-0.567203356395527,-0.456286005142619,-0.304169288989668,-0.171725808615934,
-0.0792689323724763,0.),.UNSPECIFIED.);
#41=B_SPLINE_CURVE_WITH_KNOTS('',3,(#5780,#5781,#5782,#5783,#5784,#5785,
#5786,#5787,#5788,#5789,#5790,#5791,#5792,#5793,#5794,#5795,#5796,#5797,
#5798,#5799,#5800,#5801,#5802,#5803,#5804,#5805,#5806,#5807,#5808,#5809,
#5810,#5811,#5812,#5813,#5814,#5815,#5816,#5817,#5818,#5819,#5820,#5821,
#5822,#5823,#5824,#5825,#5826,#5827,#5828,#5829,#5830,#5831,#5832,#5833,
#5834,#5835,#5836,#5837,#5838,#5839,#5840,#5841,#5842,#5843,#5844,#5845,
#5846,#5847,#5848,#5849,#5850,#5851,#5852,#5853,#5854,#5855),
 .UNSPECIFIED.,.F.,.F.,(4,3,3,3,3,3,3,3,3,3,3,3,3,3,3,3,3,3,3,3,3,3,3,3,
3,4),(-0.134460573918526,-0.125485637162315,-0.114847725584772,-0.100737383410346,
-0.0875671582463012,-0.0739198178183861,-0.0665248794791702,-0.0582092695442739,
-0.0520639743679837,-0.0473901161852852,-0.0414663516621246,-0.0376832172660445,
-0.032972815107789,-0.0297271767906181,-0.0268327055289884,-0.0234733968841705,
-0.0205392222736492,-0.0181957172701753,-0.0136467879526315,-0.0116106116127869,
-0.00976657483159423,-0.00788260133888524,-0.00548478682995889,-0.00322454339578546,
-0.00147647350476032,0.),.UNSPECIFIED.);
#42=B_SPLINE_CURVE_WITH_KNOTS('',3,(#6088,#6089,#6090,#6091,#6092,#6093,
#6094,#6095,#6096,#6097,#6098,#6099,#6100,#6101,#6102,#6103,#6104,#6105,
#6106,#6107,#6108,#6109,#6110,#6111,#6112,#6113,#6114,#6115,#6116,#6117,
#6118,#6119,#6120,#6121,#6122,#6123,#6124,#6125,#6126,#6127,#6128,#6129,
#6130,#6131,#6132,#6133,#6134,#6135,#6136,#6137,#6138,#6139,#6140,#6141,
#6142,#6143,#6144,#6145,#6146,#6147,#6148,#6149,#6150,#6151,#6152,#6153,
#6154,#6155,#6156,#6157,#6158,#6159,#6160,#6161,#6162,#6163),
 .UNSPECIFIED.,.F.,.F.,(4,3,3,3,3,3,3,3,3,3,3,3,3,3,3,3,3,3,3,3,3,3,3,3,
3,4),(-1.38663944139145,-1.36920600174863,-1.34953095686268,-1.31362783453204,
-1.29310239961748,-1.27427678346473,-1.25317688943297,-1.22682756585146,
-1.19977995896477,-1.17488745110205,-1.14463802487377,-1.10886808659646,
-1.07915664870547,-1.04280521830225,-1.00200423848215,-0.962046641389194,
-0.90191872630237,-0.851768858963164,-0.787380922529108,-0.68895830721297,
-0.567203356764687,-0.456286005491203,-0.304169289773444,-0.171725809210284,
-0.0792689326906751,0.),.UNSPECIFIED.);
#43=B_SPLINE_CURVE_WITH_KNOTS('',3,(#6391,#6392,#6393,#6394,#6395,#6396,
#6397,#6398,#6399,#6400,#6401,#6402,#6403,#6404,#6405,#6406,#6407,#6408,
#6409,#6410,#6411,#6412,#6413,#6414,#6415,#6416,#6417,#6418,#6419,#6420,
#6421,#6422,#6423,#6424,#6425,#6426,#6427,#6428,#6429,#6430,#6431,#6432,
#6433,#6434,#6435,#6436,#6437,#6438,#6439,#6440,#6441,#6442,#6443,#6444,
#6445,#6446,#6447,#6448,#6449,#6450,#6451,#6452,#6453,#6454,#6455,#6456,
#6457,#6458,#6459,#6460,#6461,#6462,#6463,#6464,#6465,#6466),
 .UNSPECIFIED.,.F.,.F.,(4,3,3,3,3,3,3,3,3,3,3,3,3,3,3,3,3,3,3,3,3,3,3,3,
3,4),(-0.134460573935173,-0.125485637189764,-0.11484772557904,-0.100737383416318,
-0.0875671582675585,-0.0739198178114611,-0.0665248794783367,-0.0582092695435446,
-0.0520639743508642,-0.0473901161720702,-0.0414663516505614,-0.0376832172563723,
-0.0329728150993258,-0.0297271767849281,-0.0268327055225348,-0.0234733968828294,
-0.0205392222724757,-0.0181957172688753,-0.0136467879516565,-0.0116106116119134,
-0.00976657483062321,-0.00788260133762098,-0.00548478682602854,-0.00322454339278589,
-0.00147647350177496,0.),.UNSPECIFIED.);
#44=B_SPLINE_CURVE_WITH_KNOTS('',3,(#6699,#6700,#6701,#6702,#6703,#6704,
#6705,#6706,#6707,#6708,#6709,#6710,#6711,#6712,#6713,#6714,#6715,#6716,
#6717,#6718,#6719,#6720,#6721,#6722,#6723,#6724,#6725,#6726,#6727,#6728,
#6729,#6730,#6731,#6732,#6733,#6734,#6735,#6736,#6737,#6738,#6739,#6740,
#6741,#6742,#6743,#6744,#6745,#6746,#6747,#6748,#6749,#6750,#6751,#6752,
#6753,#6754,#6755,#6756,#6757,#6758,#6759,#6760,#6761,#6762,#6763,#6764,
#6765,#6766,#6767,#6768,#6769,#6770,#6771,#6772,#6773,#6774),
 .UNSPECIFIED.,.F.,.F.,(4,3,3,3,3,3,3,3,3,3,3,3,3,3,3,3,3,3,3,3,3,3,3,3,
3,4),(-1.38663944152007,-1.36920600187678,-1.34953095699011,-1.31362783467837,
-1.29310239976152,-1.27427678360846,-1.25317688957925,-1.22682756601287,
-1.19977995910397,-1.17488745124109,-1.1446380250273,-1.1088680867452,-1.07915664885221,
-1.04280521846311,-1.00200423861695,-0.962046641542579,-0.901918726446168,
-0.851768859121436,-0.787380922681861,-0.688958307346628,-0.567203357173363,
-0.456286005883938,-0.304169290295225,-0.171725809577027,-0.0792689331252395,
0.),.UNSPECIFIED.);
#45=B_SPLINE_CURVE_WITH_KNOTS('',3,(#7134,#7135,#7136,#7137,#7138,#7139,
#7140,#7141,#7142,#7143,#7144,#7145,#7146,#7147,#7148,#7149,#7150,#7151,
#7152,#7153,#7154,#7155,#7156,#7157,#7158,#7159,#7160,#7161,#7162,#7163,
#7164,#7165,#7166,#7167,#7168,#7169,#7170,#7171,#7172,#7173,#7174,#7175,
#7176,#7177,#7178,#7179,#7180,#7181,#7182,#7183,#7184,#7185,#7186,#7187,
#7188,#7189,#7190,#7191,#7192,#7193,#7194,#7195,#7196,#7197,#7198,#7199,
#7200,#7201,#7202,#7203,#7204,#7205,#7206,#7207,#7208,#7209),
 .UNSPECIFIED.,.F.,.F.,(4,3,3,3,3,3,3,3,3,3,3,3,3,3,3,3,3,3,3,3,3,3,3,3,
3,4),(-0.134460573959159,-0.125485637208114,-0.11484772576723,-0.100737383440465,
-0.0875671582726602,-0.073919817849147,-0.0665248795036988,-0.0582092695657364,
-0.0520639743926455,-0.0473901162064991,-0.0414663516806867,-0.0376832172825038,
-0.0329728151221908,-0.0297271768029355,-0.0268327055406608,-0.0234733968929849,
-0.0205392222813618,-0.0181957172770872,-0.0136467879578154,-0.0116106116172236,
-0.00976657483541007,-0.00788260134221827,-0.00548478683342331,-0.00322454339810232,
-0.00147647350646788,0.),.UNSPECIFIED.);
#46=B_SPLINE_CURVE_WITH_KNOTS('',3,(#7365,#7366,#7367,#7368,#7369,#7370,
#7371,#7372,#7373,#7374,#7375,#7376,#7377,#7378,#7379,#7380,#7381,#7382,
#7383,#7384,#7385,#7386,#7387,#7388,#7389,#7390,#7391,#7392,#7393,#7394,
#7395,#7396,#7397,#7398,#7399,#7400,#7401,#7402,#7403,#7404,#7405,#7406,
#7407,#7408,#7409,#7410,#7411,#7412,#7413,#7414,#7415,#7416,#7417,#7418,
#7419,#7420,#7421,#7422,#7423,#7424,#7425,#7426,#7427,#7428,#7429,#7430,
#7431,#7432,#7433,#7434,#7435,#7436,#7437,#7438,#7439,#7440),
 .UNSPECIFIED.,.F.,.F.,(4,3,3,3,3,3,3,3,3,3,3,3,3,3,3,3,3,3,3,3,3,3,3,3,
3,4),(-1.38663944148787,-1.36920600184408,-1.34953095695679,-1.31362783462684,
-1.29310239971079,-1.27427678355712,-1.2531768895243,-1.22682756594109,
-1.19977995904952,-1.17488745118562,-1.14463802495474,-1.1088680866749,
-1.07915664877905,-1.0428052183725,-1.00200423854991,-0.962046641451417,
-0.901918726360704,-0.851768859009111,-0.787380922576134,-0.688958307254117,
-0.567203356803487,-0.456286005530641,-0.304169290212048,-0.171725809213297,
-0.0792689327030237,0.),.UNSPECIFIED.);
#47=(
BOUNDED_CURVE()
B_SPLINE_CURVE(5,(#2649,#2650,#2651,#2652,#2653,#2654,#2655,#2656,#2657,
#2658,#2659,#2660,#2661,#2662,#2663,#2664,#2665,#2666,#2667,#2668,#2669,
#2670,#2671,#2672,#2673,#2674,#2675,#2676,#2677,#2678,#2679,#2680,#2681,
#2682,#2683,#2684,#2685,#2686,#2687,#2688,#2689,#2690,#2691,#2692,#2693,
#2694,#2695,#2696,#2697,#2698,#2699,#2700,#2701,#2702,#2703,#2704,#2705,
#2706,#2707,#2708,#2709,#2710,#2711,#2712,#2713,#2714,#2715,#2716,#2717,
#2718,#2719,#2720,#2721,#2722,#2723),.UNSPECIFIED.,.F.,.F.)
B_SPLINE_CURVE_WITH_KNOTS((6,1,1,1,1,1,1,1,1,1,1,1,1,1,1,1,1,1,1,1,1,1,
1,1,1,1,1,1,1,1,1,1,1,1,1,1,1,1,1,1,1,1,1,1,1,1,1,1,1,1,1,1,1,1,1,1,1,1,
1,1,1,1,1,1,1,1,1,1,1,1,6),(0.,0.0142857142857143,0.0285714285714286,0.0428571428571429,
0.0571428571428571,0.0714285714285714,0.0857142857142857,0.1,0.114285714285714,
0.128571428571429,0.142857142857143,0.157142857142857,0.171428571428571,
0.185714285714286,0.2,0.214285714285714,0.228571428571429,0.242857142857143,
0.257142857142857,0.271428571428571,0.285714285714286,0.3,0.314285714285714,
0.328571428571429,0.342857142857143,0.357142857142857,0.371428571428571,
0.385714285714286,0.4,0.414285714285714,0.428571428571429,0.442857142857143,
0.457142857142857,0.471428571428572,0.485714285714286,0.5,0.514285714285714,
0.528571428571429,0.542857142857143,0.557142857142857,0.571428571428571,
0.585714285714286,0.6,0.614285714285714,0.628571428571428,0.642857142857142,
0.657142857142857,0.671428571428571,0.685714285714285,0.699999999999999,
0.714285714285714,0.728571428571428,0.742857142857142,0.757142857142856,
0.771428571428571,0.785714285714285,0.799999999999999,0.814285714285713,
0.828571428571428,0.842857142857142,0.857142857142856,0.87142857142857,
0.885714285714284,0.899999999999999,0.914285714285713,0.928571428571427,
0.942857142857141,0.957142857142856,0.97142857142857,0.985714285714284,
1.),.UNSPECIFIED.)
CURVE()
GEOMETRIC_REPRESENTATION_ITEM()
RATIONAL_B_SPLINE_CURVE((1.,1.,1.,1.,1.,1.,1.,1.,1.,1.,1.,1.,1.,1.,1.,1.,
1.,1.,1.,1.,1.,1.,1.,1.,1.,1.,1.,1.,1.,1.,1.,1.,1.,1.,1.,1.,1.,1.,1.,1.,
1.,1.,1.,1.,1.,1.,1.,1.,1.,1.,1.,1.,1.,1.,1.,1.,1.,1.,1.,1.,1.,1.,1.,1.,
1.,1.,1.,1.,1.,1.,1.,1.,1.,1.,1.))
REPRESENTATION_ITEM('')
);
#48=(
BOUNDED_CURVE()
B_SPLINE_CURVE(5,(#2958,#2959,#2960,#2961,#2962,#2963,#2964,#2965,#2966,
#2967,#2968,#2969,#2970,#2971,#2972,#2973,#2974,#2975,#2976,#2977,#2978,
#2979,#2980,#2981,#2982,#2983,#2984,#2985,#2986,#2987,#2988,#2989,#2990,
#2991,#2992,#2993,#2994,#2995,#2996,#2997,#2998,#2999,#3000,#3001,#3002,
#3003,#3004,#3005,#3006,#3007,#3008,#3009,#3010,#3011,#3012,#3013,#3014,
#3015,#3016,#3017,#3018,#3019,#3020,#3021,#3022,#3023,#3024,#3025,#3026,
#3027,#3028,#3029,#3030,#3031,#3032),.UNSPECIFIED.,.F.,.F.)
B_SPLINE_CURVE_WITH_KNOTS((6,1,1,1,1,1,1,1,1,1,1,1,1,1,1,1,1,1,1,1,1,1,
1,1,1,1,1,1,1,1,1,1,1,1,1,1,1,1,1,1,1,1,1,1,1,1,1,1,1,1,1,1,1,1,1,1,1,1,
1,1,1,1,1,1,1,1,1,1,1,1,6),(0.,0.0142857142857143,0.0285714285714286,0.0428571428571429,
0.0571428571428571,0.0714285714285714,0.0857142857142857,0.1,0.114285714285714,
0.128571428571429,0.142857142857143,0.157142857142857,0.171428571428571,
0.185714285714286,0.2,0.214285714285714,0.228571428571429,0.242857142857143,
0.257142857142857,0.271428571428571,0.285714285714286,0.3,0.314285714285714,
0.328571428571429,0.342857142857143,0.357142857142857,0.371428571428571,
0.385714285714286,0.4,0.414285714285714,0.428571428571429,0.442857142857143,
0.457142857142857,0.471428571428572,0.485714285714286,0.5,0.514285714285714,
0.528571428571429,0.542857142857143,0.557142857142857,0.571428571428571,
0.585714285714286,0.6,0.614285714285714,0.628571428571428,0.642857142857142,
0.657142857142857,0.671428571428571,0.685714285714285,0.699999999999999,
0.714285714285714,0.728571428571428,0.742857142857142,0.757142857142856,
0.771428571428571,0.785714285714285,0.799999999999999,0.814285714285713,
0.828571428571428,0.842857142857142,0.857142857142856,0.87142857142857,
0.885714285714284,0.899999999999999,0.914285714285713,0.928571428571427,
0.942857142857141,0.957142857142856,0.97142857142857,0.985714285714284,
1.),.UNSPECIFIED.)
CURVE()
GEOMETRIC_REPRESENTATION_ITEM()
RATIONAL_B_SPLINE_CURVE((1.,1.,1.,1.,1.,1.,1.,1.,1.,1.,1.,1.,1.,1.,1.,1.,
1.,1.,1.,1.,1.,1.,1.,1.,1.,1.,1.,1.,1.,1.,1.,1.,1.,1.,1.,1.,1.,1.,1.,1.,
1.,1.,1.,1.,1.,1.,1.,1.,1.,1.,1.,1.,1.,1.,1.,1.,1.,1.,1.,1.,1.,1.,1.,1.,
1.,1.,1.,1.,1.,1.,1.,1.,1.,1.,1.))
REPRESENTATION_ITEM('')
);
#49=(
BOUNDED_CURVE()
B_SPLINE_CURVE(5,(#3260,#3261,#3262,#3263,#3264,#3265,#3266,#3267,#3268,
#3269,#3270,#3271,#3272,#3273,#3274,#3275,#3276,#3277,#3278,#3279,#3280,
#3281,#3282,#3283,#3284,#3285,#3286,#3287,#3288,#3289,#3290,#3291,#3292,
#3293,#3294,#3295,#3296,#3297,#3298,#3299,#3300,#3301,#3302,#3303,#3304,
#3305,#3306,#3307,#3308,#3309,#3310,#3311,#3312,#3313,#3314,#3315,#3316,
#3317,#3318,#3319,#3320,#3321,#3322,#3323,#3324,#3325,#3326,#3327,#3328,
#3329,#3330,#3331,#3332,#3333,#3334),.UNSPECIFIED.,.F.,.F.)
B_SPLINE_CURVE_WITH_KNOTS((6,1,1,1,1,1,1,1,1,1,1,1,1,1,1,1,1,1,1,1,1,1,
1,1,1,1,1,1,1,1,1,1,1,1,1,1,1,1,1,1,1,1,1,1,1,1,1,1,1,1,1,1,1,1,1,1,1,1,
1,1,1,1,1,1,1,1,1,1,1,1,6),(0.,0.0142857142857143,0.0285714285714286,0.0428571428571429,
0.0571428571428571,0.0714285714285714,0.0857142857142857,0.1,0.114285714285714,
0.128571428571429,0.142857142857143,0.157142857142857,0.171428571428571,
0.185714285714286,0.2,0.214285714285714,0.228571428571429,0.242857142857143,
0.257142857142857,0.271428571428571,0.285714285714286,0.3,0.314285714285714,
0.328571428571429,0.342857142857143,0.357142857142857,0.371428571428571,
0.385714285714286,0.4,0.414285714285714,0.428571428571429,0.442857142857143,
0.457142857142857,0.471428571428572,0.485714285714286,0.5,0.514285714285714,
0.528571428571429,0.542857142857143,0.557142857142857,0.571428571428571,
0.585714285714286,0.6,0.614285714285714,0.628571428571428,0.642857142857142,
0.657142857142857,0.671428571428571,0.685714285714285,0.699999999999999,
0.714285714285714,0.728571428571428,0.742857142857142,0.757142857142856,
0.771428571428571,0.785714285714285,0.799999999999999,0.814285714285713,
0.828571428571428,0.842857142857142,0.857142857142856,0.87142857142857,
0.885714285714284,0.899999999999999,0.914285714285713,0.928571428571427,
0.942857142857141,0.957142857142856,0.97142857142857,0.985714285714284,
1.),.UNSPECIFIED.)
CURVE()
GEOMETRIC_REPRESENTATION_ITEM()
RATIONAL_B_SPLINE_CURVE((1.,1.,1.,1.,1.,1.,1.,1.,1.,1.,1.,1.,1.,1.,1.,1.,
1.,1.,1.,1.,1.,1.,1.,1.,1.,1.,1.,1.,1.,1.,1.,1.,1.,1.,1.,1.,1.,1.,1.,1.,
1.,1.,1.,1.,1.,1.,1.,1.,1.,1.,1.,1.,1.,1.,1.,1.,1.,1.,1.,1.,1.,1.,1.,1.,
1.,1.,1.,1.,1.,1.,1.,1.,1.,1.,1.))
REPRESENTATION_ITEM('')
);
#50=(
BOUNDED_CURVE()
B_SPLINE_CURVE(5,(#3569,#3570,#3571,#3572,#3573,#3574,#3575,#3576,#3577,
#3578,#3579,#3580,#3581,#3582,#3583,#3584,#3585,#3586,#3587,#3588,#3589,
#3590,#3591,#3592,#3593,#3594,#3595,#3596,#3597,#3598,#3599,#3600,#3601,
#3602,#3603,#3604,#3605,#3606,#3607,#3608,#3609,#3610,#3611,#3612,#3613,
#3614,#3615,#3616,#3617,#3618,#3619,#3620,#3621,#3622,#3623,#3624,#3625,
#3626,#3627,#3628,#3629,#3630,#3631,#3632,#3633,#3634,#3635,#3636,#3637,
#3638,#3639,#3640,#3641,#3642,#3643),.UNSPECIFIED.,.F.,.F.)
B_SPLINE_CURVE_WITH_KNOTS((6,1,1,1,1,1,1,1,1,1,1,1,1,1,1,1,1,1,1,1,1,1,
1,1,1,1,1,1,1,1,1,1,1,1,1,1,1,1,1,1,1,1,1,1,1,1,1,1,1,1,1,1,1,1,1,1,1,1,
1,1,1,1,1,1,1,1,1,1,1,1,6),(0.,0.0142857142857143,0.0285714285714286,0.0428571428571429,
0.0571428571428571,0.0714285714285714,0.0857142857142857,0.1,0.114285714285714,
0.128571428571429,0.142857142857143,0.157142857142857,0.171428571428571,
0.185714285714286,0.2,0.214285714285714,0.228571428571429,0.242857142857143,
0.257142857142857,0.271428571428571,0.285714285714286,0.3,0.314285714285714,
0.328571428571429,0.342857142857143,0.357142857142857,0.371428571428571,
0.385714285714286,0.4,0.414285714285714,0.428571428571429,0.442857142857143,
0.457142857142857,0.471428571428572,0.485714285714286,0.5,0.514285714285714,
0.528571428571429,0.542857142857143,0.557142857142857,0.571428571428571,
0.585714285714286,0.6,0.614285714285714,0.628571428571428,0.642857142857142,
0.657142857142857,0.671428571428571,0.685714285714285,0.699999999999999,
0.714285714285714,0.728571428571428,0.742857142857142,0.757142857142856,
0.771428571428571,0.785714285714285,0.799999999999999,0.814285714285713,
0.828571428571428,0.842857142857142,0.857142857142856,0.87142857142857,
0.885714285714284,0.899999999999999,0.914285714285713,0.928571428571427,
0.942857142857141,0.957142857142856,0.97142857142857,0.985714285714284,
1.),.UNSPECIFIED.)
CURVE()
GEOMETRIC_REPRESENTATION_ITEM()
RATIONAL_B_SPLINE_CURVE((1.,1.,1.,1.,1.,1.,1.,1.,1.,1.,1.,1.,1.,1.,1.,1.,
1.,1.,1.,1.,1.,1.,1.,1.,1.,1.,1.,1.,1.,1.,1.,1.,1.,1.,1.,1.,1.,1.,1.,1.,
1.,1.,1.,1.,1.,1.,1.,1.,1.,1.,1.,1.,1.,1.,1.,1.,1.,1.,1.,1.,1.,1.,1.,1.,
1.,1.,1.,1.,1.,1.,1.,1.,1.,1.,1.))
REPRESENTATION_ITEM('')
);
#51=(
BOUNDED_CURVE()
B_SPLINE_CURVE(5,(#3871,#3872,#3873,#3874,#3875,#3876,#3877,#3878,#3879,
#3880,#3881,#3882,#3883,#3884,#3885,#3886,#3887,#3888,#3889,#3890,#3891,
#3892,#3893,#3894,#3895,#3896,#3897,#3898,#3899,#3900,#3901,#3902,#3903,
#3904,#3905,#3906,#3907,#3908,#3909,#3910,#3911,#3912,#3913,#3914,#3915,
#3916,#3917,#3918,#3919,#3920,#3921,#3922,#3923,#3924,#3925,#3926,#3927,
#3928,#3929,#3930,#3931,#3932,#3933,#3934,#3935,#3936,#3937,#3938,#3939,
#3940,#3941,#3942,#3943,#3944,#3945),.UNSPECIFIED.,.F.,.F.)
B_SPLINE_CURVE_WITH_KNOTS((6,1,1,1,1,1,1,1,1,1,1,1,1,1,1,1,1,1,1,1,1,1,
1,1,1,1,1,1,1,1,1,1,1,1,1,1,1,1,1,1,1,1,1,1,1,1,1,1,1,1,1,1,1,1,1,1,1,1,
1,1,1,1,1,1,1,1,1,1,1,1,6),(0.,0.0142857142857143,0.0285714285714286,0.0428571428571429,
0.0571428571428571,0.0714285714285714,0.0857142857142857,0.1,0.114285714285714,
0.128571428571429,0.142857142857143,0.157142857142857,0.171428571428571,
0.185714285714286,0.2,0.214285714285714,0.228571428571429,0.242857142857143,
0.257142857142857,0.271428571428571,0.285714285714286,0.3,0.314285714285714,
0.328571428571429,0.342857142857143,0.357142857142857,0.371428571428571,
0.385714285714286,0.4,0.414285714285714,0.428571428571429,0.442857142857143,
0.457142857142857,0.471428571428572,0.485714285714286,0.5,0.514285714285714,
0.528571428571429,0.542857142857143,0.557142857142857,0.571428571428571,
0.585714285714286,0.6,0.614285714285714,0.628571428571428,0.642857142857142,
0.657142857142857,0.671428571428571,0.685714285714285,0.699999999999999,
0.714285714285714,0.728571428571428,0.742857142857142,0.757142857142856,
0.771428571428571,0.785714285714285,0.799999999999999,0.814285714285713,
0.828571428571428,0.842857142857142,0.857142857142856,0.87142857142857,
0.885714285714284,0.899999999999999,0.914285714285713,0.928571428571427,
0.942857142857141,0.957142857142856,0.97142857142857,0.985714285714284,
1.),.UNSPECIFIED.)
CURVE()
GEOMETRIC_REPRESENTATION_ITEM()
RATIONAL_B_SPLINE_CURVE((1.,1.,1.,1.,1.,1.,1.,1.,1.,1.,1.,1.,1.,1.,1.,1.,
1.,1.,1.,1.,1.,1.,1.,1.,1.,1.,1.,1.,1.,1.,1.,1.,1.,1.,1.,1.,1.,1.,1.,1.,
1.,1.,1.,1.,1.,1.,1.,1.,1.,1.,1.,1.,1.,1.,1.,1.,1.,1.,1.,1.,1.,1.,1.,1.,
1.,1.,1.,1.,1.,1.,1.,1.,1.,1.,1.))
REPRESENTATION_ITEM('')
);
#52=(
BOUNDED_CURVE()
B_SPLINE_CURVE(5,(#4180,#4181,#4182,#4183,#4184,#4185,#4186,#4187,#4188,
#4189,#4190,#4191,#4192,#4193,#4194,#4195,#4196,#4197,#4198,#4199,#4200,
#4201,#4202,#4203,#4204,#4205,#4206,#4207,#4208,#4209,#4210,#4211,#4212,
#4213,#4214,#4215,#4216,#4217,#4218,#4219,#4220,#4221,#4222,#4223,#4224,
#4225,#4226,#4227,#4228,#4229,#4230,#4231,#4232,#4233,#4234,#4235,#4236,
#4237,#4238,#4239,#4240,#4241,#4242,#4243,#4244,#4245,#4246,#4247,#4248,
#4249,#4250,#4251,#4252,#4253,#4254),.UNSPECIFIED.,.F.,.F.)
B_SPLINE_CURVE_WITH_KNOTS((6,1,1,1,1,1,1,1,1,1,1,1,1,1,1,1,1,1,1,1,1,1,
1,1,1,1,1,1,1,1,1,1,1,1,1,1,1,1,1,1,1,1,1,1,1,1,1,1,1,1,1,1,1,1,1,1,1,1,
1,1,1,1,1,1,1,1,1,1,1,1,6),(0.,0.0142857142857143,0.0285714285714286,0.0428571428571429,
0.0571428571428571,0.0714285714285714,0.0857142857142857,0.1,0.114285714285714,
0.128571428571429,0.142857142857143,0.157142857142857,0.171428571428571,
0.185714285714286,0.2,0.214285714285714,0.228571428571429,0.242857142857143,
0.257142857142857,0.271428571428571,0.285714285714286,0.3,0.314285714285714,
0.328571428571429,0.342857142857143,0.357142857142857,0.371428571428571,
0.385714285714286,0.4,0.414285714285714,0.428571428571429,0.442857142857143,
0.457142857142857,0.471428571428572,0.485714285714286,0.5,0.514285714285714,
0.528571428571429,0.542857142857143,0.557142857142857,0.571428571428571,
0.585714285714286,0.6,0.614285714285714,0.628571428571428,0.642857142857142,
0.657142857142857,0.671428571428571,0.685714285714285,0.699999999999999,
0.714285714285714,0.728571428571428,0.742857142857142,0.757142857142856,
0.771428571428571,0.785714285714285,0.799999999999999,0.814285714285713,
0.828571428571428,0.842857142857142,0.857142857142856,0.87142857142857,
0.885714285714284,0.899999999999999,0.914285714285713,0.928571428571427,
0.942857142857141,0.957142857142856,0.97142857142857,0.985714285714284,
1.),.UNSPECIFIED.)
CURVE()
GEOMETRIC_REPRESENTATION_ITEM()
RATIONAL_B_SPLINE_CURVE((1.,1.,1.,1.,1.,1.,1.,1.,1.,1.,1.,1.,1.,1.,1.,1.,
1.,1.,1.,1.,1.,1.,1.,1.,1.,1.,1.,1.,1.,1.,1.,1.,1.,1.,1.,1.,1.,1.,1.,1.,
1.,1.,1.,1.,1.,1.,1.,1.,1.,1.,1.,1.,1.,1.,1.,1.,1.,1.,1.,1.,1.,1.,1.,1.,
1.,1.,1.,1.,1.,1.,1.,1.,1.,1.,1.))
REPRESENTATION_ITEM('')
);
#53=(
BOUNDED_CURVE()
B_SPLINE_CURVE(5,(#4482,#4483,#4484,#4485,#4486,#4487,#4488,#4489,#4490,
#4491,#4492,#4493,#4494,#4495,#4496,#4497,#4498,#4499,#4500,#4501,#4502,
#4503,#4504,#4505,#4506,#4507,#4508,#4509,#4510,#4511,#4512,#4513,#4514,
#4515,#4516,#4517,#4518,#4519,#4520,#4521,#4522,#4523,#4524,#4525,#4526,
#4527,#4528,#4529,#4530,#4531,#4532,#4533,#4534,#4535,#4536,#4537,#4538,
#4539,#4540,#4541,#4542,#4543,#4544,#4545,#4546,#4547,#4548,#4549,#4550,
#4551,#4552,#4553,#4554,#4555,#4556),.UNSPECIFIED.,.F.,.F.)
B_SPLINE_CURVE_WITH_KNOTS((6,1,1,1,1,1,1,1,1,1,1,1,1,1,1,1,1,1,1,1,1,1,
1,1,1,1,1,1,1,1,1,1,1,1,1,1,1,1,1,1,1,1,1,1,1,1,1,1,1,1,1,1,1,1,1,1,1,1,
1,1,1,1,1,1,1,1,1,1,1,1,6),(0.,0.0142857142857143,0.0285714285714286,0.0428571428571429,
0.0571428571428571,0.0714285714285714,0.0857142857142857,0.1,0.114285714285714,
0.128571428571429,0.142857142857143,0.157142857142857,0.171428571428571,
0.185714285714286,0.2,0.214285714285714,0.228571428571429,0.242857142857143,
0.257142857142857,0.271428571428571,0.285714285714286,0.3,0.314285714285714,
0.328571428571429,0.342857142857143,0.357142857142857,0.371428571428571,
0.385714285714286,0.4,0.414285714285714,0.428571428571429,0.442857142857143,
0.457142857142857,0.471428571428572,0.485714285714286,0.5,0.514285714285714,
0.528571428571429,0.542857142857143,0.557142857142857,0.571428571428571,
0.585714285714286,0.6,0.614285714285714,0.628571428571428,0.642857142857142,
0.657142857142857,0.671428571428571,0.685714285714285,0.699999999999999,
0.714285714285714,0.728571428571428,0.742857142857142,0.757142857142856,
0.771428571428571,0.785714285714285,0.799999999999999,0.814285714285713,
0.828571428571428,0.842857142857142,0.857142857142856,0.87142857142857,
0.885714285714284,0.899999999999999,0.914285714285713,0.928571428571427,
0.942857142857141,0.957142857142856,0.97142857142857,0.985714285714284,
1.),.UNSPECIFIED.)
CURVE()
GEOMETRIC_REPRESENTATION_ITEM()
RATIONAL_B_SPLINE_CURVE((1.,1.,1.,1.,1.,1.,1.,1.,1.,1.,1.,1.,1.,1.,1.,1.,
1.,1.,1.,1.,1.,1.,1.,1.,1.,1.,1.,1.,1.,1.,1.,1.,1.,1.,1.,1.,1.,1.,1.,1.,
1.,1.,1.,1.,1.,1.,1.,1.,1.,1.,1.,1.,1.,1.,1.,1.,1.,1.,1.,1.,1.,1.,1.,1.,
1.,1.,1.,1.,1.,1.,1.,1.,1.,1.,1.))
REPRESENTATION_ITEM('')
);
#54=(
BOUNDED_CURVE()
B_SPLINE_CURVE(5,(#4791,#4792,#4793,#4794,#4795,#4796,#4797,#4798,#4799,
#4800,#4801,#4802,#4803,#4804,#4805,#4806,#4807,#4808,#4809,#4810,#4811,
#4812,#4813,#4814,#4815,#4816,#4817,#4818,#4819,#4820,#4821,#4822,#4823,
#4824,#4825,#4826,#4827,#4828,#4829,#4830,#4831,#4832,#4833,#4834,#4835,
#4836,#4837,#4838,#4839,#4840,#4841,#4842,#4843,#4844,#4845,#4846,#4847,
#4848,#4849,#4850,#4851,#4852,#4853,#4854,#4855,#4856,#4857,#4858,#4859,
#4860,#4861,#4862,#4863,#4864,#4865),.UNSPECIFIED.,.F.,.F.)
B_SPLINE_CURVE_WITH_KNOTS((6,1,1,1,1,1,1,1,1,1,1,1,1,1,1,1,1,1,1,1,1,1,
1,1,1,1,1,1,1,1,1,1,1,1,1,1,1,1,1,1,1,1,1,1,1,1,1,1,1,1,1,1,1,1,1,1,1,1,
1,1,1,1,1,1,1,1,1,1,1,1,6),(0.,0.0142857142857143,0.0285714285714286,0.0428571428571429,
0.0571428571428571,0.0714285714285714,0.0857142857142857,0.1,0.114285714285714,
0.128571428571429,0.142857142857143,0.157142857142857,0.171428571428571,
0.185714285714286,0.2,0.214285714285714,0.228571428571429,0.242857142857143,
0.257142857142857,0.271428571428571,0.285714285714286,0.3,0.314285714285714,
0.328571428571429,0.342857142857143,0.357142857142857,0.371428571428571,
0.385714285714286,0.4,0.414285714285714,0.428571428571429,0.442857142857143,
0.457142857142857,0.471428571428572,0.485714285714286,0.5,0.514285714285714,
0.528571428571429,0.542857142857143,0.557142857142857,0.571428571428571,
0.585714285714286,0.6,0.614285714285714,0.628571428571428,0.642857142857142,
0.657142857142857,0.671428571428571,0.685714285714285,0.699999999999999,
0.714285714285714,0.728571428571428,0.742857142857142,0.757142857142856,
0.771428571428571,0.785714285714285,0.799999999999999,0.814285714285713,
0.828571428571428,0.842857142857142,0.857142857142856,0.87142857142857,
0.885714285714284,0.899999999999999,0.914285714285713,0.928571428571427,
0.942857142857141,0.957142857142856,0.97142857142857,0.985714285714284,
1.),.UNSPECIFIED.)
CURVE()
GEOMETRIC_REPRESENTATION_ITEM()
RATIONAL_B_SPLINE_CURVE((1.,1.,1.,1.,1.,1.,1.,1.,1.,1.,1.,1.,1.,1.,1.,1.,
1.,1.,1.,1.,1.,1.,1.,1.,1.,1.,1.,1.,1.,1.,1.,1.,1.,1.,1.,1.,1.,1.,1.,1.,
1.,1.,1.,1.,1.,1.,1.,1.,1.,1.,1.,1.,1.,1.,1.,1.,1.,1.,1.,1.,1.,1.,1.,1.,
1.,1.,1.,1.,1.,1.,1.,1.,1.,1.,1.))
REPRESENTATION_ITEM('')
);
#55=(
BOUNDED_CURVE()
B_SPLINE_CURVE(5,(#5093,#5094,#5095,#5096,#5097,#5098,#5099,#5100,#5101,
#5102,#5103,#5104,#5105,#5106,#5107,#5108,#5109,#5110,#5111,#5112,#5113,
#5114,#5115,#5116,#5117,#5118,#5119,#5120,#5121,#5122,#5123,#5124,#5125,
#5126,#5127,#5128,#5129,#5130,#5131,#5132,#5133,#5134,#5135,#5136,#5137,
#5138,#5139,#5140,#5141,#5142,#5143,#5144,#5145,#5146,#5147,#5148,#5149,
#5150,#5151,#5152,#5153,#5154,#5155,#5156,#5157,#5158,#5159,#5160,#5161,
#5162,#5163,#5164,#5165,#5166,#5167),.UNSPECIFIED.,.F.,.F.)
B_SPLINE_CURVE_WITH_KNOTS((6,1,1,1,1,1,1,1,1,1,1,1,1,1,1,1,1,1,1,1,1,1,
1,1,1,1,1,1,1,1,1,1,1,1,1,1,1,1,1,1,1,1,1,1,1,1,1,1,1,1,1,1,1,1,1,1,1,1,
1,1,1,1,1,1,1,1,1,1,1,1,6),(0.,0.0142857142857143,0.0285714285714286,0.0428571428571429,
0.0571428571428571,0.0714285714285714,0.0857142857142857,0.1,0.114285714285714,
0.128571428571429,0.142857142857143,0.157142857142857,0.171428571428571,
0.185714285714286,0.2,0.214285714285714,0.228571428571429,0.242857142857143,
0.257142857142857,0.271428571428571,0.285714285714286,0.3,0.314285714285714,
0.328571428571429,0.342857142857143,0.357142857142857,0.371428571428571,
0.385714285714286,0.4,0.414285714285714,0.428571428571429,0.442857142857143,
0.457142857142857,0.471428571428572,0.485714285714286,0.5,0.514285714285714,
0.528571428571429,0.542857142857143,0.557142857142857,0.571428571428571,
0.585714285714286,0.6,0.614285714285714,0.628571428571428,0.642857142857142,
0.657142857142857,0.671428571428571,0.685714285714285,0.699999999999999,
0.714285714285714,0.728571428571428,0.742857142857142,0.757142857142856,
0.771428571428571,0.785714285714285,0.799999999999999,0.814285714285713,
0.828571428571428,0.842857142857142,0.857142857142856,0.87142857142857,
0.885714285714284,0.899999999999999,0.914285714285713,0.928571428571427,
0.942857142857141,0.957142857142856,0.97142857142857,0.985714285714284,
1.),.UNSPECIFIED.)
CURVE()
GEOMETRIC_REPRESENTATION_ITEM()
RATIONAL_B_SPLINE_CURVE((1.,1.,1.,1.,1.,1.,1.,1.,1.,1.,1.,1.,1.,1.,1.,1.,
1.,1.,1.,1.,1.,1.,1.,1.,1.,1.,1.,1.,1.,1.,1.,1.,1.,1.,1.,1.,1.,1.,1.,1.,
1.,1.,1.,1.,1.,1.,1.,1.,1.,1.,1.,1.,1.,1.,1.,1.,1.,1.,1.,1.,1.,1.,1.,1.,
1.,1.,1.,1.,1.,1.,1.,1.,1.,1.,1.))
REPRESENTATION_ITEM('')
);
#56=(
BOUNDED_CURVE()
B_SPLINE_CURVE(5,(#5402,#5403,#5404,#5405,#5406,#5407,#5408,#5409,#5410,
#5411,#5412,#5413,#5414,#5415,#5416,#5417,#5418,#5419,#5420,#5421,#5422,
#5423,#5424,#5425,#5426,#5427,#5428,#5429,#5430,#5431,#5432,#5433,#5434,
#5435,#5436,#5437,#5438,#5439,#5440,#5441,#5442,#5443,#5444,#5445,#5446,
#5447,#5448,#5449,#5450,#5451,#5452,#5453,#5454,#5455,#5456,#5457,#5458,
#5459,#5460,#5461,#5462,#5463,#5464,#5465,#5466,#5467,#5468,#5469,#5470,
#5471,#5472,#5473,#5474,#5475,#5476),.UNSPECIFIED.,.F.,.F.)
B_SPLINE_CURVE_WITH_KNOTS((6,1,1,1,1,1,1,1,1,1,1,1,1,1,1,1,1,1,1,1,1,1,
1,1,1,1,1,1,1,1,1,1,1,1,1,1,1,1,1,1,1,1,1,1,1,1,1,1,1,1,1,1,1,1,1,1,1,1,
1,1,1,1,1,1,1,1,1,1,1,1,6),(0.,0.0142857142857143,0.0285714285714286,0.0428571428571429,
0.0571428571428571,0.0714285714285714,0.0857142857142857,0.1,0.114285714285714,
0.128571428571429,0.142857142857143,0.157142857142857,0.171428571428571,
0.185714285714286,0.2,0.214285714285714,0.228571428571429,0.242857142857143,
0.257142857142857,0.271428571428571,0.285714285714286,0.3,0.314285714285714,
0.328571428571429,0.342857142857143,0.357142857142857,0.371428571428571,
0.385714285714286,0.4,0.414285714285714,0.428571428571429,0.442857142857143,
0.457142857142857,0.471428571428572,0.485714285714286,0.5,0.514285714285714,
0.528571428571429,0.542857142857143,0.557142857142857,0.571428571428571,
0.585714285714286,0.6,0.614285714285714,0.628571428571428,0.642857142857142,
0.657142857142857,0.671428571428571,0.685714285714285,0.699999999999999,
0.714285714285714,0.728571428571428,0.742857142857142,0.757142857142856,
0.771428571428571,0.785714285714285,0.799999999999999,0.814285714285713,
0.828571428571428,0.842857142857142,0.857142857142856,0.87142857142857,
0.885714285714284,0.899999999999999,0.914285714285713,0.928571428571427,
0.942857142857141,0.957142857142856,0.97142857142857,0.985714285714284,
1.),.UNSPECIFIED.)
CURVE()
GEOMETRIC_REPRESENTATION_ITEM()
RATIONAL_B_SPLINE_CURVE((1.,1.,1.,1.,1.,1.,1.,1.,1.,1.,1.,1.,1.,1.,1.,1.,
1.,1.,1.,1.,1.,1.,1.,1.,1.,1.,1.,1.,1.,1.,1.,1.,1.,1.,1.,1.,1.,1.,1.,1.,
1.,1.,1.,1.,1.,1.,1.,1.,1.,1.,1.,1.,1.,1.,1.,1.,1.,1.,1.,1.,1.,1.,1.,1.,
1.,1.,1.,1.,1.,1.,1.,1.,1.,1.,1.))
REPRESENTATION_ITEM('')
);
#57=(
BOUNDED_CURVE()
B_SPLINE_CURVE(5,(#5704,#5705,#5706,#5707,#5708,#5709,#5710,#5711,#5712,
#5713,#5714,#5715,#5716,#5717,#5718,#5719,#5720,#5721,#5722,#5723,#5724,
#5725,#5726,#5727,#5728,#5729,#5730,#5731,#5732,#5733,#5734,#5735,#5736,
#5737,#5738,#5739,#5740,#5741,#5742,#5743,#5744,#5745,#5746,#5747,#5748,
#5749,#5750,#5751,#5752,#5753,#5754,#5755,#5756,#5757,#5758,#5759,#5760,
#5761,#5762,#5763,#5764,#5765,#5766,#5767,#5768,#5769,#5770,#5771,#5772,
#5773,#5774,#5775,#5776,#5777,#5778),.UNSPECIFIED.,.F.,.F.)
B_SPLINE_CURVE_WITH_KNOTS((6,1,1,1,1,1,1,1,1,1,1,1,1,1,1,1,1,1,1,1,1,1,
1,1,1,1,1,1,1,1,1,1,1,1,1,1,1,1,1,1,1,1,1,1,1,1,1,1,1,1,1,1,1,1,1,1,1,1,
1,1,1,1,1,1,1,1,1,1,1,1,6),(0.,0.0142857142857143,0.0285714285714286,0.0428571428571429,
0.0571428571428571,0.0714285714285714,0.0857142857142857,0.1,0.114285714285714,
0.128571428571429,0.142857142857143,0.157142857142857,0.171428571428571,
0.185714285714286,0.2,0.214285714285714,0.228571428571429,0.242857142857143,
0.257142857142857,0.271428571428571,0.285714285714286,0.3,0.314285714285714,
0.328571428571429,0.342857142857143,0.357142857142857,0.371428571428571,
0.385714285714286,0.4,0.414285714285714,0.428571428571429,0.442857142857143,
0.457142857142857,0.471428571428572,0.485714285714286,0.5,0.514285714285714,
0.528571428571429,0.542857142857143,0.557142857142857,0.571428571428571,
0.585714285714286,0.6,0.614285714285714,0.628571428571428,0.642857142857142,
0.657142857142857,0.671428571428571,0.685714285714285,0.699999999999999,
0.714285714285714,0.728571428571428,0.742857142857142,0.757142857142856,
0.771428571428571,0.785714285714285,0.799999999999999,0.814285714285713,
0.828571428571428,0.842857142857142,0.857142857142856,0.87142857142857,
0.885714285714284,0.899999999999999,0.914285714285713,0.928571428571427,
0.942857142857141,0.957142857142856,0.97142857142857,0.985714285714284,
1.),.UNSPECIFIED.)
CURVE()
GEOMETRIC_REPRESENTATION_ITEM()
RATIONAL_B_SPLINE_CURVE((1.,1.,1.,1.,1.,1.,1.,1.,1.,1.,1.,1.,1.,1.,1.,1.,
1.,1.,1.,1.,1.,1.,1.,1.,1.,1.,1.,1.,1.,1.,1.,1.,1.,1.,1.,1.,1.,1.,1.,1.,
1.,1.,1.,1.,1.,1.,1.,1.,1.,1.,1.,1.,1.,1.,1.,1.,1.,1.,1.,1.,1.,1.,1.,1.,
1.,1.,1.,1.,1.,1.,1.,1.,1.,1.,1.))
REPRESENTATION_ITEM('')
);
#58=(
BOUNDED_CURVE()
B_SPLINE_CURVE(5,(#6013,#6014,#6015,#6016,#6017,#6018,#6019,#6020,#6021,
#6022,#6023,#6024,#6025,#6026,#6027,#6028,#6029,#6030,#6031,#6032,#6033,
#6034,#6035,#6036,#6037,#6038,#6039,#6040,#6041,#6042,#6043,#6044,#6045,
#6046,#6047,#6048,#6049,#6050,#6051,#6052,#6053,#6054,#6055,#6056,#6057,
#6058,#6059,#6060,#6061,#6062,#6063,#6064,#6065,#6066,#6067,#6068,#6069,
#6070,#6071,#6072,#6073,#6074,#6075,#6076,#6077,#6078,#6079,#6080,#6081,
#6082,#6083,#6084,#6085,#6086,#6087),.UNSPECIFIED.,.F.,.F.)
B_SPLINE_CURVE_WITH_KNOTS((6,1,1,1,1,1,1,1,1,1,1,1,1,1,1,1,1,1,1,1,1,1,
1,1,1,1,1,1,1,1,1,1,1,1,1,1,1,1,1,1,1,1,1,1,1,1,1,1,1,1,1,1,1,1,1,1,1,1,
1,1,1,1,1,1,1,1,1,1,1,1,6),(0.,0.0142857142857143,0.0285714285714286,0.0428571428571429,
0.0571428571428571,0.0714285714285714,0.0857142857142857,0.1,0.114285714285714,
0.128571428571429,0.142857142857143,0.157142857142857,0.171428571428571,
0.185714285714286,0.2,0.214285714285714,0.228571428571429,0.242857142857143,
0.257142857142857,0.271428571428571,0.285714285714286,0.3,0.314285714285714,
0.328571428571429,0.342857142857143,0.357142857142857,0.371428571428571,
0.385714285714286,0.4,0.414285714285714,0.428571428571429,0.442857142857143,
0.457142857142857,0.471428571428572,0.485714285714286,0.5,0.514285714285714,
0.528571428571429,0.542857142857143,0.557142857142857,0.571428571428571,
0.585714285714286,0.6,0.614285714285714,0.628571428571428,0.642857142857142,
0.657142857142857,0.671428571428571,0.685714285714285,0.699999999999999,
0.714285714285714,0.728571428571428,0.742857142857142,0.757142857142856,
0.771428571428571,0.785714285714285,0.799999999999999,0.814285714285713,
0.828571428571428,0.842857142857142,0.857142857142856,0.87142857142857,
0.885714285714284,0.899999999999999,0.914285714285713,0.928571428571427,
0.942857142857141,0.957142857142856,0.97142857142857,0.985714285714284,
1.),.UNSPECIFIED.)
CURVE()
GEOMETRIC_REPRESENTATION_ITEM()
RATIONAL_B_SPLINE_CURVE((1.,1.,1.,1.,1.,1.,1.,1.,1.,1.,1.,1.,1.,1.,1.,1.,
1.,1.,1.,1.,1.,1.,1.,1.,1.,1.,1.,1.,1.,1.,1.,1.,1.,1.,1.,1.,1.,1.,1.,1.,
1.,1.,1.,1.,1.,1.,1.,1.,1.,1.,1.,1.,1.,1.,1.,1.,1.,1.,1.,1.,1.,1.,1.,1.,
1.,1.,1.,1.,1.,1.,1.,1.,1.,1.,1.))
REPRESENTATION_ITEM('')
);
#59=(
BOUNDED_CURVE()
B_SPLINE_CURVE(5,(#6315,#6316,#6317,#6318,#6319,#6320,#6321,#6322,#6323,
#6324,#6325,#6326,#6327,#6328,#6329,#6330,#6331,#6332,#6333,#6334,#6335,
#6336,#6337,#6338,#6339,#6340,#6341,#6342,#6343,#6344,#6345,#6346,#6347,
#6348,#6349,#6350,#6351,#6352,#6353,#6354,#6355,#6356,#6357,#6358,#6359,
#6360,#6361,#6362,#6363,#6364,#6365,#6366,#6367,#6368,#6369,#6370,#6371,
#6372,#6373,#6374,#6375,#6376,#6377,#6378,#6379,#6380,#6381,#6382,#6383,
#6384,#6385,#6386,#6387,#6388,#6389),.UNSPECIFIED.,.F.,.F.)
B_SPLINE_CURVE_WITH_KNOTS((6,1,1,1,1,1,1,1,1,1,1,1,1,1,1,1,1,1,1,1,1,1,
1,1,1,1,1,1,1,1,1,1,1,1,1,1,1,1,1,1,1,1,1,1,1,1,1,1,1,1,1,1,1,1,1,1,1,1,
1,1,1,1,1,1,1,1,1,1,1,1,6),(0.,0.0142857142857143,0.0285714285714286,0.0428571428571429,
0.0571428571428571,0.0714285714285714,0.0857142857142857,0.1,0.114285714285714,
0.128571428571429,0.142857142857143,0.157142857142857,0.171428571428571,
0.185714285714286,0.2,0.214285714285714,0.228571428571429,0.242857142857143,
0.257142857142857,0.271428571428571,0.285714285714286,0.3,0.314285714285714,
0.328571428571429,0.342857142857143,0.357142857142857,0.371428571428571,
0.385714285714286,0.4,0.414285714285714,0.428571428571429,0.442857142857143,
0.457142857142857,0.471428571428572,0.485714285714286,0.5,0.514285714285714,
0.528571428571429,0.542857142857143,0.557142857142857,0.571428571428571,
0.585714285714286,0.6,0.614285714285714,0.628571428571428,0.642857142857142,
0.657142857142857,0.671428571428571,0.685714285714285,0.699999999999999,
0.714285714285714,0.728571428571428,0.742857142857142,0.757142857142856,
0.771428571428571,0.785714285714285,0.799999999999999,0.814285714285713,
0.828571428571428,0.842857142857142,0.857142857142856,0.87142857142857,
0.885714285714284,0.899999999999999,0.914285714285713,0.928571428571427,
0.942857142857141,0.957142857142856,0.97142857142857,0.985714285714284,
1.),.UNSPECIFIED.)
CURVE()
GEOMETRIC_REPRESENTATION_ITEM()
RATIONAL_B_SPLINE_CURVE((1.,1.,1.,1.,1.,1.,1.,1.,1.,1.,1.,1.,1.,1.,1.,1.,
1.,1.,1.,1.,1.,1.,1.,1.,1.,1.,1.,1.,1.,1.,1.,1.,1.,1.,1.,1.,1.,1.,1.,1.,
1.,1.,1.,1.,1.,1.,1.,1.,1.,1.,1.,1.,1.,1.,1.,1.,1.,1.,1.,1.,1.,1.,1.,1.,
1.,1.,1.,1.,1.,1.,1.,1.,1.,1.,1.))
REPRESENTATION_ITEM('')
);
#60=(
BOUNDED_CURVE()
B_SPLINE_CURVE(5,(#6624,#6625,#6626,#6627,#6628,#6629,#6630,#6631,#6632,
#6633,#6634,#6635,#6636,#6637,#6638,#6639,#6640,#6641,#6642,#6643,#6644,
#6645,#6646,#6647,#6648,#6649,#6650,#6651,#6652,#6653,#6654,#6655,#6656,
#6657,#6658,#6659,#6660,#6661,#6662,#6663,#6664,#6665,#6666,#6667,#6668,
#6669,#6670,#6671,#6672,#6673,#6674,#6675,#6676,#6677,#6678,#6679,#6680,
#6681,#6682,#6683,#6684,#6685,#6686,#6687,#6688,#6689,#6690,#6691,#6692,
#6693,#6694,#6695,#6696,#6697,#6698),.UNSPECIFIED.,.F.,.F.)
B_SPLINE_CURVE_WITH_KNOTS((6,1,1,1,1,1,1,1,1,1,1,1,1,1,1,1,1,1,1,1,1,1,
1,1,1,1,1,1,1,1,1,1,1,1,1,1,1,1,1,1,1,1,1,1,1,1,1,1,1,1,1,1,1,1,1,1,1,1,
1,1,1,1,1,1,1,1,1,1,1,1,6),(0.,0.0142857142857143,0.0285714285714286,0.0428571428571429,
0.0571428571428571,0.0714285714285714,0.0857142857142857,0.1,0.114285714285714,
0.128571428571429,0.142857142857143,0.157142857142857,0.171428571428571,
0.185714285714286,0.2,0.214285714285714,0.228571428571429,0.242857142857143,
0.257142857142857,0.271428571428571,0.285714285714286,0.3,0.314285714285714,
0.328571428571429,0.342857142857143,0.357142857142857,0.371428571428571,
0.385714285714286,0.4,0.414285714285714,0.428571428571429,0.442857142857143,
0.457142857142857,0.471428571428572,0.485714285714286,0.5,0.514285714285714,
0.528571428571429,0.542857142857143,0.557142857142857,0.571428571428571,
0.585714285714286,0.6,0.614285714285714,0.628571428571428,0.642857142857142,
0.657142857142857,0.671428571428571,0.685714285714285,0.699999999999999,
0.714285714285714,0.728571428571428,0.742857142857142,0.757142857142856,
0.771428571428571,0.785714285714285,0.799999999999999,0.814285714285713,
0.828571428571428,0.842857142857142,0.857142857142856,0.87142857142857,
0.885714285714284,0.899999999999999,0.914285714285713,0.928571428571427,
0.942857142857141,0.957142857142856,0.97142857142857,0.985714285714284,
1.),.UNSPECIFIED.)
CURVE()
GEOMETRIC_REPRESENTATION_ITEM()
RATIONAL_B_SPLINE_CURVE((1.,1.,1.,1.,1.,1.,1.,1.,1.,1.,1.,1.,1.,1.,1.,1.,
1.,1.,1.,1.,1.,1.,1.,1.,1.,1.,1.,1.,1.,1.,1.,1.,1.,1.,1.,1.,1.,1.,1.,1.,
1.,1.,1.,1.,1.,1.,1.,1.,1.,1.,1.,1.,1.,1.,1.,1.,1.,1.,1.,1.,1.,1.,1.,1.,
1.,1.,1.,1.,1.,1.,1.,1.,1.,1.,1.))
REPRESENTATION_ITEM('')
);
#61=(
BOUNDED_CURVE()
B_SPLINE_CURVE(5,(#6788,#6789,#6790,#6791,#6792,#6793,#6794,#6795,#6796,
#6797,#6798,#6799,#6800,#6801,#6802,#6803,#6804,#6805,#6806,#6807,#6808,
#6809,#6810,#6811,#6812,#6813,#6814,#6815,#6816,#6817,#6818,#6819,#6820,
#6821,#6822,#6823,#6824,#6825,#6826,#6827,#6828,#6829,#6830,#6831,#6832,
#6833,#6834,#6835,#6836,#6837,#6838,#6839,#6840,#6841,#6842,#6843,#6844,
#6845,#6846,#6847,#6848,#6849,#6850,#6851,#6852,#6853,#6854,#6855,#6856,
#6857,#6858,#6859,#6860,#6861,#6862),.UNSPECIFIED.,.F.,.F.)
B_SPLINE_CURVE_WITH_KNOTS((6,1,1,1,1,1,1,1,1,1,1,1,1,1,1,1,1,1,1,1,1,1,
1,1,1,1,1,1,1,1,1,1,1,1,1,1,1,1,1,1,1,1,1,1,1,1,1,1,1,1,1,1,1,1,1,1,1,1,
1,1,1,1,1,1,1,1,1,1,1,1,6),(0.,0.0142857142857143,0.0285714285714286,0.0428571428571429,
0.0571428571428571,0.0714285714285714,0.0857142857142857,0.1,0.114285714285714,
0.128571428571429,0.142857142857143,0.157142857142857,0.171428571428571,
0.185714285714286,0.2,0.214285714285714,0.228571428571429,0.242857142857143,
0.257142857142857,0.271428571428571,0.285714285714286,0.3,0.314285714285714,
0.328571428571429,0.342857142857143,0.357142857142857,0.371428571428571,
0.385714285714286,0.4,0.414285714285714,0.428571428571429,0.442857142857143,
0.457142857142857,0.471428571428572,0.485714285714286,0.5,0.514285714285714,
0.528571428571429,0.542857142857143,0.557142857142857,0.571428571428571,
0.585714285714286,0.6,0.614285714285714,0.628571428571428,0.642857142857142,
0.657142857142857,0.671428571428571,0.685714285714285,0.699999999999999,
0.714285714285714,0.728571428571428,0.742857142857142,0.757142857142856,
0.771428571428571,0.785714285714285,0.799999999999999,0.814285714285713,
0.828571428571428,0.842857142857142,0.857142857142856,0.87142857142857,
0.885714285714284,0.899999999999999,0.914285714285713,0.928571428571427,
0.942857142857141,0.957142857142856,0.97142857142857,0.985714285714284,
1.),.UNSPECIFIED.)
CURVE()
GEOMETRIC_REPRESENTATION_ITEM()
RATIONAL_B_SPLINE_CURVE((1.,1.,1.,1.,1.,1.,1.,1.,1.,1.,1.,1.,1.,1.,1.,1.,
1.,1.,1.,1.,1.,1.,1.,1.,1.,1.,1.,1.,1.,1.,1.,1.,1.,1.,1.,1.,1.,1.,1.,1.,
1.,1.,1.,1.,1.,1.,1.,1.,1.,1.,1.,1.,1.,1.,1.,1.,1.,1.,1.,1.,1.,1.,1.,1.,
1.,1.,1.,1.,1.,1.,1.,1.,1.,1.,1.))
REPRESENTATION_ITEM('')
);
#62=(
BOUNDED_CURVE()
B_SPLINE_CURVE(5,(#6866,#6867,#6868,#6869,#6870,#6871,#6872,#6873,#6874,
#6875,#6876,#6877,#6878,#6879,#6880,#6881,#6882,#6883,#6884,#6885,#6886,
#6887,#6888,#6889,#6890,#6891,#6892,#6893,#6894,#6895,#6896,#6897,#6898,
#6899,#6900,#6901,#6902,#6903,#6904,#6905,#6906,#6907,#6908,#6909,#6910,
#6911,#6912,#6913,#6914,#6915,#6916,#6917,#6918,#6919,#6920,#6921,#6922,
#6923,#6924,#6925,#6926,#6927,#6928,#6929,#6930,#6931,#6932,#6933,#6934,
#6935,#6936,#6937,#6938,#6939,#6940),.UNSPECIFIED.,.F.,.F.)
B_SPLINE_CURVE_WITH_KNOTS((6,1,1,1,1,1,1,1,1,1,1,1,1,1,1,1,1,1,1,1,1,1,
1,1,1,1,1,1,1,1,1,1,1,1,1,1,1,1,1,1,1,1,1,1,1,1,1,1,1,1,1,1,1,1,1,1,1,1,
1,1,1,1,1,1,1,1,1,1,1,1,6),(0.,0.0142857142857143,0.0285714285714286,0.0428571428571429,
0.0571428571428571,0.0714285714285714,0.0857142857142857,0.1,0.114285714285714,
0.128571428571429,0.142857142857143,0.157142857142857,0.171428571428571,
0.185714285714286,0.2,0.214285714285714,0.228571428571429,0.242857142857143,
0.257142857142857,0.271428571428571,0.285714285714286,0.3,0.314285714285714,
0.328571428571429,0.342857142857143,0.357142857142857,0.371428571428571,
0.385714285714286,0.4,0.414285714285714,0.428571428571429,0.442857142857143,
0.457142857142857,0.471428571428572,0.485714285714286,0.5,0.514285714285714,
0.528571428571429,0.542857142857143,0.557142857142857,0.571428571428571,
0.585714285714286,0.6,0.614285714285714,0.628571428571428,0.642857142857142,
0.657142857142857,0.671428571428571,0.685714285714285,0.699999999999999,
0.714285714285714,0.728571428571428,0.742857142857142,0.757142857142856,
0.771428571428571,0.785714285714285,0.799999999999999,0.814285714285713,
0.828571428571428,0.842857142857142,0.857142857142856,0.87142857142857,
0.885714285714284,0.899999999999999,0.914285714285713,0.928571428571427,
0.942857142857141,0.957142857142856,0.97142857142857,0.985714285714284,
1.),.UNSPECIFIED.)
CURVE()
GEOMETRIC_REPRESENTATION_ITEM()
RATIONAL_B_SPLINE_CURVE((1.,1.,1.,1.,1.,1.,1.,1.,1.,1.,1.,1.,1.,1.,1.,1.,
1.,1.,1.,1.,1.,1.,1.,1.,1.,1.,1.,1.,1.,1.,1.,1.,1.,1.,1.,1.,1.,1.,1.,1.,
1.,1.,1.,1.,1.,1.,1.,1.,1.,1.,1.,1.,1.,1.,1.,1.,1.,1.,1.,1.,1.,1.,1.,1.,
1.,1.,1.,1.,1.,1.,1.,1.,1.,1.,1.))
REPRESENTATION_ITEM('')
);
#63=(
BOUNDED_SURFACE()
B_SPLINE_SURFACE(5,1,((#2498,#2499),(#2500,#2501),(#2502,#2503),(#2504,
#2505),(#2506,#2507),(#2508,#2509),(#2510,#2511),(#2512,#2513),(#2514,#2515),
(#2516,#2517),(#2518,#2519),(#2520,#2521),(#2522,#2523),(#2524,#2525),(#2526,
#2527),(#2528,#2529),(#2530,#2531),(#2532,#2533),(#2534,#2535),(#2536,#2537),
(#2538,#2539),(#2540,#2541),(#2542,#2543),(#2544,#2545),(#2546,#2547),(#2548,
#2549),(#2550,#2551),(#2552,#2553),(#2554,#2555),(#2556,#2557),(#2558,#2559),
(#2560,#2561),(#2562,#2563),(#2564,#2565),(#2566,#2567),(#2568,#2569),(#2570,
#2571),(#2572,#2573),(#2574,#2575),(#2576,#2577),(#2578,#2579),(#2580,#2581),
(#2582,#2583),(#2584,#2585),(#2586,#2587),(#2588,#2589),(#2590,#2591),(#2592,
#2593),(#2594,#2595),(#2596,#2597),(#2598,#2599),(#2600,#2601),(#2602,#2603),
(#2604,#2605),(#2606,#2607),(#2608,#2609),(#2610,#2611),(#2612,#2613),(#2614,
#2615),(#2616,#2617),(#2618,#2619),(#2620,#2621),(#2622,#2623),(#2624,#2625),
(#2626,#2627),(#2628,#2629),(#2630,#2631),(#2632,#2633),(#2634,#2635),(#2636,
#2637),(#2638,#2639),(#2640,#2641),(#2642,#2643),(#2644,#2645),(#2646,#2647)),
 .UNSPECIFIED.,.F.,.F.,.F.)
B_SPLINE_SURFACE_WITH_KNOTS((6,1,1,1,1,1,1,1,1,1,1,1,1,1,1,1,1,1,1,1,1,
1,1,1,1,1,1,1,1,1,1,1,1,1,1,1,1,1,1,1,1,1,1,1,1,1,1,1,1,1,1,1,1,1,1,1,1,
1,1,1,1,1,1,1,1,1,1,1,1,1,6),(2,2),(-1.,-0.985714285714284,-0.97142857142857,
-0.957142857142856,-0.942857142857141,-0.928571428571427,-0.914285714285713,
-0.899999999999999,-0.885714285714284,-0.87142857142857,-0.857142857142856,
-0.842857142857142,-0.828571428571428,-0.814285714285713,-0.799999999999999,
-0.785714285714285,-0.771428571428571,-0.757142857142856,-0.742857142857142,
-0.728571428571428,-0.714285714285714,-0.699999999999999,-0.685714285714285,
-0.671428571428571,-0.657142857142857,-0.642857142857142,-0.628571428571428,
-0.614285714285714,-0.6,-0.585714285714286,-0.571428571428571,-0.557142857142857,
-0.542857142857143,-0.528571428571429,-0.514285714285714,-0.5,-0.485714285714286,
-0.471428571428572,-0.457142857142857,-0.442857142857143,-0.428571428571429,
-0.414285714285714,-0.4,-0.385714285714286,-0.371428571428571,-0.357142857142857,
-0.342857142857143,-0.328571428571429,-0.314285714285714,-0.3,-0.285714285714286,
-0.271428571428571,-0.257142857142857,-0.242857142857143,-0.228571428571429,
-0.214285714285714,-0.2,-0.185714285714286,-0.171428571428571,-0.157142857142857,
-0.142857142857143,-0.128571428571429,-0.114285714285714,-0.1,-0.0857142857142857,
-0.0714285714285714,-0.0571428571428571,-0.0428571428571429,-0.0285714285714286,
-0.0142857142857143,0.),(0.,2.45),.UNSPECIFIED.)
GEOMETRIC_REPRESENTATION_ITEM()
RATIONAL_B_SPLINE_SURFACE(((1.,1.),(1.,1.),(1.,1.),(1.,1.),(1.,1.),(1.,
1.),(1.,1.),(1.,1.),(1.,1.),(1.,1.),(1.,1.),(1.,1.),(1.,1.),(1.,1.),(1.,
1.),(1.,1.),(1.,1.),(1.,1.),(1.,1.),(1.,1.),(1.,1.),(1.,1.),(1.,1.),(1.,
1.),(1.,1.),(1.,1.),(1.,1.),(1.,1.),(1.,1.),(1.,1.),(1.,1.),(1.,1.),(1.,
1.),(1.,1.),(1.,1.),(1.,1.),(1.,1.),(1.,1.),(1.,1.),(1.,1.),(1.,1.),(1.,
1.),(1.,1.),(1.,1.),(1.,1.),(1.,1.),(1.,1.),(1.,1.),(1.,1.),(1.,1.),(1.,
1.),(1.,1.),(1.,1.),(1.,1.),(1.,1.),(1.,1.),(1.,1.),(1.,1.),(1.,1.),(1.,
1.),(1.,1.),(1.,1.),(1.,1.),(1.,1.),(1.,1.),(1.,1.),(1.,1.),(1.,1.),(1.,
1.),(1.,1.),(1.,1.),(1.,1.),(1.,1.),(1.,1.),(1.,1.)))
REPRESENTATION_ITEM('')
SURFACE()
);
#64=(
BOUNDED_SURFACE()
B_SPLINE_SURFACE(5,1,((#2808,#2809),(#2810,#2811),(#2812,#2813),(#2814,
#2815),(#2816,#2817),(#2818,#2819),(#2820,#2821),(#2822,#2823),(#2824,#2825),
(#2826,#2827),(#2828,#2829),(#2830,#2831),(#2832,#2833),(#2834,#2835),(#2836,
#2837),(#2838,#2839),(#2840,#2841),(#2842,#2843),(#2844,#2845),(#2846,#2847),
(#2848,#2849),(#2850,#2851),(#2852,#2853),(#2854,#2855),(#2856,#2857),(#2858,
#2859),(#2860,#2861),(#2862,#2863),(#2864,#2865),(#2866,#2867),(#2868,#2869),
(#2870,#2871),(#2872,#2873),(#2874,#2875),(#2876,#2877),(#2878,#2879),(#2880,
#2881),(#2882,#2883),(#2884,#2885),(#2886,#2887),(#2888,#2889),(#2890,#2891),
(#2892,#2893),(#2894,#2895),(#2896,#2897),(#2898,#2899),(#2900,#2901),(#2902,
#2903),(#2904,#2905),(#2906,#2907),(#2908,#2909),(#2910,#2911),(#2912,#2913),
(#2914,#2915),(#2916,#2917),(#2918,#2919),(#2920,#2921),(#2922,#2923),(#2924,
#2925),(#2926,#2927),(#2928,#2929),(#2930,#2931),(#2932,#2933),(#2934,#2935),
(#2936,#2937),(#2938,#2939),(#2940,#2941),(#2942,#2943),(#2944,#2945),(#2946,
#2947),(#2948,#2949),(#2950,#2951),(#2952,#2953),(#2954,#2955),(#2956,#2957)),
 .UNSPECIFIED.,.F.,.F.,.F.)
B_SPLINE_SURFACE_WITH_KNOTS((6,1,1,1,1,1,1,1,1,1,1,1,1,1,1,1,1,1,1,1,1,
1,1,1,1,1,1,1,1,1,1,1,1,1,1,1,1,1,1,1,1,1,1,1,1,1,1,1,1,1,1,1,1,1,1,1,1,
1,1,1,1,1,1,1,1,1,1,1,1,1,6),(2,2),(0.,0.0142857142857143,0.0285714285714286,
0.0428571428571429,0.0571428571428571,0.0714285714285714,0.0857142857142857,
0.1,0.114285714285714,0.128571428571429,0.142857142857143,0.157142857142857,
0.171428571428571,0.185714285714286,0.2,0.214285714285714,0.228571428571429,
0.242857142857143,0.257142857142857,0.271428571428571,0.285714285714286,
0.3,0.314285714285714,0.328571428571429,0.342857142857143,0.357142857142857,
0.371428571428571,0.385714285714286,0.4,0.414285714285714,0.428571428571429,
0.442857142857143,0.457142857142857,0.471428571428572,0.485714285714286,
0.5,0.514285714285714,0.528571428571429,0.542857142857143,0.557142857142857,
0.571428571428571,0.585714285714286,0.6,0.614285714285714,0.628571428571428,
0.642857142857142,0.657142857142857,0.671428571428571,0.685714285714285,
0.699999999999999,0.714285714285714,0.728571428571428,0.742857142857142,
0.757142857142856,0.771428571428571,0.785714285714285,0.799999999999999,
0.814285714285713,0.828571428571428,0.842857142857142,0.857142857142856,
0.87142857142857,0.885714285714284,0.899999999999999,0.914285714285713,
0.928571428571427,0.942857142857141,0.957142857142856,0.97142857142857,
0.985714285714284,1.),(0.,2.45),.UNSPECIFIED.)
GEOMETRIC_REPRESENTATION_ITEM()
RATIONAL_B_SPLINE_SURFACE(((1.,1.),(1.,1.),(1.,1.),(1.,1.),(1.,1.),(1.,
1.),(1.,1.),(1.,1.),(1.,1.),(1.,1.),(1.,1.),(1.,1.),(1.,1.),(1.,1.),(1.,
1.),(1.,1.),(1.,1.),(1.,1.),(1.,1.),(1.,1.),(1.,1.),(1.,1.),(1.,1.),(1.,
1.),(1.,1.),(1.,1.),(1.,1.),(1.,1.),(1.,1.),(1.,1.),(1.,1.),(1.,1.),(1.,
1.),(1.,1.),(1.,1.),(1.,1.),(1.,1.),(1.,1.),(1.,1.),(1.,1.),(1.,1.),(1.,
1.),(1.,1.),(1.,1.),(1.,1.),(1.,1.),(1.,1.),(1.,1.),(1.,1.),(1.,1.),(1.,
1.),(1.,1.),(1.,1.),(1.,1.),(1.,1.),(1.,1.),(1.,1.),(1.,1.),(1.,1.),(1.,
1.),(1.,1.),(1.,1.),(1.,1.),(1.,1.),(1.,1.),(1.,1.),(1.,1.),(1.,1.),(1.,
1.),(1.,1.),(1.,1.),(1.,1.),(1.,1.),(1.,1.),(1.,1.)))
REPRESENTATION_ITEM('')
SURFACE()
);
#65=(
BOUNDED_SURFACE()
B_SPLINE_SURFACE(5,1,((#3109,#3110),(#3111,#3112),(#3113,#3114),(#3115,
#3116),(#3117,#3118),(#3119,#3120),(#3121,#3122),(#3123,#3124),(#3125,#3126),
(#3127,#3128),(#3129,#3130),(#3131,#3132),(#3133,#3134),(#3135,#3136),(#3137,
#3138),(#3139,#3140),(#3141,#3142),(#3143,#3144),(#3145,#3146),(#3147,#3148),
(#3149,#3150),(#3151,#3152),(#3153,#3154),(#3155,#3156),(#3157,#3158),(#3159,
#3160),(#3161,#3162),(#3163,#3164),(#3165,#3166),(#3167,#3168),(#3169,#3170),
(#3171,#3172),(#3173,#3174),(#3175,#3176),(#3177,#3178),(#3179,#3180),(#3181,
#3182),(#3183,#3184),(#3185,#3186),(#3187,#3188),(#3189,#3190),(#3191,#3192),
(#3193,#3194),(#3195,#3196),(#3197,#3198),(#3199,#3200),(#3201,#3202),(#3203,
#3204),(#3205,#3206),(#3207,#3208),(#3209,#3210),(#3211,#3212),(#3213,#3214),
(#3215,#3216),(#3217,#3218),(#3219,#3220),(#3221,#3222),(#3223,#3224),(#3225,
#3226),(#3227,#3228),(#3229,#3230),(#3231,#3232),(#3233,#3234),(#3235,#3236),
(#3237,#3238),(#3239,#3240),(#3241,#3242),(#3243,#3244),(#3245,#3246),(#3247,
#3248),(#3249,#3250),(#3251,#3252),(#3253,#3254),(#3255,#3256),(#3257,#3258)),
 .UNSPECIFIED.,.F.,.F.,.F.)
B_SPLINE_SURFACE_WITH_KNOTS((6,1,1,1,1,1,1,1,1,1,1,1,1,1,1,1,1,1,1,1,1,
1,1,1,1,1,1,1,1,1,1,1,1,1,1,1,1,1,1,1,1,1,1,1,1,1,1,1,1,1,1,1,1,1,1,1,1,
1,1,1,1,1,1,1,1,1,1,1,1,1,6),(2,2),(-1.,-0.985714285714284,-0.97142857142857,
-0.957142857142856,-0.942857142857141,-0.928571428571427,-0.914285714285713,
-0.899999999999999,-0.885714285714284,-0.87142857142857,-0.857142857142856,
-0.842857142857142,-0.828571428571428,-0.814285714285713,-0.799999999999999,
-0.785714285714285,-0.771428571428571,-0.757142857142856,-0.742857142857142,
-0.728571428571428,-0.714285714285714,-0.699999999999999,-0.685714285714285,
-0.671428571428571,-0.657142857142857,-0.642857142857142,-0.628571428571428,
-0.614285714285714,-0.6,-0.585714285714286,-0.571428571428571,-0.557142857142857,
-0.542857142857143,-0.528571428571429,-0.514285714285714,-0.5,-0.485714285714286,
-0.471428571428572,-0.457142857142857,-0.442857142857143,-0.428571428571429,
-0.414285714285714,-0.4,-0.385714285714286,-0.371428571428571,-0.357142857142857,
-0.342857142857143,-0.328571428571429,-0.314285714285714,-0.3,-0.285714285714286,
-0.271428571428571,-0.257142857142857,-0.242857142857143,-0.228571428571429,
-0.214285714285714,-0.2,-0.185714285714286,-0.171428571428571,-0.157142857142857,
-0.142857142857143,-0.128571428571429,-0.114285714285714,-0.1,-0.0857142857142857,
-0.0714285714285714,-0.0571428571428571,-0.0428571428571429,-0.0285714285714286,
-0.0142857142857143,0.),(0.,2.45),.UNSPECIFIED.)
GEOMETRIC_REPRESENTATION_ITEM()
RATIONAL_B_SPLINE_SURFACE(((1.,1.),(1.,1.),(1.,1.),(1.,1.),(1.,1.),(1.,
1.),(1.,1.),(1.,1.),(1.,1.),(1.,1.),(1.,1.),(1.,1.),(1.,1.),(1.,1.),(1.,
1.),(1.,1.),(1.,1.),(1.,1.),(1.,1.),(1.,1.),(1.,1.),(1.,1.),(1.,1.),(1.,
1.),(1.,1.),(1.,1.),(1.,1.),(1.,1.),(1.,1.),(1.,1.),(1.,1.),(1.,1.),(1.,
1.),(1.,1.),(1.,1.),(1.,1.),(1.,1.),(1.,1.),(1.,1.),(1.,1.),(1.,1.),(1.,
1.),(1.,1.),(1.,1.),(1.,1.),(1.,1.),(1.,1.),(1.,1.),(1.,1.),(1.,1.),(1.,
1.),(1.,1.),(1.,1.),(1.,1.),(1.,1.),(1.,1.),(1.,1.),(1.,1.),(1.,1.),(1.,
1.),(1.,1.),(1.,1.),(1.,1.),(1.,1.),(1.,1.),(1.,1.),(1.,1.),(1.,1.),(1.,
1.),(1.,1.),(1.,1.),(1.,1.),(1.,1.),(1.,1.),(1.,1.)))
REPRESENTATION_ITEM('')
SURFACE()
);
#66=(
BOUNDED_SURFACE()
B_SPLINE_SURFACE(5,1,((#3419,#3420),(#3421,#3422),(#3423,#3424),(#3425,
#3426),(#3427,#3428),(#3429,#3430),(#3431,#3432),(#3433,#3434),(#3435,#3436),
(#3437,#3438),(#3439,#3440),(#3441,#3442),(#3443,#3444),(#3445,#3446),(#3447,
#3448),(#3449,#3450),(#3451,#3452),(#3453,#3454),(#3455,#3456),(#3457,#3458),
(#3459,#3460),(#3461,#3462),(#3463,#3464),(#3465,#3466),(#3467,#3468),(#3469,
#3470),(#3471,#3472),(#3473,#3474),(#3475,#3476),(#3477,#3478),(#3479,#3480),
(#3481,#3482),(#3483,#3484),(#3485,#3486),(#3487,#3488),(#3489,#3490),(#3491,
#3492),(#3493,#3494),(#3495,#3496),(#3497,#3498),(#3499,#3500),(#3501,#3502),
(#3503,#3504),(#3505,#3506),(#3507,#3508),(#3509,#3510),(#3511,#3512),(#3513,
#3514),(#3515,#3516),(#3517,#3518),(#3519,#3520),(#3521,#3522),(#3523,#3524),
(#3525,#3526),(#3527,#3528),(#3529,#3530),(#3531,#3532),(#3533,#3534),(#3535,
#3536),(#3537,#3538),(#3539,#3540),(#3541,#3542),(#3543,#3544),(#3545,#3546),
(#3547,#3548),(#3549,#3550),(#3551,#3552),(#3553,#3554),(#3555,#3556),(#3557,
#3558),(#3559,#3560),(#3561,#3562),(#3563,#3564),(#3565,#3566),(#3567,#3568)),
 .UNSPECIFIED.,.F.,.F.,.F.)
B_SPLINE_SURFACE_WITH_KNOTS((6,1,1,1,1,1,1,1,1,1,1,1,1,1,1,1,1,1,1,1,1,
1,1,1,1,1,1,1,1,1,1,1,1,1,1,1,1,1,1,1,1,1,1,1,1,1,1,1,1,1,1,1,1,1,1,1,1,
1,1,1,1,1,1,1,1,1,1,1,1,1,6),(2,2),(0.,0.0142857142857143,0.0285714285714286,
0.0428571428571429,0.0571428571428571,0.0714285714285714,0.0857142857142857,
0.1,0.114285714285714,0.128571428571429,0.142857142857143,0.157142857142857,
0.171428571428571,0.185714285714286,0.2,0.214285714285714,0.228571428571429,
0.242857142857143,0.257142857142857,0.271428571428571,0.285714285714286,
0.3,0.314285714285714,0.328571428571429,0.342857142857143,0.357142857142857,
0.371428571428571,0.385714285714286,0.4,0.414285714285714,0.428571428571429,
0.442857142857143,0.457142857142857,0.471428571428572,0.485714285714286,
0.5,0.514285714285714,0.528571428571429,0.542857142857143,0.557142857142857,
0.571428571428571,0.585714285714286,0.6,0.614285714285714,0.628571428571428,
0.642857142857142,0.657142857142857,0.671428571428571,0.685714285714285,
0.699999999999999,0.714285714285714,0.728571428571428,0.742857142857142,
0.757142857142856,0.771428571428571,0.785714285714285,0.799999999999999,
0.814285714285713,0.828571428571428,0.842857142857142,0.857142857142856,
0.87142857142857,0.885714285714284,0.899999999999999,0.914285714285713,
0.928571428571427,0.942857142857141,0.957142857142856,0.97142857142857,
0.985714285714284,1.),(0.,2.45),.UNSPECIFIED.)
GEOMETRIC_REPRESENTATION_ITEM()
RATIONAL_B_SPLINE_SURFACE(((1.,1.),(1.,1.),(1.,1.),(1.,1.),(1.,1.),(1.,
1.),(1.,1.),(1.,1.),(1.,1.),(1.,1.),(1.,1.),(1.,1.),(1.,1.),(1.,1.),(1.,
1.),(1.,1.),(1.,1.),(1.,1.),(1.,1.),(1.,1.),(1.,1.),(1.,1.),(1.,1.),(1.,
1.),(1.,1.),(1.,1.),(1.,1.),(1.,1.),(1.,1.),(1.,1.),(1.,1.),(1.,1.),(1.,
1.),(1.,1.),(1.,1.),(1.,1.),(1.,1.),(1.,1.),(1.,1.),(1.,1.),(1.,1.),(1.,
1.),(1.,1.),(1.,1.),(1.,1.),(1.,1.),(1.,1.),(1.,1.),(1.,1.),(1.,1.),(1.,
1.),(1.,1.),(1.,1.),(1.,1.),(1.,1.),(1.,1.),(1.,1.),(1.,1.),(1.,1.),(1.,
1.),(1.,1.),(1.,1.),(1.,1.),(1.,1.),(1.,1.),(1.,1.),(1.,1.),(1.,1.),(1.,
1.),(1.,1.),(1.,1.),(1.,1.),(1.,1.),(1.,1.),(1.,1.)))
REPRESENTATION_ITEM('')
SURFACE()
);
#67=(
BOUNDED_SURFACE()
B_SPLINE_SURFACE(5,1,((#3720,#3721),(#3722,#3723),(#3724,#3725),(#3726,
#3727),(#3728,#3729),(#3730,#3731),(#3732,#3733),(#3734,#3735),(#3736,#3737),
(#3738,#3739),(#3740,#3741),(#3742,#3743),(#3744,#3745),(#3746,#3747),(#3748,
#3749),(#3750,#3751),(#3752,#3753),(#3754,#3755),(#3756,#3757),(#3758,#3759),
(#3760,#3761),(#3762,#3763),(#3764,#3765),(#3766,#3767),(#3768,#3769),(#3770,
#3771),(#3772,#3773),(#3774,#3775),(#3776,#3777),(#3778,#3779),(#3780,#3781),
(#3782,#3783),(#3784,#3785),(#3786,#3787),(#3788,#3789),(#3790,#3791),(#3792,
#3793),(#3794,#3795),(#3796,#3797),(#3798,#3799),(#3800,#3801),(#3802,#3803),
(#3804,#3805),(#3806,#3807),(#3808,#3809),(#3810,#3811),(#3812,#3813),(#3814,
#3815),(#3816,#3817),(#3818,#3819),(#3820,#3821),(#3822,#3823),(#3824,#3825),
(#3826,#3827),(#3828,#3829),(#3830,#3831),(#3832,#3833),(#3834,#3835),(#3836,
#3837),(#3838,#3839),(#3840,#3841),(#3842,#3843),(#3844,#3845),(#3846,#3847),
(#3848,#3849),(#3850,#3851),(#3852,#3853),(#3854,#3855),(#3856,#3857),(#3858,
#3859),(#3860,#3861),(#3862,#3863),(#3864,#3865),(#3866,#3867),(#3868,#3869)),
 .UNSPECIFIED.,.F.,.F.,.F.)
B_SPLINE_SURFACE_WITH_KNOTS((6,1,1,1,1,1,1,1,1,1,1,1,1,1,1,1,1,1,1,1,1,
1,1,1,1,1,1,1,1,1,1,1,1,1,1,1,1,1,1,1,1,1,1,1,1,1,1,1,1,1,1,1,1,1,1,1,1,
1,1,1,1,1,1,1,1,1,1,1,1,1,6),(2,2),(-1.,-0.985714285714284,-0.97142857142857,
-0.957142857142856,-0.942857142857141,-0.928571428571427,-0.914285714285713,
-0.899999999999999,-0.885714285714284,-0.87142857142857,-0.857142857142856,
-0.842857142857142,-0.828571428571428,-0.814285714285713,-0.799999999999999,
-0.785714285714285,-0.771428571428571,-0.757142857142856,-0.742857142857142,
-0.728571428571428,-0.714285714285714,-0.699999999999999,-0.685714285714285,
-0.671428571428571,-0.657142857142857,-0.642857142857142,-0.628571428571428,
-0.614285714285714,-0.6,-0.585714285714286,-0.571428571428571,-0.557142857142857,
-0.542857142857143,-0.528571428571429,-0.514285714285714,-0.5,-0.485714285714286,
-0.471428571428572,-0.457142857142857,-0.442857142857143,-0.428571428571429,
-0.414285714285714,-0.4,-0.385714285714286,-0.371428571428571,-0.357142857142857,
-0.342857142857143,-0.328571428571429,-0.314285714285714,-0.3,-0.285714285714286,
-0.271428571428571,-0.257142857142857,-0.242857142857143,-0.228571428571429,
-0.214285714285714,-0.2,-0.185714285714286,-0.171428571428571,-0.157142857142857,
-0.142857142857143,-0.128571428571429,-0.114285714285714,-0.1,-0.0857142857142857,
-0.0714285714285714,-0.0571428571428571,-0.0428571428571429,-0.0285714285714286,
-0.0142857142857143,0.),(0.,2.45),.UNSPECIFIED.)
GEOMETRIC_REPRESENTATION_ITEM()
RATIONAL_B_SPLINE_SURFACE(((1.,1.),(1.,1.),(1.,1.),(1.,1.),(1.,1.),(1.,
1.),(1.,1.),(1.,1.),(1.,1.),(1.,1.),(1.,1.),(1.,1.),(1.,1.),(1.,1.),(1.,
1.),(1.,1.),(1.,1.),(1.,1.),(1.,1.),(1.,1.),(1.,1.),(1.,1.),(1.,1.),(1.,
1.),(1.,1.),(1.,1.),(1.,1.),(1.,1.),(1.,1.),(1.,1.),(1.,1.),(1.,1.),(1.,
1.),(1.,1.),(1.,1.),(1.,1.),(1.,1.),(1.,1.),(1.,1.),(1.,1.),(1.,1.),(1.,
1.),(1.,1.),(1.,1.),(1.,1.),(1.,1.),(1.,1.),(1.,1.),(1.,1.),(1.,1.),(1.,
1.),(1.,1.),(1.,1.),(1.,1.),(1.,1.),(1.,1.),(1.,1.),(1.,1.),(1.,1.),(1.,
1.),(1.,1.),(1.,1.),(1.,1.),(1.,1.),(1.,1.),(1.,1.),(1.,1.),(1.,1.),(1.,
1.),(1.,1.),(1.,1.),(1.,1.),(1.,1.),(1.,1.),(1.,1.)))
REPRESENTATION_ITEM('')
SURFACE()
);
#68=(
BOUNDED_SURFACE()
B_SPLINE_SURFACE(5,1,((#4030,#4031),(#4032,#4033),(#4034,#4035),(#4036,
#4037),(#4038,#4039),(#4040,#4041),(#4042,#4043),(#4044,#4045),(#4046,#4047),
(#4048,#4049),(#4050,#4051),(#4052,#4053),(#4054,#4055),(#4056,#4057),(#4058,
#4059),(#4060,#4061),(#4062,#4063),(#4064,#4065),(#4066,#4067),(#4068,#4069),
(#4070,#4071),(#4072,#4073),(#4074,#4075),(#4076,#4077),(#4078,#4079),(#4080,
#4081),(#4082,#4083),(#4084,#4085),(#4086,#4087),(#4088,#4089),(#4090,#4091),
(#4092,#4093),(#4094,#4095),(#4096,#4097),(#4098,#4099),(#4100,#4101),(#4102,
#4103),(#4104,#4105),(#4106,#4107),(#4108,#4109),(#4110,#4111),(#4112,#4113),
(#4114,#4115),(#4116,#4117),(#4118,#4119),(#4120,#4121),(#4122,#4123),(#4124,
#4125),(#4126,#4127),(#4128,#4129),(#4130,#4131),(#4132,#4133),(#4134,#4135),
(#4136,#4137),(#4138,#4139),(#4140,#4141),(#4142,#4143),(#4144,#4145),(#4146,
#4147),(#4148,#4149),(#4150,#4151),(#4152,#4153),(#4154,#4155),(#4156,#4157),
(#4158,#4159),(#4160,#4161),(#4162,#4163),(#4164,#4165),(#4166,#4167),(#4168,
#4169),(#4170,#4171),(#4172,#4173),(#4174,#4175),(#4176,#4177),(#4178,#4179)),
 .UNSPECIFIED.,.F.,.F.,.F.)
B_SPLINE_SURFACE_WITH_KNOTS((6,1,1,1,1,1,1,1,1,1,1,1,1,1,1,1,1,1,1,1,1,
1,1,1,1,1,1,1,1,1,1,1,1,1,1,1,1,1,1,1,1,1,1,1,1,1,1,1,1,1,1,1,1,1,1,1,1,
1,1,1,1,1,1,1,1,1,1,1,1,1,6),(2,2),(0.,0.0142857142857143,0.0285714285714286,
0.0428571428571429,0.0571428571428571,0.0714285714285714,0.0857142857142857,
0.1,0.114285714285714,0.128571428571429,0.142857142857143,0.157142857142857,
0.171428571428571,0.185714285714286,0.2,0.214285714285714,0.228571428571429,
0.242857142857143,0.257142857142857,0.271428571428571,0.285714285714286,
0.3,0.314285714285714,0.328571428571429,0.342857142857143,0.357142857142857,
0.371428571428571,0.385714285714286,0.4,0.414285714285714,0.428571428571429,
0.442857142857143,0.457142857142857,0.471428571428572,0.485714285714286,
0.5,0.514285714285714,0.528571428571429,0.542857142857143,0.557142857142857,
0.571428571428571,0.585714285714286,0.6,0.614285714285714,0.628571428571428,
0.642857142857142,0.657142857142857,0.671428571428571,0.685714285714285,
0.699999999999999,0.714285714285714,0.728571428571428,0.742857142857142,
0.757142857142856,0.771428571428571,0.785714285714285,0.799999999999999,
0.814285714285713,0.828571428571428,0.842857142857142,0.857142857142856,
0.87142857142857,0.885714285714284,0.899999999999999,0.914285714285713,
0.928571428571427,0.942857142857141,0.957142857142856,0.97142857142857,
0.985714285714284,1.),(0.,2.45),.UNSPECIFIED.)
GEOMETRIC_REPRESENTATION_ITEM()
RATIONAL_B_SPLINE_SURFACE(((1.,1.),(1.,1.),(1.,1.),(1.,1.),(1.,1.),(1.,
1.),(1.,1.),(1.,1.),(1.,1.),(1.,1.),(1.,1.),(1.,1.),(1.,1.),(1.,1.),(1.,
1.),(1.,1.),(1.,1.),(1.,1.),(1.,1.),(1.,1.),(1.,1.),(1.,1.),(1.,1.),(1.,
1.),(1.,1.),(1.,1.),(1.,1.),(1.,1.),(1.,1.),(1.,1.),(1.,1.),(1.,1.),(1.,
1.),(1.,1.),(1.,1.),(1.,1.),(1.,1.),(1.,1.),(1.,1.),(1.,1.),(1.,1.),(1.,
1.),(1.,1.),(1.,1.),(1.,1.),(1.,1.),(1.,1.),(1.,1.),(1.,1.),(1.,1.),(1.,
1.),(1.,1.),(1.,1.),(1.,1.),(1.,1.),(1.,1.),(1.,1.),(1.,1.),(1.,1.),(1.,
1.),(1.,1.),(1.,1.),(1.,1.),(1.,1.),(1.,1.),(1.,1.),(1.,1.),(1.,1.),(1.,
1.),(1.,1.),(1.,1.),(1.,1.),(1.,1.),(1.,1.),(1.,1.)))
REPRESENTATION_ITEM('')
SURFACE()
);
#69=(
BOUNDED_SURFACE()
B_SPLINE_SURFACE(5,1,((#4331,#4332),(#4333,#4334),(#4335,#4336),(#4337,
#4338),(#4339,#4340),(#4341,#4342),(#4343,#4344),(#4345,#4346),(#4347,#4348),
(#4349,#4350),(#4351,#4352),(#4353,#4354),(#4355,#4356),(#4357,#4358),(#4359,
#4360),(#4361,#4362),(#4363,#4364),(#4365,#4366),(#4367,#4368),(#4369,#4370),
(#4371,#4372),(#4373,#4374),(#4375,#4376),(#4377,#4378),(#4379,#4380),(#4381,
#4382),(#4383,#4384),(#4385,#4386),(#4387,#4388),(#4389,#4390),(#4391,#4392),
(#4393,#4394),(#4395,#4396),(#4397,#4398),(#4399,#4400),(#4401,#4402),(#4403,
#4404),(#4405,#4406),(#4407,#4408),(#4409,#4410),(#4411,#4412),(#4413,#4414),
(#4415,#4416),(#4417,#4418),(#4419,#4420),(#4421,#4422),(#4423,#4424),(#4425,
#4426),(#4427,#4428),(#4429,#4430),(#4431,#4432),(#4433,#4434),(#4435,#4436),
(#4437,#4438),(#4439,#4440),(#4441,#4442),(#4443,#4444),(#4445,#4446),(#4447,
#4448),(#4449,#4450),(#4451,#4452),(#4453,#4454),(#4455,#4456),(#4457,#4458),
(#4459,#4460),(#4461,#4462),(#4463,#4464),(#4465,#4466),(#4467,#4468),(#4469,
#4470),(#4471,#4472),(#4473,#4474),(#4475,#4476),(#4477,#4478),(#4479,#4480)),
 .UNSPECIFIED.,.F.,.F.,.F.)
B_SPLINE_SURFACE_WITH_KNOTS((6,1,1,1,1,1,1,1,1,1,1,1,1,1,1,1,1,1,1,1,1,
1,1,1,1,1,1,1,1,1,1,1,1,1,1,1,1,1,1,1,1,1,1,1,1,1,1,1,1,1,1,1,1,1,1,1,1,
1,1,1,1,1,1,1,1,1,1,1,1,1,6),(2,2),(-1.,-0.985714285714284,-0.97142857142857,
-0.957142857142856,-0.942857142857141,-0.928571428571427,-0.914285714285713,
-0.899999999999999,-0.885714285714284,-0.87142857142857,-0.857142857142856,
-0.842857142857142,-0.828571428571428,-0.814285714285713,-0.799999999999999,
-0.785714285714285,-0.771428571428571,-0.757142857142856,-0.742857142857142,
-0.728571428571428,-0.714285714285714,-0.699999999999999,-0.685714285714285,
-0.671428571428571,-0.657142857142857,-0.642857142857142,-0.628571428571428,
-0.614285714285714,-0.6,-0.585714285714286,-0.571428571428571,-0.557142857142857,
-0.542857142857143,-0.528571428571429,-0.514285714285714,-0.5,-0.485714285714286,
-0.471428571428572,-0.457142857142857,-0.442857142857143,-0.428571428571429,
-0.414285714285714,-0.4,-0.385714285714286,-0.371428571428571,-0.357142857142857,
-0.342857142857143,-0.328571428571429,-0.314285714285714,-0.3,-0.285714285714286,
-0.271428571428571,-0.257142857142857,-0.242857142857143,-0.228571428571429,
-0.214285714285714,-0.2,-0.185714285714286,-0.171428571428571,-0.157142857142857,
-0.142857142857143,-0.128571428571429,-0.114285714285714,-0.1,-0.0857142857142857,
-0.0714285714285714,-0.0571428571428571,-0.0428571428571429,-0.0285714285714286,
-0.0142857142857143,0.),(0.,2.45),.UNSPECIFIED.)
GEOMETRIC_REPRESENTATION_ITEM()
RATIONAL_B_SPLINE_SURFACE(((1.,1.),(1.,1.),(1.,1.),(1.,1.),(1.,1.),(1.,
1.),(1.,1.),(1.,1.),(1.,1.),(1.,1.),(1.,1.),(1.,1.),(1.,1.),(1.,1.),(1.,
1.),(1.,1.),(1.,1.),(1.,1.),(1.,1.),(1.,1.),(1.,1.),(1.,1.),(1.,1.),(1.,
1.),(1.,1.),(1.,1.),(1.,1.),(1.,1.),(1.,1.),(1.,1.),(1.,1.),(1.,1.),(1.,
1.),(1.,1.),(1.,1.),(1.,1.),(1.,1.),(1.,1.),(1.,1.),(1.,1.),(1.,1.),(1.,
1.),(1.,1.),(1.,1.),(1.,1.),(1.,1.),(1.,1.),(1.,1.),(1.,1.),(1.,1.),(1.,
1.),(1.,1.),(1.,1.),(1.,1.),(1.,1.),(1.,1.),(1.,1.),(1.,1.),(1.,1.),(1.,
1.),(1.,1.),(1.,1.),(1.,1.),(1.,1.),(1.,1.),(1.,1.),(1.,1.),(1.,1.),(1.,
1.),(1.,1.),(1.,1.),(1.,1.),(1.,1.),(1.,1.),(1.,1.)))
REPRESENTATION_ITEM('')
SURFACE()
);
#70=(
BOUNDED_SURFACE()
B_SPLINE_SURFACE(5,1,((#4641,#4642),(#4643,#4644),(#4645,#4646),(#4647,
#4648),(#4649,#4650),(#4651,#4652),(#4653,#4654),(#4655,#4656),(#4657,#4658),
(#4659,#4660),(#4661,#4662),(#4663,#4664),(#4665,#4666),(#4667,#4668),(#4669,
#4670),(#4671,#4672),(#4673,#4674),(#4675,#4676),(#4677,#4678),(#4679,#4680),
(#4681,#4682),(#4683,#4684),(#4685,#4686),(#4687,#4688),(#4689,#4690),(#4691,
#4692),(#4693,#4694),(#4695,#4696),(#4697,#4698),(#4699,#4700),(#4701,#4702),
(#4703,#4704),(#4705,#4706),(#4707,#4708),(#4709,#4710),(#4711,#4712),(#4713,
#4714),(#4715,#4716),(#4717,#4718),(#4719,#4720),(#4721,#4722),(#4723,#4724),
(#4725,#4726),(#4727,#4728),(#4729,#4730),(#4731,#4732),(#4733,#4734),(#4735,
#4736),(#4737,#4738),(#4739,#4740),(#4741,#4742),(#4743,#4744),(#4745,#4746),
(#4747,#4748),(#4749,#4750),(#4751,#4752),(#4753,#4754),(#4755,#4756),(#4757,
#4758),(#4759,#4760),(#4761,#4762),(#4763,#4764),(#4765,#4766),(#4767,#4768),
(#4769,#4770),(#4771,#4772),(#4773,#4774),(#4775,#4776),(#4777,#4778),(#4779,
#4780),(#4781,#4782),(#4783,#4784),(#4785,#4786),(#4787,#4788),(#4789,#4790)),
 .UNSPECIFIED.,.F.,.F.,.F.)
B_SPLINE_SURFACE_WITH_KNOTS((6,1,1,1,1,1,1,1,1,1,1,1,1,1,1,1,1,1,1,1,1,
1,1,1,1,1,1,1,1,1,1,1,1,1,1,1,1,1,1,1,1,1,1,1,1,1,1,1,1,1,1,1,1,1,1,1,1,
1,1,1,1,1,1,1,1,1,1,1,1,1,6),(2,2),(0.,0.0142857142857143,0.0285714285714286,
0.0428571428571429,0.0571428571428571,0.0714285714285714,0.0857142857142857,
0.1,0.114285714285714,0.128571428571429,0.142857142857143,0.157142857142857,
0.171428571428571,0.185714285714286,0.2,0.214285714285714,0.228571428571429,
0.242857142857143,0.257142857142857,0.271428571428571,0.285714285714286,
0.3,0.314285714285714,0.328571428571429,0.342857142857143,0.357142857142857,
0.371428571428571,0.385714285714286,0.4,0.414285714285714,0.428571428571429,
0.442857142857143,0.457142857142857,0.471428571428572,0.485714285714286,
0.5,0.514285714285714,0.528571428571429,0.542857142857143,0.557142857142857,
0.571428571428571,0.585714285714286,0.6,0.614285714285714,0.628571428571428,
0.642857142857142,0.657142857142857,0.671428571428571,0.685714285714285,
0.699999999999999,0.714285714285714,0.728571428571428,0.742857142857142,
0.757142857142856,0.771428571428571,0.785714285714285,0.799999999999999,
0.814285714285713,0.828571428571428,0.842857142857142,0.857142857142856,
0.87142857142857,0.885714285714284,0.899999999999999,0.914285714285713,
0.928571428571427,0.942857142857141,0.957142857142856,0.97142857142857,
0.985714285714284,1.),(0.,2.45),.UNSPECIFIED.)
GEOMETRIC_REPRESENTATION_ITEM()
RATIONAL_B_SPLINE_SURFACE(((1.,1.),(1.,1.),(1.,1.),(1.,1.),(1.,1.),(1.,
1.),(1.,1.),(1.,1.),(1.,1.),(1.,1.),(1.,1.),(1.,1.),(1.,1.),(1.,1.),(1.,
1.),(1.,1.),(1.,1.),(1.,1.),(1.,1.),(1.,1.),(1.,1.),(1.,1.),(1.,1.),(1.,
1.),(1.,1.),(1.,1.),(1.,1.),(1.,1.),(1.,1.),(1.,1.),(1.,1.),(1.,1.),(1.,
1.),(1.,1.),(1.,1.),(1.,1.),(1.,1.),(1.,1.),(1.,1.),(1.,1.),(1.,1.),(1.,
1.),(1.,1.),(1.,1.),(1.,1.),(1.,1.),(1.,1.),(1.,1.),(1.,1.),(1.,1.),(1.,
1.),(1.,1.),(1.,1.),(1.,1.),(1.,1.),(1.,1.),(1.,1.),(1.,1.),(1.,1.),(1.,
1.),(1.,1.),(1.,1.),(1.,1.),(1.,1.),(1.,1.),(1.,1.),(1.,1.),(1.,1.),(1.,
1.),(1.,1.),(1.,1.),(1.,1.),(1.,1.),(1.,1.),(1.,1.)))
REPRESENTATION_ITEM('')
SURFACE()
);
#71=(
BOUNDED_SURFACE()
B_SPLINE_SURFACE(5,1,((#4942,#4943),(#4944,#4945),(#4946,#4947),(#4948,
#4949),(#4950,#4951),(#4952,#4953),(#4954,#4955),(#4956,#4957),(#4958,#4959),
(#4960,#4961),(#4962,#4963),(#4964,#4965),(#4966,#4967),(#4968,#4969),(#4970,
#4971),(#4972,#4973),(#4974,#4975),(#4976,#4977),(#4978,#4979),(#4980,#4981),
(#4982,#4983),(#4984,#4985),(#4986,#4987),(#4988,#4989),(#4990,#4991),(#4992,
#4993),(#4994,#4995),(#4996,#4997),(#4998,#4999),(#5000,#5001),(#5002,#5003),
(#5004,#5005),(#5006,#5007),(#5008,#5009),(#5010,#5011),(#5012,#5013),(#5014,
#5015),(#5016,#5017),(#5018,#5019),(#5020,#5021),(#5022,#5023),(#5024,#5025),
(#5026,#5027),(#5028,#5029),(#5030,#5031),(#5032,#5033),(#5034,#5035),(#5036,
#5037),(#5038,#5039),(#5040,#5041),(#5042,#5043),(#5044,#5045),(#5046,#5047),
(#5048,#5049),(#5050,#5051),(#5052,#5053),(#5054,#5055),(#5056,#5057),(#5058,
#5059),(#5060,#5061),(#5062,#5063),(#5064,#5065),(#5066,#5067),(#5068,#5069),
(#5070,#5071),(#5072,#5073),(#5074,#5075),(#5076,#5077),(#5078,#5079),(#5080,
#5081),(#5082,#5083),(#5084,#5085),(#5086,#5087),(#5088,#5089),(#5090,#5091)),
 .UNSPECIFIED.,.F.,.F.,.F.)
B_SPLINE_SURFACE_WITH_KNOTS((6,1,1,1,1,1,1,1,1,1,1,1,1,1,1,1,1,1,1,1,1,
1,1,1,1,1,1,1,1,1,1,1,1,1,1,1,1,1,1,1,1,1,1,1,1,1,1,1,1,1,1,1,1,1,1,1,1,
1,1,1,1,1,1,1,1,1,1,1,1,1,6),(2,2),(-1.,-0.985714285714284,-0.97142857142857,
-0.957142857142856,-0.942857142857141,-0.928571428571427,-0.914285714285713,
-0.899999999999999,-0.885714285714284,-0.87142857142857,-0.857142857142856,
-0.842857142857142,-0.828571428571428,-0.814285714285713,-0.799999999999999,
-0.785714285714285,-0.771428571428571,-0.757142857142856,-0.742857142857142,
-0.728571428571428,-0.714285714285714,-0.699999999999999,-0.685714285714285,
-0.671428571428571,-0.657142857142857,-0.642857142857142,-0.628571428571428,
-0.614285714285714,-0.6,-0.585714285714286,-0.571428571428571,-0.557142857142857,
-0.542857142857143,-0.528571428571429,-0.514285714285714,-0.5,-0.485714285714286,
-0.471428571428572,-0.457142857142857,-0.442857142857143,-0.428571428571429,
-0.414285714285714,-0.4,-0.385714285714286,-0.371428571428571,-0.357142857142857,
-0.342857142857143,-0.328571428571429,-0.314285714285714,-0.3,-0.285714285714286,
-0.271428571428571,-0.257142857142857,-0.242857142857143,-0.228571428571429,
-0.214285714285714,-0.2,-0.185714285714286,-0.171428571428571,-0.157142857142857,
-0.142857142857143,-0.128571428571429,-0.114285714285714,-0.1,-0.0857142857142857,
-0.0714285714285714,-0.0571428571428571,-0.0428571428571429,-0.0285714285714286,
-0.0142857142857143,0.),(0.,2.45),.UNSPECIFIED.)
GEOMETRIC_REPRESENTATION_ITEM()
RATIONAL_B_SPLINE_SURFACE(((1.,1.),(1.,1.),(1.,1.),(1.,1.),(1.,1.),(1.,
1.),(1.,1.),(1.,1.),(1.,1.),(1.,1.),(1.,1.),(1.,1.),(1.,1.),(1.,1.),(1.,
1.),(1.,1.),(1.,1.),(1.,1.),(1.,1.),(1.,1.),(1.,1.),(1.,1.),(1.,1.),(1.,
1.),(1.,1.),(1.,1.),(1.,1.),(1.,1.),(1.,1.),(1.,1.),(1.,1.),(1.,1.),(1.,
1.),(1.,1.),(1.,1.),(1.,1.),(1.,1.),(1.,1.),(1.,1.),(1.,1.),(1.,1.),(1.,
1.),(1.,1.),(1.,1.),(1.,1.),(1.,1.),(1.,1.),(1.,1.),(1.,1.),(1.,1.),(1.,
1.),(1.,1.),(1.,1.),(1.,1.),(1.,1.),(1.,1.),(1.,1.),(1.,1.),(1.,1.),(1.,
1.),(1.,1.),(1.,1.),(1.,1.),(1.,1.),(1.,1.),(1.,1.),(1.,1.),(1.,1.),(1.,
1.),(1.,1.),(1.,1.),(1.,1.),(1.,1.),(1.,1.),(1.,1.)))
REPRESENTATION_ITEM('')
SURFACE()
);
#72=(
BOUNDED_SURFACE()
B_SPLINE_SURFACE(5,1,((#5252,#5253),(#5254,#5255),(#5256,#5257),(#5258,
#5259),(#5260,#5261),(#5262,#5263),(#5264,#5265),(#5266,#5267),(#5268,#5269),
(#5270,#5271),(#5272,#5273),(#5274,#5275),(#5276,#5277),(#5278,#5279),(#5280,
#5281),(#5282,#5283),(#5284,#5285),(#5286,#5287),(#5288,#5289),(#5290,#5291),
(#5292,#5293),(#5294,#5295),(#5296,#5297),(#5298,#5299),(#5300,#5301),(#5302,
#5303),(#5304,#5305),(#5306,#5307),(#5308,#5309),(#5310,#5311),(#5312,#5313),
(#5314,#5315),(#5316,#5317),(#5318,#5319),(#5320,#5321),(#5322,#5323),(#5324,
#5325),(#5326,#5327),(#5328,#5329),(#5330,#5331),(#5332,#5333),(#5334,#5335),
(#5336,#5337),(#5338,#5339),(#5340,#5341),(#5342,#5343),(#5344,#5345),(#5346,
#5347),(#5348,#5349),(#5350,#5351),(#5352,#5353),(#5354,#5355),(#5356,#5357),
(#5358,#5359),(#5360,#5361),(#5362,#5363),(#5364,#5365),(#5366,#5367),(#5368,
#5369),(#5370,#5371),(#5372,#5373),(#5374,#5375),(#5376,#5377),(#5378,#5379),
(#5380,#5381),(#5382,#5383),(#5384,#5385),(#5386,#5387),(#5388,#5389),(#5390,
#5391),(#5392,#5393),(#5394,#5395),(#5396,#5397),(#5398,#5399),(#5400,#5401)),
 .UNSPECIFIED.,.F.,.F.,.F.)
B_SPLINE_SURFACE_WITH_KNOTS((6,1,1,1,1,1,1,1,1,1,1,1,1,1,1,1,1,1,1,1,1,
1,1,1,1,1,1,1,1,1,1,1,1,1,1,1,1,1,1,1,1,1,1,1,1,1,1,1,1,1,1,1,1,1,1,1,1,
1,1,1,1,1,1,1,1,1,1,1,1,1,6),(2,2),(0.,0.0142857142857143,0.0285714285714286,
0.0428571428571429,0.0571428571428571,0.0714285714285714,0.0857142857142857,
0.1,0.114285714285714,0.128571428571429,0.142857142857143,0.157142857142857,
0.171428571428571,0.185714285714286,0.2,0.214285714285714,0.228571428571429,
0.242857142857143,0.257142857142857,0.271428571428571,0.285714285714286,
0.3,0.314285714285714,0.328571428571429,0.342857142857143,0.357142857142857,
0.371428571428571,0.385714285714286,0.4,0.414285714285714,0.428571428571429,
0.442857142857143,0.457142857142857,0.471428571428572,0.485714285714286,
0.5,0.514285714285714,0.528571428571429,0.542857142857143,0.557142857142857,
0.571428571428571,0.585714285714286,0.6,0.614285714285714,0.628571428571428,
0.642857142857142,0.657142857142857,0.671428571428571,0.685714285714285,
0.699999999999999,0.714285714285714,0.728571428571428,0.742857142857142,
0.757142857142856,0.771428571428571,0.785714285714285,0.799999999999999,
0.814285714285713,0.828571428571428,0.842857142857142,0.857142857142856,
0.87142857142857,0.885714285714284,0.899999999999999,0.914285714285713,
0.928571428571427,0.942857142857141,0.957142857142856,0.97142857142857,
0.985714285714284,1.),(0.,2.45),.UNSPECIFIED.)
GEOMETRIC_REPRESENTATION_ITEM()
RATIONAL_B_SPLINE_SURFACE(((1.,1.),(1.,1.),(1.,1.),(1.,1.),(1.,1.),(1.,
1.),(1.,1.),(1.,1.),(1.,1.),(1.,1.),(1.,1.),(1.,1.),(1.,1.),(1.,1.),(1.,
1.),(1.,1.),(1.,1.),(1.,1.),(1.,1.),(1.,1.),(1.,1.),(1.,1.),(1.,1.),(1.,
1.),(1.,1.),(1.,1.),(1.,1.),(1.,1.),(1.,1.),(1.,1.),(1.,1.),(1.,1.),(1.,
1.),(1.,1.),(1.,1.),(1.,1.),(1.,1.),(1.,1.),(1.,1.),(1.,1.),(1.,1.),(1.,
1.),(1.,1.),(1.,1.),(1.,1.),(1.,1.),(1.,1.),(1.,1.),(1.,1.),(1.,1.),(1.,
1.),(1.,1.),(1.,1.),(1.,1.),(1.,1.),(1.,1.),(1.,1.),(1.,1.),(1.,1.),(1.,
1.),(1.,1.),(1.,1.),(1.,1.),(1.,1.),(1.,1.),(1.,1.),(1.,1.),(1.,1.),(1.,
1.),(1.,1.),(1.,1.),(1.,1.),(1.,1.),(1.,1.),(1.,1.)))
REPRESENTATION_ITEM('')
SURFACE()
);
#73=(
BOUNDED_SURFACE()
B_SPLINE_SURFACE(5,1,((#5553,#5554),(#5555,#5556),(#5557,#5558),(#5559,
#5560),(#5561,#5562),(#5563,#5564),(#5565,#5566),(#5567,#5568),(#5569,#5570),
(#5571,#5572),(#5573,#5574),(#5575,#5576),(#5577,#5578),(#5579,#5580),(#5581,
#5582),(#5583,#5584),(#5585,#5586),(#5587,#5588),(#5589,#5590),(#5591,#5592),
(#5593,#5594),(#5595,#5596),(#5597,#5598),(#5599,#5600),(#5601,#5602),(#5603,
#5604),(#5605,#5606),(#5607,#5608),(#5609,#5610),(#5611,#5612),(#5613,#5614),
(#5615,#5616),(#5617,#5618),(#5619,#5620),(#5621,#5622),(#5623,#5624),(#5625,
#5626),(#5627,#5628),(#5629,#5630),(#5631,#5632),(#5633,#5634),(#5635,#5636),
(#5637,#5638),(#5639,#5640),(#5641,#5642),(#5643,#5644),(#5645,#5646),(#5647,
#5648),(#5649,#5650),(#5651,#5652),(#5653,#5654),(#5655,#5656),(#5657,#5658),
(#5659,#5660),(#5661,#5662),(#5663,#5664),(#5665,#5666),(#5667,#5668),(#5669,
#5670),(#5671,#5672),(#5673,#5674),(#5675,#5676),(#5677,#5678),(#5679,#5680),
(#5681,#5682),(#5683,#5684),(#5685,#5686),(#5687,#5688),(#5689,#5690),(#5691,
#5692),(#5693,#5694),(#5695,#5696),(#5697,#5698),(#5699,#5700),(#5701,#5702)),
 .UNSPECIFIED.,.F.,.F.,.F.)
B_SPLINE_SURFACE_WITH_KNOTS((6,1,1,1,1,1,1,1,1,1,1,1,1,1,1,1,1,1,1,1,1,
1,1,1,1,1,1,1,1,1,1,1,1,1,1,1,1,1,1,1,1,1,1,1,1,1,1,1,1,1,1,1,1,1,1,1,1,
1,1,1,1,1,1,1,1,1,1,1,1,1,6),(2,2),(-1.,-0.985714285714284,-0.97142857142857,
-0.957142857142856,-0.942857142857141,-0.928571428571427,-0.914285714285713,
-0.899999999999999,-0.885714285714284,-0.87142857142857,-0.857142857142856,
-0.842857142857142,-0.828571428571428,-0.814285714285713,-0.799999999999999,
-0.785714285714285,-0.771428571428571,-0.757142857142856,-0.742857142857142,
-0.728571428571428,-0.714285714285714,-0.699999999999999,-0.685714285714285,
-0.671428571428571,-0.657142857142857,-0.642857142857142,-0.628571428571428,
-0.614285714285714,-0.6,-0.585714285714286,-0.571428571428571,-0.557142857142857,
-0.542857142857143,-0.528571428571429,-0.514285714285714,-0.5,-0.485714285714286,
-0.471428571428572,-0.457142857142857,-0.442857142857143,-0.428571428571429,
-0.414285714285714,-0.4,-0.385714285714286,-0.371428571428571,-0.357142857142857,
-0.342857142857143,-0.328571428571429,-0.314285714285714,-0.3,-0.285714285714286,
-0.271428571428571,-0.257142857142857,-0.242857142857143,-0.228571428571429,
-0.214285714285714,-0.2,-0.185714285714286,-0.171428571428571,-0.157142857142857,
-0.142857142857143,-0.128571428571429,-0.114285714285714,-0.1,-0.0857142857142857,
-0.0714285714285714,-0.0571428571428571,-0.0428571428571429,-0.0285714285714286,
-0.0142857142857143,0.),(0.,2.45),.UNSPECIFIED.)
GEOMETRIC_REPRESENTATION_ITEM()
RATIONAL_B_SPLINE_SURFACE(((1.,1.),(1.,1.),(1.,1.),(1.,1.),(1.,1.),(1.,
1.),(1.,1.),(1.,1.),(1.,1.),(1.,1.),(1.,1.),(1.,1.),(1.,1.),(1.,1.),(1.,
1.),(1.,1.),(1.,1.),(1.,1.),(1.,1.),(1.,1.),(1.,1.),(1.,1.),(1.,1.),(1.,
1.),(1.,1.),(1.,1.),(1.,1.),(1.,1.),(1.,1.),(1.,1.),(1.,1.),(1.,1.),(1.,
1.),(1.,1.),(1.,1.),(1.,1.),(1.,1.),(1.,1.),(1.,1.),(1.,1.),(1.,1.),(1.,
1.),(1.,1.),(1.,1.),(1.,1.),(1.,1.),(1.,1.),(1.,1.),(1.,1.),(1.,1.),(1.,
1.),(1.,1.),(1.,1.),(1.,1.),(1.,1.),(1.,1.),(1.,1.),(1.,1.),(1.,1.),(1.,
1.),(1.,1.),(1.,1.),(1.,1.),(1.,1.),(1.,1.),(1.,1.),(1.,1.),(1.,1.),(1.,
1.),(1.,1.),(1.,1.),(1.,1.),(1.,1.),(1.,1.),(1.,1.)))
REPRESENTATION_ITEM('')
SURFACE()
);
#74=(
BOUNDED_SURFACE()
B_SPLINE_SURFACE(5,1,((#5863,#5864),(#5865,#5866),(#5867,#5868),(#5869,
#5870),(#5871,#5872),(#5873,#5874),(#5875,#5876),(#5877,#5878),(#5879,#5880),
(#5881,#5882),(#5883,#5884),(#5885,#5886),(#5887,#5888),(#5889,#5890),(#5891,
#5892),(#5893,#5894),(#5895,#5896),(#5897,#5898),(#5899,#5900),(#5901,#5902),
(#5903,#5904),(#5905,#5906),(#5907,#5908),(#5909,#5910),(#5911,#5912),(#5913,
#5914),(#5915,#5916),(#5917,#5918),(#5919,#5920),(#5921,#5922),(#5923,#5924),
(#5925,#5926),(#5927,#5928),(#5929,#5930),(#5931,#5932),(#5933,#5934),(#5935,
#5936),(#5937,#5938),(#5939,#5940),(#5941,#5942),(#5943,#5944),(#5945,#5946),
(#5947,#5948),(#5949,#5950),(#5951,#5952),(#5953,#5954),(#5955,#5956),(#5957,
#5958),(#5959,#5960),(#5961,#5962),(#5963,#5964),(#5965,#5966),(#5967,#5968),
(#5969,#5970),(#5971,#5972),(#5973,#5974),(#5975,#5976),(#5977,#5978),(#5979,
#5980),(#5981,#5982),(#5983,#5984),(#5985,#5986),(#5987,#5988),(#5989,#5990),
(#5991,#5992),(#5993,#5994),(#5995,#5996),(#5997,#5998),(#5999,#6000),(#6001,
#6002),(#6003,#6004),(#6005,#6006),(#6007,#6008),(#6009,#6010),(#6011,#6012)),
 .UNSPECIFIED.,.F.,.F.,.F.)
B_SPLINE_SURFACE_WITH_KNOTS((6,1,1,1,1,1,1,1,1,1,1,1,1,1,1,1,1,1,1,1,1,
1,1,1,1,1,1,1,1,1,1,1,1,1,1,1,1,1,1,1,1,1,1,1,1,1,1,1,1,1,1,1,1,1,1,1,1,
1,1,1,1,1,1,1,1,1,1,1,1,1,6),(2,2),(0.,0.0142857142857143,0.0285714285714286,
0.0428571428571429,0.0571428571428571,0.0714285714285714,0.0857142857142857,
0.1,0.114285714285714,0.128571428571429,0.142857142857143,0.157142857142857,
0.171428571428571,0.185714285714286,0.2,0.214285714285714,0.228571428571429,
0.242857142857143,0.257142857142857,0.271428571428571,0.285714285714286,
0.3,0.314285714285714,0.328571428571429,0.342857142857143,0.357142857142857,
0.371428571428571,0.385714285714286,0.4,0.414285714285714,0.428571428571429,
0.442857142857143,0.457142857142857,0.471428571428572,0.485714285714286,
0.5,0.514285714285714,0.528571428571429,0.542857142857143,0.557142857142857,
0.571428571428571,0.585714285714286,0.6,0.614285714285714,0.628571428571428,
0.642857142857142,0.657142857142857,0.671428571428571,0.685714285714285,
0.699999999999999,0.714285714285714,0.728571428571428,0.742857142857142,
0.757142857142856,0.771428571428571,0.785714285714285,0.799999999999999,
0.814285714285713,0.828571428571428,0.842857142857142,0.857142857142856,
0.87142857142857,0.885714285714284,0.899999999999999,0.914285714285713,
0.928571428571427,0.942857142857141,0.957142857142856,0.97142857142857,
0.985714285714284,1.),(0.,2.45),.UNSPECIFIED.)
GEOMETRIC_REPRESENTATION_ITEM()
RATIONAL_B_SPLINE_SURFACE(((1.,1.),(1.,1.),(1.,1.),(1.,1.),(1.,1.),(1.,
1.),(1.,1.),(1.,1.),(1.,1.),(1.,1.),(1.,1.),(1.,1.),(1.,1.),(1.,1.),(1.,
1.),(1.,1.),(1.,1.),(1.,1.),(1.,1.),(1.,1.),(1.,1.),(1.,1.),(1.,1.),(1.,
1.),(1.,1.),(1.,1.),(1.,1.),(1.,1.),(1.,1.),(1.,1.),(1.,1.),(1.,1.),(1.,
1.),(1.,1.),(1.,1.),(1.,1.),(1.,1.),(1.,1.),(1.,1.),(1.,1.),(1.,1.),(1.,
1.),(1.,1.),(1.,1.),(1.,1.),(1.,1.),(1.,1.),(1.,1.),(1.,1.),(1.,1.),(1.,
1.),(1.,1.),(1.,1.),(1.,1.),(1.,1.),(1.,1.),(1.,1.),(1.,1.),(1.,1.),(1.,
1.),(1.,1.),(1.,1.),(1.,1.),(1.,1.),(1.,1.),(1.,1.),(1.,1.),(1.,1.),(1.,
1.),(1.,1.),(1.,1.),(1.,1.),(1.,1.),(1.,1.),(1.,1.)))
REPRESENTATION_ITEM('')
SURFACE()
);
#75=(
BOUNDED_SURFACE()
B_SPLINE_SURFACE(5,1,((#6164,#6165),(#6166,#6167),(#6168,#6169),(#6170,
#6171),(#6172,#6173),(#6174,#6175),(#6176,#6177),(#6178,#6179),(#6180,#6181),
(#6182,#6183),(#6184,#6185),(#6186,#6187),(#6188,#6189),(#6190,#6191),(#6192,
#6193),(#6194,#6195),(#6196,#6197),(#6198,#6199),(#6200,#6201),(#6202,#6203),
(#6204,#6205),(#6206,#6207),(#6208,#6209),(#6210,#6211),(#6212,#6213),(#6214,
#6215),(#6216,#6217),(#6218,#6219),(#6220,#6221),(#6222,#6223),(#6224,#6225),
(#6226,#6227),(#6228,#6229),(#6230,#6231),(#6232,#6233),(#6234,#6235),(#6236,
#6237),(#6238,#6239),(#6240,#6241),(#6242,#6243),(#6244,#6245),(#6246,#6247),
(#6248,#6249),(#6250,#6251),(#6252,#6253),(#6254,#6255),(#6256,#6257),(#6258,
#6259),(#6260,#6261),(#6262,#6263),(#6264,#6265),(#6266,#6267),(#6268,#6269),
(#6270,#6271),(#6272,#6273),(#6274,#6275),(#6276,#6277),(#6278,#6279),(#6280,
#6281),(#6282,#6283),(#6284,#6285),(#6286,#6287),(#6288,#6289),(#6290,#6291),
(#6292,#6293),(#6294,#6295),(#6296,#6297),(#6298,#6299),(#6300,#6301),(#6302,
#6303),(#6304,#6305),(#6306,#6307),(#6308,#6309),(#6310,#6311),(#6312,#6313)),
 .UNSPECIFIED.,.F.,.F.,.F.)
B_SPLINE_SURFACE_WITH_KNOTS((6,1,1,1,1,1,1,1,1,1,1,1,1,1,1,1,1,1,1,1,1,
1,1,1,1,1,1,1,1,1,1,1,1,1,1,1,1,1,1,1,1,1,1,1,1,1,1,1,1,1,1,1,1,1,1,1,1,
1,1,1,1,1,1,1,1,1,1,1,1,1,6),(2,2),(-1.,-0.985714285714284,-0.97142857142857,
-0.957142857142856,-0.942857142857141,-0.928571428571427,-0.914285714285713,
-0.899999999999999,-0.885714285714284,-0.87142857142857,-0.857142857142856,
-0.842857142857142,-0.828571428571428,-0.814285714285713,-0.799999999999999,
-0.785714285714285,-0.771428571428571,-0.757142857142856,-0.742857142857142,
-0.728571428571428,-0.714285714285714,-0.699999999999999,-0.685714285714285,
-0.671428571428571,-0.657142857142857,-0.642857142857142,-0.628571428571428,
-0.614285714285714,-0.6,-0.585714285714286,-0.571428571428571,-0.557142857142857,
-0.542857142857143,-0.528571428571429,-0.514285714285714,-0.5,-0.485714285714286,
-0.471428571428572,-0.457142857142857,-0.442857142857143,-0.428571428571429,
-0.414285714285714,-0.4,-0.385714285714286,-0.371428571428571,-0.357142857142857,
-0.342857142857143,-0.328571428571429,-0.314285714285714,-0.3,-0.285714285714286,
-0.271428571428571,-0.257142857142857,-0.242857142857143,-0.228571428571429,
-0.214285714285714,-0.2,-0.185714285714286,-0.171428571428571,-0.157142857142857,
-0.142857142857143,-0.128571428571429,-0.114285714285714,-0.1,-0.0857142857142857,
-0.0714285714285714,-0.0571428571428571,-0.0428571428571429,-0.0285714285714286,
-0.0142857142857143,0.),(0.,2.45),.UNSPECIFIED.)
GEOMETRIC_REPRESENTATION_ITEM()
RATIONAL_B_SPLINE_SURFACE(((1.,1.),(1.,1.),(1.,1.),(1.,1.),(1.,1.),(1.,
1.),(1.,1.),(1.,1.),(1.,1.),(1.,1.),(1.,1.),(1.,1.),(1.,1.),(1.,1.),(1.,
1.),(1.,1.),(1.,1.),(1.,1.),(1.,1.),(1.,1.),(1.,1.),(1.,1.),(1.,1.),(1.,
1.),(1.,1.),(1.,1.),(1.,1.),(1.,1.),(1.,1.),(1.,1.),(1.,1.),(1.,1.),(1.,
1.),(1.,1.),(1.,1.),(1.,1.),(1.,1.),(1.,1.),(1.,1.),(1.,1.),(1.,1.),(1.,
1.),(1.,1.),(1.,1.),(1.,1.),(1.,1.),(1.,1.),(1.,1.),(1.,1.),(1.,1.),(1.,
1.),(1.,1.),(1.,1.),(1.,1.),(1.,1.),(1.,1.),(1.,1.),(1.,1.),(1.,1.),(1.,
1.),(1.,1.),(1.,1.),(1.,1.),(1.,1.),(1.,1.),(1.,1.),(1.,1.),(1.,1.),(1.,
1.),(1.,1.),(1.,1.),(1.,1.),(1.,1.),(1.,1.),(1.,1.)))
REPRESENTATION_ITEM('')
SURFACE()
);
#76=(
BOUNDED_SURFACE()
B_SPLINE_SURFACE(5,1,((#6474,#6475),(#6476,#6477),(#6478,#6479),(#6480,
#6481),(#6482,#6483),(#6484,#6485),(#6486,#6487),(#6488,#6489),(#6490,#6491),
(#6492,#6493),(#6494,#6495),(#6496,#6497),(#6498,#6499),(#6500,#6501),(#6502,
#6503),(#6504,#6505),(#6506,#6507),(#6508,#6509),(#6510,#6511),(#6512,#6513),
(#6514,#6515),(#6516,#6517),(#6518,#6519),(#6520,#6521),(#6522,#6523),(#6524,
#6525),(#6526,#6527),(#6528,#6529),(#6530,#6531),(#6532,#6533),(#6534,#6535),
(#6536,#6537),(#6538,#6539),(#6540,#6541),(#6542,#6543),(#6544,#6545),(#6546,
#6547),(#6548,#6549),(#6550,#6551),(#6552,#6553),(#6554,#6555),(#6556,#6557),
(#6558,#6559),(#6560,#6561),(#6562,#6563),(#6564,#6565),(#6566,#6567),(#6568,
#6569),(#6570,#6571),(#6572,#6573),(#6574,#6575),(#6576,#6577),(#6578,#6579),
(#6580,#6581),(#6582,#6583),(#6584,#6585),(#6586,#6587),(#6588,#6589),(#6590,
#6591),(#6592,#6593),(#6594,#6595),(#6596,#6597),(#6598,#6599),(#6600,#6601),
(#6602,#6603),(#6604,#6605),(#6606,#6607),(#6608,#6609),(#6610,#6611),(#6612,
#6613),(#6614,#6615),(#6616,#6617),(#6618,#6619),(#6620,#6621),(#6622,#6623)),
 .UNSPECIFIED.,.F.,.F.,.F.)
B_SPLINE_SURFACE_WITH_KNOTS((6,1,1,1,1,1,1,1,1,1,1,1,1,1,1,1,1,1,1,1,1,
1,1,1,1,1,1,1,1,1,1,1,1,1,1,1,1,1,1,1,1,1,1,1,1,1,1,1,1,1,1,1,1,1,1,1,1,
1,1,1,1,1,1,1,1,1,1,1,1,1,6),(2,2),(0.,0.0142857142857143,0.0285714285714286,
0.0428571428571429,0.0571428571428571,0.0714285714285714,0.0857142857142857,
0.1,0.114285714285714,0.128571428571429,0.142857142857143,0.157142857142857,
0.171428571428571,0.185714285714286,0.2,0.214285714285714,0.228571428571429,
0.242857142857143,0.257142857142857,0.271428571428571,0.285714285714286,
0.3,0.314285714285714,0.328571428571429,0.342857142857143,0.357142857142857,
0.371428571428571,0.385714285714286,0.4,0.414285714285714,0.428571428571429,
0.442857142857143,0.457142857142857,0.471428571428572,0.485714285714286,
0.5,0.514285714285714,0.528571428571429,0.542857142857143,0.557142857142857,
0.571428571428571,0.585714285714286,0.6,0.614285714285714,0.628571428571428,
0.642857142857142,0.657142857142857,0.671428571428571,0.685714285714285,
0.699999999999999,0.714285714285714,0.728571428571428,0.742857142857142,
0.757142857142856,0.771428571428571,0.785714285714285,0.799999999999999,
0.814285714285713,0.828571428571428,0.842857142857142,0.857142857142856,
0.87142857142857,0.885714285714284,0.899999999999999,0.914285714285713,
0.928571428571427,0.942857142857141,0.957142857142856,0.97142857142857,
0.985714285714284,1.),(0.,2.45),.UNSPECIFIED.)
GEOMETRIC_REPRESENTATION_ITEM()
RATIONAL_B_SPLINE_SURFACE(((1.,1.),(1.,1.),(1.,1.),(1.,1.),(1.,1.),(1.,
1.),(1.,1.),(1.,1.),(1.,1.),(1.,1.),(1.,1.),(1.,1.),(1.,1.),(1.,1.),(1.,
1.),(1.,1.),(1.,1.),(1.,1.),(1.,1.),(1.,1.),(1.,1.),(1.,1.),(1.,1.),(1.,
1.),(1.,1.),(1.,1.),(1.,1.),(1.,1.),(1.,1.),(1.,1.),(1.,1.),(1.,1.),(1.,
1.),(1.,1.),(1.,1.),(1.,1.),(1.,1.),(1.,1.),(1.,1.),(1.,1.),(1.,1.),(1.,
1.),(1.,1.),(1.,1.),(1.,1.),(1.,1.),(1.,1.),(1.,1.),(1.,1.),(1.,1.),(1.,
1.),(1.,1.),(1.,1.),(1.,1.),(1.,1.),(1.,1.),(1.,1.),(1.,1.),(1.,1.),(1.,
1.),(1.,1.),(1.,1.),(1.,1.),(1.,1.),(1.,1.),(1.,1.),(1.,1.),(1.,1.),(1.,
1.),(1.,1.),(1.,1.),(1.,1.),(1.,1.),(1.,1.),(1.,1.)))
REPRESENTATION_ITEM('')
SURFACE()
);
#77=(
BOUNDED_SURFACE()
B_SPLINE_SURFACE(5,1,((#6983,#6984),(#6985,#6986),(#6987,#6988),(#6989,
#6990),(#6991,#6992),(#6993,#6994),(#6995,#6996),(#6997,#6998),(#6999,#7000),
(#7001,#7002),(#7003,#7004),(#7005,#7006),(#7007,#7008),(#7009,#7010),(#7011,
#7012),(#7013,#7014),(#7015,#7016),(#7017,#7018),(#7019,#7020),(#7021,#7022),
(#7023,#7024),(#7025,#7026),(#7027,#7028),(#7029,#7030),(#7031,#7032),(#7033,
#7034),(#7035,#7036),(#7037,#7038),(#7039,#7040),(#7041,#7042),(#7043,#7044),
(#7045,#7046),(#7047,#7048),(#7049,#7050),(#7051,#7052),(#7053,#7054),(#7055,
#7056),(#7057,#7058),(#7059,#7060),(#7061,#7062),(#7063,#7064),(#7065,#7066),
(#7067,#7068),(#7069,#7070),(#7071,#7072),(#7073,#7074),(#7075,#7076),(#7077,
#7078),(#7079,#7080),(#7081,#7082),(#7083,#7084),(#7085,#7086),(#7087,#7088),
(#7089,#7090),(#7091,#7092),(#7093,#7094),(#7095,#7096),(#7097,#7098),(#7099,
#7100),(#7101,#7102),(#7103,#7104),(#7105,#7106),(#7107,#7108),(#7109,#7110),
(#7111,#7112),(#7113,#7114),(#7115,#7116),(#7117,#7118),(#7119,#7120),(#7121,
#7122),(#7123,#7124),(#7125,#7126),(#7127,#7128),(#7129,#7130),(#7131,#7132)),
 .UNSPECIFIED.,.F.,.F.,.F.)
B_SPLINE_SURFACE_WITH_KNOTS((6,1,1,1,1,1,1,1,1,1,1,1,1,1,1,1,1,1,1,1,1,
1,1,1,1,1,1,1,1,1,1,1,1,1,1,1,1,1,1,1,1,1,1,1,1,1,1,1,1,1,1,1,1,1,1,1,1,
1,1,1,1,1,1,1,1,1,1,1,1,1,6),(2,2),(-1.,-0.985714285714284,-0.97142857142857,
-0.957142857142856,-0.942857142857141,-0.928571428571427,-0.914285714285713,
-0.899999999999999,-0.885714285714284,-0.87142857142857,-0.857142857142856,
-0.842857142857142,-0.828571428571428,-0.814285714285713,-0.799999999999999,
-0.785714285714285,-0.771428571428571,-0.757142857142856,-0.742857142857142,
-0.728571428571428,-0.714285714285714,-0.699999999999999,-0.685714285714285,
-0.671428571428571,-0.657142857142857,-0.642857142857142,-0.628571428571428,
-0.614285714285714,-0.6,-0.585714285714286,-0.571428571428571,-0.557142857142857,
-0.542857142857143,-0.528571428571429,-0.514285714285714,-0.5,-0.485714285714286,
-0.471428571428572,-0.457142857142857,-0.442857142857143,-0.428571428571429,
-0.414285714285714,-0.4,-0.385714285714286,-0.371428571428571,-0.357142857142857,
-0.342857142857143,-0.328571428571429,-0.314285714285714,-0.3,-0.285714285714286,
-0.271428571428571,-0.257142857142857,-0.242857142857143,-0.228571428571429,
-0.214285714285714,-0.2,-0.185714285714286,-0.171428571428571,-0.157142857142857,
-0.142857142857143,-0.128571428571429,-0.114285714285714,-0.1,-0.0857142857142857,
-0.0714285714285714,-0.0571428571428571,-0.0428571428571429,-0.0285714285714286,
-0.0142857142857143,0.),(0.,2.45),.UNSPECIFIED.)
GEOMETRIC_REPRESENTATION_ITEM()
RATIONAL_B_SPLINE_SURFACE(((1.,1.),(1.,1.),(1.,1.),(1.,1.),(1.,1.),(1.,
1.),(1.,1.),(1.,1.),(1.,1.),(1.,1.),(1.,1.),(1.,1.),(1.,1.),(1.,1.),(1.,
1.),(1.,1.),(1.,1.),(1.,1.),(1.,1.),(1.,1.),(1.,1.),(1.,1.),(1.,1.),(1.,
1.),(1.,1.),(1.,1.),(1.,1.),(1.,1.),(1.,1.),(1.,1.),(1.,1.),(1.,1.),(1.,
1.),(1.,1.),(1.,1.),(1.,1.),(1.,1.),(1.,1.),(1.,1.),(1.,1.),(1.,1.),(1.,
1.),(1.,1.),(1.,1.),(1.,1.),(1.,1.),(1.,1.),(1.,1.),(1.,1.),(1.,1.),(1.,
1.),(1.,1.),(1.,1.),(1.,1.),(1.,1.),(1.,1.),(1.,1.),(1.,1.),(1.,1.),(1.,
1.),(1.,1.),(1.,1.),(1.,1.),(1.,1.),(1.,1.),(1.,1.),(1.,1.),(1.,1.),(1.,
1.),(1.,1.),(1.,1.),(1.,1.),(1.,1.),(1.,1.),(1.,1.)))
REPRESENTATION_ITEM('')
SURFACE()
);
#78=(
BOUNDED_SURFACE()
B_SPLINE_SURFACE(5,1,((#7215,#7216),(#7217,#7218),(#7219,#7220),(#7221,
#7222),(#7223,#7224),(#7225,#7226),(#7227,#7228),(#7229,#7230),(#7231,#7232),
(#7233,#7234),(#7235,#7236),(#7237,#7238),(#7239,#7240),(#7241,#7242),(#7243,
#7244),(#7245,#7246),(#7247,#7248),(#7249,#7250),(#7251,#7252),(#7253,#7254),
(#7255,#7256),(#7257,#7258),(#7259,#7260),(#7261,#7262),(#7263,#7264),(#7265,
#7266),(#7267,#7268),(#7269,#7270),(#7271,#7272),(#7273,#7274),(#7275,#7276),
(#7277,#7278),(#7279,#7280),(#7281,#7282),(#7283,#7284),(#7285,#7286),(#7287,
#7288),(#7289,#7290),(#7291,#7292),(#7293,#7294),(#7295,#7296),(#7297,#7298),
(#7299,#7300),(#7301,#7302),(#7303,#7304),(#7305,#7306),(#7307,#7308),(#7309,
#7310),(#7311,#7312),(#7313,#7314),(#7315,#7316),(#7317,#7318),(#7319,#7320),
(#7321,#7322),(#7323,#7324),(#7325,#7326),(#7327,#7328),(#7329,#7330),(#7331,
#7332),(#7333,#7334),(#7335,#7336),(#7337,#7338),(#7339,#7340),(#7341,#7342),
(#7343,#7344),(#7345,#7346),(#7347,#7348),(#7349,#7350),(#7351,#7352),(#7353,
#7354),(#7355,#7356),(#7357,#7358),(#7359,#7360),(#7361,#7362),(#7363,#7364)),
 .UNSPECIFIED.,.F.,.F.,.F.)
B_SPLINE_SURFACE_WITH_KNOTS((6,1,1,1,1,1,1,1,1,1,1,1,1,1,1,1,1,1,1,1,1,
1,1,1,1,1,1,1,1,1,1,1,1,1,1,1,1,1,1,1,1,1,1,1,1,1,1,1,1,1,1,1,1,1,1,1,1,
1,1,1,1,1,1,1,1,1,1,1,1,1,6),(2,2),(0.,0.0142857142857143,0.0285714285714286,
0.0428571428571429,0.0571428571428571,0.0714285714285714,0.0857142857142857,
0.1,0.114285714285714,0.128571428571429,0.142857142857143,0.157142857142857,
0.171428571428571,0.185714285714286,0.2,0.214285714285714,0.228571428571429,
0.242857142857143,0.257142857142857,0.271428571428571,0.285714285714286,
0.3,0.314285714285714,0.328571428571429,0.342857142857143,0.357142857142857,
0.371428571428571,0.385714285714286,0.4,0.414285714285714,0.428571428571429,
0.442857142857143,0.457142857142857,0.471428571428572,0.485714285714286,
0.5,0.514285714285714,0.528571428571429,0.542857142857143,0.557142857142857,
0.571428571428571,0.585714285714286,0.6,0.614285714285714,0.628571428571428,
0.642857142857142,0.657142857142857,0.671428571428571,0.685714285714285,
0.699999999999999,0.714285714285714,0.728571428571428,0.742857142857142,
0.757142857142856,0.771428571428571,0.785714285714285,0.799999999999999,
0.814285714285713,0.828571428571428,0.842857142857142,0.857142857142856,
0.87142857142857,0.885714285714284,0.899999999999999,0.914285714285713,
0.928571428571427,0.942857142857141,0.957142857142856,0.97142857142857,
0.985714285714284,1.),(0.,2.45),.UNSPECIFIED.)
GEOMETRIC_REPRESENTATION_ITEM()
RATIONAL_B_SPLINE_SURFACE(((1.,1.),(1.,1.),(1.,1.),(1.,1.),(1.,1.),(1.,
1.),(1.,1.),(1.,1.),(1.,1.),(1.,1.),(1.,1.),(1.,1.),(1.,1.),(1.,1.),(1.,
1.),(1.,1.),(1.,1.),(1.,1.),(1.,1.),(1.,1.),(1.,1.),(1.,1.),(1.,1.),(1.,
1.),(1.,1.),(1.,1.),(1.,1.),(1.,1.),(1.,1.),(1.,1.),(1.,1.),(1.,1.),(1.,
1.),(1.,1.),(1.,1.),(1.,1.),(1.,1.),(1.,1.),(1.,1.),(1.,1.),(1.,1.),(1.,
1.),(1.,1.),(1.,1.),(1.,1.),(1.,1.),(1.,1.),(1.,1.),(1.,1.),(1.,1.),(1.,
1.),(1.,1.),(1.,1.),(1.,1.),(1.,1.),(1.,1.),(1.,1.),(1.,1.),(1.,1.),(1.,
1.),(1.,1.),(1.,1.),(1.,1.),(1.,1.),(1.,1.),(1.,1.),(1.,1.),(1.,1.),(1.,
1.),(1.,1.),(1.,1.),(1.,1.),(1.,1.),(1.,1.),(1.,1.)))
REPRESENTATION_ITEM('')
SURFACE()
);
#79=PLANE('',#1682);
#80=PLANE('',#1686);
#81=PLANE('',#1690);
#82=PLANE('',#1694);
#83=PLANE('',#1698);
#84=PLANE('',#1702);
#85=PLANE('',#1706);
#86=PLANE('',#1710);
#87=PLANE('',#1714);
#88=PLANE('',#1718);
#89=PLANE('',#1722);
#90=PLANE('',#1726);
#91=PLANE('',#1730);
#92=PLANE('',#1734);
#93=PLANE('',#1756);
#94=PLANE('',#1785);
#95=PLANE('',#1788);
#96=PLANE('',#1791);
#97=PLANE('',#1796);
#98=PLANE('',#1800);
#99=PLANE('',#1804);
#100=PLANE('',#1805);
#101=PLANE('',#1806);
#102=PLANE('',#1810);
#103=PLANE('',#1814);
#104=PLANE('',#1815);
#105=PLANE('',#1816);
#106=PLANE('',#1820);
#107=PLANE('',#1824);
#108=PLANE('',#1825);
#109=PLANE('',#1826);
#110=PLANE('',#1830);
#111=PLANE('',#1834);
#112=PLANE('',#1835);
#113=FACE_OUTER_BOUND('',#204,.T.);
#114=FACE_OUTER_BOUND('',#205,.T.);
#115=FACE_OUTER_BOUND('',#206,.T.);
#116=FACE_OUTER_BOUND('',#207,.T.);
#117=FACE_OUTER_BOUND('',#208,.T.);
#118=FACE_OUTER_BOUND('',#209,.T.);
#119=FACE_OUTER_BOUND('',#210,.T.);
#120=FACE_OUTER_BOUND('',#211,.T.);
#121=FACE_OUTER_BOUND('',#212,.T.);
#122=FACE_OUTER_BOUND('',#213,.T.);
#123=FACE_OUTER_BOUND('',#214,.T.);
#124=FACE_OUTER_BOUND('',#215,.T.);
#125=FACE_OUTER_BOUND('',#216,.T.);
#126=FACE_OUTER_BOUND('',#217,.T.);
#127=FACE_OUTER_BOUND('',#218,.T.);
#128=FACE_OUTER_BOUND('',#219,.T.);
#129=FACE_OUTER_BOUND('',#220,.T.);
#130=FACE_OUTER_BOUND('',#221,.T.);
#131=FACE_OUTER_BOUND('',#222,.T.);
#132=FACE_OUTER_BOUND('',#223,.T.);
#133=FACE_OUTER_BOUND('',#224,.T.);
#134=FACE_OUTER_BOUND('',#225,.T.);
#135=FACE_OUTER_BOUND('',#226,.T.);
#136=FACE_OUTER_BOUND('',#227,.T.);
#137=FACE_OUTER_BOUND('',#228,.T.);
#138=FACE_OUTER_BOUND('',#229,.T.);
#139=FACE_OUTER_BOUND('',#230,.T.);
#140=FACE_OUTER_BOUND('',#231,.T.);
#141=FACE_OUTER_BOUND('',#232,.T.);
#142=FACE_OUTER_BOUND('',#233,.T.);
#143=FACE_OUTER_BOUND('',#234,.T.);
#144=FACE_OUTER_BOUND('',#235,.T.);
#145=FACE_OUTER_BOUND('',#236,.T.);
#146=FACE_OUTER_BOUND('',#237,.T.);
#147=FACE_OUTER_BOUND('',#238,.T.);
#148=FACE_OUTER_BOUND('',#239,.T.);
#149=FACE_OUTER_BOUND('',#240,.T.);
#150=FACE_OUTER_BOUND('',#241,.T.);
#151=FACE_OUTER_BOUND('',#242,.T.);
#152=FACE_OUTER_BOUND('',#243,.T.);
#153=FACE_OUTER_BOUND('',#244,.T.);
#154=FACE_OUTER_BOUND('',#245,.T.);
#155=FACE_OUTER_BOUND('',#246,.T.);
#156=FACE_OUTER_BOUND('',#247,.T.);
#157=FACE_OUTER_BOUND('',#248,.T.);
#158=FACE_OUTER_BOUND('',#249,.T.);
#159=FACE_OUTER_BOUND('',#250,.T.);
#160=FACE_OUTER_BOUND('',#251,.T.);
#161=FACE_OUTER_BOUND('',#252,.T.);
#162=FACE_OUTER_BOUND('',#253,.T.);
#163=FACE_OUTER_BOUND('',#255,.T.);
#164=FACE_OUTER_BOUND('',#256,.T.);
#165=FACE_OUTER_BOUND('',#257,.T.);
#166=FACE_OUTER_BOUND('',#258,.T.);
#167=FACE_OUTER_BOUND('',#259,.T.);
#168=FACE_OUTER_BOUND('',#260,.T.);
#169=FACE_OUTER_BOUND('',#261,.T.);
#170=FACE_OUTER_BOUND('',#262,.T.);
#171=FACE_OUTER_BOUND('',#263,.T.);
#172=FACE_OUTER_BOUND('',#264,.T.);
#173=FACE_OUTER_BOUND('',#265,.T.);
#174=FACE_OUTER_BOUND('',#266,.T.);
#175=FACE_OUTER_BOUND('',#267,.T.);
#176=FACE_OUTER_BOUND('',#268,.T.);
#177=FACE_OUTER_BOUND('',#269,.T.);
#178=FACE_OUTER_BOUND('',#271,.T.);
#179=FACE_OUTER_BOUND('',#272,.T.);
#180=FACE_OUTER_BOUND('',#273,.T.);
#181=FACE_OUTER_BOUND('',#274,.T.);
#182=FACE_OUTER_BOUND('',#275,.T.);
#183=FACE_OUTER_BOUND('',#276,.T.);
#184=FACE_OUTER_BOUND('',#277,.T.);
#185=FACE_OUTER_BOUND('',#278,.T.);
#186=FACE_OUTER_BOUND('',#279,.T.);
#187=FACE_OUTER_BOUND('',#280,.T.);
#188=FACE_OUTER_BOUND('',#281,.T.);
#189=FACE_OUTER_BOUND('',#282,.T.);
#190=FACE_OUTER_BOUND('',#283,.T.);
#191=FACE_OUTER_BOUND('',#284,.T.);
#192=FACE_OUTER_BOUND('',#285,.T.);
#193=FACE_OUTER_BOUND('',#286,.T.);
#194=FACE_OUTER_BOUND('',#287,.T.);
#195=FACE_OUTER_BOUND('',#288,.T.);
#196=FACE_OUTER_BOUND('',#289,.T.);
#197=FACE_OUTER_BOUND('',#290,.T.);
#198=FACE_OUTER_BOUND('',#291,.T.);
#199=FACE_OUTER_BOUND('',#292,.T.);
#200=FACE_OUTER_BOUND('',#293,.T.);
#201=FACE_OUTER_BOUND('',#294,.T.);
#202=FACE_OUTER_BOUND('',#295,.T.);
#203=FACE_OUTER_BOUND('',#296,.T.);
#204=EDGE_LOOP('',(#1042,#1043,#1044,#1045));
#205=EDGE_LOOP('',(#1046,#1047,#1048,#1049));
#206=EDGE_LOOP('',(#1050,#1051,#1052,#1053));
#207=EDGE_LOOP('',(#1054,#1055,#1056,#1057));
#208=EDGE_LOOP('',(#1058,#1059,#1060,#1061));
#209=EDGE_LOOP('',(#1062,#1063,#1064,#1065));
#210=EDGE_LOOP('',(#1066,#1067,#1068,#1069));
#211=EDGE_LOOP('',(#1070,#1071,#1072,#1073));
#212=EDGE_LOOP('',(#1074,#1075,#1076,#1077));
#213=EDGE_LOOP('',(#1078,#1079,#1080,#1081));
#214=EDGE_LOOP('',(#1082,#1083,#1084,#1085));
#215=EDGE_LOOP('',(#1086,#1087,#1088,#1089));
#216=EDGE_LOOP('',(#1090,#1091,#1092,#1093));
#217=EDGE_LOOP('',(#1094,#1095,#1096,#1097));
#218=EDGE_LOOP('',(#1098,#1099,#1100,#1101));
#219=EDGE_LOOP('',(#1102,#1103,#1104,#1105));
#220=EDGE_LOOP('',(#1106,#1107,#1108,#1109));
#221=EDGE_LOOP('',(#1110,#1111,#1112,#1113));
#222=EDGE_LOOP('',(#1114,#1115,#1116,#1117));
#223=EDGE_LOOP('',(#1118,#1119,#1120,#1121));
#224=EDGE_LOOP('',(#1122,#1123,#1124,#1125));
#225=EDGE_LOOP('',(#1126,#1127,#1128,#1129));
#226=EDGE_LOOP('',(#1130,#1131,#1132,#1133));
#227=EDGE_LOOP('',(#1134,#1135,#1136,#1137));
#228=EDGE_LOOP('',(#1138,#1139,#1140,#1141));
#229=EDGE_LOOP('',(#1142,#1143,#1144,#1145));
#230=EDGE_LOOP('',(#1146,#1147,#1148,#1149));
#231=EDGE_LOOP('',(#1150,#1151,#1152,#1153));
#232=EDGE_LOOP('',(#1154,#1155,#1156,#1157));
#233=EDGE_LOOP('',(#1158,#1159,#1160,#1161));
#234=EDGE_LOOP('',(#1162,#1163,#1164,#1165));
#235=EDGE_LOOP('',(#1166,#1167,#1168,#1169));
#236=EDGE_LOOP('',(#1170,#1171,#1172,#1173));
#237=EDGE_LOOP('',(#1174,#1175,#1176,#1177));
#238=EDGE_LOOP('',(#1178,#1179,#1180,#1181));
#239=EDGE_LOOP('',(#1182,#1183,#1184,#1185));
#240=EDGE_LOOP('',(#1186,#1187,#1188,#1189));
#241=EDGE_LOOP('',(#1190,#1191,#1192,#1193));
#242=EDGE_LOOP('',(#1194,#1195,#1196,#1197));
#243=EDGE_LOOP('',(#1198,#1199,#1200,#1201));
#244=EDGE_LOOP('',(#1202,#1203,#1204,#1205));
#245=EDGE_LOOP('',(#1206,#1207,#1208,#1209));
#246=EDGE_LOOP('',(#1210,#1211,#1212,#1213));
#247=EDGE_LOOP('',(#1214,#1215,#1216,#1217));
#248=EDGE_LOOP('',(#1218,#1219,#1220,#1221));
#249=EDGE_LOOP('',(#1222,#1223,#1224,#1225));
#250=EDGE_LOOP('',(#1226,#1227,#1228,#1229));
#251=EDGE_LOOP('',(#1230,#1231,#1232,#1233));
#252=EDGE_LOOP('',(#1234,#1235,#1236,#1237));
#253=EDGE_LOOP('',(#1238,#1239,#1240,#1241,#1242,#1243,#1244,#1245,#1246,
#1247,#1248,#1249,#1250,#1251,#1252,#1253,#1254,#1255,#1256,#1257,#1258,
#1259,#1260,#1261,#1262,#1263,#1264,#1265,#1266,#1267,#1268,#1269,#1270,
#1271,#1272,#1273,#1274,#1275,#1276,#1277,#1278,#1279,#1280,#1281,#1282,
#1283,#1284,#1285,#1286,#1287,#1288,#1289,#1290,#1291,#1292,#1293,#1294,
#1295,#1296,#1297,#1298,#1299,#1300,#1301));
#254=EDGE_LOOP('',(#1302));
#255=EDGE_LOOP('',(#1303,#1304,#1305,#1306));
#256=EDGE_LOOP('',(#1307,#1308,#1309,#1310));
#257=EDGE_LOOP('',(#1311,#1312,#1313,#1314));
#258=EDGE_LOOP('',(#1315,#1316,#1317,#1318));
#259=EDGE_LOOP('',(#1319,#1320,#1321,#1322));
#260=EDGE_LOOP('',(#1323,#1324,#1325,#1326));
#261=EDGE_LOOP('',(#1327,#1328,#1329,#1330));
#262=EDGE_LOOP('',(#1331,#1332,#1333,#1334));
#263=EDGE_LOOP('',(#1335,#1336,#1337,#1338));
#264=EDGE_LOOP('',(#1339,#1340,#1341,#1342));
#265=EDGE_LOOP('',(#1343,#1344,#1345,#1346));
#266=EDGE_LOOP('',(#1347,#1348,#1349,#1350));
#267=EDGE_LOOP('',(#1351,#1352,#1353,#1354));
#268=EDGE_LOOP('',(#1355,#1356,#1357,#1358));
#269=EDGE_LOOP('',(#1359,#1360,#1361,#1362,#1363,#1364,#1365,#1366,#1367,
#1368,#1369,#1370,#1371,#1372,#1373,#1374,#1375,#1376,#1377,#1378,#1379,
#1380,#1381,#1382,#1383,#1384,#1385,#1386,#1387,#1388,#1389,#1390,#1391,
#1392,#1393,#1394,#1395,#1396,#1397,#1398,#1399,#1400,#1401,#1402,#1403,
#1404,#1405,#1406,#1407,#1408,#1409,#1410,#1411,#1412,#1413,#1414,#1415,
#1416,#1417,#1418,#1419,#1420,#1421,#1422));
#270=EDGE_LOOP('',(#1423));
#271=EDGE_LOOP('',(#1424,#1425,#1426,#1427));
#272=EDGE_LOOP('',(#1428,#1429,#1430,#1431));
#273=EDGE_LOOP('',(#1432,#1433,#1434,#1435));
#274=EDGE_LOOP('',(#1436,#1437,#1438,#1439));
#275=EDGE_LOOP('',(#1440,#1441,#1442,#1443));
#276=EDGE_LOOP('',(#1444,#1445,#1446,#1447));
#277=EDGE_LOOP('',(#1448,#1449,#1450,#1451));
#278=EDGE_LOOP('',(#1452,#1453,#1454,#1455));
#279=EDGE_LOOP('',(#1456,#1457,#1458,#1459));
#280=EDGE_LOOP('',(#1460,#1461,#1462,#1463));
#281=EDGE_LOOP('',(#1464,#1465,#1466,#1467));
#282=EDGE_LOOP('',(#1468,#1469,#1470,#1471));
#283=EDGE_LOOP('',(#1472,#1473,#1474,#1475));
#284=EDGE_LOOP('',(#1476,#1477,#1478,#1479));
#285=EDGE_LOOP('',(#1480,#1481,#1482,#1483));
#286=EDGE_LOOP('',(#1484,#1485,#1486,#1487));
#287=EDGE_LOOP('',(#1488,#1489,#1490,#1491));
#288=EDGE_LOOP('',(#1492,#1493,#1494,#1495));
#289=EDGE_LOOP('',(#1496,#1497,#1498,#1499));
#290=EDGE_LOOP('',(#1500,#1501,#1502,#1503));
#291=EDGE_LOOP('',(#1504,#1505,#1506,#1507));
#292=EDGE_LOOP('',(#1508,#1509,#1510,#1511));
#293=EDGE_LOOP('',(#1512,#1513,#1514,#1515));
#294=EDGE_LOOP('',(#1516,#1517,#1518,#1519));
#295=EDGE_LOOP('',(#1520,#1521,#1522,#1523));
#296=EDGE_LOOP('',(#1524,#1525,#1526,#1527));
#297=LINE('',#2293,#426);
#298=LINE('',#2296,#427);
#299=LINE('',#2299,#428);
#300=LINE('',#2301,#429);
#301=LINE('',#2302,#430);
#302=LINE('',#2308,#431);
#303=LINE('',#2311,#432);
#304=LINE('',#2314,#433);
#305=LINE('',#2316,#434);
#306=LINE('',#2317,#435);
#307=LINE('',#2323,#436);
#308=LINE('',#2326,#437);
#309=LINE('',#2329,#438);
#310=LINE('',#2331,#439);
#311=LINE('',#2332,#440);
#312=LINE('',#2338,#441);
#313=LINE('',#2341,#442);
#314=LINE('',#2344,#443);
#315=LINE('',#2346,#444);
#316=LINE('',#2347,#445);
#317=LINE('',#2353,#446);
#318=LINE('',#2356,#447);
#319=LINE('',#2359,#448);
#320=LINE('',#2361,#449);
#321=LINE('',#2362,#450);
#322=LINE('',#2368,#451);
#323=LINE('',#2371,#452);
#324=LINE('',#2374,#453);
#325=LINE('',#2376,#454);
#326=LINE('',#2377,#455);
#327=LINE('',#2383,#456);
#328=LINE('',#2386,#457);
#329=LINE('',#2389,#458);
#330=LINE('',#2391,#459);
#331=LINE('',#2392,#460);
#332=LINE('',#2398,#461);
#333=LINE('',#2401,#462);
#334=LINE('',#2404,#463);
#335=LINE('',#2406,#464);
#336=LINE('',#2407,#465);
#337=LINE('',#2413,#466);
#338=LINE('',#2416,#467);
#339=LINE('',#2419,#468);
#340=LINE('',#2421,#469);
#341=LINE('',#2422,#470);
#342=LINE('',#2428,#471);
#343=LINE('',#2431,#472);
#344=LINE('',#2434,#473);
#345=LINE('',#2436,#474);
#346=LINE('',#2437,#475);
#347=LINE('',#2443,#476);
#348=LINE('',#2446,#477);
#349=LINE('',#2449,#478);
#350=LINE('',#2451,#479);
#351=LINE('',#2452,#480);
#352=LINE('',#2458,#481);
#353=LINE('',#2461,#482);
#354=LINE('',#2464,#483);
#355=LINE('',#2466,#484);
#356=LINE('',#2467,#485);
#357=LINE('',#2473,#486);
#358=LINE('',#2476,#487);
#359=LINE('',#2479,#488);
#360=LINE('',#2481,#489);
#361=LINE('',#2482,#490);
#362=LINE('',#2488,#491);
#363=LINE('',#2491,#492);
#364=LINE('',#2494,#493);
#365=LINE('',#2496,#494);
#366=LINE('',#2497,#495);
#367=LINE('',#2801,#496);
#368=LINE('',#2807,#497);
#369=LINE('',#3412,#498);
#370=LINE('',#3418,#499);
#371=LINE('',#4023,#500);
#372=LINE('',#4029,#501);
#373=LINE('',#4634,#502);
#374=LINE('',#4640,#503);
#375=LINE('',#5245,#504);
#376=LINE('',#5251,#505);
#377=LINE('',#5856,#506);
#378=LINE('',#5862,#507);
#379=LINE('',#6467,#508);
#380=LINE('',#6473,#509);
#381=LINE('',#6786,#510);
#382=LINE('',#6942,#511);
#383=LINE('',#6952,#512);
#384=LINE('',#6968,#513);
#385=LINE('',#6971,#514);
#386=LINE('',#6972,#515);
#387=LINE('',#6975,#516);
#388=LINE('',#6978,#517);
#389=LINE('',#6981,#518);
#390=LINE('',#6982,#519);
#391=LINE('',#7210,#520);
#392=LINE('',#7214,#521);
#393=LINE('',#7446,#522);
#394=LINE('',#7451,#523);
#395=LINE('',#7453,#524);
#396=LINE('',#7455,#525);
#397=LINE('',#7456,#526);
#398=LINE('',#7462,#527);
#399=LINE('',#7465,#528);
#400=LINE('',#7467,#529);
#401=LINE('',#7468,#530);
#402=LINE('',#7477,#531);
#403=LINE('',#7479,#532);
#404=LINE('',#7481,#533);
#405=LINE('',#7482,#534);
#406=LINE('',#7488,#535);
#407=LINE('',#7491,#536);
#408=LINE('',#7493,#537);
#409=LINE('',#7494,#538);
#410=LINE('',#7503,#539);
#411=LINE('',#7505,#540);
#412=LINE('',#7507,#541);
#413=LINE('',#7508,#542);
#414=LINE('',#7514,#543);
#415=LINE('',#7517,#544);
#416=LINE('',#7519,#545);
#417=LINE('',#7520,#546);
#418=LINE('',#7529,#547);
#419=LINE('',#7531,#548);
#420=LINE('',#7533,#549);
#421=LINE('',#7534,#550);
#422=LINE('',#7540,#551);
#423=LINE('',#7543,#552);
#424=LINE('',#7545,#553);
#425=LINE('',#7546,#554);
#426=VECTOR('',#1845,10.);
#427=VECTOR('',#1848,10.);
#428=VECTOR('',#1851,10.);
#429=VECTOR('',#1852,10.);
#430=VECTOR('',#1853,10.);
#431=VECTOR('',#1858,10.);
#432=VECTOR('',#1861,10.);
#433=VECTOR('',#1864,10.);
#434=VECTOR('',#1865,10.);
#435=VECTOR('',#1866,10.);
#436=VECTOR('',#1871,10.);
#437=VECTOR('',#1874,10.);
#438=VECTOR('',#1877,10.);
#439=VECTOR('',#1878,10.);
#440=VECTOR('',#1879,10.);
#441=VECTOR('',#1884,10.);
#442=VECTOR('',#1887,10.);
#443=VECTOR('',#1890,10.);
#444=VECTOR('',#1891,10.);
#445=VECTOR('',#1892,10.);
#446=VECTOR('',#1897,10.);
#447=VECTOR('',#1900,10.);
#448=VECTOR('',#1903,10.);
#449=VECTOR('',#1904,10.);
#450=VECTOR('',#1905,10.);
#451=VECTOR('',#1910,10.);
#452=VECTOR('',#1913,10.);
#453=VECTOR('',#1916,10.);
#454=VECTOR('',#1917,10.);
#455=VECTOR('',#1918,10.);
#456=VECTOR('',#1923,10.);
#457=VECTOR('',#1926,10.);
#458=VECTOR('',#1929,10.);
#459=VECTOR('',#1930,10.);
#460=VECTOR('',#1931,10.);
#461=VECTOR('',#1936,10.);
#462=VECTOR('',#1939,10.);
#463=VECTOR('',#1942,10.);
#464=VECTOR('',#1943,10.);
#465=VECTOR('',#1944,10.);
#466=VECTOR('',#1949,10.);
#467=VECTOR('',#1952,10.);
#468=VECTOR('',#1955,10.);
#469=VECTOR('',#1956,10.);
#470=VECTOR('',#1957,10.);
#471=VECTOR('',#1962,10.);
#472=VECTOR('',#1965,10.);
#473=VECTOR('',#1968,10.);
#474=VECTOR('',#1969,10.);
#475=VECTOR('',#1970,10.);
#476=VECTOR('',#1975,10.);
#477=VECTOR('',#1978,10.);
#478=VECTOR('',#1981,10.);
#479=VECTOR('',#1982,10.);
#480=VECTOR('',#1983,10.);
#481=VECTOR('',#1988,10.);
#482=VECTOR('',#1991,10.);
#483=VECTOR('',#1994,10.);
#484=VECTOR('',#1995,10.);
#485=VECTOR('',#1996,10.);
#486=VECTOR('',#2001,10.);
#487=VECTOR('',#2004,10.);
#488=VECTOR('',#2007,10.);
#489=VECTOR('',#2008,10.);
#490=VECTOR('',#2009,10.);
#491=VECTOR('',#2014,10.);
#492=VECTOR('',#2017,10.);
#493=VECTOR('',#2020,10.);
#494=VECTOR('',#2021,10.);
#495=VECTOR('',#2022,10.);
#496=VECTOR('',#2023,10.);
#497=VECTOR('',#2030,10.);
#498=VECTOR('',#2031,10.);
#499=VECTOR('',#2038,10.);
#500=VECTOR('',#2039,10.);
#501=VECTOR('',#2046,10.);
#502=VECTOR('',#2047,10.);
#503=VECTOR('',#2054,10.);
#504=VECTOR('',#2055,10.);
#505=VECTOR('',#2062,10.);
#506=VECTOR('',#2063,10.);
#507=VECTOR('',#2070,10.);
#508=VECTOR('',#2071,10.);
#509=VECTOR('',#2078,10.);
#510=VECTOR('',#2095,10.);
#511=VECTOR('',#2098,10.);
#512=VECTOR('',#2111,10.);
#513=VECTOR('',#2140,10.);
#514=VECTOR('',#2143,10.);
#515=VECTOR('',#2144,10.);
#516=VECTOR('',#2147,10.);
#517=VECTOR('',#2150,10.);
#518=VECTOR('',#2153,10.);
#519=VECTOR('',#2154,10.);
#520=VECTOR('',#2155,10.);
#521=VECTOR('',#2160,10.);
#522=VECTOR('',#2169,6.);
#523=VECTOR('',#2174,10.);
#524=VECTOR('',#2175,10.);
#525=VECTOR('',#2176,10.);
#526=VECTOR('',#2177,10.);
#527=VECTOR('',#2184,10.);
#528=VECTOR('',#2187,10.);
#529=VECTOR('',#2188,10.);
#530=VECTOR('',#2189,10.);
#531=VECTOR('',#2202,10.);
#532=VECTOR('',#2203,10.);
#533=VECTOR('',#2204,10.);
#534=VECTOR('',#2205,10.);
#535=VECTOR('',#2212,10.);
#536=VECTOR('',#2215,10.);
#537=VECTOR('',#2216,10.);
#538=VECTOR('',#2217,10.);
#539=VECTOR('',#2230,10.);
#540=VECTOR('',#2231,10.);
#541=VECTOR('',#2232,10.);
#542=VECTOR('',#2233,10.);
#543=VECTOR('',#2240,10.);
#544=VECTOR('',#2243,10.);
#545=VECTOR('',#2244,10.);
#546=VECTOR('',#2245,10.);
#547=VECTOR('',#2258,10.);
#548=VECTOR('',#2259,10.);
#549=VECTOR('',#2260,10.);
#550=VECTOR('',#2261,10.);
#551=VECTOR('',#2268,10.);
#552=VECTOR('',#2271,10.);
#553=VECTOR('',#2272,10.);
#554=VECTOR('',#2273,10.);
#555=CIRCLE('',#1680,1.5875);
#556=CIRCLE('',#1681,1.5875);
#557=CIRCLE('',#1684,1.5875);
#558=CIRCLE('',#1685,1.5875);
#559=CIRCLE('',#1688,1.5875);
#560=CIRCLE('',#1689,1.5875);
#561=CIRCLE('',#1692,1.5875);
#562=CIRCLE('',#1693,1.5875);
#563=CIRCLE('',#1696,1.5875);
#564=CIRCLE('',#1697,1.5875);
#565=CIRCLE('',#1700,1.5875);
#566=CIRCLE('',#1701,1.5875);
#567=CIRCLE('',#1704,1.5875);
#568=CIRCLE('',#1705,1.5875);
#569=CIRCLE('',#1708,1.5875);
#570=CIRCLE('',#1709,1.5875);
#571=CIRCLE('',#1712,1.5875);
#572=CIRCLE('',#1713,1.5875);
#573=CIRCLE('',#1716,1.5875);
#574=CIRCLE('',#1717,1.5875);
#575=CIRCLE('',#1720,1.5875);
#576=CIRCLE('',#1721,1.5875);
#577=CIRCLE('',#1724,1.5875);
#578=CIRCLE('',#1725,1.5875);
#579=CIRCLE('',#1728,1.5875);
#580=CIRCLE('',#1729,1.5875);
#581=CIRCLE('',#1732,1.5875);
#582=CIRCLE('',#1733,1.5875);
#583=CIRCLE('',#1736,14.9999994094507);
#584=CIRCLE('',#1737,14.9999994094507);
#585=CIRCLE('',#1739,14.9999994094507);
#586=CIRCLE('',#1740,14.9999994094507);
#587=CIRCLE('',#1742,14.9999994094507);
#588=CIRCLE('',#1743,14.9999994094507);
#589=CIRCLE('',#1745,14.9999994094507);
#590=CIRCLE('',#1746,14.9999994094507);
#591=CIRCLE('',#1748,14.9999994094507);
#592=CIRCLE('',#1749,14.9999994094507);
#593=CIRCLE('',#1751,14.9999994094507);
#594=CIRCLE('',#1752,14.9999994094507);
#595=CIRCLE('',#1754,14.9999994094507);
#596=CIRCLE('',#1755,14.9999994094507);
#597=CIRCLE('',#1757,8.34919966929135);
#598=CIRCLE('',#1758,8.34919966929135);
#599=CIRCLE('',#1759,8.34919966929135);
#600=CIRCLE('',#1760,8.34919966929135);
#601=CIRCLE('',#1761,8.34919966929135);
#602=CIRCLE('',#1762,8.34919966929135);
#603=CIRCLE('',#1763,1.5875);
#604=CIRCLE('',#1764,14.9999994094507);
#605=CIRCLE('',#1765,1.5875);
#606=CIRCLE('',#1766,8.34919966929135);
#607=CIRCLE('',#1767,8.34919966929135);
#608=CIRCLE('',#1768,6.);
#609=CIRCLE('',#1770,8.34919966929135);
#610=CIRCLE('',#1772,8.34919966929135);
#611=CIRCLE('',#1774,8.34919966929135);
#612=CIRCLE('',#1776,8.34919966929135);
#613=CIRCLE('',#1778,8.34919966929135);
#614=CIRCLE('',#1780,8.34919966929135);
#615=CIRCLE('',#1782,8.34919966929135);
#616=CIRCLE('',#1784,1.5875);
#617=CIRCLE('',#1787,1.5875);
#618=CIRCLE('',#1790,14.9999994094507);
#619=CIRCLE('',#1792,8.34919966929135);
#620=CIRCLE('',#1793,6.);
#621=CIRCLE('',#1798,1.00000001490116);
#622=CIRCLE('',#1799,1.00000001490116);
#623=CIRCLE('',#1802,6.);
#624=CIRCLE('',#1803,6.);
#625=CIRCLE('',#1808,1.00000001490116);
#626=CIRCLE('',#1809,1.00000001490116);
#627=CIRCLE('',#1812,6.);
#628=CIRCLE('',#1813,6.);
#629=CIRCLE('',#1818,6.);
#630=CIRCLE('',#1819,6.);
#631=CIRCLE('',#1822,1.00000001490116);
#632=CIRCLE('',#1823,1.00000001490116);
#633=CIRCLE('',#1828,1.00000001490116);
#634=CIRCLE('',#1829,1.00000001490116);
#635=CIRCLE('',#1832,6.);
#636=CIRCLE('',#1833,6.);
#637=VERTEX_POINT('',#2289);
#638=VERTEX_POINT('',#2290);
#639=VERTEX_POINT('',#2292);
#640=VERTEX_POINT('',#2294);
#641=VERTEX_POINT('',#2298);
#642=VERTEX_POINT('',#2300);
#643=VERTEX_POINT('',#2304);
#644=VERTEX_POINT('',#2305);
#645=VERTEX_POINT('',#2307);
#646=VERTEX_POINT('',#2309);
#647=VERTEX_POINT('',#2313);
#648=VERTEX_POINT('',#2315);
#649=VERTEX_POINT('',#2319);
#650=VERTEX_POINT('',#2320);
#651=VERTEX_POINT('',#2322);
#652=VERTEX_POINT('',#2324);
#653=VERTEX_POINT('',#2328);
#654=VERTEX_POINT('',#2330);
#655=VERTEX_POINT('',#2334);
#656=VERTEX_POINT('',#2335);
#657=VERTEX_POINT('',#2337);
#658=VERTEX_POINT('',#2339);
#659=VERTEX_POINT('',#2343);
#660=VERTEX_POINT('',#2345);
#661=VERTEX_POINT('',#2349);
#662=VERTEX_POINT('',#2350);
#663=VERTEX_POINT('',#2352);
#664=VERTEX_POINT('',#2354);
#665=VERTEX_POINT('',#2358);
#666=VERTEX_POINT('',#2360);
#667=VERTEX_POINT('',#2364);
#668=VERTEX_POINT('',#2365);
#669=VERTEX_POINT('',#2367);
#670=VERTEX_POINT('',#2369);
#671=VERTEX_POINT('',#2373);
#672=VERTEX_POINT('',#2375);
#673=VERTEX_POINT('',#2379);
#674=VERTEX_POINT('',#2380);
#675=VERTEX_POINT('',#2382);
#676=VERTEX_POINT('',#2384);
#677=VERTEX_POINT('',#2388);
#678=VERTEX_POINT('',#2390);
#679=VERTEX_POINT('',#2394);
#680=VERTEX_POINT('',#2395);
#681=VERTEX_POINT('',#2397);
#682=VERTEX_POINT('',#2399);
#683=VERTEX_POINT('',#2403);
#684=VERTEX_POINT('',#2405);
#685=VERTEX_POINT('',#2409);
#686=VERTEX_POINT('',#2410);
#687=VERTEX_POINT('',#2412);
#688=VERTEX_POINT('',#2414);
#689=VERTEX_POINT('',#2418);
#690=VERTEX_POINT('',#2420);
#691=VERTEX_POINT('',#2424);
#692=VERTEX_POINT('',#2425);
#693=VERTEX_POINT('',#2427);
#694=VERTEX_POINT('',#2429);
#695=VERTEX_POINT('',#2433);
#696=VERTEX_POINT('',#2435);
#697=VERTEX_POINT('',#2439);
#698=VERTEX_POINT('',#2440);
#699=VERTEX_POINT('',#2442);
#700=VERTEX_POINT('',#2444);
#701=VERTEX_POINT('',#2448);
#702=VERTEX_POINT('',#2450);
#703=VERTEX_POINT('',#2454);
#704=VERTEX_POINT('',#2455);
#705=VERTEX_POINT('',#2457);
#706=VERTEX_POINT('',#2459);
#707=VERTEX_POINT('',#2463);
#708=VERTEX_POINT('',#2465);
#709=VERTEX_POINT('',#2469);
#710=VERTEX_POINT('',#2470);
#711=VERTEX_POINT('',#2472);
#712=VERTEX_POINT('',#2474);
#713=VERTEX_POINT('',#2478);
#714=VERTEX_POINT('',#2480);
#715=VERTEX_POINT('',#2484);
#716=VERTEX_POINT('',#2485);
#717=VERTEX_POINT('',#2487);
#718=VERTEX_POINT('',#2489);
#719=VERTEX_POINT('',#2493);
#720=VERTEX_POINT('',#2495);
#721=VERTEX_POINT('',#2648);
#722=VERTEX_POINT('',#2724);
#723=VERTEX_POINT('',#2803);
#724=VERTEX_POINT('',#2805);
#725=VERTEX_POINT('',#3259);
#726=VERTEX_POINT('',#3335);
#727=VERTEX_POINT('',#3414);
#728=VERTEX_POINT('',#3416);
#729=VERTEX_POINT('',#3870);
#730=VERTEX_POINT('',#3946);
#731=VERTEX_POINT('',#4025);
#732=VERTEX_POINT('',#4027);
#733=VERTEX_POINT('',#4481);
#734=VERTEX_POINT('',#4557);
#735=VERTEX_POINT('',#4636);
#736=VERTEX_POINT('',#4638);
#737=VERTEX_POINT('',#5092);
#738=VERTEX_POINT('',#5168);
#739=VERTEX_POINT('',#5247);
#740=VERTEX_POINT('',#5249);
#741=VERTEX_POINT('',#5703);
#742=VERTEX_POINT('',#5779);
#743=VERTEX_POINT('',#5858);
#744=VERTEX_POINT('',#5860);
#745=VERTEX_POINT('',#6314);
#746=VERTEX_POINT('',#6390);
#747=VERTEX_POINT('',#6469);
#748=VERTEX_POINT('',#6471);
#749=VERTEX_POINT('',#6781);
#750=VERTEX_POINT('',#6783);
#751=VERTEX_POINT('',#6785);
#752=VERTEX_POINT('',#6787);
#753=VERTEX_POINT('',#6863);
#754=VERTEX_POINT('',#6865);
#755=VERTEX_POINT('',#6941);
#756=VERTEX_POINT('',#6943);
#757=VERTEX_POINT('',#6947);
#758=VERTEX_POINT('',#6950);
#759=VERTEX_POINT('',#6966);
#760=VERTEX_POINT('',#6970);
#761=VERTEX_POINT('',#6974);
#762=VERTEX_POINT('',#6976);
#763=VERTEX_POINT('',#6980);
#764=VERTEX_POINT('',#7133);
#765=VERTEX_POINT('',#7212);
#766=VERTEX_POINT('',#7443);
#767=VERTEX_POINT('',#7449);
#768=VERTEX_POINT('',#7450);
#769=VERTEX_POINT('',#7452);
#770=VERTEX_POINT('',#7454);
#771=VERTEX_POINT('',#7458);
#772=VERTEX_POINT('',#7460);
#773=VERTEX_POINT('',#7464);
#774=VERTEX_POINT('',#7466);
#775=VERTEX_POINT('',#7475);
#776=VERTEX_POINT('',#7476);
#777=VERTEX_POINT('',#7478);
#778=VERTEX_POINT('',#7480);
#779=VERTEX_POINT('',#7484);
#780=VERTEX_POINT('',#7486);
#781=VERTEX_POINT('',#7490);
#782=VERTEX_POINT('',#7492);
#783=VERTEX_POINT('',#7501);
#784=VERTEX_POINT('',#7502);
#785=VERTEX_POINT('',#7504);
#786=VERTEX_POINT('',#7506);
#787=VERTEX_POINT('',#7510);
#788=VERTEX_POINT('',#7512);
#789=VERTEX_POINT('',#7516);
#790=VERTEX_POINT('',#7518);
#791=VERTEX_POINT('',#7527);
#792=VERTEX_POINT('',#7528);
#793=VERTEX_POINT('',#7530);
#794=VERTEX_POINT('',#7532);
#795=VERTEX_POINT('',#7536);
#796=VERTEX_POINT('',#7538);
#797=VERTEX_POINT('',#7542);
#798=VERTEX_POINT('',#7544);
#799=EDGE_CURVE('',#637,#638,#555,.F.);
#800=EDGE_CURVE('',#638,#639,#297,.T.);
#801=EDGE_CURVE('',#639,#640,#556,.T.);
#802=EDGE_CURVE('',#640,#637,#298,.T.);
#803=EDGE_CURVE('',#641,#638,#299,.T.);
#804=EDGE_CURVE('',#642,#641,#300,.T.);
#805=EDGE_CURVE('',#639,#642,#301,.T.);
#806=EDGE_CURVE('',#643,#644,#557,.T.);
#807=EDGE_CURVE('',#644,#645,#302,.T.);
#808=EDGE_CURVE('',#645,#646,#558,.F.);
#809=EDGE_CURVE('',#646,#643,#303,.T.);
#810=EDGE_CURVE('',#644,#647,#304,.T.);
#811=EDGE_CURVE('',#647,#648,#305,.T.);
#812=EDGE_CURVE('',#645,#648,#306,.T.);
#813=EDGE_CURVE('',#649,#650,#559,.F.);
#814=EDGE_CURVE('',#650,#651,#307,.T.);
#815=EDGE_CURVE('',#651,#652,#560,.T.);
#816=EDGE_CURVE('',#652,#649,#308,.T.);
#817=EDGE_CURVE('',#653,#650,#309,.T.);
#818=EDGE_CURVE('',#654,#653,#310,.T.);
#819=EDGE_CURVE('',#651,#654,#311,.T.);
#820=EDGE_CURVE('',#655,#656,#561,.T.);
#821=EDGE_CURVE('',#656,#657,#312,.T.);
#822=EDGE_CURVE('',#657,#658,#562,.F.);
#823=EDGE_CURVE('',#658,#655,#313,.T.);
#824=EDGE_CURVE('',#656,#659,#314,.T.);
#825=EDGE_CURVE('',#659,#660,#315,.T.);
#826=EDGE_CURVE('',#657,#660,#316,.T.);
#827=EDGE_CURVE('',#661,#662,#563,.F.);
#828=EDGE_CURVE('',#662,#663,#317,.T.);
#829=EDGE_CURVE('',#663,#664,#564,.T.);
#830=EDGE_CURVE('',#664,#661,#318,.T.);
#831=EDGE_CURVE('',#665,#662,#319,.T.);
#832=EDGE_CURVE('',#666,#665,#320,.T.);
#833=EDGE_CURVE('',#663,#666,#321,.T.);
#834=EDGE_CURVE('',#667,#668,#565,.T.);
#835=EDGE_CURVE('',#668,#669,#322,.T.);
#836=EDGE_CURVE('',#669,#670,#566,.F.);
#837=EDGE_CURVE('',#670,#667,#323,.T.);
#838=EDGE_CURVE('',#668,#671,#324,.T.);
#839=EDGE_CURVE('',#671,#672,#325,.T.);
#840=EDGE_CURVE('',#669,#672,#326,.T.);
#841=EDGE_CURVE('',#673,#674,#567,.F.);
#842=EDGE_CURVE('',#674,#675,#327,.T.);
#843=EDGE_CURVE('',#675,#676,#568,.T.);
#844=EDGE_CURVE('',#676,#673,#328,.T.);
#845=EDGE_CURVE('',#677,#674,#329,.T.);
#846=EDGE_CURVE('',#678,#677,#330,.T.);
#847=EDGE_CURVE('',#675,#678,#331,.T.);
#848=EDGE_CURVE('',#679,#680,#569,.T.);
#849=EDGE_CURVE('',#680,#681,#332,.T.);
#850=EDGE_CURVE('',#681,#682,#570,.F.);
#851=EDGE_CURVE('',#682,#679,#333,.T.);
#852=EDGE_CURVE('',#680,#683,#334,.T.);
#853=EDGE_CURVE('',#683,#684,#335,.T.);
#854=EDGE_CURVE('',#681,#684,#336,.T.);
#855=EDGE_CURVE('',#685,#686,#571,.F.);
#856=EDGE_CURVE('',#686,#687,#337,.T.);
#857=EDGE_CURVE('',#687,#688,#572,.T.);
#858=EDGE_CURVE('',#688,#685,#338,.T.);
#859=EDGE_CURVE('',#689,#686,#339,.T.);
#860=EDGE_CURVE('',#690,#689,#340,.T.);
#861=EDGE_CURVE('',#687,#690,#341,.T.);
#862=EDGE_CURVE('',#691,#692,#573,.T.);
#863=EDGE_CURVE('',#692,#693,#342,.T.);
#864=EDGE_CURVE('',#693,#694,#574,.F.);
#865=EDGE_CURVE('',#694,#691,#343,.T.);
#866=EDGE_CURVE('',#692,#695,#344,.T.);
#867=EDGE_CURVE('',#695,#696,#345,.T.);
#868=EDGE_CURVE('',#693,#696,#346,.T.);
#869=EDGE_CURVE('',#697,#698,#575,.F.);
#870=EDGE_CURVE('',#698,#699,#347,.T.);
#871=EDGE_CURVE('',#699,#700,#576,.T.);
#872=EDGE_CURVE('',#700,#697,#348,.T.);
#873=EDGE_CURVE('',#701,#698,#349,.T.);
#874=EDGE_CURVE('',#702,#701,#350,.T.);
#875=EDGE_CURVE('',#699,#702,#351,.T.);
#876=EDGE_CURVE('',#703,#704,#577,.T.);
#877=EDGE_CURVE('',#704,#705,#352,.T.);
#878=EDGE_CURVE('',#705,#706,#578,.F.);
#879=EDGE_CURVE('',#706,#703,#353,.T.);
#880=EDGE_CURVE('',#704,#707,#354,.T.);
#881=EDGE_CURVE('',#707,#708,#355,.T.);
#882=EDGE_CURVE('',#705,#708,#356,.T.);
#883=EDGE_CURVE('',#709,#710,#579,.F.);
#884=EDGE_CURVE('',#710,#711,#357,.T.);
#885=EDGE_CURVE('',#711,#712,#580,.T.);
#886=EDGE_CURVE('',#712,#709,#358,.T.);
#887=EDGE_CURVE('',#713,#710,#359,.T.);
#888=EDGE_CURVE('',#714,#713,#360,.T.);
#889=EDGE_CURVE('',#711,#714,#361,.T.);
#890=EDGE_CURVE('',#715,#716,#581,.T.);
#891=EDGE_CURVE('',#716,#717,#362,.T.);
#892=EDGE_CURVE('',#717,#718,#582,.F.);
#893=EDGE_CURVE('',#718,#715,#363,.T.);
#894=EDGE_CURVE('',#716,#719,#364,.T.);
#895=EDGE_CURVE('',#719,#720,#365,.T.);
#896=EDGE_CURVE('',#717,#720,#366,.T.);
#897=EDGE_CURVE('',#642,#721,#47,.T.);
#898=EDGE_CURVE('',#722,#641,#31,.T.);
#899=EDGE_CURVE('',#721,#722,#367,.T.);
#900=EDGE_CURVE('',#723,#721,#583,.T.);
#901=EDGE_CURVE('',#724,#722,#584,.T.);
#902=EDGE_CURVE('',#723,#724,#368,.T.);
#903=EDGE_CURVE('',#647,#723,#48,.T.);
#904=EDGE_CURVE('',#648,#724,#32,.T.);
#905=EDGE_CURVE('',#654,#725,#49,.T.);
#906=EDGE_CURVE('',#726,#653,#33,.T.);
#907=EDGE_CURVE('',#725,#726,#369,.T.);
#908=EDGE_CURVE('',#727,#725,#585,.T.);
#909=EDGE_CURVE('',#728,#726,#586,.T.);
#910=EDGE_CURVE('',#727,#728,#370,.T.);
#911=EDGE_CURVE('',#659,#727,#50,.T.);
#912=EDGE_CURVE('',#660,#728,#34,.T.);
#913=EDGE_CURVE('',#666,#729,#51,.T.);
#914=EDGE_CURVE('',#730,#665,#35,.T.);
#915=EDGE_CURVE('',#729,#730,#371,.T.);
#916=EDGE_CURVE('',#731,#729,#587,.T.);
#917=EDGE_CURVE('',#732,#730,#588,.T.);
#918=EDGE_CURVE('',#731,#732,#372,.T.);
#919=EDGE_CURVE('',#671,#731,#52,.T.);
#920=EDGE_CURVE('',#672,#732,#36,.T.);
#921=EDGE_CURVE('',#678,#733,#53,.T.);
#922=EDGE_CURVE('',#734,#677,#37,.T.);
#923=EDGE_CURVE('',#733,#734,#373,.T.);
#924=EDGE_CURVE('',#735,#733,#589,.T.);
#925=EDGE_CURVE('',#736,#734,#590,.T.);
#926=EDGE_CURVE('',#735,#736,#374,.T.);
#927=EDGE_CURVE('',#683,#735,#54,.T.);
#928=EDGE_CURVE('',#684,#736,#38,.T.);
#929=EDGE_CURVE('',#690,#737,#55,.T.);
#930=EDGE_CURVE('',#738,#689,#39,.T.);
#931=EDGE_CURVE('',#737,#738,#375,.T.);
#932=EDGE_CURVE('',#739,#737,#591,.T.);
#933=EDGE_CURVE('',#740,#738,#592,.T.);
#934=EDGE_CURVE('',#739,#740,#376,.T.);
#935=EDGE_CURVE('',#695,#739,#56,.T.);
#936=EDGE_CURVE('',#696,#740,#40,.T.);
#937=EDGE_CURVE('',#702,#741,#57,.T.);
#938=EDGE_CURVE('',#742,#701,#41,.T.);
#939=EDGE_CURVE('',#741,#742,#377,.T.);
#940=EDGE_CURVE('',#743,#741,#593,.T.);
#941=EDGE_CURVE('',#744,#742,#594,.T.);
#942=EDGE_CURVE('',#743,#744,#378,.T.);
#943=EDGE_CURVE('',#707,#743,#58,.T.);
#944=EDGE_CURVE('',#708,#744,#42,.T.);
#945=EDGE_CURVE('',#714,#745,#59,.T.);
#946=EDGE_CURVE('',#746,#713,#43,.T.);
#947=EDGE_CURVE('',#745,#746,#379,.T.);
#948=EDGE_CURVE('',#747,#745,#595,.T.);
#949=EDGE_CURVE('',#748,#746,#596,.T.);
#950=EDGE_CURVE('',#747,#748,#380,.T.);
#951=EDGE_CURVE('',#719,#747,#60,.T.);
#952=EDGE_CURVE('',#720,#748,#44,.T.);
#953=EDGE_CURVE('',#664,#655,#597,.T.);
#954=EDGE_CURVE('',#676,#667,#598,.T.);
#955=EDGE_CURVE('',#688,#679,#599,.T.);
#956=EDGE_CURVE('',#700,#691,#600,.T.);
#957=EDGE_CURVE('',#712,#703,#601,.T.);
#958=EDGE_CURVE('',#749,#715,#602,.T.);
#959=EDGE_CURVE('',#750,#749,#603,.T.);
#960=EDGE_CURVE('',#750,#751,#381,.T.);
#961=EDGE_CURVE('',#751,#752,#61,.T.);
#962=EDGE_CURVE('',#753,#752,#604,.T.);
#963=EDGE_CURVE('',#754,#753,#62,.T.);
#964=EDGE_CURVE('',#755,#754,#382,.T.);
#965=EDGE_CURVE('',#756,#755,#605,.T.);
#966=EDGE_CURVE('',#640,#756,#606,.T.);
#967=EDGE_CURVE('',#652,#643,#607,.T.);
#968=EDGE_CURVE('',#757,#757,#608,.T.);
#969=EDGE_CURVE('',#758,#718,#609,.T.);
#970=EDGE_CURVE('',#749,#758,#383,.T.);
#971=EDGE_CURVE('',#709,#706,#610,.T.);
#972=EDGE_CURVE('',#697,#694,#611,.T.);
#973=EDGE_CURVE('',#685,#682,#612,.T.);
#974=EDGE_CURVE('',#673,#670,#613,.T.);
#975=EDGE_CURVE('',#661,#658,#614,.T.);
#976=EDGE_CURVE('',#649,#646,#615,.T.);
#977=EDGE_CURVE('',#758,#759,#616,.F.);
#978=EDGE_CURVE('',#759,#750,#384,.T.);
#979=EDGE_CURVE('',#760,#759,#385,.T.);
#980=EDGE_CURVE('',#751,#760,#386,.T.);
#981=EDGE_CURVE('',#755,#761,#387,.T.);
#982=EDGE_CURVE('',#761,#762,#617,.F.);
#983=EDGE_CURVE('',#762,#756,#388,.T.);
#984=EDGE_CURVE('',#754,#763,#389,.T.);
#985=EDGE_CURVE('',#761,#763,#390,.T.);
#986=EDGE_CURVE('',#764,#760,#45,.T.);
#987=EDGE_CURVE('',#752,#764,#391,.T.);
#988=EDGE_CURVE('',#765,#764,#618,.T.);
#989=EDGE_CURVE('',#753,#765,#392,.T.);
#990=EDGE_CURVE('',#763,#765,#46,.T.);
#991=EDGE_CURVE('',#637,#762,#619,.T.);
#992=EDGE_CURVE('',#766,#766,#620,.T.);
#993=EDGE_CURVE('',#766,#757,#393,.T.);
#994=EDGE_CURVE('',#767,#768,#394,.T.);
#995=EDGE_CURVE('',#768,#769,#395,.T.);
#996=EDGE_CURVE('',#770,#769,#396,.T.);
#997=EDGE_CURVE('',#767,#770,#397,.T.);
#998=EDGE_CURVE('',#767,#771,#621,.T.);
#999=EDGE_CURVE('',#772,#770,#622,.T.);
#1000=EDGE_CURVE('',#771,#772,#398,.T.);
#1001=EDGE_CURVE('',#773,#771,#399,.T.);
#1002=EDGE_CURVE('',#774,#772,#400,.T.);
#1003=EDGE_CURVE('',#773,#774,#401,.T.);
#1004=EDGE_CURVE('',#773,#768,#623,.T.);
#1005=EDGE_CURVE('',#769,#774,#624,.T.);
#1006=EDGE_CURVE('',#775,#776,#402,.T.);
#1007=EDGE_CURVE('',#776,#777,#403,.T.);
#1008=EDGE_CURVE('',#778,#777,#404,.T.);
#1009=EDGE_CURVE('',#775,#778,#405,.T.);
#1010=EDGE_CURVE('',#775,#779,#625,.T.);
#1011=EDGE_CURVE('',#780,#778,#626,.T.);
#1012=EDGE_CURVE('',#779,#780,#406,.T.);
#1013=EDGE_CURVE('',#781,#779,#407,.T.);
#1014=EDGE_CURVE('',#782,#780,#408,.T.);
#1015=EDGE_CURVE('',#781,#782,#409,.T.);
#1016=EDGE_CURVE('',#781,#776,#627,.T.);
#1017=EDGE_CURVE('',#777,#782,#628,.T.);
#1018=EDGE_CURVE('',#783,#784,#410,.T.);
#1019=EDGE_CURVE('',#783,#785,#411,.T.);
#1020=EDGE_CURVE('',#786,#785,#412,.T.);
#1021=EDGE_CURVE('',#784,#786,#413,.T.);
#1022=EDGE_CURVE('',#784,#787,#629,.T.);
#1023=EDGE_CURVE('',#788,#786,#630,.T.);
#1024=EDGE_CURVE('',#787,#788,#414,.T.);
#1025=EDGE_CURVE('',#787,#789,#415,.T.);
#1026=EDGE_CURVE('',#790,#788,#416,.T.);
#1027=EDGE_CURVE('',#789,#790,#417,.T.);
#1028=EDGE_CURVE('',#789,#783,#631,.T.);
#1029=EDGE_CURVE('',#785,#790,#632,.T.);
#1030=EDGE_CURVE('',#791,#792,#418,.T.);
#1031=EDGE_CURVE('',#792,#793,#419,.T.);
#1032=EDGE_CURVE('',#794,#793,#420,.T.);
#1033=EDGE_CURVE('',#791,#794,#421,.T.);
#1034=EDGE_CURVE('',#791,#795,#633,.T.);
#1035=EDGE_CURVE('',#796,#794,#634,.T.);
#1036=EDGE_CURVE('',#795,#796,#422,.T.);
#1037=EDGE_CURVE('',#797,#795,#423,.T.);
#1038=EDGE_CURVE('',#798,#796,#424,.T.);
#1039=EDGE_CURVE('',#797,#798,#425,.T.);
#1040=EDGE_CURVE('',#797,#792,#635,.T.);
#1041=EDGE_CURVE('',#793,#798,#636,.T.);
#1042=ORIENTED_EDGE('',*,*,#799,.T.);
#1043=ORIENTED_EDGE('',*,*,#800,.T.);
#1044=ORIENTED_EDGE('',*,*,#801,.T.);
#1045=ORIENTED_EDGE('',*,*,#802,.T.);
#1046=ORIENTED_EDGE('',*,*,#800,.F.);
#1047=ORIENTED_EDGE('',*,*,#803,.F.);
#1048=ORIENTED_EDGE('',*,*,#804,.F.);
#1049=ORIENTED_EDGE('',*,*,#805,.F.);
#1050=ORIENTED_EDGE('',*,*,#806,.T.);
#1051=ORIENTED_EDGE('',*,*,#807,.T.);
#1052=ORIENTED_EDGE('',*,*,#808,.T.);
#1053=ORIENTED_EDGE('',*,*,#809,.T.);
#1054=ORIENTED_EDGE('',*,*,#807,.F.);
#1055=ORIENTED_EDGE('',*,*,#810,.T.);
#1056=ORIENTED_EDGE('',*,*,#811,.T.);
#1057=ORIENTED_EDGE('',*,*,#812,.F.);
#1058=ORIENTED_EDGE('',*,*,#813,.T.);
#1059=ORIENTED_EDGE('',*,*,#814,.T.);
#1060=ORIENTED_EDGE('',*,*,#815,.T.);
#1061=ORIENTED_EDGE('',*,*,#816,.T.);
#1062=ORIENTED_EDGE('',*,*,#814,.F.);
#1063=ORIENTED_EDGE('',*,*,#817,.F.);
#1064=ORIENTED_EDGE('',*,*,#818,.F.);
#1065=ORIENTED_EDGE('',*,*,#819,.F.);
#1066=ORIENTED_EDGE('',*,*,#820,.T.);
#1067=ORIENTED_EDGE('',*,*,#821,.T.);
#1068=ORIENTED_EDGE('',*,*,#822,.T.);
#1069=ORIENTED_EDGE('',*,*,#823,.T.);
#1070=ORIENTED_EDGE('',*,*,#821,.F.);
#1071=ORIENTED_EDGE('',*,*,#824,.T.);
#1072=ORIENTED_EDGE('',*,*,#825,.T.);
#1073=ORIENTED_EDGE('',*,*,#826,.F.);
#1074=ORIENTED_EDGE('',*,*,#827,.T.);
#1075=ORIENTED_EDGE('',*,*,#828,.T.);
#1076=ORIENTED_EDGE('',*,*,#829,.T.);
#1077=ORIENTED_EDGE('',*,*,#830,.T.);
#1078=ORIENTED_EDGE('',*,*,#828,.F.);
#1079=ORIENTED_EDGE('',*,*,#831,.F.);
#1080=ORIENTED_EDGE('',*,*,#832,.F.);
#1081=ORIENTED_EDGE('',*,*,#833,.F.);
#1082=ORIENTED_EDGE('',*,*,#834,.T.);
#1083=ORIENTED_EDGE('',*,*,#835,.T.);
#1084=ORIENTED_EDGE('',*,*,#836,.T.);
#1085=ORIENTED_EDGE('',*,*,#837,.T.);
#1086=ORIENTED_EDGE('',*,*,#835,.F.);
#1087=ORIENTED_EDGE('',*,*,#838,.T.);
#1088=ORIENTED_EDGE('',*,*,#839,.T.);
#1089=ORIENTED_EDGE('',*,*,#840,.F.);
#1090=ORIENTED_EDGE('',*,*,#841,.T.);
#1091=ORIENTED_EDGE('',*,*,#842,.T.);
#1092=ORIENTED_EDGE('',*,*,#843,.T.);
#1093=ORIENTED_EDGE('',*,*,#844,.T.);
#1094=ORIENTED_EDGE('',*,*,#842,.F.);
#1095=ORIENTED_EDGE('',*,*,#845,.F.);
#1096=ORIENTED_EDGE('',*,*,#846,.F.);
#1097=ORIENTED_EDGE('',*,*,#847,.F.);
#1098=ORIENTED_EDGE('',*,*,#848,.T.);
#1099=ORIENTED_EDGE('',*,*,#849,.T.);
#1100=ORIENTED_EDGE('',*,*,#850,.T.);
#1101=ORIENTED_EDGE('',*,*,#851,.T.);
#1102=ORIENTED_EDGE('',*,*,#849,.F.);
#1103=ORIENTED_EDGE('',*,*,#852,.T.);
#1104=ORIENTED_EDGE('',*,*,#853,.T.);
#1105=ORIENTED_EDGE('',*,*,#854,.F.);
#1106=ORIENTED_EDGE('',*,*,#855,.T.);
#1107=ORIENTED_EDGE('',*,*,#856,.T.);
#1108=ORIENTED_EDGE('',*,*,#857,.T.);
#1109=ORIENTED_EDGE('',*,*,#858,.T.);
#1110=ORIENTED_EDGE('',*,*,#856,.F.);
#1111=ORIENTED_EDGE('',*,*,#859,.F.);
#1112=ORIENTED_EDGE('',*,*,#860,.F.);
#1113=ORIENTED_EDGE('',*,*,#861,.F.);
#1114=ORIENTED_EDGE('',*,*,#862,.T.);
#1115=ORIENTED_EDGE('',*,*,#863,.T.);
#1116=ORIENTED_EDGE('',*,*,#864,.T.);
#1117=ORIENTED_EDGE('',*,*,#865,.T.);
#1118=ORIENTED_EDGE('',*,*,#863,.F.);
#1119=ORIENTED_EDGE('',*,*,#866,.T.);
#1120=ORIENTED_EDGE('',*,*,#867,.T.);
#1121=ORIENTED_EDGE('',*,*,#868,.F.);
#1122=ORIENTED_EDGE('',*,*,#869,.T.);
#1123=ORIENTED_EDGE('',*,*,#870,.T.);
#1124=ORIENTED_EDGE('',*,*,#871,.T.);
#1125=ORIENTED_EDGE('',*,*,#872,.T.);
#1126=ORIENTED_EDGE('',*,*,#870,.F.);
#1127=ORIENTED_EDGE('',*,*,#873,.F.);
#1128=ORIENTED_EDGE('',*,*,#874,.F.);
#1129=ORIENTED_EDGE('',*,*,#875,.F.);
#1130=ORIENTED_EDGE('',*,*,#876,.T.);
#1131=ORIENTED_EDGE('',*,*,#877,.T.);
#1132=ORIENTED_EDGE('',*,*,#878,.T.);
#1133=ORIENTED_EDGE('',*,*,#879,.T.);
#1134=ORIENTED_EDGE('',*,*,#877,.F.);
#1135=ORIENTED_EDGE('',*,*,#880,.T.);
#1136=ORIENTED_EDGE('',*,*,#881,.T.);
#1137=ORIENTED_EDGE('',*,*,#882,.F.);
#1138=ORIENTED_EDGE('',*,*,#883,.T.);
#1139=ORIENTED_EDGE('',*,*,#884,.T.);
#1140=ORIENTED_EDGE('',*,*,#885,.T.);
#1141=ORIENTED_EDGE('',*,*,#886,.T.);
#1142=ORIENTED_EDGE('',*,*,#884,.F.);
#1143=ORIENTED_EDGE('',*,*,#887,.F.);
#1144=ORIENTED_EDGE('',*,*,#888,.F.);
#1145=ORIENTED_EDGE('',*,*,#889,.F.);
#1146=ORIENTED_EDGE('',*,*,#890,.T.);
#1147=ORIENTED_EDGE('',*,*,#891,.T.);
#1148=ORIENTED_EDGE('',*,*,#892,.T.);
#1149=ORIENTED_EDGE('',*,*,#893,.T.);
#1150=ORIENTED_EDGE('',*,*,#891,.F.);
#1151=ORIENTED_EDGE('',*,*,#894,.T.);
#1152=ORIENTED_EDGE('',*,*,#895,.T.);
#1153=ORIENTED_EDGE('',*,*,#896,.F.);
#1154=ORIENTED_EDGE('',*,*,#897,.F.);
#1155=ORIENTED_EDGE('',*,*,#804,.T.);
#1156=ORIENTED_EDGE('',*,*,#898,.F.);
#1157=ORIENTED_EDGE('',*,*,#899,.F.);
#1158=ORIENTED_EDGE('',*,*,#900,.T.);
#1159=ORIENTED_EDGE('',*,*,#899,.T.);
#1160=ORIENTED_EDGE('',*,*,#901,.F.);
#1161=ORIENTED_EDGE('',*,*,#902,.F.);
#1162=ORIENTED_EDGE('',*,*,#903,.T.);
#1163=ORIENTED_EDGE('',*,*,#902,.T.);
#1164=ORIENTED_EDGE('',*,*,#904,.F.);
#1165=ORIENTED_EDGE('',*,*,#811,.F.);
#1166=ORIENTED_EDGE('',*,*,#905,.F.);
#1167=ORIENTED_EDGE('',*,*,#818,.T.);
#1168=ORIENTED_EDGE('',*,*,#906,.F.);
#1169=ORIENTED_EDGE('',*,*,#907,.F.);
#1170=ORIENTED_EDGE('',*,*,#908,.T.);
#1171=ORIENTED_EDGE('',*,*,#907,.T.);
#1172=ORIENTED_EDGE('',*,*,#909,.F.);
#1173=ORIENTED_EDGE('',*,*,#910,.F.);
#1174=ORIENTED_EDGE('',*,*,#911,.T.);
#1175=ORIENTED_EDGE('',*,*,#910,.T.);
#1176=ORIENTED_EDGE('',*,*,#912,.F.);
#1177=ORIENTED_EDGE('',*,*,#825,.F.);
#1178=ORIENTED_EDGE('',*,*,#913,.F.);
#1179=ORIENTED_EDGE('',*,*,#832,.T.);
#1180=ORIENTED_EDGE('',*,*,#914,.F.);
#1181=ORIENTED_EDGE('',*,*,#915,.F.);
#1182=ORIENTED_EDGE('',*,*,#916,.T.);
#1183=ORIENTED_EDGE('',*,*,#915,.T.);
#1184=ORIENTED_EDGE('',*,*,#917,.F.);
#1185=ORIENTED_EDGE('',*,*,#918,.F.);
#1186=ORIENTED_EDGE('',*,*,#919,.T.);
#1187=ORIENTED_EDGE('',*,*,#918,.T.);
#1188=ORIENTED_EDGE('',*,*,#920,.F.);
#1189=ORIENTED_EDGE('',*,*,#839,.F.);
#1190=ORIENTED_EDGE('',*,*,#921,.F.);
#1191=ORIENTED_EDGE('',*,*,#846,.T.);
#1192=ORIENTED_EDGE('',*,*,#922,.F.);
#1193=ORIENTED_EDGE('',*,*,#923,.F.);
#1194=ORIENTED_EDGE('',*,*,#924,.T.);
#1195=ORIENTED_EDGE('',*,*,#923,.T.);
#1196=ORIENTED_EDGE('',*,*,#925,.F.);
#1197=ORIENTED_EDGE('',*,*,#926,.F.);
#1198=ORIENTED_EDGE('',*,*,#927,.T.);
#1199=ORIENTED_EDGE('',*,*,#926,.T.);
#1200=ORIENTED_EDGE('',*,*,#928,.F.);
#1201=ORIENTED_EDGE('',*,*,#853,.F.);
#1202=ORIENTED_EDGE('',*,*,#929,.F.);
#1203=ORIENTED_EDGE('',*,*,#860,.T.);
#1204=ORIENTED_EDGE('',*,*,#930,.F.);
#1205=ORIENTED_EDGE('',*,*,#931,.F.);
#1206=ORIENTED_EDGE('',*,*,#932,.T.);
#1207=ORIENTED_EDGE('',*,*,#931,.T.);
#1208=ORIENTED_EDGE('',*,*,#933,.F.);
#1209=ORIENTED_EDGE('',*,*,#934,.F.);
#1210=ORIENTED_EDGE('',*,*,#935,.T.);
#1211=ORIENTED_EDGE('',*,*,#934,.T.);
#1212=ORIENTED_EDGE('',*,*,#936,.F.);
#1213=ORIENTED_EDGE('',*,*,#867,.F.);
#1214=ORIENTED_EDGE('',*,*,#937,.F.);
#1215=ORIENTED_EDGE('',*,*,#874,.T.);
#1216=ORIENTED_EDGE('',*,*,#938,.F.);
#1217=ORIENTED_EDGE('',*,*,#939,.F.);
#1218=ORIENTED_EDGE('',*,*,#940,.T.);
#1219=ORIENTED_EDGE('',*,*,#939,.T.);
#1220=ORIENTED_EDGE('',*,*,#941,.F.);
#1221=ORIENTED_EDGE('',*,*,#942,.F.);
#1222=ORIENTED_EDGE('',*,*,#943,.T.);
#1223=ORIENTED_EDGE('',*,*,#942,.T.);
#1224=ORIENTED_EDGE('',*,*,#944,.F.);
#1225=ORIENTED_EDGE('',*,*,#881,.F.);
#1226=ORIENTED_EDGE('',*,*,#945,.F.);
#1227=ORIENTED_EDGE('',*,*,#888,.T.);
#1228=ORIENTED_EDGE('',*,*,#946,.F.);
#1229=ORIENTED_EDGE('',*,*,#947,.F.);
#1230=ORIENTED_EDGE('',*,*,#948,.T.);
#1231=ORIENTED_EDGE('',*,*,#947,.T.);
#1232=ORIENTED_EDGE('',*,*,#949,.F.);
#1233=ORIENTED_EDGE('',*,*,#950,.F.);
#1234=ORIENTED_EDGE('',*,*,#951,.T.);
#1235=ORIENTED_EDGE('',*,*,#950,.T.);
#1236=ORIENTED_EDGE('',*,*,#952,.F.);
#1237=ORIENTED_EDGE('',*,*,#895,.F.);
#1238=ORIENTED_EDGE('',*,*,#815,.F.);
#1239=ORIENTED_EDGE('',*,*,#819,.T.);
#1240=ORIENTED_EDGE('',*,*,#905,.T.);
#1241=ORIENTED_EDGE('',*,*,#908,.F.);
#1242=ORIENTED_EDGE('',*,*,#911,.F.);
#1243=ORIENTED_EDGE('',*,*,#824,.F.);
#1244=ORIENTED_EDGE('',*,*,#820,.F.);
#1245=ORIENTED_EDGE('',*,*,#953,.F.);
#1246=ORIENTED_EDGE('',*,*,#829,.F.);
#1247=ORIENTED_EDGE('',*,*,#833,.T.);
#1248=ORIENTED_EDGE('',*,*,#913,.T.);
#1249=ORIENTED_EDGE('',*,*,#916,.F.);
#1250=ORIENTED_EDGE('',*,*,#919,.F.);
#1251=ORIENTED_EDGE('',*,*,#838,.F.);
#1252=ORIENTED_EDGE('',*,*,#834,.F.);
#1253=ORIENTED_EDGE('',*,*,#954,.F.);
#1254=ORIENTED_EDGE('',*,*,#843,.F.);
#1255=ORIENTED_EDGE('',*,*,#847,.T.);
#1256=ORIENTED_EDGE('',*,*,#921,.T.);
#1257=ORIENTED_EDGE('',*,*,#924,.F.);
#1258=ORIENTED_EDGE('',*,*,#927,.F.);
#1259=ORIENTED_EDGE('',*,*,#852,.F.);
#1260=ORIENTED_EDGE('',*,*,#848,.F.);
#1261=ORIENTED_EDGE('',*,*,#955,.F.);
#1262=ORIENTED_EDGE('',*,*,#857,.F.);
#1263=ORIENTED_EDGE('',*,*,#861,.T.);
#1264=ORIENTED_EDGE('',*,*,#929,.T.);
#1265=ORIENTED_EDGE('',*,*,#932,.F.);
#1266=ORIENTED_EDGE('',*,*,#935,.F.);
#1267=ORIENTED_EDGE('',*,*,#866,.F.);
#1268=ORIENTED_EDGE('',*,*,#862,.F.);
#1269=ORIENTED_EDGE('',*,*,#956,.F.);
#1270=ORIENTED_EDGE('',*,*,#871,.F.);
#1271=ORIENTED_EDGE('',*,*,#875,.T.);
#1272=ORIENTED_EDGE('',*,*,#937,.T.);
#1273=ORIENTED_EDGE('',*,*,#940,.F.);
#1274=ORIENTED_EDGE('',*,*,#943,.F.);
#1275=ORIENTED_EDGE('',*,*,#880,.F.);
#1276=ORIENTED_EDGE('',*,*,#876,.F.);
#1277=ORIENTED_EDGE('',*,*,#957,.F.);
#1278=ORIENTED_EDGE('',*,*,#885,.F.);
#1279=ORIENTED_EDGE('',*,*,#889,.T.);
#1280=ORIENTED_EDGE('',*,*,#945,.T.);
#1281=ORIENTED_EDGE('',*,*,#948,.F.);
#1282=ORIENTED_EDGE('',*,*,#951,.F.);
#1283=ORIENTED_EDGE('',*,*,#894,.F.);
#1284=ORIENTED_EDGE('',*,*,#890,.F.);
#1285=ORIENTED_EDGE('',*,*,#958,.F.);
#1286=ORIENTED_EDGE('',*,*,#959,.F.);
#1287=ORIENTED_EDGE('',*,*,#960,.T.);
#1288=ORIENTED_EDGE('',*,*,#961,.T.);
#1289=ORIENTED_EDGE('',*,*,#962,.F.);
#1290=ORIENTED_EDGE('',*,*,#963,.F.);
#1291=ORIENTED_EDGE('',*,*,#964,.F.);
#1292=ORIENTED_EDGE('',*,*,#965,.F.);
#1293=ORIENTED_EDGE('',*,*,#966,.F.);
#1294=ORIENTED_EDGE('',*,*,#801,.F.);
#1295=ORIENTED_EDGE('',*,*,#805,.T.);
#1296=ORIENTED_EDGE('',*,*,#897,.T.);
#1297=ORIENTED_EDGE('',*,*,#900,.F.);
#1298=ORIENTED_EDGE('',*,*,#903,.F.);
#1299=ORIENTED_EDGE('',*,*,#810,.F.);
#1300=ORIENTED_EDGE('',*,*,#806,.F.);
#1301=ORIENTED_EDGE('',*,*,#967,.F.);
#1302=ORIENTED_EDGE('',*,*,#968,.F.);
#1303=ORIENTED_EDGE('',*,*,#893,.F.);
#1304=ORIENTED_EDGE('',*,*,#969,.F.);
#1305=ORIENTED_EDGE('',*,*,#970,.F.);
#1306=ORIENTED_EDGE('',*,*,#958,.T.);
#1307=ORIENTED_EDGE('',*,*,#879,.F.);
#1308=ORIENTED_EDGE('',*,*,#971,.F.);
#1309=ORIENTED_EDGE('',*,*,#886,.F.);
#1310=ORIENTED_EDGE('',*,*,#957,.T.);
#1311=ORIENTED_EDGE('',*,*,#865,.F.);
#1312=ORIENTED_EDGE('',*,*,#972,.F.);
#1313=ORIENTED_EDGE('',*,*,#872,.F.);
#1314=ORIENTED_EDGE('',*,*,#956,.T.);
#1315=ORIENTED_EDGE('',*,*,#851,.F.);
#1316=ORIENTED_EDGE('',*,*,#973,.F.);
#1317=ORIENTED_EDGE('',*,*,#858,.F.);
#1318=ORIENTED_EDGE('',*,*,#955,.T.);
#1319=ORIENTED_EDGE('',*,*,#837,.F.);
#1320=ORIENTED_EDGE('',*,*,#974,.F.);
#1321=ORIENTED_EDGE('',*,*,#844,.F.);
#1322=ORIENTED_EDGE('',*,*,#954,.T.);
#1323=ORIENTED_EDGE('',*,*,#823,.F.);
#1324=ORIENTED_EDGE('',*,*,#975,.F.);
#1325=ORIENTED_EDGE('',*,*,#830,.F.);
#1326=ORIENTED_EDGE('',*,*,#953,.T.);
#1327=ORIENTED_EDGE('',*,*,#809,.F.);
#1328=ORIENTED_EDGE('',*,*,#976,.F.);
#1329=ORIENTED_EDGE('',*,*,#816,.F.);
#1330=ORIENTED_EDGE('',*,*,#967,.T.);
#1331=ORIENTED_EDGE('',*,*,#977,.T.);
#1332=ORIENTED_EDGE('',*,*,#978,.T.);
#1333=ORIENTED_EDGE('',*,*,#959,.T.);
#1334=ORIENTED_EDGE('',*,*,#970,.T.);
#1335=ORIENTED_EDGE('',*,*,#978,.F.);
#1336=ORIENTED_EDGE('',*,*,#979,.F.);
#1337=ORIENTED_EDGE('',*,*,#980,.F.);
#1338=ORIENTED_EDGE('',*,*,#960,.F.);
#1339=ORIENTED_EDGE('',*,*,#965,.T.);
#1340=ORIENTED_EDGE('',*,*,#981,.T.);
#1341=ORIENTED_EDGE('',*,*,#982,.T.);
#1342=ORIENTED_EDGE('',*,*,#983,.T.);
#1343=ORIENTED_EDGE('',*,*,#981,.F.);
#1344=ORIENTED_EDGE('',*,*,#964,.T.);
#1345=ORIENTED_EDGE('',*,*,#984,.T.);
#1346=ORIENTED_EDGE('',*,*,#985,.F.);
#1347=ORIENTED_EDGE('',*,*,#961,.F.);
#1348=ORIENTED_EDGE('',*,*,#980,.T.);
#1349=ORIENTED_EDGE('',*,*,#986,.F.);
#1350=ORIENTED_EDGE('',*,*,#987,.F.);
#1351=ORIENTED_EDGE('',*,*,#962,.T.);
#1352=ORIENTED_EDGE('',*,*,#987,.T.);
#1353=ORIENTED_EDGE('',*,*,#988,.F.);
#1354=ORIENTED_EDGE('',*,*,#989,.F.);
#1355=ORIENTED_EDGE('',*,*,#963,.T.);
#1356=ORIENTED_EDGE('',*,*,#989,.T.);
#1357=ORIENTED_EDGE('',*,*,#990,.F.);
#1358=ORIENTED_EDGE('',*,*,#984,.F.);
#1359=ORIENTED_EDGE('',*,*,#991,.T.);
#1360=ORIENTED_EDGE('',*,*,#982,.F.);
#1361=ORIENTED_EDGE('',*,*,#985,.T.);
#1362=ORIENTED_EDGE('',*,*,#990,.T.);
#1363=ORIENTED_EDGE('',*,*,#988,.T.);
#1364=ORIENTED_EDGE('',*,*,#986,.T.);
#1365=ORIENTED_EDGE('',*,*,#979,.T.);
#1366=ORIENTED_EDGE('',*,*,#977,.F.);
#1367=ORIENTED_EDGE('',*,*,#969,.T.);
#1368=ORIENTED_EDGE('',*,*,#892,.F.);
#1369=ORIENTED_EDGE('',*,*,#896,.T.);
#1370=ORIENTED_EDGE('',*,*,#952,.T.);
#1371=ORIENTED_EDGE('',*,*,#949,.T.);
#1372=ORIENTED_EDGE('',*,*,#946,.T.);
#1373=ORIENTED_EDGE('',*,*,#887,.T.);
#1374=ORIENTED_EDGE('',*,*,#883,.F.);
#1375=ORIENTED_EDGE('',*,*,#971,.T.);
#1376=ORIENTED_EDGE('',*,*,#878,.F.);
#1377=ORIENTED_EDGE('',*,*,#882,.T.);
#1378=ORIENTED_EDGE('',*,*,#944,.T.);
#1379=ORIENTED_EDGE('',*,*,#941,.T.);
#1380=ORIENTED_EDGE('',*,*,#938,.T.);
#1381=ORIENTED_EDGE('',*,*,#873,.T.);
#1382=ORIENTED_EDGE('',*,*,#869,.F.);
#1383=ORIENTED_EDGE('',*,*,#972,.T.);
#1384=ORIENTED_EDGE('',*,*,#864,.F.);
#1385=ORIENTED_EDGE('',*,*,#868,.T.);
#1386=ORIENTED_EDGE('',*,*,#936,.T.);
#1387=ORIENTED_EDGE('',*,*,#933,.T.);
#1388=ORIENTED_EDGE('',*,*,#930,.T.);
#1389=ORIENTED_EDGE('',*,*,#859,.T.);
#1390=ORIENTED_EDGE('',*,*,#855,.F.);
#1391=ORIENTED_EDGE('',*,*,#973,.T.);
#1392=ORIENTED_EDGE('',*,*,#850,.F.);
#1393=ORIENTED_EDGE('',*,*,#854,.T.);
#1394=ORIENTED_EDGE('',*,*,#928,.T.);
#1395=ORIENTED_EDGE('',*,*,#925,.T.);
#1396=ORIENTED_EDGE('',*,*,#922,.T.);
#1397=ORIENTED_EDGE('',*,*,#845,.T.);
#1398=ORIENTED_EDGE('',*,*,#841,.F.);
#1399=ORIENTED_EDGE('',*,*,#974,.T.);
#1400=ORIENTED_EDGE('',*,*,#836,.F.);
#1401=ORIENTED_EDGE('',*,*,#840,.T.);
#1402=ORIENTED_EDGE('',*,*,#920,.T.);
#1403=ORIENTED_EDGE('',*,*,#917,.T.);
#1404=ORIENTED_EDGE('',*,*,#914,.T.);
#1405=ORIENTED_EDGE('',*,*,#831,.T.);
#1406=ORIENTED_EDGE('',*,*,#827,.F.);
#1407=ORIENTED_EDGE('',*,*,#975,.T.);
#1408=ORIENTED_EDGE('',*,*,#822,.F.);
#1409=ORIENTED_EDGE('',*,*,#826,.T.);
#1410=ORIENTED_EDGE('',*,*,#912,.T.);
#1411=ORIENTED_EDGE('',*,*,#909,.T.);
#1412=ORIENTED_EDGE('',*,*,#906,.T.);
#1413=ORIENTED_EDGE('',*,*,#817,.T.);
#1414=ORIENTED_EDGE('',*,*,#813,.F.);
#1415=ORIENTED_EDGE('',*,*,#976,.T.);
#1416=ORIENTED_EDGE('',*,*,#808,.F.);
#1417=ORIENTED_EDGE('',*,*,#812,.T.);
#1418=ORIENTED_EDGE('',*,*,#904,.T.);
#1419=ORIENTED_EDGE('',*,*,#901,.T.);
#1420=ORIENTED_EDGE('',*,*,#898,.T.);
#1421=ORIENTED_EDGE('',*,*,#803,.T.);
#1422=ORIENTED_EDGE('',*,*,#799,.F.);
#1423=ORIENTED_EDGE('',*,*,#992,.T.);
#1424=ORIENTED_EDGE('',*,*,#992,.F.);
#1425=ORIENTED_EDGE('',*,*,#993,.T.);
#1426=ORIENTED_EDGE('',*,*,#968,.T.);
#1427=ORIENTED_EDGE('',*,*,#993,.F.);
#1428=ORIENTED_EDGE('',*,*,#802,.F.);
#1429=ORIENTED_EDGE('',*,*,#966,.T.);
#1430=ORIENTED_EDGE('',*,*,#983,.F.);
#1431=ORIENTED_EDGE('',*,*,#991,.F.);
#1432=ORIENTED_EDGE('',*,*,#994,.T.);
#1433=ORIENTED_EDGE('',*,*,#995,.T.);
#1434=ORIENTED_EDGE('',*,*,#996,.F.);
#1435=ORIENTED_EDGE('',*,*,#997,.F.);
#1436=ORIENTED_EDGE('',*,*,#998,.F.);
#1437=ORIENTED_EDGE('',*,*,#997,.T.);
#1438=ORIENTED_EDGE('',*,*,#999,.F.);
#1439=ORIENTED_EDGE('',*,*,#1000,.F.);
#1440=ORIENTED_EDGE('',*,*,#1001,.T.);
#1441=ORIENTED_EDGE('',*,*,#1000,.T.);
#1442=ORIENTED_EDGE('',*,*,#1002,.F.);
#1443=ORIENTED_EDGE('',*,*,#1003,.F.);
#1444=ORIENTED_EDGE('',*,*,#1004,.F.);
#1445=ORIENTED_EDGE('',*,*,#1003,.T.);
#1446=ORIENTED_EDGE('',*,*,#1005,.F.);
#1447=ORIENTED_EDGE('',*,*,#995,.F.);
#1448=ORIENTED_EDGE('',*,*,#1004,.T.);
#1449=ORIENTED_EDGE('',*,*,#994,.F.);
#1450=ORIENTED_EDGE('',*,*,#998,.T.);
#1451=ORIENTED_EDGE('',*,*,#1001,.F.);
#1452=ORIENTED_EDGE('',*,*,#1005,.T.);
#1453=ORIENTED_EDGE('',*,*,#1002,.T.);
#1454=ORIENTED_EDGE('',*,*,#999,.T.);
#1455=ORIENTED_EDGE('',*,*,#996,.T.);
#1456=ORIENTED_EDGE('',*,*,#1006,.T.);
#1457=ORIENTED_EDGE('',*,*,#1007,.T.);
#1458=ORIENTED_EDGE('',*,*,#1008,.F.);
#1459=ORIENTED_EDGE('',*,*,#1009,.F.);
#1460=ORIENTED_EDGE('',*,*,#1010,.F.);
#1461=ORIENTED_EDGE('',*,*,#1009,.T.);
#1462=ORIENTED_EDGE('',*,*,#1011,.F.);
#1463=ORIENTED_EDGE('',*,*,#1012,.F.);
#1464=ORIENTED_EDGE('',*,*,#1013,.T.);
#1465=ORIENTED_EDGE('',*,*,#1012,.T.);
#1466=ORIENTED_EDGE('',*,*,#1014,.F.);
#1467=ORIENTED_EDGE('',*,*,#1015,.F.);
#1468=ORIENTED_EDGE('',*,*,#1016,.F.);
#1469=ORIENTED_EDGE('',*,*,#1015,.T.);
#1470=ORIENTED_EDGE('',*,*,#1017,.F.);
#1471=ORIENTED_EDGE('',*,*,#1007,.F.);
#1472=ORIENTED_EDGE('',*,*,#1016,.T.);
#1473=ORIENTED_EDGE('',*,*,#1006,.F.);
#1474=ORIENTED_EDGE('',*,*,#1010,.T.);
#1475=ORIENTED_EDGE('',*,*,#1013,.F.);
#1476=ORIENTED_EDGE('',*,*,#1017,.T.);
#1477=ORIENTED_EDGE('',*,*,#1014,.T.);
#1478=ORIENTED_EDGE('',*,*,#1011,.T.);
#1479=ORIENTED_EDGE('',*,*,#1008,.T.);
#1480=ORIENTED_EDGE('',*,*,#1018,.F.);
#1481=ORIENTED_EDGE('',*,*,#1019,.T.);
#1482=ORIENTED_EDGE('',*,*,#1020,.F.);
#1483=ORIENTED_EDGE('',*,*,#1021,.F.);
#1484=ORIENTED_EDGE('',*,*,#1022,.F.);
#1485=ORIENTED_EDGE('',*,*,#1021,.T.);
#1486=ORIENTED_EDGE('',*,*,#1023,.F.);
#1487=ORIENTED_EDGE('',*,*,#1024,.F.);
#1488=ORIENTED_EDGE('',*,*,#1025,.F.);
#1489=ORIENTED_EDGE('',*,*,#1024,.T.);
#1490=ORIENTED_EDGE('',*,*,#1026,.F.);
#1491=ORIENTED_EDGE('',*,*,#1027,.F.);
#1492=ORIENTED_EDGE('',*,*,#1028,.F.);
#1493=ORIENTED_EDGE('',*,*,#1027,.T.);
#1494=ORIENTED_EDGE('',*,*,#1029,.F.);
#1495=ORIENTED_EDGE('',*,*,#1019,.F.);
#1496=ORIENTED_EDGE('',*,*,#1028,.T.);
#1497=ORIENTED_EDGE('',*,*,#1018,.T.);
#1498=ORIENTED_EDGE('',*,*,#1022,.T.);
#1499=ORIENTED_EDGE('',*,*,#1025,.T.);
#1500=ORIENTED_EDGE('',*,*,#1029,.T.);
#1501=ORIENTED_EDGE('',*,*,#1026,.T.);
#1502=ORIENTED_EDGE('',*,*,#1023,.T.);
#1503=ORIENTED_EDGE('',*,*,#1020,.T.);
#1504=ORIENTED_EDGE('',*,*,#1030,.T.);
#1505=ORIENTED_EDGE('',*,*,#1031,.T.);
#1506=ORIENTED_EDGE('',*,*,#1032,.F.);
#1507=ORIENTED_EDGE('',*,*,#1033,.F.);
#1508=ORIENTED_EDGE('',*,*,#1034,.F.);
#1509=ORIENTED_EDGE('',*,*,#1033,.T.);
#1510=ORIENTED_EDGE('',*,*,#1035,.F.);
#1511=ORIENTED_EDGE('',*,*,#1036,.F.);
#1512=ORIENTED_EDGE('',*,*,#1037,.T.);
#1513=ORIENTED_EDGE('',*,*,#1036,.T.);
#1514=ORIENTED_EDGE('',*,*,#1038,.F.);
#1515=ORIENTED_EDGE('',*,*,#1039,.F.);
#1516=ORIENTED_EDGE('',*,*,#1040,.F.);
#1517=ORIENTED_EDGE('',*,*,#1039,.T.);
#1518=ORIENTED_EDGE('',*,*,#1041,.F.);
#1519=ORIENTED_EDGE('',*,*,#1031,.F.);
#1520=ORIENTED_EDGE('',*,*,#1040,.T.);
#1521=ORIENTED_EDGE('',*,*,#1030,.F.);
#1522=ORIENTED_EDGE('',*,*,#1034,.T.);
#1523=ORIENTED_EDGE('',*,*,#1037,.F.);
#1524=ORIENTED_EDGE('',*,*,#1041,.T.);
#1525=ORIENTED_EDGE('',*,*,#1038,.T.);
#1526=ORIENTED_EDGE('',*,*,#1035,.T.);
#1527=ORIENTED_EDGE('',*,*,#1032,.T.);
#1528=CYLINDRICAL_SURFACE('',#1679,1.5875);
#1529=CYLINDRICAL_SURFACE('',#1683,1.5875);
#1530=CYLINDRICAL_SURFACE('',#1687,1.5875);
#1531=CYLINDRICAL_SURFACE('',#1691,1.5875);
#1532=CYLINDRICAL_SURFACE('',#1695,1.5875);
#1533=CYLINDRICAL_SURFACE('',#1699,1.5875);
#1534=CYLINDRICAL_SURFACE('',#1703,1.5875);
#1535=CYLINDRICAL_SURFACE('',#1707,1.5875);
#1536=CYLINDRICAL_SURFACE('',#1711,1.5875);
#1537=CYLINDRICAL_SURFACE('',#1715,1.5875);
#1538=CYLINDRICAL_SURFACE('',#1719,1.5875);
#1539=CYLINDRICAL_SURFACE('',#1723,1.5875);
#1540=CYLINDRICAL_SURFACE('',#1727,1.5875);
#1541=CYLINDRICAL_SURFACE('',#1731,1.5875);
#1542=CYLINDRICAL_SURFACE('',#1735,14.9999994094507);
#1543=CYLINDRICAL_SURFACE('',#1738,14.9999994094507);
#1544=CYLINDRICAL_SURFACE('',#1741,14.9999994094507);
#1545=CYLINDRICAL_SURFACE('',#1744,14.9999994094507);
#1546=CYLINDRICAL_SURFACE('',#1747,14.9999994094507);
#1547=CYLINDRICAL_SURFACE('',#1750,14.9999994094507);
#1548=CYLINDRICAL_SURFACE('',#1753,14.9999994094507);
#1549=CYLINDRICAL_SURFACE('',#1769,8.34919966929135);
#1550=CYLINDRICAL_SURFACE('',#1771,8.34919966929135);
#1551=CYLINDRICAL_SURFACE('',#1773,8.34919966929135);
#1552=CYLINDRICAL_SURFACE('',#1775,8.34919966929135);
#1553=CYLINDRICAL_SURFACE('',#1777,8.34919966929135);
#1554=CYLINDRICAL_SURFACE('',#1779,8.34919966929135);
#1555=CYLINDRICAL_SURFACE('',#1781,8.34919966929135);
#1556=CYLINDRICAL_SURFACE('',#1783,1.5875);
#1557=CYLINDRICAL_SURFACE('',#1786,1.5875);
#1558=CYLINDRICAL_SURFACE('',#1789,14.9999994094507);
#1559=CYLINDRICAL_SURFACE('',#1794,6.);
#1560=CYLINDRICAL_SURFACE('',#1795,8.34919966929135);
#1561=CYLINDRICAL_SURFACE('',#1797,1.00000001490116);
#1562=CYLINDRICAL_SURFACE('',#1801,6.);
#1563=CYLINDRICAL_SURFACE('',#1807,1.00000001490116);
#1564=CYLINDRICAL_SURFACE('',#1811,6.);
#1565=CYLINDRICAL_SURFACE('',#1817,6.);
#1566=CYLINDRICAL_SURFACE('',#1821,1.00000001490116);
#1567=CYLINDRICAL_SURFACE('',#1827,1.00000001490116);
#1568=CYLINDRICAL_SURFACE('',#1831,6.);
#1569=ADVANCED_FACE('',(#113),#1528,.F.);
#1570=ADVANCED_FACE('',(#114),#79,.T.);
#1571=ADVANCED_FACE('',(#115),#1529,.F.);
#1572=ADVANCED_FACE('',(#116),#80,.T.);
#1573=ADVANCED_FACE('',(#117),#1530,.F.);
#1574=ADVANCED_FACE('',(#118),#81,.T.);
#1575=ADVANCED_FACE('',(#119),#1531,.F.);
#1576=ADVANCED_FACE('',(#120),#82,.T.);
#1577=ADVANCED_FACE('',(#121),#1532,.F.);
#1578=ADVANCED_FACE('',(#122),#83,.T.);
#1579=ADVANCED_FACE('',(#123),#1533,.F.);
#1580=ADVANCED_FACE('',(#124),#84,.T.);
#1581=ADVANCED_FACE('',(#125),#1534,.F.);
#1582=ADVANCED_FACE('',(#126),#85,.T.);
#1583=ADVANCED_FACE('',(#127),#1535,.F.);
#1584=ADVANCED_FACE('',(#128),#86,.T.);
#1585=ADVANCED_FACE('',(#129),#1536,.F.);
#1586=ADVANCED_FACE('',(#130),#87,.T.);
#1587=ADVANCED_FACE('',(#131),#1537,.F.);
#1588=ADVANCED_FACE('',(#132),#88,.T.);
#1589=ADVANCED_FACE('',(#133),#1538,.F.);
#1590=ADVANCED_FACE('',(#134),#89,.T.);
#1591=ADVANCED_FACE('',(#135),#1539,.F.);
#1592=ADVANCED_FACE('',(#136),#90,.T.);
#1593=ADVANCED_FACE('',(#137),#1540,.F.);
#1594=ADVANCED_FACE('',(#138),#91,.T.);
#1595=ADVANCED_FACE('',(#139),#1541,.F.);
#1596=ADVANCED_FACE('',(#140),#92,.T.);
#1597=ADVANCED_FACE('',(#141),#63,.T.);
#1598=ADVANCED_FACE('',(#142),#1542,.T.);
#1599=ADVANCED_FACE('',(#143),#64,.T.);
#1600=ADVANCED_FACE('',(#144),#65,.T.);
#1601=ADVANCED_FACE('',(#145),#1543,.T.);
#1602=ADVANCED_FACE('',(#146),#66,.T.);
#1603=ADVANCED_FACE('',(#147),#67,.T.);
#1604=ADVANCED_FACE('',(#148),#1544,.T.);
#1605=ADVANCED_FACE('',(#149),#68,.T.);
#1606=ADVANCED_FACE('',(#150),#69,.T.);
#1607=ADVANCED_FACE('',(#151),#1545,.T.);
#1608=ADVANCED_FACE('',(#152),#70,.T.);
#1609=ADVANCED_FACE('',(#153),#71,.T.);
#1610=ADVANCED_FACE('',(#154),#1546,.T.);
#1611=ADVANCED_FACE('',(#155),#72,.T.);
#1612=ADVANCED_FACE('',(#156),#73,.T.);
#1613=ADVANCED_FACE('',(#157),#1547,.T.);
#1614=ADVANCED_FACE('',(#158),#74,.T.);
#1615=ADVANCED_FACE('',(#159),#75,.T.);
#1616=ADVANCED_FACE('',(#160),#1548,.T.);
#1617=ADVANCED_FACE('',(#161),#76,.T.);
#1618=ADVANCED_FACE('',(#162,#29),#93,.F.);
#1619=ADVANCED_FACE('',(#163),#1549,.T.);
#1620=ADVANCED_FACE('',(#164),#1550,.T.);
#1621=ADVANCED_FACE('',(#165),#1551,.T.);
#1622=ADVANCED_FACE('',(#166),#1552,.T.);
#1623=ADVANCED_FACE('',(#167),#1553,.T.);
#1624=ADVANCED_FACE('',(#168),#1554,.T.);
#1625=ADVANCED_FACE('',(#169),#1555,.T.);
#1626=ADVANCED_FACE('',(#170),#1556,.F.);
#1627=ADVANCED_FACE('',(#171),#94,.T.);
#1628=ADVANCED_FACE('',(#172),#1557,.F.);
#1629=ADVANCED_FACE('',(#173),#95,.T.);
#1630=ADVANCED_FACE('',(#174),#77,.T.);
#1631=ADVANCED_FACE('',(#175),#1558,.T.);
#1632=ADVANCED_FACE('',(#176),#78,.T.);
#1633=ADVANCED_FACE('',(#177,#30),#96,.T.);
#1634=ADVANCED_FACE('',(#178),#1559,.F.);
#1635=ADVANCED_FACE('',(#179),#1560,.T.);
#1636=ADVANCED_FACE('',(#180),#97,.T.);
#1637=ADVANCED_FACE('',(#181),#1561,.T.);
#1638=ADVANCED_FACE('',(#182),#98,.T.);
#1639=ADVANCED_FACE('',(#183),#1562,.T.);
#1640=ADVANCED_FACE('',(#184),#99,.T.);
#1641=ADVANCED_FACE('',(#185),#100,.F.);
#1642=ADVANCED_FACE('',(#186),#101,.T.);
#1643=ADVANCED_FACE('',(#187),#1563,.T.);
#1644=ADVANCED_FACE('',(#188),#102,.T.);
#1645=ADVANCED_FACE('',(#189),#1564,.T.);
#1646=ADVANCED_FACE('',(#190),#103,.T.);
#1647=ADVANCED_FACE('',(#191),#104,.F.);
#1648=ADVANCED_FACE('',(#192),#105,.T.);
#1649=ADVANCED_FACE('',(#193),#1565,.T.);
#1650=ADVANCED_FACE('',(#194),#106,.T.);
#1651=ADVANCED_FACE('',(#195),#1566,.T.);
#1652=ADVANCED_FACE('',(#196),#107,.T.);
#1653=ADVANCED_FACE('',(#197),#108,.F.);
#1654=ADVANCED_FACE('',(#198),#109,.T.);
#1655=ADVANCED_FACE('',(#199),#1567,.T.);
#1656=ADVANCED_FACE('',(#200),#110,.T.);
#1657=ADVANCED_FACE('',(#201),#1568,.T.);
#1658=ADVANCED_FACE('',(#202),#111,.T.);
#1659=ADVANCED_FACE('',(#203),#112,.F.);
#1660=CLOSED_SHELL('',(#1569,#1570,#1571,#1572,#1573,#1574,#1575,#1576,
#1577,#1578,#1579,#1580,#1581,#1582,#1583,#1584,#1585,#1586,#1587,#1588,
#1589,#1590,#1591,#1592,#1593,#1594,#1595,#1596,#1597,#1598,#1599,#1600,
#1601,#1602,#1603,#1604,#1605,#1606,#1607,#1608,#1609,#1610,#1611,#1612,
#1613,#1614,#1615,#1616,#1617,#1618,#1619,#1620,#1621,#1622,#1623,#1624,
#1625,#1626,#1627,#1628,#1629,#1630,#1631,#1632,#1633,#1634,#1635));
#1661=CLOSED_SHELL('',(#1636,#1637,#1638,#1639,#1640,#1641));
#1662=CLOSED_SHELL('',(#1642,#1643,#1644,#1645,#1646,#1647));
#1663=CLOSED_SHELL('',(#1648,#1649,#1650,#1651,#1652,#1653));
#1664=CLOSED_SHELL('',(#1654,#1655,#1656,#1657,#1658,#1659));
#1665=DERIVED_UNIT_ELEMENT(#1667,1.);
#1666=DERIVED_UNIT_ELEMENT(#7560,-3.);
#1667=(
MASS_UNIT()
NAMED_UNIT(*)
SI_UNIT(.KILO.,.GRAM.)
);
#1668=DERIVED_UNIT((#1665,#1666));
#1669=MEASURE_REPRESENTATION_ITEM('density measure',
POSITIVE_RATIO_MEASURE(7850.),#1668);
#1670=PROPERTY_DEFINITION_REPRESENTATION(#1675,#1672);
#1671=PROPERTY_DEFINITION_REPRESENTATION(#1676,#1673);
#1672=REPRESENTATION('material name',(#1674),#7557);
#1673=REPRESENTATION('density',(#1669),#7557);
#1674=DESCRIPTIVE_REPRESENTATION_ITEM('Steel','Steel');
#1675=PROPERTY_DEFINITION('material property','material name',#7572);
#1676=PROPERTY_DEFINITION('material property','density of part',#7572);
#1677=AXIS2_PLACEMENT_3D('',#2286,#1837,#1838);
#1678=AXIS2_PLACEMENT_3D('',#2287,#1839,#1840);
#1679=AXIS2_PLACEMENT_3D('',#2288,#1841,#1842);
#1680=AXIS2_PLACEMENT_3D('',#2291,#1843,#1844);
#1681=AXIS2_PLACEMENT_3D('',#2295,#1846,#1847);
#1682=AXIS2_PLACEMENT_3D('',#2297,#1849,#1850);
#1683=AXIS2_PLACEMENT_3D('',#2303,#1854,#1855);
#1684=AXIS2_PLACEMENT_3D('',#2306,#1856,#1857);
#1685=AXIS2_PLACEMENT_3D('',#2310,#1859,#1860);
#1686=AXIS2_PLACEMENT_3D('',#2312,#1862,#1863);
#1687=AXIS2_PLACEMENT_3D('',#2318,#1867,#1868);
#1688=AXIS2_PLACEMENT_3D('',#2321,#1869,#1870);
#1689=AXIS2_PLACEMENT_3D('',#2325,#1872,#1873);
#1690=AXIS2_PLACEMENT_3D('',#2327,#1875,#1876);
#1691=AXIS2_PLACEMENT_3D('',#2333,#1880,#1881);
#1692=AXIS2_PLACEMENT_3D('',#2336,#1882,#1883);
#1693=AXIS2_PLACEMENT_3D('',#2340,#1885,#1886);
#1694=AXIS2_PLACEMENT_3D('',#2342,#1888,#1889);
#1695=AXIS2_PLACEMENT_3D('',#2348,#1893,#1894);
#1696=AXIS2_PLACEMENT_3D('',#2351,#1895,#1896);
#1697=AXIS2_PLACEMENT_3D('',#2355,#1898,#1899);
#1698=AXIS2_PLACEMENT_3D('',#2357,#1901,#1902);
#1699=AXIS2_PLACEMENT_3D('',#2363,#1906,#1907);
#1700=AXIS2_PLACEMENT_3D('',#2366,#1908,#1909);
#1701=AXIS2_PLACEMENT_3D('',#2370,#1911,#1912);
#1702=AXIS2_PLACEMENT_3D('',#2372,#1914,#1915);
#1703=AXIS2_PLACEMENT_3D('',#2378,#1919,#1920);
#1704=AXIS2_PLACEMENT_3D('',#2381,#1921,#1922);
#1705=AXIS2_PLACEMENT_3D('',#2385,#1924,#1925);
#1706=AXIS2_PLACEMENT_3D('',#2387,#1927,#1928);
#1707=AXIS2_PLACEMENT_3D('',#2393,#1932,#1933);
#1708=AXIS2_PLACEMENT_3D('',#2396,#1934,#1935);
#1709=AXIS2_PLACEMENT_3D('',#2400,#1937,#1938);
#1710=AXIS2_PLACEMENT_3D('',#2402,#1940,#1941);
#1711=AXIS2_PLACEMENT_3D('',#2408,#1945,#1946);
#1712=AXIS2_PLACEMENT_3D('',#2411,#1947,#1948);
#1713=AXIS2_PLACEMENT_3D('',#2415,#1950,#1951);
#1714=AXIS2_PLACEMENT_3D('',#2417,#1953,#1954);
#1715=AXIS2_PLACEMENT_3D('',#2423,#1958,#1959);
#1716=AXIS2_PLACEMENT_3D('',#2426,#1960,#1961);
#1717=AXIS2_PLACEMENT_3D('',#2430,#1963,#1964);
#1718=AXIS2_PLACEMENT_3D('',#2432,#1966,#1967);
#1719=AXIS2_PLACEMENT_3D('',#2438,#1971,#1972);
#1720=AXIS2_PLACEMENT_3D('',#2441,#1973,#1974);
#1721=AXIS2_PLACEMENT_3D('',#2445,#1976,#1977);
#1722=AXIS2_PLACEMENT_3D('',#2447,#1979,#1980);
#1723=AXIS2_PLACEMENT_3D('',#2453,#1984,#1985);
#1724=AXIS2_PLACEMENT_3D('',#2456,#1986,#1987);
#1725=AXIS2_PLACEMENT_3D('',#2460,#1989,#1990);
#1726=AXIS2_PLACEMENT_3D('',#2462,#1992,#1993);
#1727=AXIS2_PLACEMENT_3D('',#2468,#1997,#1998);
#1728=AXIS2_PLACEMENT_3D('',#2471,#1999,#2000);
#1729=AXIS2_PLACEMENT_3D('',#2475,#2002,#2003);
#1730=AXIS2_PLACEMENT_3D('',#2477,#2005,#2006);
#1731=AXIS2_PLACEMENT_3D('',#2483,#2010,#2011);
#1732=AXIS2_PLACEMENT_3D('',#2486,#2012,#2013);
#1733=AXIS2_PLACEMENT_3D('',#2490,#2015,#2016);
#1734=AXIS2_PLACEMENT_3D('',#2492,#2018,#2019);
#1735=AXIS2_PLACEMENT_3D('',#2802,#2024,#2025);
#1736=AXIS2_PLACEMENT_3D('',#2804,#2026,#2027);
#1737=AXIS2_PLACEMENT_3D('',#2806,#2028,#2029);
#1738=AXIS2_PLACEMENT_3D('',#3413,#2032,#2033);
#1739=AXIS2_PLACEMENT_3D('',#3415,#2034,#2035);
#1740=AXIS2_PLACEMENT_3D('',#3417,#2036,#2037);
#1741=AXIS2_PLACEMENT_3D('',#4024,#2040,#2041);
#1742=AXIS2_PLACEMENT_3D('',#4026,#2042,#2043);
#1743=AXIS2_PLACEMENT_3D('',#4028,#2044,#2045);
#1744=AXIS2_PLACEMENT_3D('',#4635,#2048,#2049);
#1745=AXIS2_PLACEMENT_3D('',#4637,#2050,#2051);
#1746=AXIS2_PLACEMENT_3D('',#4639,#2052,#2053);
#1747=AXIS2_PLACEMENT_3D('',#5246,#2056,#2057);
#1748=AXIS2_PLACEMENT_3D('',#5248,#2058,#2059);
#1749=AXIS2_PLACEMENT_3D('',#5250,#2060,#2061);
#1750=AXIS2_PLACEMENT_3D('',#5857,#2064,#2065);
#1751=AXIS2_PLACEMENT_3D('',#5859,#2066,#2067);
#1752=AXIS2_PLACEMENT_3D('',#5861,#2068,#2069);
#1753=AXIS2_PLACEMENT_3D('',#6468,#2072,#2073);
#1754=AXIS2_PLACEMENT_3D('',#6470,#2074,#2075);
#1755=AXIS2_PLACEMENT_3D('',#6472,#2076,#2077);
#1756=AXIS2_PLACEMENT_3D('',#6775,#2079,#2080);
#1757=AXIS2_PLACEMENT_3D('',#6776,#2081,#2082);
#1758=AXIS2_PLACEMENT_3D('',#6777,#2083,#2084);
#1759=AXIS2_PLACEMENT_3D('',#6778,#2085,#2086);
#1760=AXIS2_PLACEMENT_3D('',#6779,#2087,#2088);
#1761=AXIS2_PLACEMENT_3D('',#6780,#2089,#2090);
#1762=AXIS2_PLACEMENT_3D('',#6782,#2091,#2092);
#1763=AXIS2_PLACEMENT_3D('',#6784,#2093,#2094);
#1764=AXIS2_PLACEMENT_3D('',#6864,#2096,#2097);
#1765=AXIS2_PLACEMENT_3D('',#6944,#2099,#2100);
#1766=AXIS2_PLACEMENT_3D('',#6945,#2101,#2102);
#1767=AXIS2_PLACEMENT_3D('',#6946,#2103,#2104);
#1768=AXIS2_PLACEMENT_3D('',#6948,#2105,#2106);
#1769=AXIS2_PLACEMENT_3D('',#6949,#2107,#2108);
#1770=AXIS2_PLACEMENT_3D('',#6951,#2109,#2110);
#1771=AXIS2_PLACEMENT_3D('',#6953,#2112,#2113);
#1772=AXIS2_PLACEMENT_3D('',#6954,#2114,#2115);
#1773=AXIS2_PLACEMENT_3D('',#6955,#2116,#2117);
#1774=AXIS2_PLACEMENT_3D('',#6956,#2118,#2119);
#1775=AXIS2_PLACEMENT_3D('',#6957,#2120,#2121);
#1776=AXIS2_PLACEMENT_3D('',#6958,#2122,#2123);
#1777=AXIS2_PLACEMENT_3D('',#6959,#2124,#2125);
#1778=AXIS2_PLACEMENT_3D('',#6960,#2126,#2127);
#1779=AXIS2_PLACEMENT_3D('',#6961,#2128,#2129);
#1780=AXIS2_PLACEMENT_3D('',#6962,#2130,#2131);
#1781=AXIS2_PLACEMENT_3D('',#6963,#2132,#2133);
#1782=AXIS2_PLACEMENT_3D('',#6964,#2134,#2135);
#1783=AXIS2_PLACEMENT_3D('',#6965,#2136,#2137);
#1784=AXIS2_PLACEMENT_3D('',#6967,#2138,#2139);
#1785=AXIS2_PLACEMENT_3D('',#6969,#2141,#2142);
#1786=AXIS2_PLACEMENT_3D('',#6973,#2145,#2146);
#1787=AXIS2_PLACEMENT_3D('',#6977,#2148,#2149);
#1788=AXIS2_PLACEMENT_3D('',#6979,#2151,#2152);
#1789=AXIS2_PLACEMENT_3D('',#7211,#2156,#2157);
#1790=AXIS2_PLACEMENT_3D('',#7213,#2158,#2159);
#1791=AXIS2_PLACEMENT_3D('',#7441,#2161,#2162);
#1792=AXIS2_PLACEMENT_3D('',#7442,#2163,#2164);
#1793=AXIS2_PLACEMENT_3D('',#7444,#2165,#2166);
#1794=AXIS2_PLACEMENT_3D('',#7445,#2167,#2168);
#1795=AXIS2_PLACEMENT_3D('',#7447,#2170,#2171);
#1796=AXIS2_PLACEMENT_3D('',#7448,#2172,#2173);
#1797=AXIS2_PLACEMENT_3D('',#7457,#2178,#2179);
#1798=AXIS2_PLACEMENT_3D('',#7459,#2180,#2181);
#1799=AXIS2_PLACEMENT_3D('',#7461,#2182,#2183);
#1800=AXIS2_PLACEMENT_3D('',#7463,#2185,#2186);
#1801=AXIS2_PLACEMENT_3D('',#7469,#2190,#2191);
#1802=AXIS2_PLACEMENT_3D('',#7470,#2192,#2193);
#1803=AXIS2_PLACEMENT_3D('',#7471,#2194,#2195);
#1804=AXIS2_PLACEMENT_3D('',#7472,#2196,#2197);
#1805=AXIS2_PLACEMENT_3D('',#7473,#2198,#2199);
#1806=AXIS2_PLACEMENT_3D('',#7474,#2200,#2201);
#1807=AXIS2_PLACEMENT_3D('',#7483,#2206,#2207);
#1808=AXIS2_PLACEMENT_3D('',#7485,#2208,#2209);
#1809=AXIS2_PLACEMENT_3D('',#7487,#2210,#2211);
#1810=AXIS2_PLACEMENT_3D('',#7489,#2213,#2214);
#1811=AXIS2_PLACEMENT_3D('',#7495,#2218,#2219);
#1812=AXIS2_PLACEMENT_3D('',#7496,#2220,#2221);
#1813=AXIS2_PLACEMENT_3D('',#7497,#2222,#2223);
#1814=AXIS2_PLACEMENT_3D('',#7498,#2224,#2225);
#1815=AXIS2_PLACEMENT_3D('',#7499,#2226,#2227);
#1816=AXIS2_PLACEMENT_3D('',#7500,#2228,#2229);
#1817=AXIS2_PLACEMENT_3D('',#7509,#2234,#2235);
#1818=AXIS2_PLACEMENT_3D('',#7511,#2236,#2237);
#1819=AXIS2_PLACEMENT_3D('',#7513,#2238,#2239);
#1820=AXIS2_PLACEMENT_3D('',#7515,#2241,#2242);
#1821=AXIS2_PLACEMENT_3D('',#7521,#2246,#2247);
#1822=AXIS2_PLACEMENT_3D('',#7522,#2248,#2249);
#1823=AXIS2_PLACEMENT_3D('',#7523,#2250,#2251);
#1824=AXIS2_PLACEMENT_3D('',#7524,#2252,#2253);
#1825=AXIS2_PLACEMENT_3D('',#7525,#2254,#2255);
#1826=AXIS2_PLACEMENT_3D('',#7526,#2256,#2257);
#1827=AXIS2_PLACEMENT_3D('',#7535,#2262,#2263);
#1828=AXIS2_PLACEMENT_3D('',#7537,#2264,#2265);
#1829=AXIS2_PLACEMENT_3D('',#7539,#2266,#2267);
#1830=AXIS2_PLACEMENT_3D('',#7541,#2269,#2270);
#1831=AXIS2_PLACEMENT_3D('',#7547,#2274,#2275);
#1832=AXIS2_PLACEMENT_3D('',#7548,#2276,#2277);
#1833=AXIS2_PLACEMENT_3D('',#7549,#2278,#2279);
#1834=AXIS2_PLACEMENT_3D('',#7550,#2280,#2281);
#1835=AXIS2_PLACEMENT_3D('',#7551,#2282,#2283);
#1836=AXIS2_PLACEMENT_3D('',#7552,#2284,#2285);
#1837=DIRECTION('axis',(0.,0.,1.));
#1838=DIRECTION('refdir',(1.,0.,0.));
#1839=DIRECTION('axis',(0.,0.,1.));
#1840=DIRECTION('refdir',(1.,0.,0.));
#1841=DIRECTION('center_axis',(0.,0.,-1.));
#1842=DIRECTION('ref_axis',(-0.957905352014546,-0.287084197722355,0.));
#1843=DIRECTION('center_axis',(0.,0.,-1.));
#1844=DIRECTION('ref_axis',(-0.957905352014546,-0.287084197722355,0.));
#1845=DIRECTION('',(0.,0.,-1.));
#1846=DIRECTION('center_axis',(0.,0.,-1.));
#1847=DIRECTION('ref_axis',(-0.957905352014546,-0.287084197722355,0.));
#1848=DIRECTION('',(0.,0.,1.));
#1849=DIRECTION('center_axis',(0.543702519907496,0.839278005100955,0.));
#1850=DIRECTION('ref_axis',(-0.839278005100955,0.543702519907496,0.));
#1851=DIRECTION('',(-0.839278005100955,0.543702519907496,0.));
#1852=DIRECTION('',(0.,0.,1.));
#1853=DIRECTION('',(0.839278005100955,-0.543702519907496,0.));
#1854=DIRECTION('center_axis',(0.,0.,1.));
#1855=DIRECTION('ref_axis',(0.287084197722356,0.957905352014546,0.));
#1856=DIRECTION('center_axis',(0.,0.,-1.));
#1857=DIRECTION('ref_axis',(0.287084197722356,0.957905352014546,0.));
#1858=DIRECTION('',(0.,0.,1.));
#1859=DIRECTION('center_axis',(0.,0.,-1.));
#1860=DIRECTION('ref_axis',(0.287084197722356,0.957905352014546,0.));
#1861=DIRECTION('',(0.,0.,-1.));
#1862=DIRECTION('center_axis',(-0.839278005100955,-0.543702519907496,0.));
#1863=DIRECTION('ref_axis',(0.543702519907496,-0.839278005100955,0.));
#1864=DIRECTION('',(0.543702519907496,-0.839278005100955,0.));
#1865=DIRECTION('',(0.,0.,1.));
#1866=DIRECTION('',(0.543702519907496,-0.839278005100955,0.));
#1867=DIRECTION('center_axis',(0.,0.,-1.));
#1868=DIRECTION('ref_axis',(-0.88034055312535,0.474342187163395,0.));
#1869=DIRECTION('center_axis',(0.,0.,-1.));
#1870=DIRECTION('ref_axis',(-0.88034055312535,0.474342187163395,0.));
#1871=DIRECTION('',(0.,0.,-1.));
#1872=DIRECTION('center_axis',(0.,0.,-1.));
#1873=DIRECTION('ref_axis',(-0.88034055312535,0.474342187163395,0.));
#1874=DIRECTION('',(0.,0.,1.));
#1875=DIRECTION('center_axis',(0.977914907482408,0.209003429932799,0.));
#1876=DIRECTION('ref_axis',(-0.209003429932799,0.977914907482407,0.));
#1877=DIRECTION('',(-0.209003429932799,0.977914907482407,0.));
#1878=DIRECTION('',(0.,0.,1.));
#1879=DIRECTION('',(0.209003429932799,-0.977914907482407,0.));
#1880=DIRECTION('center_axis',(0.,0.,1.));
#1881=DIRECTION('ref_axis',(0.88034055312535,0.474342187163395,0.));
#1882=DIRECTION('center_axis',(0.,0.,-1.));
#1883=DIRECTION('ref_axis',(0.88034055312535,0.474342187163395,0.));
#1884=DIRECTION('',(0.,0.,1.));
#1885=DIRECTION('center_axis',(0.,0.,-1.));
#1886=DIRECTION('ref_axis',(0.88034055312535,0.474342187163395,0.));
#1887=DIRECTION('',(0.,0.,-1.));
#1888=DIRECTION('center_axis',(-0.977914907482408,0.209003429932799,0.));
#1889=DIRECTION('ref_axis',(-0.209003429932799,-0.977914907482407,0.));
#1890=DIRECTION('',(-0.209003429932799,-0.977914907482407,0.));
#1891=DIRECTION('',(0.,0.,1.));
#1892=DIRECTION('',(-0.209003429932799,-0.977914907482407,0.));
#1893=DIRECTION('center_axis',(0.,0.,-1.));
#1894=DIRECTION('ref_axis',(-0.287084197722356,0.957905352014546,0.));
#1895=DIRECTION('center_axis',(0.,0.,-1.));
#1896=DIRECTION('ref_axis',(-0.287084197722356,0.957905352014546,0.));
#1897=DIRECTION('',(0.,0.,-1.));
#1898=DIRECTION('center_axis',(0.,0.,-1.));
#1899=DIRECTION('ref_axis',(-0.287084197722356,0.957905352014546,0.));
#1900=DIRECTION('',(0.,0.,1.));
#1901=DIRECTION('center_axis',(0.839278005100955,-0.543702519907496,0.));
#1902=DIRECTION('ref_axis',(0.543702519907496,0.839278005100955,0.));
#1903=DIRECTION('',(0.543702519907496,0.839278005100955,0.));
#1904=DIRECTION('',(0.,0.,1.));
#1905=DIRECTION('',(-0.543702519907496,-0.839278005100955,0.));
#1906=DIRECTION('center_axis',(0.,0.,1.));
#1907=DIRECTION('ref_axis',(0.957905352014546,-0.287084197722354,0.));
#1908=DIRECTION('center_axis',(0.,0.,-1.));
#1909=DIRECTION('ref_axis',(0.957905352014546,-0.287084197722354,0.));
#1910=DIRECTION('',(0.,0.,1.));
#1911=DIRECTION('center_axis',(0.,0.,-1.));
#1912=DIRECTION('ref_axis',(0.957905352014546,-0.287084197722354,0.));
#1913=DIRECTION('',(0.,0.,-1.));
#1914=DIRECTION('center_axis',(-0.543702519907496,0.839278005100955,0.));
#1915=DIRECTION('ref_axis',(-0.839278005100955,-0.543702519907496,0.));
#1916=DIRECTION('',(-0.839278005100955,-0.543702519907496,0.));
#1917=DIRECTION('',(0.,0.,1.));
#1918=DIRECTION('',(-0.839278005100955,-0.543702519907496,0.));
#1919=DIRECTION('center_axis',(0.,0.,-1.));
#1920=DIRECTION('ref_axis',(0.474342187163396,0.880340553125349,0.));
#1921=DIRECTION('center_axis',(0.,0.,-1.));
#1922=DIRECTION('ref_axis',(0.474342187163396,0.880340553125349,0.));
#1923=DIRECTION('',(0.,0.,-1.));
#1924=DIRECTION('center_axis',(0.,0.,-1.));
#1925=DIRECTION('ref_axis',(0.474342187163396,0.880340553125349,0.));
#1926=DIRECTION('',(0.,0.,1.));
#1927=DIRECTION('center_axis',(0.209003429932799,-0.977914907482408,0.));
#1928=DIRECTION('ref_axis',(0.977914907482407,0.209003429932799,0.));
#1929=DIRECTION('',(0.977914907482407,0.209003429932799,0.));
#1930=DIRECTION('',(0.,0.,1.));
#1931=DIRECTION('',(-0.977914907482407,-0.209003429932799,0.));
#1932=DIRECTION('center_axis',(0.,0.,1.));
#1933=DIRECTION('ref_axis',(0.474342187163396,-0.880340553125349,0.));
#1934=DIRECTION('center_axis',(0.,0.,-1.));
#1935=DIRECTION('ref_axis',(0.474342187163396,-0.880340553125349,0.));
#1936=DIRECTION('',(0.,0.,1.));
#1937=DIRECTION('center_axis',(0.,0.,-1.));
#1938=DIRECTION('ref_axis',(0.474342187163396,-0.880340553125349,0.));
#1939=DIRECTION('',(0.,0.,-1.));
#1940=DIRECTION('center_axis',(0.209003429932799,0.977914907482408,0.));
#1941=DIRECTION('ref_axis',(-0.977914907482407,0.209003429932799,0.));
#1942=DIRECTION('',(-0.977914907482407,0.209003429932799,0.));
#1943=DIRECTION('',(0.,0.,1.));
#1944=DIRECTION('',(-0.977914907482407,0.209003429932799,0.));
#1945=DIRECTION('center_axis',(0.,0.,-1.));
#1946=DIRECTION('ref_axis',(0.957905352014546,0.287084197722355,0.));
#1947=DIRECTION('center_axis',(0.,0.,-1.));
#1948=DIRECTION('ref_axis',(0.957905352014546,0.287084197722355,0.));
#1949=DIRECTION('',(0.,0.,-1.));
#1950=DIRECTION('center_axis',(0.,0.,-1.));
#1951=DIRECTION('ref_axis',(0.957905352014546,0.287084197722355,0.));
#1952=DIRECTION('',(0.,0.,1.));
#1953=DIRECTION('center_axis',(-0.543702519907496,-0.839278005100955,0.));
#1954=DIRECTION('ref_axis',(0.839278005100955,-0.543702519907496,0.));
#1955=DIRECTION('',(0.839278005100955,-0.543702519907496,0.));
#1956=DIRECTION('',(0.,0.,1.));
#1957=DIRECTION('',(-0.839278005100955,0.543702519907496,0.));
#1958=DIRECTION('center_axis',(0.,0.,1.));
#1959=DIRECTION('ref_axis',(-0.287084197722355,-0.957905352014546,0.));
#1960=DIRECTION('center_axis',(0.,0.,-1.));
#1961=DIRECTION('ref_axis',(-0.287084197722355,-0.957905352014546,0.));
#1962=DIRECTION('',(0.,0.,1.));
#1963=DIRECTION('center_axis',(0.,0.,-1.));
#1964=DIRECTION('ref_axis',(-0.287084197722355,-0.957905352014546,0.));
#1965=DIRECTION('',(0.,0.,-1.));
#1966=DIRECTION('center_axis',(0.839278005100955,0.543702519907496,0.));
#1967=DIRECTION('ref_axis',(-0.543702519907496,0.839278005100955,0.));
#1968=DIRECTION('',(-0.543702519907496,0.839278005100955,0.));
#1969=DIRECTION('',(0.,0.,1.));
#1970=DIRECTION('',(-0.543702519907496,0.839278005100955,0.));
#1971=DIRECTION('center_axis',(0.,0.,-1.));
#1972=DIRECTION('ref_axis',(0.880340553125349,-0.474342187163395,0.));
#1973=DIRECTION('center_axis',(0.,0.,-1.));
#1974=DIRECTION('ref_axis',(0.880340553125349,-0.474342187163395,0.));
#1975=DIRECTION('',(0.,0.,-1.));
#1976=DIRECTION('center_axis',(0.,0.,-1.));
#1977=DIRECTION('ref_axis',(0.880340553125349,-0.474342187163395,0.));
#1978=DIRECTION('',(0.,0.,1.));
#1979=DIRECTION('center_axis',(-0.977914907482408,-0.209003429932799,0.));
#1980=DIRECTION('ref_axis',(0.209003429932799,-0.977914907482407,0.));
#1981=DIRECTION('',(0.209003429932799,-0.977914907482407,0.));
#1982=DIRECTION('',(0.,0.,1.));
#1983=DIRECTION('',(-0.209003429932799,0.977914907482407,0.));
#1984=DIRECTION('center_axis',(0.,0.,1.));
#1985=DIRECTION('ref_axis',(-0.88034055312535,-0.474342187163395,0.));
#1986=DIRECTION('center_axis',(0.,0.,-1.));
#1987=DIRECTION('ref_axis',(-0.88034055312535,-0.474342187163395,0.));
#1988=DIRECTION('',(0.,0.,1.));
#1989=DIRECTION('center_axis',(0.,0.,-1.));
#1990=DIRECTION('ref_axis',(-0.88034055312535,-0.474342187163395,0.));
#1991=DIRECTION('',(0.,0.,-1.));
#1992=DIRECTION('center_axis',(0.977914907482408,-0.209003429932799,0.));
#1993=DIRECTION('ref_axis',(0.209003429932799,0.977914907482407,0.));
#1994=DIRECTION('',(0.209003429932799,0.977914907482407,0.));
#1995=DIRECTION('',(0.,0.,1.));
#1996=DIRECTION('',(0.209003429932799,0.977914907482407,0.));
#1997=DIRECTION('center_axis',(0.,0.,-1.));
#1998=DIRECTION('ref_axis',(0.287084197722355,-0.957905352014546,0.));
#1999=DIRECTION('center_axis',(0.,0.,-1.));
#2000=DIRECTION('ref_axis',(0.287084197722355,-0.957905352014546,0.));
#2001=DIRECTION('',(0.,0.,-1.));
#2002=DIRECTION('center_axis',(0.,0.,-1.));
#2003=DIRECTION('ref_axis',(0.287084197722355,-0.957905352014546,0.));
#2004=DIRECTION('',(0.,0.,1.));
#2005=DIRECTION('center_axis',(-0.839278005100955,0.543702519907496,0.));
#2006=DIRECTION('ref_axis',(-0.543702519907496,-0.839278005100955,0.));
#2007=DIRECTION('',(-0.543702519907496,-0.839278005100955,0.));
#2008=DIRECTION('',(0.,0.,1.));
#2009=DIRECTION('',(0.543702519907496,0.839278005100955,0.));
#2010=DIRECTION('center_axis',(0.,0.,1.));
#2011=DIRECTION('ref_axis',(-0.957905352014546,0.287084197722355,0.));
#2012=DIRECTION('center_axis',(0.,0.,-1.));
#2013=DIRECTION('ref_axis',(-0.957905352014546,0.287084197722355,0.));
#2014=DIRECTION('',(0.,0.,1.));
#2015=DIRECTION('center_axis',(0.,0.,-1.));
#2016=DIRECTION('ref_axis',(-0.957905352014546,0.287084197722355,0.));
#2017=DIRECTION('',(0.,0.,-1.));
#2018=DIRECTION('center_axis',(0.543702519907496,-0.839278005100955,0.));
#2019=DIRECTION('ref_axis',(0.839278005100955,0.543702519907496,0.));
#2020=DIRECTION('',(0.839278005100955,0.543702519907496,0.));
#2021=DIRECTION('',(0.,0.,1.));
#2022=DIRECTION('',(0.839278005100955,0.543702519907496,0.));
#2023=DIRECTION('',(0.,0.,1.));
#2024=DIRECTION('center_axis',(0.,0.,1.));
#2025=DIRECTION('ref_axis',(0.667817240422435,-0.744325287353965,0.));
#2026=DIRECTION('center_axis',(0.,0.,1.));
#2027=DIRECTION('ref_axis',(0.667817240422435,-0.744325287353965,0.));
#2028=DIRECTION('center_axis',(0.,0.,1.));
#2029=DIRECTION('ref_axis',(0.667817240422435,-0.744325287353965,0.));
#2030=DIRECTION('',(0.,0.,1.));
#2031=DIRECTION('',(0.,0.,1.));
#2032=DIRECTION('center_axis',(0.,0.,1.));
#2033=DIRECTION('ref_axis',(-0.0540993588006235,-0.998535557392606,0.));
#2034=DIRECTION('center_axis',(0.,0.,1.));
#2035=DIRECTION('ref_axis',(-0.0540993588006235,-0.998535557392606,0.));
#2036=DIRECTION('center_axis',(0.,0.,1.));
#2037=DIRECTION('ref_axis',(-0.0540993588006235,-0.998535557392606,0.));
#2038=DIRECTION('',(0.,0.,1.));
#2039=DIRECTION('',(0.,0.,1.));
#2040=DIRECTION('center_axis',(0.,0.,1.));
#2041=DIRECTION('ref_axis',(-0.744325287353965,-0.667817240422435,0.));
#2042=DIRECTION('center_axis',(0.,0.,1.));
#2043=DIRECTION('ref_axis',(-0.744325287353965,-0.667817240422435,0.));
#2044=DIRECTION('center_axis',(0.,0.,1.));
#2045=DIRECTION('ref_axis',(-0.744325287353965,-0.667817240422435,0.));
#2046=DIRECTION('',(0.,0.,1.));
#2047=DIRECTION('',(0.,0.,1.));
#2048=DIRECTION('center_axis',(0.,0.,1.));
#2049=DIRECTION('ref_axis',(-0.998535557392606,0.0540993588006235,0.));
#2050=DIRECTION('center_axis',(0.,0.,1.));
#2051=DIRECTION('ref_axis',(-0.998535557392606,0.0540993588006235,0.));
#2052=DIRECTION('center_axis',(0.,0.,1.));
#2053=DIRECTION('ref_axis',(-0.998535557392606,0.0540993588006235,0.));
#2054=DIRECTION('',(0.,0.,1.));
#2055=DIRECTION('',(0.,0.,1.));
#2056=DIRECTION('center_axis',(0.,0.,1.));
#2057=DIRECTION('ref_axis',(-0.667817240422435,0.744325287353965,0.));
#2058=DIRECTION('center_axis',(0.,0.,1.));
#2059=DIRECTION('ref_axis',(-0.667817240422435,0.744325287353965,0.));
#2060=DIRECTION('center_axis',(0.,0.,1.));
#2061=DIRECTION('ref_axis',(-0.667817240422435,0.744325287353965,0.));
#2062=DIRECTION('',(0.,0.,1.));
#2063=DIRECTION('',(0.,0.,1.));
#2064=DIRECTION('center_axis',(0.,0.,1.));
#2065=DIRECTION('ref_axis',(0.0540993588006233,0.998535557392606,0.));
#2066=DIRECTION('center_axis',(0.,0.,1.));
#2067=DIRECTION('ref_axis',(0.0540993588006233,0.998535557392606,0.));
#2068=DIRECTION('center_axis',(0.,0.,1.));
#2069=DIRECTION('ref_axis',(0.0540993588006233,0.998535557392606,0.));
#2070=DIRECTION('',(0.,0.,1.));
#2071=DIRECTION('',(0.,0.,1.));
#2072=DIRECTION('center_axis',(0.,0.,1.));
#2073=DIRECTION('ref_axis',(0.744325287353965,0.667817240422436,0.));
#2074=DIRECTION('center_axis',(0.,0.,1.));
#2075=DIRECTION('ref_axis',(0.744325287353965,0.667817240422436,0.));
#2076=DIRECTION('center_axis',(0.,0.,1.));
#2077=DIRECTION('ref_axis',(0.744325287353965,0.667817240422436,0.));
#2078=DIRECTION('',(0.,0.,1.));
#2079=DIRECTION('center_axis',(0.,0.,1.));
#2080=DIRECTION('ref_axis',(1.,0.,0.));
#2081=DIRECTION('center_axis',(0.,0.,1.));
#2082=DIRECTION('ref_axis',(1.,0.,0.));
#2083=DIRECTION('center_axis',(0.,0.,1.));
#2084=DIRECTION('ref_axis',(1.,0.,0.));
#2085=DIRECTION('center_axis',(0.,0.,1.));
#2086=DIRECTION('ref_axis',(1.,0.,0.));
#2087=DIRECTION('center_axis',(0.,0.,1.));
#2088=DIRECTION('ref_axis',(1.,0.,0.));
#2089=DIRECTION('center_axis',(0.,0.,1.));
#2090=DIRECTION('ref_axis',(1.,0.,0.));
#2091=DIRECTION('center_axis',(0.,0.,1.));
#2092=DIRECTION('ref_axis',(1.,0.,0.));
#2093=DIRECTION('center_axis',(0.,0.,-1.));
#2094=DIRECTION('ref_axis',(-0.474342187163395,-0.880340553125349,0.));
#2095=DIRECTION('',(0.977914907482407,0.209003429932799,0.));
#2096=DIRECTION('center_axis',(0.,0.,1.));
#2097=DIRECTION('ref_axis',(0.998535557392606,-0.0540993588006233,0.));
#2098=DIRECTION('',(0.977914907482407,-0.209003429932799,0.));
#2099=DIRECTION('center_axis',(0.,0.,-1.));
#2100=DIRECTION('ref_axis',(-0.474342187163395,0.880340553125349,0.));
#2101=DIRECTION('center_axis',(0.,0.,1.));
#2102=DIRECTION('ref_axis',(1.,0.,0.));
#2103=DIRECTION('center_axis',(0.,0.,1.));
#2104=DIRECTION('ref_axis',(1.,0.,0.));
#2105=DIRECTION('center_axis',(0.,0.,-1.));
#2106=DIRECTION('ref_axis',(1.,0.,0.));
#2107=DIRECTION('center_axis',(0.,0.,1.));
#2108=DIRECTION('ref_axis',(1.,0.,0.));
#2109=DIRECTION('center_axis',(0.,0.,1.));
#2110=DIRECTION('ref_axis',(1.,0.,0.));
#2111=DIRECTION('',(0.,0.,1.));
#2112=DIRECTION('center_axis',(0.,0.,1.));
#2113=DIRECTION('ref_axis',(1.,0.,0.));
#2114=DIRECTION('center_axis',(0.,0.,1.));
#2115=DIRECTION('ref_axis',(1.,0.,0.));
#2116=DIRECTION('center_axis',(0.,0.,1.));
#2117=DIRECTION('ref_axis',(1.,0.,0.));
#2118=DIRECTION('center_axis',(0.,0.,1.));
#2119=DIRECTION('ref_axis',(1.,0.,0.));
#2120=DIRECTION('center_axis',(0.,0.,1.));
#2121=DIRECTION('ref_axis',(1.,0.,0.));
#2122=DIRECTION('center_axis',(0.,0.,1.));
#2123=DIRECTION('ref_axis',(1.,0.,0.));
#2124=DIRECTION('center_axis',(0.,0.,1.));
#2125=DIRECTION('ref_axis',(1.,0.,0.));
#2126=DIRECTION('center_axis',(0.,0.,1.));
#2127=DIRECTION('ref_axis',(1.,0.,0.));
#2128=DIRECTION('center_axis',(0.,0.,1.));
#2129=DIRECTION('ref_axis',(1.,0.,0.));
#2130=DIRECTION('center_axis',(0.,0.,1.));
#2131=DIRECTION('ref_axis',(1.,0.,0.));
#2132=DIRECTION('center_axis',(0.,0.,1.));
#2133=DIRECTION('ref_axis',(1.,0.,0.));
#2134=DIRECTION('center_axis',(0.,0.,1.));
#2135=DIRECTION('ref_axis',(1.,0.,0.));
#2136=DIRECTION('center_axis',(0.,0.,-1.));
#2137=DIRECTION('ref_axis',(-0.474342187163395,-0.880340553125349,0.));
#2138=DIRECTION('center_axis',(0.,0.,-1.));
#2139=DIRECTION('ref_axis',(-0.474342187163395,-0.880340553125349,0.));
#2140=DIRECTION('',(0.,0.,-1.));
#2141=DIRECTION('center_axis',(-0.209003429932799,0.977914907482408,0.));
#2142=DIRECTION('ref_axis',(-0.977914907482407,-0.209003429932799,0.));
#2143=DIRECTION('',(-0.977914907482407,-0.209003429932799,0.));
#2144=DIRECTION('',(0.,0.,1.));
#2145=DIRECTION('center_axis',(0.,0.,1.));
#2146=DIRECTION('ref_axis',(-0.474342187163395,0.880340553125349,0.));
#2147=DIRECTION('',(0.,0.,1.));
#2148=DIRECTION('center_axis',(0.,0.,-1.));
#2149=DIRECTION('ref_axis',(-0.474342187163395,0.880340553125349,0.));
#2150=DIRECTION('',(0.,0.,-1.));
#2151=DIRECTION('center_axis',(-0.209003429932799,-0.977914907482408,0.));
#2152=DIRECTION('ref_axis',(0.977914907482407,-0.209003429932799,0.));
#2153=DIRECTION('',(0.,0.,1.));
#2154=DIRECTION('',(0.977914907482407,-0.209003429932799,0.));
#2155=DIRECTION('',(0.,0.,1.));
#2156=DIRECTION('center_axis',(0.,0.,1.));
#2157=DIRECTION('ref_axis',(0.998535557392606,-0.0540993588006233,0.));
#2158=DIRECTION('center_axis',(0.,0.,1.));
#2159=DIRECTION('ref_axis',(0.998535557392606,-0.0540993588006233,0.));
#2160=DIRECTION('',(0.,0.,1.));
#2161=DIRECTION('center_axis',(0.,0.,1.));
#2162=DIRECTION('ref_axis',(1.,0.,0.));
#2163=DIRECTION('center_axis',(0.,0.,1.));
#2164=DIRECTION('ref_axis',(1.,0.,0.));
#2165=DIRECTION('center_axis',(0.,0.,-1.));
#2166=DIRECTION('ref_axis',(1.,0.,0.));
#2167=DIRECTION('center_axis',(0.,0.,1.));
#2168=DIRECTION('ref_axis',(1.,0.,0.));
#2169=DIRECTION('',(0.,0.,-1.));
#2170=DIRECTION('center_axis',(0.,0.,1.));
#2171=DIRECTION('ref_axis',(1.,0.,0.));
#2172=DIRECTION('center_axis',(0.,1.,0.));
#2173=DIRECTION('ref_axis',(1.,0.,0.));
#2174=DIRECTION('',(1.,0.,0.));
#2175=DIRECTION('',(0.,0.,-1.));
#2176=DIRECTION('',(1.,0.,0.));
#2177=DIRECTION('',(0.,0.,-1.));
#2178=DIRECTION('center_axis',(0.,0.,-1.));
#2179=DIRECTION('ref_axis',(0.,1.,0.));
#2180=DIRECTION('center_axis',(0.,0.,1.));
#2181=DIRECTION('ref_axis',(0.,1.,0.));
#2182=DIRECTION('center_axis',(0.,0.,-1.));
#2183=DIRECTION('ref_axis',(0.,1.,0.));
#2184=DIRECTION('',(0.,0.,-1.));
#2185=DIRECTION('center_axis',(0.,-1.,0.));
#2186=DIRECTION('ref_axis',(-1.,0.,0.));
#2187=DIRECTION('',(-1.,0.,0.));
#2188=DIRECTION('',(-1.,0.,0.));
#2189=DIRECTION('',(0.,0.,-1.));
#2190=DIRECTION('center_axis',(0.,0.,-1.));
#2191=DIRECTION('ref_axis',(1.,-7.6571373978539E-16,0.));
#2192=DIRECTION('center_axis',(0.,0.,1.));
#2193=DIRECTION('ref_axis',(-1.,0.,0.));
#2194=DIRECTION('center_axis',(0.,0.,-1.));
#2195=DIRECTION('ref_axis',(-1.,0.,0.));
#2196=DIRECTION('center_axis',(0.,0.,1.));
#2197=DIRECTION('ref_axis',(-1.,0.,0.));
#2198=DIRECTION('center_axis',(0.,0.,1.));
#2199=DIRECTION('ref_axis',(-1.,0.,0.));
#2200=DIRECTION('center_axis',(0.,-1.,0.));
#2201=DIRECTION('ref_axis',(-1.,0.,0.));
#2202=DIRECTION('',(-1.,0.,0.));
#2203=DIRECTION('',(0.,0.,-1.));
#2204=DIRECTION('',(-1.,0.,0.));
#2205=DIRECTION('',(0.,0.,-1.));
#2206=DIRECTION('center_axis',(0.,0.,-1.));
#2207=DIRECTION('ref_axis',(0.,-1.,0.));
#2208=DIRECTION('center_axis',(0.,0.,1.));
#2209=DIRECTION('ref_axis',(0.,-1.,0.));
#2210=DIRECTION('center_axis',(0.,0.,-1.));
#2211=DIRECTION('ref_axis',(0.,-1.,0.));
#2212=DIRECTION('',(0.,0.,-1.));
#2213=DIRECTION('center_axis',(0.,1.,0.));
#2214=DIRECTION('ref_axis',(1.,0.,0.));
#2215=DIRECTION('',(1.,0.,0.));
#2216=DIRECTION('',(1.,0.,0.));
#2217=DIRECTION('',(0.,0.,-1.));
#2218=DIRECTION('center_axis',(0.,0.,-1.));
#2219=DIRECTION('ref_axis',(-1.,0.,0.));
#2220=DIRECTION('center_axis',(0.,0.,1.));
#2221=DIRECTION('ref_axis',(-1.,0.,0.));
#2222=DIRECTION('center_axis',(0.,0.,-1.));
#2223=DIRECTION('ref_axis',(-1.,0.,0.));
#2224=DIRECTION('center_axis',(0.,0.,1.));
#2225=DIRECTION('ref_axis',(-1.,0.,0.));
#2226=DIRECTION('center_axis',(0.,0.,1.));
#2227=DIRECTION('ref_axis',(-1.,0.,0.));
#2228=DIRECTION('center_axis',(1.,0.,0.));
#2229=DIRECTION('ref_axis',(0.,-1.,0.));
#2230=DIRECTION('',(0.,1.,0.));
#2231=DIRECTION('',(0.,0.,-1.));
#2232=DIRECTION('',(0.,-1.,0.));
#2233=DIRECTION('',(0.,0.,-1.));
#2234=DIRECTION('center_axis',(0.,0.,-1.));
#2235=DIRECTION('ref_axis',(-1.,0.,0.));
#2236=DIRECTION('center_axis',(0.,0.,1.));
#2237=DIRECTION('ref_axis',(-1.,0.,0.));
#2238=DIRECTION('center_axis',(0.,0.,-1.));
#2239=DIRECTION('ref_axis',(-1.,0.,0.));
#2240=DIRECTION('',(0.,0.,-1.));
#2241=DIRECTION('center_axis',(-1.,-7.24280292510164E-17,0.));
#2242=DIRECTION('ref_axis',(-7.24280292510164E-17,1.,0.));
#2243=DIRECTION('',(7.24280292510164E-17,-1.,0.));
#2244=DIRECTION('',(-7.24280292510164E-17,1.,0.));
#2245=DIRECTION('',(0.,0.,-1.));
#2246=DIRECTION('center_axis',(0.,0.,-1.));
#2247=DIRECTION('ref_axis',(-1.,0.,0.));
#2248=DIRECTION('center_axis',(0.,0.,1.));
#2249=DIRECTION('ref_axis',(-1.,0.,0.));
#2250=DIRECTION('center_axis',(0.,0.,-1.));
#2251=DIRECTION('ref_axis',(-1.,0.,0.));
#2252=DIRECTION('center_axis',(0.,0.,1.));
#2253=DIRECTION('ref_axis',(-1.,0.,0.));
#2254=DIRECTION('center_axis',(0.,0.,1.));
#2255=DIRECTION('ref_axis',(-1.,0.,0.));
#2256=DIRECTION('center_axis',(1.,0.,0.));
#2257=DIRECTION('ref_axis',(0.,-1.,0.));
#2258=DIRECTION('',(0.,-1.,0.));
#2259=DIRECTION('',(0.,0.,-1.));
#2260=DIRECTION('',(0.,-1.,0.));
#2261=DIRECTION('',(0.,0.,-1.));
#2262=DIRECTION('center_axis',(0.,0.,-1.));
#2263=DIRECTION('ref_axis',(1.,0.,0.));
#2264=DIRECTION('center_axis',(0.,0.,1.));
#2265=DIRECTION('ref_axis',(1.,0.,0.));
#2266=DIRECTION('center_axis',(0.,0.,-1.));
#2267=DIRECTION('ref_axis',(1.,0.,0.));
#2268=DIRECTION('',(0.,0.,-1.));
#2269=DIRECTION('center_axis',(-1.,7.24280292510169E-17,0.));
#2270=DIRECTION('ref_axis',(7.24280292510169E-17,1.,0.));
#2271=DIRECTION('',(7.24280292510169E-17,1.,0.));
#2272=DIRECTION('',(7.24280292510169E-17,1.,0.));
#2273=DIRECTION('',(0.,0.,-1.));
#2274=DIRECTION('center_axis',(0.,0.,-1.));
#2275=DIRECTION('ref_axis',(-1.,0.,0.));
#2276=DIRECTION('center_axis',(0.,0.,1.));
#2277=DIRECTION('ref_axis',(-1.,0.,0.));
#2278=DIRECTION('center_axis',(0.,0.,-1.));
#2279=DIRECTION('ref_axis',(-1.,0.,0.));
#2280=DIRECTION('center_axis',(0.,0.,1.));
#2281=DIRECTION('ref_axis',(-1.,0.,0.));
#2282=DIRECTION('center_axis',(0.,0.,1.));
#2283=DIRECTION('ref_axis',(-1.,0.,0.));
#2284=DIRECTION('',(0.,0.,1.));
#2285=DIRECTION('',(0.923879532511287,0.38268343236509,0.));
#2286=CARTESIAN_POINT('',(0.,0.,0.));
#2287=CARTESIAN_POINT('',(0.,0.,0.));
#2288=CARTESIAN_POINT('Origin',(9.09887231522563,-3.99356017970375,0.));
#2289=CARTESIAN_POINT('',(7.64522469769118,-3.35554383662434,15.8));
#2290=CARTESIAN_POINT('',(8.23574456487248,-5.32591401280152,15.8));
#2291=CARTESIAN_POINT('Origin',(9.09887231522563,-3.99356017970375,15.8));
#2292=CARTESIAN_POINT('',(8.23574456487248,-5.32591401280152,0.));
#2293=CARTESIAN_POINT('',(8.23574456487248,-5.32591401280152,0.));
#2294=CARTESIAN_POINT('',(7.64522469769118,-3.35554383662434,0.));
#2295=CARTESIAN_POINT('Origin',(9.09887231522563,-3.99356017970375,0.));
#2296=CARTESIAN_POINT('',(7.64522469769118,-3.35554383662434,0.));
#2297=CARTESIAN_POINT('Origin',(9.46823784355998,-6.12434992714535,0.));
#2298=CARTESIAN_POINT('',(9.46823784355998,-6.12434992714535,15.8));
#2299=CARTESIAN_POINT('',(4.7362590939945,-3.05887131975828,15.8));
#2300=CARTESIAN_POINT('',(9.46823784355998,-6.12434992714535,0.));
#2301=CARTESIAN_POINT('',(9.46823784355998,-6.12434992714535,0.));
#2302=CARTESIAN_POINT('',(7.00355331588303,-4.52767375985584,0.));
#2303=CARTESIAN_POINT('Origin',(3.99356017970375,-9.09887231522563,0.));
#2304=CARTESIAN_POINT('',(3.35554383662433,-7.64522469769119,0.));
#2305=CARTESIAN_POINT('',(5.32591401280151,-8.23574456487248,0.));
#2306=CARTESIAN_POINT('Origin',(3.99356017970375,-9.09887231522563,0.));
#2307=CARTESIAN_POINT('',(5.32591401280151,-8.23574456487248,15.8));
#2308=CARTESIAN_POINT('',(5.32591401280151,-8.23574456487248,0.));
#2309=CARTESIAN_POINT('',(3.35554383662433,-7.64522469769119,15.8));
#2310=CARTESIAN_POINT('Origin',(3.99356017970375,-9.09887231522563,15.8));
#2311=CARTESIAN_POINT('',(3.35554383662433,-7.64522469769119,0.));
#2312=CARTESIAN_POINT('Origin',(4.52767375985584,-7.00355331588304,0.));
#2313=CARTESIAN_POINT('',(6.12434992714534,-9.46823784355999,0.));
#2314=CARTESIAN_POINT('',(4.52767375985584,-7.00355331588304,0.));
#2315=CARTESIAN_POINT('',(6.12434992714534,-9.46823784355999,15.8));
#2316=CARTESIAN_POINT('',(6.12434992714534,-9.46823784355999,0.));
#2317=CARTESIAN_POINT('',(2.26053323611352,-3.50391683015603,15.8));
#2318=CARTESIAN_POINT('Origin',(3.61000083110149,-9.25774779939168,0.));
#2319=CARTESIAN_POINT('',(3.03326242598652,-7.7787180288781,15.8));
#2320=CARTESIAN_POINT('',(2.05756091547317,-9.58954074440999,15.8));
#2321=CARTESIAN_POINT('Origin',(3.61000083110149,-9.25774779939168,15.8));
#2322=CARTESIAN_POINT('',(2.05756091547317,-9.58954074440999,0.));
#2323=CARTESIAN_POINT('',(2.05756091547317,-9.58954074440999,0.));
#2324=CARTESIAN_POINT('',(3.03326242598652,-7.7787180288781,0.));
#2325=CARTESIAN_POINT('Origin',(3.61000083110149,-9.25774779939168,0.));
#2326=CARTESIAN_POINT('',(3.03326242598652,-7.7787180288781,0.));
#2327=CARTESIAN_POINT('Origin',(2.36448582122454,-11.0256245489122,0.));
#2328=CARTESIAN_POINT('',(2.36448582122454,-11.0256245489122,15.8));
#2329=CARTESIAN_POINT('',(1.18609226984184,-5.51198957579809,15.8));
#2330=CARTESIAN_POINT('',(2.36448582122454,-11.0256245489122,0.));
#2331=CARTESIAN_POINT('',(2.36448582122454,-11.0256245489122,0.));
#2332=CARTESIAN_POINT('',(1.75071122346796,-8.15380886065688,0.));
#2333=CARTESIAN_POINT('Origin',(-3.6100008311015,-9.25774779939167,0.));
#2334=CARTESIAN_POINT('',(-3.03326242598652,-7.7787180288781,0.));
#2335=CARTESIAN_POINT('',(-2.05756091547318,-9.58954074440999,0.));
#2336=CARTESIAN_POINT('Origin',(-3.6100008311015,-9.25774779939167,0.));
#2337=CARTESIAN_POINT('',(-2.05756091547318,-9.58954074440999,15.8));
#2338=CARTESIAN_POINT('',(-2.05756091547318,-9.58954074440999,0.));
#2339=CARTESIAN_POINT('',(-3.03326242598652,-7.7787180288781,15.8));
#2340=CARTESIAN_POINT('Origin',(-3.6100008311015,-9.25774779939167,15.8));
#2341=CARTESIAN_POINT('',(-3.03326242598652,-7.7787180288781,0.));
#2342=CARTESIAN_POINT('Origin',(-1.75071122346797,-8.15380886065688,0.));
#2343=CARTESIAN_POINT('',(-2.36448582122455,-11.0256245489122,0.));
#2344=CARTESIAN_POINT('',(-1.75071122346797,-8.15380886065688,0.));
#2345=CARTESIAN_POINT('',(-2.36448582122455,-11.0256245489122,15.8));
#2346=CARTESIAN_POINT('',(-2.36448582122455,-11.0256245489122,0.));
#2347=CARTESIAN_POINT('',(-0.879204970963554,-4.07608173167044,15.8));
#2348=CARTESIAN_POINT('Origin',(-3.99356017970375,-9.09887231522563,0.));
#2349=CARTESIAN_POINT('',(-3.35554383662434,-7.64522469769119,15.8));
#2350=CARTESIAN_POINT('',(-5.32591401280152,-8.23574456487248,15.8));
#2351=CARTESIAN_POINT('Origin',(-3.99356017970375,-9.09887231522563,15.8));
#2352=CARTESIAN_POINT('',(-5.32591401280152,-8.23574456487248,0.));
#2353=CARTESIAN_POINT('',(-5.32591401280152,-8.23574456487248,0.));
#2354=CARTESIAN_POINT('',(-3.35554383662434,-7.64522469769119,0.));
#2355=CARTESIAN_POINT('Origin',(-3.99356017970375,-9.09887231522563,0.));
#2356=CARTESIAN_POINT('',(-3.35554383662434,-7.64522469769119,0.));
#2357=CARTESIAN_POINT('Origin',(-6.12434992714535,-9.46823784355998,0.));
#2358=CARTESIAN_POINT('',(-6.12434992714535,-9.46823784355998,15.8));
#2359=CARTESIAN_POINT('',(-3.05887131975828,-4.7362590939945,15.8));
#2360=CARTESIAN_POINT('',(-6.12434992714535,-9.46823784355998,0.));
#2361=CARTESIAN_POINT('',(-6.12434992714535,-9.46823784355998,0.));
#2362=CARTESIAN_POINT('',(-4.52767375985584,-7.00355331588303,0.));
#2363=CARTESIAN_POINT('Origin',(-9.09887231522563,-3.99356017970375,0.));
#2364=CARTESIAN_POINT('',(-7.64522469769118,-3.35554383662434,0.));
#2365=CARTESIAN_POINT('',(-8.23574456487248,-5.32591401280152,0.));
#2366=CARTESIAN_POINT('Origin',(-9.09887231522563,-3.99356017970375,0.));
#2367=CARTESIAN_POINT('',(-8.23574456487248,-5.32591401280152,15.8));
#2368=CARTESIAN_POINT('',(-8.23574456487248,-5.32591401280152,0.));
#2369=CARTESIAN_POINT('',(-7.64522469769118,-3.35554383662434,15.8));
#2370=CARTESIAN_POINT('Origin',(-9.09887231522563,-3.99356017970375,15.8));
#2371=CARTESIAN_POINT('',(-7.64522469769118,-3.35554383662434,0.));
#2372=CARTESIAN_POINT('Origin',(-7.00355331588303,-4.52767375985584,0.));
#2373=CARTESIAN_POINT('',(-9.46823784355998,-6.12434992714535,0.));
#2374=CARTESIAN_POINT('',(-7.00355331588303,-4.52767375985584,0.));
#2375=CARTESIAN_POINT('',(-9.46823784355998,-6.12434992714535,15.8));
#2376=CARTESIAN_POINT('',(-9.46823784355998,-6.12434992714535,0.));
#2377=CARTESIAN_POINT('',(-3.50391683015602,-2.26053323611352,15.8));
#2378=CARTESIAN_POINT('Origin',(-9.25774779939168,-3.61000083110149,0.));
#2379=CARTESIAN_POINT('',(-7.7787180288781,-3.03326242598651,15.8));
#2380=CARTESIAN_POINT('',(-9.58954074441,-2.05756091547317,15.8));
#2381=CARTESIAN_POINT('Origin',(-9.25774779939168,-3.61000083110149,15.8));
#2382=CARTESIAN_POINT('',(-9.58954074441,-2.05756091547317,0.));
#2383=CARTESIAN_POINT('',(-9.58954074441,-2.05756091547317,0.));
#2384=CARTESIAN_POINT('',(-7.7787180288781,-3.03326242598652,0.));
#2385=CARTESIAN_POINT('Origin',(-9.25774779939168,-3.61000083110149,0.));
#2386=CARTESIAN_POINT('',(-7.7787180288781,-3.03326242598651,0.));
#2387=CARTESIAN_POINT('Origin',(-11.0256245489122,-2.36448582122454,0.));
#2388=CARTESIAN_POINT('',(-11.0256245489122,-2.36448582122454,15.8));
#2389=CARTESIAN_POINT('',(-5.51198957579809,-1.18609226984184,15.8));
#2390=CARTESIAN_POINT('',(-11.0256245489122,-2.36448582122454,0.));
#2391=CARTESIAN_POINT('',(-11.0256245489122,-2.36448582122454,0.));
#2392=CARTESIAN_POINT('',(-8.15380886065688,-1.75071122346796,0.));
#2393=CARTESIAN_POINT('Origin',(-9.25774779939167,3.6100008311015,0.));
#2394=CARTESIAN_POINT('',(-7.7787180288781,3.03326242598652,0.));
#2395=CARTESIAN_POINT('',(-9.58954074440999,2.05756091547318,0.));
#2396=CARTESIAN_POINT('Origin',(-9.25774779939167,3.6100008311015,0.));
#2397=CARTESIAN_POINT('',(-9.58954074440999,2.05756091547318,15.8));
#2398=CARTESIAN_POINT('',(-9.58954074440999,2.05756091547318,0.));
#2399=CARTESIAN_POINT('',(-7.7787180288781,3.03326242598652,15.8));
#2400=CARTESIAN_POINT('Origin',(-9.25774779939167,3.6100008311015,15.8));
#2401=CARTESIAN_POINT('',(-7.7787180288781,3.03326242598652,0.));
#2402=CARTESIAN_POINT('Origin',(-8.15380886065688,1.75071122346797,0.));
#2403=CARTESIAN_POINT('',(-11.0256245489122,2.36448582122455,0.));
#2404=CARTESIAN_POINT('',(-8.15380886065688,1.75071122346797,0.));
#2405=CARTESIAN_POINT('',(-11.0256245489122,2.36448582122455,15.8));
#2406=CARTESIAN_POINT('',(-11.0256245489122,2.36448582122455,0.));
#2407=CARTESIAN_POINT('',(-4.07608173167044,0.879204970963554,15.8));
#2408=CARTESIAN_POINT('Origin',(-9.09887231522563,3.99356017970375,0.));
#2409=CARTESIAN_POINT('',(-7.64522469769118,3.35554383662434,15.8));
#2410=CARTESIAN_POINT('',(-8.23574456487248,5.32591401280152,15.8));
#2411=CARTESIAN_POINT('Origin',(-9.09887231522563,3.99356017970375,15.8));
#2412=CARTESIAN_POINT('',(-8.23574456487248,5.32591401280152,0.));
#2413=CARTESIAN_POINT('',(-8.23574456487248,5.32591401280152,0.));
#2414=CARTESIAN_POINT('',(-7.64522469769118,3.35554383662434,0.));
#2415=CARTESIAN_POINT('Origin',(-9.09887231522563,3.99356017970375,0.));
#2416=CARTESIAN_POINT('',(-7.64522469769118,3.35554383662434,0.));
#2417=CARTESIAN_POINT('Origin',(-9.46823784355998,6.12434992714535,0.));
#2418=CARTESIAN_POINT('',(-9.46823784355998,6.12434992714535,15.8));
#2419=CARTESIAN_POINT('',(-4.7362590939945,3.05887131975828,15.8));
#2420=CARTESIAN_POINT('',(-9.46823784355998,6.12434992714535,0.));
#2421=CARTESIAN_POINT('',(-9.46823784355998,6.12434992714535,0.));
#2422=CARTESIAN_POINT('',(-7.00355331588303,4.52767375985584,0.));
#2423=CARTESIAN_POINT('Origin',(-3.99356017970375,9.09887231522563,0.));
#2424=CARTESIAN_POINT('',(-3.35554383662434,7.64522469769119,0.));
#2425=CARTESIAN_POINT('',(-5.32591401280152,8.23574456487248,0.));
#2426=CARTESIAN_POINT('Origin',(-3.99356017970375,9.09887231522563,0.));
#2427=CARTESIAN_POINT('',(-5.32591401280152,8.23574456487248,15.8));
#2428=CARTESIAN_POINT('',(-5.32591401280152,8.23574456487248,0.));
#2429=CARTESIAN_POINT('',(-3.35554383662434,7.64522469769119,15.8));
#2430=CARTESIAN_POINT('Origin',(-3.99356017970375,9.09887231522563,15.8));
#2431=CARTESIAN_POINT('',(-3.35554383662434,7.64522469769119,0.));
#2432=CARTESIAN_POINT('Origin',(-4.52767375985584,7.00355331588303,0.));
#2433=CARTESIAN_POINT('',(-6.12434992714535,9.46823784355998,0.));
#2434=CARTESIAN_POINT('',(-4.52767375985584,7.00355331588303,0.));
#2435=CARTESIAN_POINT('',(-6.12434992714535,9.46823784355998,15.8));
#2436=CARTESIAN_POINT('',(-6.12434992714535,9.46823784355998,0.));
#2437=CARTESIAN_POINT('',(-2.26053323611352,3.50391683015602,15.8));
#2438=CARTESIAN_POINT('Origin',(-3.61000083110149,9.25774779939168,0.));
#2439=CARTESIAN_POINT('',(-3.03326242598652,7.7787180288781,15.8));
#2440=CARTESIAN_POINT('',(-2.05756091547317,9.58954074440999,15.8));
#2441=CARTESIAN_POINT('Origin',(-3.61000083110149,9.25774779939168,15.8));
#2442=CARTESIAN_POINT('',(-2.05756091547317,9.58954074440999,0.));
#2443=CARTESIAN_POINT('',(-2.05756091547317,9.58954074440999,0.));
#2444=CARTESIAN_POINT('',(-3.03326242598652,7.7787180288781,0.));
#2445=CARTESIAN_POINT('Origin',(-3.61000083110149,9.25774779939168,0.));
#2446=CARTESIAN_POINT('',(-3.03326242598652,7.7787180288781,0.));
#2447=CARTESIAN_POINT('Origin',(-2.36448582122454,11.0256245489122,0.));
#2448=CARTESIAN_POINT('',(-2.36448582122454,11.0256245489122,15.8));
#2449=CARTESIAN_POINT('',(-1.18609226984184,5.51198957579809,15.8));
#2450=CARTESIAN_POINT('',(-2.36448582122454,11.0256245489122,0.));
#2451=CARTESIAN_POINT('',(-2.36448582122454,11.0256245489122,0.));
#2452=CARTESIAN_POINT('',(-1.75071122346796,8.15380886065688,0.));
#2453=CARTESIAN_POINT('Origin',(3.6100008311015,9.25774779939168,0.));
#2454=CARTESIAN_POINT('',(3.03326242598652,7.7787180288781,0.));
#2455=CARTESIAN_POINT('',(2.05756091547317,9.58954074440999,0.));
#2456=CARTESIAN_POINT('Origin',(3.6100008311015,9.25774779939168,0.));
#2457=CARTESIAN_POINT('',(2.05756091547317,9.58954074440999,15.8));
#2458=CARTESIAN_POINT('',(2.05756091547317,9.58954074440999,0.));
#2459=CARTESIAN_POINT('',(3.03326242598652,7.7787180288781,15.8));
#2460=CARTESIAN_POINT('Origin',(3.6100008311015,9.25774779939168,15.8));
#2461=CARTESIAN_POINT('',(3.03326242598652,7.7787180288781,0.));
#2462=CARTESIAN_POINT('Origin',(1.75071122346796,8.15380886065688,0.));
#2463=CARTESIAN_POINT('',(2.36448582122454,11.0256245489122,0.));
#2464=CARTESIAN_POINT('',(1.75071122346796,8.15380886065688,0.));
#2465=CARTESIAN_POINT('',(2.36448582122454,11.0256245489122,15.8));
#2466=CARTESIAN_POINT('',(2.36448582122454,11.0256245489122,0.));
#2467=CARTESIAN_POINT('',(0.879204970963553,4.07608173167044,15.8));
#2468=CARTESIAN_POINT('Origin',(3.99356017970375,9.09887231522563,0.));
#2469=CARTESIAN_POINT('',(3.35554383662434,7.64522469769118,15.8));
#2470=CARTESIAN_POINT('',(5.32591401280152,8.23574456487248,15.8));
#2471=CARTESIAN_POINT('Origin',(3.99356017970375,9.09887231522563,15.8));
#2472=CARTESIAN_POINT('',(5.32591401280152,8.23574456487248,0.));
#2473=CARTESIAN_POINT('',(5.32591401280152,8.23574456487248,0.));
#2474=CARTESIAN_POINT('',(3.35554383662434,7.64522469769118,0.));
#2475=CARTESIAN_POINT('Origin',(3.99356017970375,9.09887231522563,0.));
#2476=CARTESIAN_POINT('',(3.35554383662434,7.64522469769118,0.));
#2477=CARTESIAN_POINT('Origin',(6.12434992714535,9.46823784355998,0.));
#2478=CARTESIAN_POINT('',(6.12434992714535,9.46823784355998,15.8));
#2479=CARTESIAN_POINT('',(3.05887131975828,4.7362590939945,15.8));
#2480=CARTESIAN_POINT('',(6.12434992714535,9.46823784355998,0.));
#2481=CARTESIAN_POINT('',(6.12434992714535,9.46823784355998,0.));
#2482=CARTESIAN_POINT('',(4.52767375985584,7.00355331588303,0.));
#2483=CARTESIAN_POINT('Origin',(9.09887231522563,3.99356017970375,0.));
#2484=CARTESIAN_POINT('',(7.64522469769119,3.35554383662434,0.));
#2485=CARTESIAN_POINT('',(8.23574456487248,5.32591401280152,0.));
#2486=CARTESIAN_POINT('Origin',(9.09887231522563,3.99356017970375,0.));
#2487=CARTESIAN_POINT('',(8.23574456487248,5.32591401280152,15.8));
#2488=CARTESIAN_POINT('',(8.23574456487248,5.32591401280152,0.));
#2489=CARTESIAN_POINT('',(7.64522469769118,3.35554383662434,15.8));
#2490=CARTESIAN_POINT('Origin',(9.09887231522563,3.99356017970375,15.8));
#2491=CARTESIAN_POINT('',(7.64522469769118,3.35554383662434,0.));
#2492=CARTESIAN_POINT('Origin',(7.00355331588303,4.52767375985584,0.));
#2493=CARTESIAN_POINT('',(9.46823784355998,6.12434992714535,0.));
#2494=CARTESIAN_POINT('',(7.00355331588303,4.52767375985584,0.));
#2495=CARTESIAN_POINT('',(9.46823784355998,6.12434992714535,15.8));
#2496=CARTESIAN_POINT('',(9.46823784355998,6.12434992714535,0.));
#2497=CARTESIAN_POINT('',(3.50391683015602,2.26053323611352,15.8));
#2498=CARTESIAN_POINT('Ctrl Pts',(11.1648788707474,-10.0172582119562,0.));
#2499=CARTESIAN_POINT('Ctrl Pts',(11.1648788707474,-10.0172582119562,24.5));
#2500=CARTESIAN_POINT('Ctrl Pts',(11.1632665545625,-10.0038265374445,0.));
#2501=CARTESIAN_POINT('Ctrl Pts',(11.1632665545625,-10.0038265374445,24.5));
#2502=CARTESIAN_POINT('Ctrl Pts',(11.1599979810773,-9.97698472846438,0.));
#2503=CARTESIAN_POINT('Ctrl Pts',(11.1599979810773,-9.97698472846438,24.5));
#2504=CARTESIAN_POINT('Ctrl Pts',(11.1549632975166,-9.93678663514549,0.));
#2505=CARTESIAN_POINT('Ctrl Pts',(11.1549632975166,-9.93678663514549,24.5));
#2506=CARTESIAN_POINT('Ctrl Pts',(11.1479866517222,-9.88331846044397,0.));
#2507=CARTESIAN_POINT('Ctrl Pts',(11.1479866517222,-9.88331846044397,24.5));
#2508=CARTESIAN_POINT('Ctrl Pts',(11.1388257639934,-9.8166991807256,0.));
#2509=CARTESIAN_POINT('Ctrl Pts',(11.1388257639934,-9.8166991807256,24.5));
#2510=CARTESIAN_POINT('Ctrl Pts',(11.1292241022689,-9.75029680660911,0.));
#2511=CARTESIAN_POINT('Ctrl Pts',(11.1292241022689,-9.75029680660911,24.5));
#2512=CARTESIAN_POINT('Ctrl Pts',(11.1191809441572,-9.68411295474821,0.));
#2513=CARTESIAN_POINT('Ctrl Pts',(11.1191809441572,-9.68411295474821,24.5));
#2514=CARTESIAN_POINT('Ctrl Pts',(11.1086956692985,-9.61815001777042,0.));
#2515=CARTESIAN_POINT('Ctrl Pts',(11.1086956692985,-9.61815001777042,24.5));
#2516=CARTESIAN_POINT('Ctrl Pts',(11.0977679250413,-9.55241134812119,0.));
#2517=CARTESIAN_POINT('Ctrl Pts',(11.0977679250413,-9.55241134812119,24.5));
#2518=CARTESIAN_POINT('Ctrl Pts',(11.0863975839517,-9.48690106698422,0.));
#2519=CARTESIAN_POINT('Ctrl Pts',(11.0863975839517,-9.48690106698422,24.5));
#2520=CARTESIAN_POINT('Ctrl Pts',(11.0745846504081,-9.42162378152888,0.));
#2521=CARTESIAN_POINT('Ctrl Pts',(11.0745846504081,-9.42162378152888,24.5));
#2522=CARTESIAN_POINT('Ctrl Pts',(11.0623291854577,-9.35658432160457,0.));
#2523=CARTESIAN_POINT('Ctrl Pts',(11.0623291854577,-9.35658432160457,24.5));
#2524=CARTESIAN_POINT('Ctrl Pts',(11.0496312325555,-9.29178749124818,0.));
#2525=CARTESIAN_POINT('Ctrl Pts',(11.0496312325555,-9.29178749124818,24.5));
#2526=CARTESIAN_POINT('Ctrl Pts',(11.0364907333604,-9.22723775163201,0.));
#2527=CARTESIAN_POINT('Ctrl Pts',(11.0364907333604,-9.22723775163201,24.5));
#2528=CARTESIAN_POINT('Ctrl Pts',(11.0229075100097,-9.16293920839226,0.));
#2529=CARTESIAN_POINT('Ctrl Pts',(11.0229075100097,-9.16293920839226,24.5));
#2530=CARTESIAN_POINT('Ctrl Pts',(11.0088812927272,-9.09889579600697,0.));
#2531=CARTESIAN_POINT('Ctrl Pts',(11.0088812927272,-9.09889579600697,24.5));
#2532=CARTESIAN_POINT('Ctrl Pts',(10.9944117371063,-9.03511140655915,0.));
#2533=CARTESIAN_POINT('Ctrl Pts',(10.9944117371063,-9.03511140655915,24.5));
#2534=CARTESIAN_POINT('Ctrl Pts',(10.9794984477945,-8.97159002738931,0.));
#2535=CARTESIAN_POINT('Ctrl Pts',(10.9794984477945,-8.97159002738931,24.5));
#2536=CARTESIAN_POINT('Ctrl Pts',(10.9641410051248,-8.90833590256639,0.));
#2537=CARTESIAN_POINT('Ctrl Pts',(10.9641410051248,-8.90833590256639,24.5));
#2538=CARTESIAN_POINT('Ctrl Pts',(10.9483389843117,-8.84535357316641,0.));
#2539=CARTESIAN_POINT('Ctrl Pts',(10.9483389843117,-8.84535357316641,24.5));
#2540=CARTESIAN_POINT('Ctrl Pts',(10.9320919618144,-8.78264776348025,0.));
#2541=CARTESIAN_POINT('Ctrl Pts',(10.9320919618144,-8.78264776348025,24.5));
#2542=CARTESIAN_POINT('Ctrl Pts',(10.9153995299087,-8.72022330092876,0.));
#2543=CARTESIAN_POINT('Ctrl Pts',(10.9153995299087,-8.72022330092876,24.5));
#2544=CARTESIAN_POINT('Ctrl Pts',(10.8982613069501,-8.6580850298246,0.));
#2545=CARTESIAN_POINT('Ctrl Pts',(10.8982613069501,-8.6580850298246,24.5));
#2546=CARTESIAN_POINT('Ctrl Pts',(10.8806769629814,-8.59623770324955,0.));
#2547=CARTESIAN_POINT('Ctrl Pts',(10.8806769629814,-8.59623770324955,24.5));
#2548=CARTESIAN_POINT('Ctrl Pts',(10.8626462085727,-8.53468595666125,0.));
#2549=CARTESIAN_POINT('Ctrl Pts',(10.8626462085727,-8.53468595666125,24.5));
#2550=CARTESIAN_POINT('Ctrl Pts',(10.8441687082253,-8.47343445672274,0.));
#2551=CARTESIAN_POINT('Ctrl Pts',(10.8441687082253,-8.47343445672274,24.5));
#2552=CARTESIAN_POINT('Ctrl Pts',(10.8252440086756,-8.41248801655545,0.));
#2553=CARTESIAN_POINT('Ctrl Pts',(10.8252440086756,-8.41248801655545,24.5));
#2554=CARTESIAN_POINT('Ctrl Pts',(10.8058714720225,-8.35185171142567,0.));
#2555=CARTESIAN_POINT('Ctrl Pts',(10.8058714720225,-8.35185171142567,24.5));
#2556=CARTESIAN_POINT('Ctrl Pts',(10.7860501917607,-8.29153101830015,0.));
#2557=CARTESIAN_POINT('Ctrl Pts',(10.7860501917607,-8.29153101830015,24.5));
#2558=CARTESIAN_POINT('Ctrl Pts',(10.7657789753902,-8.23153186261626,0.));
#2559=CARTESIAN_POINT('Ctrl Pts',(10.7657789753902,-8.23153186261626,24.5));
#2560=CARTESIAN_POINT('Ctrl Pts',(10.7450565333258,-8.171860368585,0.));
#2561=CARTESIAN_POINT('Ctrl Pts',(10.7450565333258,-8.171860368585,24.5));
#2562=CARTESIAN_POINT('Ctrl Pts',(10.7238816431083,-8.11252264865695,0.));
#2563=CARTESIAN_POINT('Ctrl Pts',(10.7238816431083,-8.11252264865695,24.5));
#2564=CARTESIAN_POINT('Ctrl Pts',(10.702253310704,-8.05352459502063,0.));
#2565=CARTESIAN_POINT('Ctrl Pts',(10.702253310704,-8.05352459502063,24.5));
#2566=CARTESIAN_POINT('Ctrl Pts',(10.6801709741526,-7.99487162105994,0.));
#2567=CARTESIAN_POINT('Ctrl Pts',(10.6801709741526,-7.99487162105994,24.5));
#2568=CARTESIAN_POINT('Ctrl Pts',(10.6576345801824,-7.93656856101569,0.));
#2569=CARTESIAN_POINT('Ctrl Pts',(10.6576345801824,-7.93656856101569,24.5));
#2570=CARTESIAN_POINT('Ctrl Pts',(10.6346440977368,-7.87862026961238,0.));
#2571=CARTESIAN_POINT('Ctrl Pts',(10.6346440977368,-7.87862026961238,24.5));
#2572=CARTESIAN_POINT('Ctrl Pts',(10.6111990974544,-7.82103214064694,0.));
#2573=CARTESIAN_POINT('Ctrl Pts',(10.6111990974544,-7.82103214064694,24.5));
#2574=CARTESIAN_POINT('Ctrl Pts',(10.5872983415458,-7.76381061453861,0.));
#2575=CARTESIAN_POINT('Ctrl Pts',(10.5872983415458,-7.76381061453861,24.5));
#2576=CARTESIAN_POINT('Ctrl Pts',(10.5629392937921,-7.70696378441396,0.));
#2577=CARTESIAN_POINT('Ctrl Pts',(10.5629392937921,-7.70696378441396,24.5));
#2578=CARTESIAN_POINT('Ctrl Pts',(10.5381178968087,-7.65050167642496,0.));
#2579=CARTESIAN_POINT('Ctrl Pts',(10.5381178968087,-7.65050167642496,24.5));
#2580=CARTESIAN_POINT('Ctrl Pts',(10.5128296614283,-7.59443492554978,0.));
#2581=CARTESIAN_POINT('Ctrl Pts',(10.5128296614283,-7.59443492554978,24.5));
#2582=CARTESIAN_POINT('Ctrl Pts',(10.4870706306614,-7.53877360623659,0.));
#2583=CARTESIAN_POINT('Ctrl Pts',(10.4870706306614,-7.53877360623659,24.5));
#2584=CARTESIAN_POINT('Ctrl Pts',(10.4608383083978,-7.4835261063746,0.));
#2585=CARTESIAN_POINT('Ctrl Pts',(10.4608383083978,-7.4835261063746,24.5));
#2586=CARTESIAN_POINT('Ctrl Pts',(10.4341328138951,-7.42869772793219,0.));
#2587=CARTESIAN_POINT('Ctrl Pts',(10.4341328138951,-7.42869772793219,24.5));
#2588=CARTESIAN_POINT('Ctrl Pts',(10.4069573311669,-7.37429014571276,0.));
#2589=CARTESIAN_POINT('Ctrl Pts',(10.4069573311669,-7.37429014571276,24.5));
#2590=CARTESIAN_POINT('Ctrl Pts',(10.3793154434462,-7.32030465448374,0.));
#2591=CARTESIAN_POINT('Ctrl Pts',(10.3793154434462,-7.32030465448374,24.5));
#2592=CARTESIAN_POINT('Ctrl Pts',(10.3512087764739,-7.26674504131101,0.));
#2593=CARTESIAN_POINT('Ctrl Pts',(10.3512087764739,-7.26674504131101,24.5));
#2594=CARTESIAN_POINT('Ctrl Pts',(10.3226347826877,-7.21362028785989,0.));
#2595=CARTESIAN_POINT('Ctrl Pts',(10.3226347826877,-7.21362028785989,24.5));
#2596=CARTESIAN_POINT('Ctrl Pts',(10.2935838527183,-7.16094809046766,0.));
#2597=CARTESIAN_POINT('Ctrl Pts',(10.2935838527183,-7.16094809046766,24.5));
#2598=CARTESIAN_POINT('Ctrl Pts',(10.2640385897913,-7.10875575414653,0.));
#2599=CARTESIAN_POINT('Ctrl Pts',(10.2640385897913,-7.10875575414653,24.5));
#2600=CARTESIAN_POINT('Ctrl Pts',(10.233980050114,-7.05707262757822,0.));
#2601=CARTESIAN_POINT('Ctrl Pts',(10.233980050114,-7.05707262757822,24.5));
#2602=CARTESIAN_POINT('Ctrl Pts',(10.2033932259489,-7.00592345797744,0.));
#2603=CARTESIAN_POINT('Ctrl Pts',(10.2033932259489,-7.00592345797744,24.5));
#2604=CARTESIAN_POINT('Ctrl Pts',(10.1722720120414,-6.95532237576042,0.));
#2605=CARTESIAN_POINT('Ctrl Pts',(10.1722720120414,-6.95532237576042,24.5));
#2606=CARTESIAN_POINT('Ctrl Pts',(10.1406263579588,-6.90526422142108,0.));
#2607=CARTESIAN_POINT('Ctrl Pts',(10.1406263579588,-6.90526422142108,24.5));
#2608=CARTESIAN_POINT('Ctrl Pts',(10.1084821462605,-6.85572471943736,0.));
#2609=CARTESIAN_POINT('Ctrl Pts',(10.1084821462605,-6.85572471943736,24.5));
#2610=CARTESIAN_POINT('Ctrl Pts',(10.0758659450876,-6.80667904888558,0.));
#2611=CARTESIAN_POINT('Ctrl Pts',(10.0758659450876,-6.80667904888558,24.5));
#2612=CARTESIAN_POINT('Ctrl Pts',(10.042791720822,-6.75811802889227,0.));
#2613=CARTESIAN_POINT('Ctrl Pts',(10.042791720822,-6.75811802889227,24.5));
#2614=CARTESIAN_POINT('Ctrl Pts',(10.0092491987884,-6.71006230561942,0.));
#2615=CARTESIAN_POINT('Ctrl Pts',(10.0092491987884,-6.71006230561942,24.5));
#2616=CARTESIAN_POINT('Ctrl Pts',(9.97518561269166,-6.66258456777074,0.));
#2617=CARTESIAN_POINT('Ctrl Pts',(9.97518561269166,-6.66258456777074,24.5));
#2618=CARTESIAN_POINT('Ctrl Pts',(9.94051156970512,-6.61580248173051,0.));
#2619=CARTESIAN_POINT('Ctrl Pts',(9.94051156970512,-6.61580248173051,24.5));
#2620=CARTESIAN_POINT('Ctrl Pts',(9.90513637355749,-6.56983589259671,0.));
#2621=CARTESIAN_POINT('Ctrl Pts',(9.90513637355749,-6.56983589259671,24.5));
#2622=CARTESIAN_POINT('Ctrl Pts',(9.86899893310246,-6.52476933308364,0.));
#2623=CARTESIAN_POINT('Ctrl Pts',(9.86899893310246,-6.52476933308364,24.5));
#2624=CARTESIAN_POINT('Ctrl Pts',(9.83209401255972,-6.4806203079553,0.));
#2625=CARTESIAN_POINT('Ctrl Pts',(9.83209401255972,-6.4806203079553,24.5));
#2626=CARTESIAN_POINT('Ctrl Pts',(9.79451658077793,-6.43728531347168,0.));
#2627=CARTESIAN_POINT('Ctrl Pts',(9.79451658077793,-6.43728531347168,24.5));
#2628=CARTESIAN_POINT('Ctrl Pts',(9.75642696291411,-6.39458319460692,0.));
#2629=CARTESIAN_POINT('Ctrl Pts',(9.75642696291411,-6.39458319460692,24.5));
#2630=CARTESIAN_POINT('Ctrl Pts',(9.7179641959337,-6.35236208517566,0.));
#2631=CARTESIAN_POINT('Ctrl Pts',(9.7179641959337,-6.35236208517566,24.5));
#2632=CARTESIAN_POINT('Ctrl Pts',(9.67917026561462,-6.31059310877252,0.));
#2633=CARTESIAN_POINT('Ctrl Pts',(9.67917026561462,-6.31059310877252,24.5));
#2634=CARTESIAN_POINT('Ctrl Pts',(9.63991976501199,-6.26945712769042,0.));
#2635=CARTESIAN_POINT('Ctrl Pts',(9.63991976501199,-6.26945712769042,24.5));
#2636=CARTESIAN_POINT('Ctrl Pts',(9.5998212167881,-6.22946706074655,0.));
#2637=CARTESIAN_POINT('Ctrl Pts',(9.5998212167881,-6.22946706074655,24.5));
#2638=CARTESIAN_POINT('Ctrl Pts',(9.55831498554002,-6.19134387883907,0.));
#2639=CARTESIAN_POINT('Ctrl Pts',(9.55831498554002,-6.19134387883907,24.5));
#2640=CARTESIAN_POINT('Ctrl Pts',(9.52352335259073,-6.16292848758565,0.));
#2641=CARTESIAN_POINT('Ctrl Pts',(9.52352335259073,-6.16292848758565,24.5));
#2642=CARTESIAN_POINT('Ctrl Pts',(9.49633101146904,-6.14305173527551,0.));
#2643=CARTESIAN_POINT('Ctrl Pts',(9.49633101146904,-6.14305173527551,24.5));
#2644=CARTESIAN_POINT('Ctrl Pts',(9.47768802759303,-6.13047196160965,0.));
#2645=CARTESIAN_POINT('Ctrl Pts',(9.47768802759303,-6.13047196160965,24.5));
#2646=CARTESIAN_POINT('Ctrl Pts',(9.46823784355998,-6.12434992714535,0.));
#2647=CARTESIAN_POINT('Ctrl Pts',(9.46823784355998,-6.12434992714535,24.5));
#2648=CARTESIAN_POINT('',(11.1648788707474,-10.0172582119562,0.));
#2649=CARTESIAN_POINT('Ctrl Pts',(9.46823784355998,-6.12434992714535,0.));
#2650=CARTESIAN_POINT('Ctrl Pts',(9.47768802759303,-6.13047196160965,0.));
#2651=CARTESIAN_POINT('Ctrl Pts',(9.49633101146904,-6.14305173527551,0.));
#2652=CARTESIAN_POINT('Ctrl Pts',(9.52352335259073,-6.16292848758565,0.));
#2653=CARTESIAN_POINT('Ctrl Pts',(9.55831498554002,-6.19134387883907,0.));
#2654=CARTESIAN_POINT('Ctrl Pts',(9.5998212167881,-6.22946706074655,0.));
#2655=CARTESIAN_POINT('Ctrl Pts',(9.63991976501199,-6.26945712769042,0.));
#2656=CARTESIAN_POINT('Ctrl Pts',(9.67917026561462,-6.31059310877252,0.));
#2657=CARTESIAN_POINT('Ctrl Pts',(9.7179641959337,-6.35236208517566,0.));
#2658=CARTESIAN_POINT('Ctrl Pts',(9.75642696291411,-6.39458319460692,0.));
#2659=CARTESIAN_POINT('Ctrl Pts',(9.79451658077793,-6.43728531347168,0.));
#2660=CARTESIAN_POINT('Ctrl Pts',(9.83209401255972,-6.4806203079553,0.));
#2661=CARTESIAN_POINT('Ctrl Pts',(9.86899893310246,-6.52476933308364,0.));
#2662=CARTESIAN_POINT('Ctrl Pts',(9.90513637355749,-6.56983589259671,0.));
#2663=CARTESIAN_POINT('Ctrl Pts',(9.94051156970512,-6.61580248173051,0.));
#2664=CARTESIAN_POINT('Ctrl Pts',(9.97518561269166,-6.66258456777074,0.));
#2665=CARTESIAN_POINT('Ctrl Pts',(10.0092491987884,-6.71006230561942,0.));
#2666=CARTESIAN_POINT('Ctrl Pts',(10.042791720822,-6.75811802889227,0.));
#2667=CARTESIAN_POINT('Ctrl Pts',(10.0758659450876,-6.80667904888558,0.));
#2668=CARTESIAN_POINT('Ctrl Pts',(10.1084821462605,-6.85572471943736,0.));
#2669=CARTESIAN_POINT('Ctrl Pts',(10.1406263579588,-6.90526422142108,0.));
#2670=CARTESIAN_POINT('Ctrl Pts',(10.1722720120414,-6.95532237576042,0.));
#2671=CARTESIAN_POINT('Ctrl Pts',(10.2033932259489,-7.00592345797744,0.));
#2672=CARTESIAN_POINT('Ctrl Pts',(10.233980050114,-7.05707262757822,0.));
#2673=CARTESIAN_POINT('Ctrl Pts',(10.2640385897913,-7.10875575414653,0.));
#2674=CARTESIAN_POINT('Ctrl Pts',(10.2935838527183,-7.16094809046766,0.));
#2675=CARTESIAN_POINT('Ctrl Pts',(10.3226347826877,-7.21362028785989,0.));
#2676=CARTESIAN_POINT('Ctrl Pts',(10.3512087764739,-7.26674504131101,0.));
#2677=CARTESIAN_POINT('Ctrl Pts',(10.3793154434462,-7.32030465448374,0.));
#2678=CARTESIAN_POINT('Ctrl Pts',(10.4069573311669,-7.37429014571276,0.));
#2679=CARTESIAN_POINT('Ctrl Pts',(10.4341328138951,-7.42869772793219,0.));
#2680=CARTESIAN_POINT('Ctrl Pts',(10.4608383083978,-7.4835261063746,0.));
#2681=CARTESIAN_POINT('Ctrl Pts',(10.4870706306614,-7.53877360623659,0.));
#2682=CARTESIAN_POINT('Ctrl Pts',(10.5128296614283,-7.59443492554978,0.));
#2683=CARTESIAN_POINT('Ctrl Pts',(10.5381178968087,-7.65050167642496,0.));
#2684=CARTESIAN_POINT('Ctrl Pts',(10.5629392937921,-7.70696378441396,0.));
#2685=CARTESIAN_POINT('Ctrl Pts',(10.5872983415458,-7.76381061453861,0.));
#2686=CARTESIAN_POINT('Ctrl Pts',(10.6111990974544,-7.82103214064694,0.));
#2687=CARTESIAN_POINT('Ctrl Pts',(10.6346440977368,-7.87862026961238,0.));
#2688=CARTESIAN_POINT('Ctrl Pts',(10.6576345801824,-7.93656856101569,0.));
#2689=CARTESIAN_POINT('Ctrl Pts',(10.6801709741526,-7.99487162105994,0.));
#2690=CARTESIAN_POINT('Ctrl Pts',(10.702253310704,-8.05352459502063,0.));
#2691=CARTESIAN_POINT('Ctrl Pts',(10.7238816431083,-8.11252264865695,0.));
#2692=CARTESIAN_POINT('Ctrl Pts',(10.7450565333258,-8.171860368585,0.));
#2693=CARTESIAN_POINT('Ctrl Pts',(10.7657789753902,-8.23153186261626,0.));
#2694=CARTESIAN_POINT('Ctrl Pts',(10.7860501917607,-8.29153101830015,0.));
#2695=CARTESIAN_POINT('Ctrl Pts',(10.8058714720225,-8.35185171142567,0.));
#2696=CARTESIAN_POINT('Ctrl Pts',(10.8252440086756,-8.41248801655545,0.));
#2697=CARTESIAN_POINT('Ctrl Pts',(10.8441687082253,-8.47343445672274,0.));
#2698=CARTESIAN_POINT('Ctrl Pts',(10.8626462085727,-8.53468595666125,0.));
#2699=CARTESIAN_POINT('Ctrl Pts',(10.8806769629814,-8.59623770324955,0.));
#2700=CARTESIAN_POINT('Ctrl Pts',(10.8982613069501,-8.6580850298246,0.));
#2701=CARTESIAN_POINT('Ctrl Pts',(10.9153995299087,-8.72022330092876,0.));
#2702=CARTESIAN_POINT('Ctrl Pts',(10.9320919618144,-8.78264776348025,0.));
#2703=CARTESIAN_POINT('Ctrl Pts',(10.9483389843117,-8.84535357316641,0.));
#2704=CARTESIAN_POINT('Ctrl Pts',(10.9641410051248,-8.90833590256639,0.));
#2705=CARTESIAN_POINT('Ctrl Pts',(10.9794984477945,-8.97159002738931,0.));
#2706=CARTESIAN_POINT('Ctrl Pts',(10.9944117371063,-9.03511140655915,0.));
#2707=CARTESIAN_POINT('Ctrl Pts',(11.0088812927272,-9.09889579600697,0.));
#2708=CARTESIAN_POINT('Ctrl Pts',(11.0229075100097,-9.16293920839226,0.));
#2709=CARTESIAN_POINT('Ctrl Pts',(11.0364907333604,-9.22723775163201,0.));
#2710=CARTESIAN_POINT('Ctrl Pts',(11.0496312325555,-9.29178749124818,0.));
#2711=CARTESIAN_POINT('Ctrl Pts',(11.0623291854577,-9.35658432160457,0.));
#2712=CARTESIAN_POINT('Ctrl Pts',(11.0745846504081,-9.42162378152888,0.));
#2713=CARTESIAN_POINT('Ctrl Pts',(11.0863975839517,-9.48690106698422,0.));
#2714=CARTESIAN_POINT('Ctrl Pts',(11.0977679250413,-9.55241134812119,0.));
#2715=CARTESIAN_POINT('Ctrl Pts',(11.1086956692985,-9.61815001777042,0.));
#2716=CARTESIAN_POINT('Ctrl Pts',(11.1191809441572,-9.68411295474821,0.));
#2717=CARTESIAN_POINT('Ctrl Pts',(11.1292241022689,-9.75029680660911,0.));
#2718=CARTESIAN_POINT('Ctrl Pts',(11.1388257639934,-9.8166991807256,0.));
#2719=CARTESIAN_POINT('Ctrl Pts',(11.1479866517222,-9.88331846044397,0.));
#2720=CARTESIAN_POINT('Ctrl Pts',(11.1549632975166,-9.93678663514549,0.));
#2721=CARTESIAN_POINT('Ctrl Pts',(11.1599979810773,-9.97698472846438,0.));
#2722=CARTESIAN_POINT('Ctrl Pts',(11.1632665545625,-10.0038265374445,0.));
#2723=CARTESIAN_POINT('Ctrl Pts',(11.1648788707474,-10.0172582119562,0.));
#2724=CARTESIAN_POINT('',(11.1648788707474,-10.0172582119562,15.8));
#2725=CARTESIAN_POINT('Ctrl Pts',(11.1648788707474,-10.0172582119562,15.8));
#2726=CARTESIAN_POINT('Ctrl Pts',(11.1523233873029,-9.91266261926283,15.8));
#2727=CARTESIAN_POINT('Ctrl Pts',(11.1381703542163,-9.80884755510011,15.8));
#2728=CARTESIAN_POINT('Ctrl Pts',(11.1224098718003,-9.70582954525645,15.8));
#2729=CARTESIAN_POINT('Ctrl Pts',(11.1037291141528,-9.58372322741472,15.8));
#2730=CARTESIAN_POINT('Ctrl Pts',(11.0827876161224,-9.4627357040312,15.8));
#2731=CARTESIAN_POINT('Ctrl Pts',(11.0595833748842,-9.34299014083762,15.8));
#2732=CARTESIAN_POINT('Ctrl Pts',(11.0288047976998,-9.18415719209308,15.8));
#2733=CARTESIAN_POINT('Ctrl Pts',(10.9940492807405,-9.02751567952315,15.8));
#2734=CARTESIAN_POINT('Ctrl Pts',(10.9552948374081,-8.87333679549752,15.8));
#2735=CARTESIAN_POINT('Ctrl Pts',(10.9191224512528,-8.72943024826258,15.8));
#2736=CARTESIAN_POINT('Ctrl Pts',(10.879464524106,-8.58767441130997,15.8));
#2737=CARTESIAN_POINT('Ctrl Pts',(10.8363017722192,-8.44832436363582,15.8));
#2738=CARTESIAN_POINT('Ctrl Pts',(10.7915753712899,-8.30392610751576,15.8));
#2739=CARTESIAN_POINT('Ctrl Pts',(10.7430857783641,-8.16210767081109,15.8));
#2740=CARTESIAN_POINT('Ctrl Pts',(10.6907702269116,-8.02321876970241,15.8));
#2741=CARTESIAN_POINT('Ctrl Pts',(10.6624225589096,-7.94796052720132,15.8));
#2742=CARTESIAN_POINT('Ctrl Pts',(10.6329546740249,-7.87355910334479,15.8));
#2743=CARTESIAN_POINT('Ctrl Pts',(10.6023608359677,-7.80006781024121,15.8));
#2744=CARTESIAN_POINT('Ctrl Pts',(10.5679580577183,-7.71742683348058,15.8));
#2745=CARTESIAN_POINT('Ctrl Pts',(10.5321302939906,-7.63593802570214,15.8));
#2746=CARTESIAN_POINT('Ctrl Pts',(10.4948246722813,-7.55573572926792,15.8));
#2747=CARTESIAN_POINT('Ctrl Pts',(10.4672555510923,-7.4964656587338,15.8));
#2748=CARTESIAN_POINT('Ctrl Pts',(10.4388773281341,-7.43790070723036,15.8));
#2749=CARTESIAN_POINT('Ctrl Pts',(10.409700635831,-7.38005811408711,15.8));
#2750=CARTESIAN_POINT('Ctrl Pts',(10.3875100465398,-7.33606542243287,15.8));
#2751=CARTESIAN_POINT('Ctrl Pts',(10.3648605700075,-7.2924869755364,15.8));
#2752=CARTESIAN_POINT('Ctrl Pts',(10.3417489910781,-7.24934070110898,15.8));
#2753=CARTESIAN_POINT('Ctrl Pts',(10.3124567990342,-7.1946560358868,15.8));
#2754=CARTESIAN_POINT('Ctrl Pts',(10.282423238295,-7.14066436251978,15.8));
#2755=CARTESIAN_POINT('Ctrl Pts',(10.2515674894911,-7.08749434437436,15.8));
#2756=CARTESIAN_POINT('Ctrl Pts',(10.2318618708546,-7.05353801075465,15.8));
#2757=CARTESIAN_POINT('Ctrl Pts',(10.2118183849825,-7.01991991460988,15.8));
#2758=CARTESIAN_POINT('Ctrl Pts',(10.1914296673217,-6.98665752834236,15.8));
#2759=CARTESIAN_POINT('Ctrl Pts',(10.1660435589663,-6.94524234196382,15.8));
#2760=CARTESIAN_POINT('Ctrl Pts',(10.1401216661866,-6.90437924529786,15.8));
#2761=CARTESIAN_POINT('Ctrl Pts',(10.1137195610864,-6.86401844570198,15.8));
#2762=CARTESIAN_POINT('Ctrl Pts',(10.0955275509338,-6.83620838763155,15.8));
#2763=CARTESIAN_POINT('Ctrl Pts',(10.077110386393,-6.80863338637108,15.8));
#2764=CARTESIAN_POINT('Ctrl Pts',(10.0584746230604,-6.78129179704592,15.8));
#2765=CARTESIAN_POINT('Ctrl Pts',(10.0418551860725,-6.756908474891,15.8));
#2766=CARTESIAN_POINT('Ctrl Pts',(10.0250627003023,-6.73270981202868,15.8));
#2767=CARTESIAN_POINT('Ctrl Pts',(10.0080727178883,-6.70873035460859,15.8));
#2768=CARTESIAN_POINT('Ctrl Pts',(9.98835423064365,-6.68089991819326,15.8));
#2769=CARTESIAN_POINT('Ctrl Pts',(9.96836732668046,-6.65336762404494,15.8));
#2770=CARTESIAN_POINT('Ctrl Pts',(9.9480342948519,-6.6262361850262,15.8));
#2771=CARTESIAN_POINT('Ctrl Pts',(9.93027449002965,-6.60253833880327,15.8));
#2772=CARTESIAN_POINT('Ctrl Pts',(9.91224767538437,-6.57914989151333,15.8));
#2773=CARTESIAN_POINT('Ctrl Pts',(9.89392154934726,-6.55611625102094,15.8));
#2774=CARTESIAN_POINT('Ctrl Pts',(9.87928459900482,-6.53771944138371,15.8));
#2775=CARTESIAN_POINT('Ctrl Pts',(9.8644563147415,-6.51954946577998,15.8));
#2776=CARTESIAN_POINT('Ctrl Pts',(9.84944805624087,-6.50159599074411,15.8));
#2777=CARTESIAN_POINT('Ctrl Pts',(9.82031583463979,-6.46674686995952,15.8));
#2778=CARTESIAN_POINT('Ctrl Pts',(9.79050612690532,-6.4327117056259,15.8));
#2779=CARTESIAN_POINT('Ctrl Pts',(9.76032979988971,-6.39914525647202,15.8));
#2780=CARTESIAN_POINT('Ctrl Pts',(9.74682237455802,-6.38412035614662,15.8));
#2781=CARTESIAN_POINT('Ctrl Pts',(9.7332422655212,-6.3691886253497,15.8));
#2782=CARTESIAN_POINT('Ctrl Pts',(9.71959758635385,-6.35434455581913,15.8));
#2783=CARTESIAN_POINT('Ctrl Pts',(9.70724045904495,-6.34090121613181,15.8));
#2784=CARTESIAN_POINT('Ctrl Pts',(9.69483080904135,-6.32752924225488,15.8));
#2785=CARTESIAN_POINT('Ctrl Pts',(9.68235002012928,-6.314255436089,15.8));
#2786=CARTESIAN_POINT('Ctrl Pts',(9.66959893201334,-6.3006941561693,15.8));
#2787=CARTESIAN_POINT('Ctrl Pts',(9.65677391262459,-6.28723495177214,15.8));
#2788=CARTESIAN_POINT('Ctrl Pts',(9.643818977446,-6.27395149104103,15.8));
#2789=CARTESIAN_POINT('Ctrl Pts',(9.62733067137477,-6.25704505629625,15.8));
#2790=CARTESIAN_POINT('Ctrl Pts',(9.61063104457961,-6.24042446386018,15.8));
#2791=CARTESIAN_POINT('Ctrl Pts',(9.59354615328677,-6.22431397625286,15.8));
#2792=CARTESIAN_POINT('Ctrl Pts',(9.57744148250187,-6.20912780417528,15.8));
#2793=CARTESIAN_POINT('Ctrl Pts',(9.56099062518762,-6.19439974402972,15.8));
#2794=CARTESIAN_POINT('Ctrl Pts',(9.54404726854967,-6.18031705715268,15.8));
#2795=CARTESIAN_POINT('Ctrl Pts',(9.53094329436368,-6.16942552194809,15.8));
#2796=CARTESIAN_POINT('Ctrl Pts',(9.51754424709666,-6.15892060188948,15.8));
#2797=CARTESIAN_POINT('Ctrl Pts',(9.50380240814789,-6.14886317548986,15.8));
#2798=CARTESIAN_POINT('Ctrl Pts',(9.49219562906502,-6.14036836436613,15.8));
#2799=CARTESIAN_POINT('Ctrl Pts',(9.48034431973019,-6.13219276534787,15.8));
#2800=CARTESIAN_POINT('Ctrl Pts',(9.46823784355998,-6.12434992714535,15.8));
#2801=CARTESIAN_POINT('',(11.1648788707474,-10.0172582119562,0.));
#2802=CARTESIAN_POINT('Origin',(-1.33928886725726E-12,1.33928886725726E-12,
0.));
#2803=CARTESIAN_POINT('',(10.0172582119562,-11.1648788707474,0.));
#2804=CARTESIAN_POINT('Origin',(-1.33928886725726E-12,1.33928886725726E-12,
0.));
#2805=CARTESIAN_POINT('',(10.0172582119562,-11.1648788707474,15.8));
#2806=CARTESIAN_POINT('Origin',(-1.33928886725726E-12,1.33928886725726E-12,
15.8));
#2807=CARTESIAN_POINT('',(10.0172582119562,-11.1648788707474,0.));
#2808=CARTESIAN_POINT('Ctrl Pts',(6.12434992714534,-9.46823784355999,0.));
#2809=CARTESIAN_POINT('Ctrl Pts',(6.12434992714534,-9.46823784355999,24.5));
#2810=CARTESIAN_POINT('Ctrl Pts',(6.13047196160965,-9.47768802759303,0.));
#2811=CARTESIAN_POINT('Ctrl Pts',(6.13047196160965,-9.47768802759303,24.5));
#2812=CARTESIAN_POINT('Ctrl Pts',(6.1430517352755,-9.49633101146905,0.));
#2813=CARTESIAN_POINT('Ctrl Pts',(6.1430517352755,-9.49633101146905,24.5));
#2814=CARTESIAN_POINT('Ctrl Pts',(6.16292848758565,-9.52352335259073,0.));
#2815=CARTESIAN_POINT('Ctrl Pts',(6.16292848758565,-9.52352335259073,24.5));
#2816=CARTESIAN_POINT('Ctrl Pts',(6.19134387883907,-9.55831498554002,0.));
#2817=CARTESIAN_POINT('Ctrl Pts',(6.19134387883907,-9.55831498554002,24.5));
#2818=CARTESIAN_POINT('Ctrl Pts',(6.22946706074655,-9.59982121678811,0.));
#2819=CARTESIAN_POINT('Ctrl Pts',(6.22946706074655,-9.59982121678811,24.5));
#2820=CARTESIAN_POINT('Ctrl Pts',(6.26945712769042,-9.63991976501199,0.));
#2821=CARTESIAN_POINT('Ctrl Pts',(6.26945712769042,-9.63991976501199,24.5));
#2822=CARTESIAN_POINT('Ctrl Pts',(6.31059310877251,-9.67917026561463,0.));
#2823=CARTESIAN_POINT('Ctrl Pts',(6.31059310877251,-9.67917026561463,24.5));
#2824=CARTESIAN_POINT('Ctrl Pts',(6.35236208517566,-9.71796419593371,0.));
#2825=CARTESIAN_POINT('Ctrl Pts',(6.35236208517566,-9.71796419593371,24.5));
#2826=CARTESIAN_POINT('Ctrl Pts',(6.39458319460692,-9.75642696291412,0.));
#2827=CARTESIAN_POINT('Ctrl Pts',(6.39458319460692,-9.75642696291412,24.5));
#2828=CARTESIAN_POINT('Ctrl Pts',(6.43728531347168,-9.79451658077794,0.));
#2829=CARTESIAN_POINT('Ctrl Pts',(6.43728531347168,-9.79451658077794,24.5));
#2830=CARTESIAN_POINT('Ctrl Pts',(6.4806203079553,-9.83209401255972,0.));
#2831=CARTESIAN_POINT('Ctrl Pts',(6.4806203079553,-9.83209401255972,24.5));
#2832=CARTESIAN_POINT('Ctrl Pts',(6.52476933308364,-9.86899893310247,0.));
#2833=CARTESIAN_POINT('Ctrl Pts',(6.52476933308364,-9.86899893310247,24.5));
#2834=CARTESIAN_POINT('Ctrl Pts',(6.56983589259671,-9.9051363735575,0.));
#2835=CARTESIAN_POINT('Ctrl Pts',(6.56983589259671,-9.9051363735575,24.5));
#2836=CARTESIAN_POINT('Ctrl Pts',(6.61580248173051,-9.94051156970512,0.));
#2837=CARTESIAN_POINT('Ctrl Pts',(6.61580248173051,-9.94051156970512,24.5));
#2838=CARTESIAN_POINT('Ctrl Pts',(6.66258456777074,-9.97518561269166,0.));
#2839=CARTESIAN_POINT('Ctrl Pts',(6.66258456777074,-9.97518561269166,24.5));
#2840=CARTESIAN_POINT('Ctrl Pts',(6.71006230561941,-10.0092491987884,0.));
#2841=CARTESIAN_POINT('Ctrl Pts',(6.71006230561941,-10.0092491987884,24.5));
#2842=CARTESIAN_POINT('Ctrl Pts',(6.75811802889227,-10.042791720822,0.));
#2843=CARTESIAN_POINT('Ctrl Pts',(6.75811802889227,-10.042791720822,24.5));
#2844=CARTESIAN_POINT('Ctrl Pts',(6.80667904888557,-10.0758659450876,0.));
#2845=CARTESIAN_POINT('Ctrl Pts',(6.80667904888557,-10.0758659450876,24.5));
#2846=CARTESIAN_POINT('Ctrl Pts',(6.85572471943735,-10.1084821462605,0.));
#2847=CARTESIAN_POINT('Ctrl Pts',(6.85572471943735,-10.1084821462605,24.5));
#2848=CARTESIAN_POINT('Ctrl Pts',(6.90526422142108,-10.1406263579588,0.));
#2849=CARTESIAN_POINT('Ctrl Pts',(6.90526422142108,-10.1406263579588,24.5));
#2850=CARTESIAN_POINT('Ctrl Pts',(6.95532237576041,-10.1722720120414,0.));
#2851=CARTESIAN_POINT('Ctrl Pts',(6.95532237576041,-10.1722720120414,24.5));
#2852=CARTESIAN_POINT('Ctrl Pts',(7.00592345797743,-10.2033932259489,0.));
#2853=CARTESIAN_POINT('Ctrl Pts',(7.00592345797743,-10.2033932259489,24.5));
#2854=CARTESIAN_POINT('Ctrl Pts',(7.05707262757822,-10.233980050114,0.));
#2855=CARTESIAN_POINT('Ctrl Pts',(7.05707262757822,-10.233980050114,24.5));
#2856=CARTESIAN_POINT('Ctrl Pts',(7.10875575414652,-10.2640385897913,0.));
#2857=CARTESIAN_POINT('Ctrl Pts',(7.10875575414652,-10.2640385897913,24.5));
#2858=CARTESIAN_POINT('Ctrl Pts',(7.16094809046765,-10.2935838527183,0.));
#2859=CARTESIAN_POINT('Ctrl Pts',(7.16094809046765,-10.2935838527183,24.5));
#2860=CARTESIAN_POINT('Ctrl Pts',(7.21362028785989,-10.3226347826877,0.));
#2861=CARTESIAN_POINT('Ctrl Pts',(7.21362028785989,-10.3226347826877,24.5));
#2862=CARTESIAN_POINT('Ctrl Pts',(7.26674504131101,-10.3512087764739,0.));
#2863=CARTESIAN_POINT('Ctrl Pts',(7.26674504131101,-10.3512087764739,24.5));
#2864=CARTESIAN_POINT('Ctrl Pts',(7.32030465448373,-10.3793154434462,0.));
#2865=CARTESIAN_POINT('Ctrl Pts',(7.32030465448373,-10.3793154434462,24.5));
#2866=CARTESIAN_POINT('Ctrl Pts',(7.37429014571276,-10.4069573311669,0.));
#2867=CARTESIAN_POINT('Ctrl Pts',(7.37429014571276,-10.4069573311669,24.5));
#2868=CARTESIAN_POINT('Ctrl Pts',(7.42869772793219,-10.4341328138952,0.));
#2869=CARTESIAN_POINT('Ctrl Pts',(7.42869772793219,-10.4341328138952,24.5));
#2870=CARTESIAN_POINT('Ctrl Pts',(7.48352610637459,-10.4608383083978,0.));
#2871=CARTESIAN_POINT('Ctrl Pts',(7.48352610637459,-10.4608383083978,24.5));
#2872=CARTESIAN_POINT('Ctrl Pts',(7.53877360623659,-10.4870706306614,0.));
#2873=CARTESIAN_POINT('Ctrl Pts',(7.53877360623659,-10.4870706306614,24.5));
#2874=CARTESIAN_POINT('Ctrl Pts',(7.59443492554977,-10.5128296614283,0.));
#2875=CARTESIAN_POINT('Ctrl Pts',(7.59443492554977,-10.5128296614283,24.5));
#2876=CARTESIAN_POINT('Ctrl Pts',(7.65050167642496,-10.5381178968087,0.));
#2877=CARTESIAN_POINT('Ctrl Pts',(7.65050167642496,-10.5381178968087,24.5));
#2878=CARTESIAN_POINT('Ctrl Pts',(7.70696378441396,-10.5629392937921,0.));
#2879=CARTESIAN_POINT('Ctrl Pts',(7.70696378441396,-10.5629392937921,24.5));
#2880=CARTESIAN_POINT('Ctrl Pts',(7.7638106145386,-10.5872983415458,0.));
#2881=CARTESIAN_POINT('Ctrl Pts',(7.7638106145386,-10.5872983415458,24.5));
#2882=CARTESIAN_POINT('Ctrl Pts',(7.82103214064694,-10.6111990974544,0.));
#2883=CARTESIAN_POINT('Ctrl Pts',(7.82103214064694,-10.6111990974544,24.5));
#2884=CARTESIAN_POINT('Ctrl Pts',(7.87862026961237,-10.6346440977368,0.));
#2885=CARTESIAN_POINT('Ctrl Pts',(7.87862026961237,-10.6346440977368,24.5));
#2886=CARTESIAN_POINT('Ctrl Pts',(7.93656856101569,-10.6576345801824,0.));
#2887=CARTESIAN_POINT('Ctrl Pts',(7.93656856101569,-10.6576345801824,24.5));
#2888=CARTESIAN_POINT('Ctrl Pts',(7.99487162105994,-10.6801709741526,0.));
#2889=CARTESIAN_POINT('Ctrl Pts',(7.99487162105994,-10.6801709741526,24.5));
#2890=CARTESIAN_POINT('Ctrl Pts',(8.05352459502062,-10.702253310704,0.));
#2891=CARTESIAN_POINT('Ctrl Pts',(8.05352459502062,-10.702253310704,24.5));
#2892=CARTESIAN_POINT('Ctrl Pts',(8.11252264865695,-10.7238816431083,0.));
#2893=CARTESIAN_POINT('Ctrl Pts',(8.11252264865695,-10.7238816431083,24.5));
#2894=CARTESIAN_POINT('Ctrl Pts',(8.171860368585,-10.7450565333258,0.));
#2895=CARTESIAN_POINT('Ctrl Pts',(8.171860368585,-10.7450565333258,24.5));
#2896=CARTESIAN_POINT('Ctrl Pts',(8.23153186261625,-10.7657789753902,0.));
#2897=CARTESIAN_POINT('Ctrl Pts',(8.23153186261625,-10.7657789753902,24.5));
#2898=CARTESIAN_POINT('Ctrl Pts',(8.29153101830014,-10.7860501917607,0.));
#2899=CARTESIAN_POINT('Ctrl Pts',(8.29153101830014,-10.7860501917607,24.5));
#2900=CARTESIAN_POINT('Ctrl Pts',(8.35185171142566,-10.8058714720225,0.));
#2901=CARTESIAN_POINT('Ctrl Pts',(8.35185171142566,-10.8058714720225,24.5));
#2902=CARTESIAN_POINT('Ctrl Pts',(8.41248801655545,-10.8252440086756,0.));
#2903=CARTESIAN_POINT('Ctrl Pts',(8.41248801655545,-10.8252440086756,24.5));
#2904=CARTESIAN_POINT('Ctrl Pts',(8.47343445672274,-10.8441687082253,0.));
#2905=CARTESIAN_POINT('Ctrl Pts',(8.47343445672274,-10.8441687082253,24.5));
#2906=CARTESIAN_POINT('Ctrl Pts',(8.53468595666125,-10.8626462085727,0.));
#2907=CARTESIAN_POINT('Ctrl Pts',(8.53468595666125,-10.8626462085727,24.5));
#2908=CARTESIAN_POINT('Ctrl Pts',(8.59623770324954,-10.8806769629814,0.));
#2909=CARTESIAN_POINT('Ctrl Pts',(8.59623770324954,-10.8806769629814,24.5));
#2910=CARTESIAN_POINT('Ctrl Pts',(8.6580850298246,-10.8982613069501,0.));
#2911=CARTESIAN_POINT('Ctrl Pts',(8.6580850298246,-10.8982613069501,24.5));
#2912=CARTESIAN_POINT('Ctrl Pts',(8.72022330092875,-10.9153995299087,0.));
#2913=CARTESIAN_POINT('Ctrl Pts',(8.72022330092875,-10.9153995299087,24.5));
#2914=CARTESIAN_POINT('Ctrl Pts',(8.78264776348025,-10.9320919618144,0.));
#2915=CARTESIAN_POINT('Ctrl Pts',(8.78264776348025,-10.9320919618144,24.5));
#2916=CARTESIAN_POINT('Ctrl Pts',(8.84535357316641,-10.9483389843117,0.));
#2917=CARTESIAN_POINT('Ctrl Pts',(8.84535357316641,-10.9483389843117,24.5));
#2918=CARTESIAN_POINT('Ctrl Pts',(8.90833590256639,-10.9641410051248,0.));
#2919=CARTESIAN_POINT('Ctrl Pts',(8.90833590256639,-10.9641410051248,24.5));
#2920=CARTESIAN_POINT('Ctrl Pts',(8.9715900273893,-10.9794984477945,0.));
#2921=CARTESIAN_POINT('Ctrl Pts',(8.9715900273893,-10.9794984477945,24.5));
#2922=CARTESIAN_POINT('Ctrl Pts',(9.03511140655914,-10.9944117371063,0.));
#2923=CARTESIAN_POINT('Ctrl Pts',(9.03511140655914,-10.9944117371063,24.5));
#2924=CARTESIAN_POINT('Ctrl Pts',(9.09889579600696,-11.0088812927272,0.));
#2925=CARTESIAN_POINT('Ctrl Pts',(9.09889579600696,-11.0088812927272,24.5));
#2926=CARTESIAN_POINT('Ctrl Pts',(9.16293920839226,-11.0229075100097,0.));
#2927=CARTESIAN_POINT('Ctrl Pts',(9.16293920839226,-11.0229075100097,24.5));
#2928=CARTESIAN_POINT('Ctrl Pts',(9.22723775163201,-11.0364907333604,0.));
#2929=CARTESIAN_POINT('Ctrl Pts',(9.22723775163201,-11.0364907333604,24.5));
#2930=CARTESIAN_POINT('Ctrl Pts',(9.29178749124818,-11.0496312325555,0.));
#2931=CARTESIAN_POINT('Ctrl Pts',(9.29178749124818,-11.0496312325555,24.5));
#2932=CARTESIAN_POINT('Ctrl Pts',(9.35658432160456,-11.0623291854577,0.));
#2933=CARTESIAN_POINT('Ctrl Pts',(9.35658432160456,-11.0623291854577,24.5));
#2934=CARTESIAN_POINT('Ctrl Pts',(9.42162378152888,-11.0745846504081,0.));
#2935=CARTESIAN_POINT('Ctrl Pts',(9.42162378152888,-11.0745846504081,24.5));
#2936=CARTESIAN_POINT('Ctrl Pts',(9.48690106698421,-11.0863975839517,0.));
#2937=CARTESIAN_POINT('Ctrl Pts',(9.48690106698421,-11.0863975839517,24.5));
#2938=CARTESIAN_POINT('Ctrl Pts',(9.55241134812118,-11.0977679250413,0.));
#2939=CARTESIAN_POINT('Ctrl Pts',(9.55241134812118,-11.0977679250413,24.5));
#2940=CARTESIAN_POINT('Ctrl Pts',(9.61815001777041,-11.1086956692985,0.));
#2941=CARTESIAN_POINT('Ctrl Pts',(9.61815001777041,-11.1086956692985,24.5));
#2942=CARTESIAN_POINT('Ctrl Pts',(9.68411295474821,-11.1191809441572,0.));
#2943=CARTESIAN_POINT('Ctrl Pts',(9.68411295474821,-11.1191809441572,24.5));
#2944=CARTESIAN_POINT('Ctrl Pts',(9.7502968066091,-11.1292241022689,0.));
#2945=CARTESIAN_POINT('Ctrl Pts',(9.7502968066091,-11.1292241022689,24.5));
#2946=CARTESIAN_POINT('Ctrl Pts',(9.81669918072559,-11.1388257639934,0.));
#2947=CARTESIAN_POINT('Ctrl Pts',(9.81669918072559,-11.1388257639934,24.5));
#2948=CARTESIAN_POINT('Ctrl Pts',(9.88331846044396,-11.1479866517222,0.));
#2949=CARTESIAN_POINT('Ctrl Pts',(9.88331846044396,-11.1479866517222,24.5));
#2950=CARTESIAN_POINT('Ctrl Pts',(9.93678663514549,-11.1549632975166,0.));
#2951=CARTESIAN_POINT('Ctrl Pts',(9.93678663514549,-11.1549632975166,24.5));
#2952=CARTESIAN_POINT('Ctrl Pts',(9.97698472846437,-11.1599979810773,0.));
#2953=CARTESIAN_POINT('Ctrl Pts',(9.97698472846437,-11.1599979810773,24.5));
#2954=CARTESIAN_POINT('Ctrl Pts',(10.0038265374445,-11.1632665545625,0.));
#2955=CARTESIAN_POINT('Ctrl Pts',(10.0038265374445,-11.1632665545625,24.5));
#2956=CARTESIAN_POINT('Ctrl Pts',(10.0172582119562,-11.1648788707474,0.));
#2957=CARTESIAN_POINT('Ctrl Pts',(10.0172582119562,-11.1648788707474,24.5));
#2958=CARTESIAN_POINT('Ctrl Pts',(6.12434992714534,-9.46823784355999,0.));
#2959=CARTESIAN_POINT('Ctrl Pts',(6.13047196160965,-9.47768802759303,0.));
#2960=CARTESIAN_POINT('Ctrl Pts',(6.1430517352755,-9.49633101146905,0.));
#2961=CARTESIAN_POINT('Ctrl Pts',(6.16292848758565,-9.52352335259073,0.));
#2962=CARTESIAN_POINT('Ctrl Pts',(6.19134387883907,-9.55831498554002,0.));
#2963=CARTESIAN_POINT('Ctrl Pts',(6.22946706074655,-9.59982121678811,0.));
#2964=CARTESIAN_POINT('Ctrl Pts',(6.26945712769042,-9.63991976501199,0.));
#2965=CARTESIAN_POINT('Ctrl Pts',(6.31059310877251,-9.67917026561463,0.));
#2966=CARTESIAN_POINT('Ctrl Pts',(6.35236208517566,-9.71796419593371,0.));
#2967=CARTESIAN_POINT('Ctrl Pts',(6.39458319460692,-9.75642696291412,0.));
#2968=CARTESIAN_POINT('Ctrl Pts',(6.43728531347168,-9.79451658077794,0.));
#2969=CARTESIAN_POINT('Ctrl Pts',(6.4806203079553,-9.83209401255972,0.));
#2970=CARTESIAN_POINT('Ctrl Pts',(6.52476933308364,-9.86899893310247,0.));
#2971=CARTESIAN_POINT('Ctrl Pts',(6.56983589259671,-9.9051363735575,0.));
#2972=CARTESIAN_POINT('Ctrl Pts',(6.61580248173051,-9.94051156970512,0.));
#2973=CARTESIAN_POINT('Ctrl Pts',(6.66258456777074,-9.97518561269166,0.));
#2974=CARTESIAN_POINT('Ctrl Pts',(6.71006230561941,-10.0092491987884,0.));
#2975=CARTESIAN_POINT('Ctrl Pts',(6.75811802889227,-10.042791720822,0.));
#2976=CARTESIAN_POINT('Ctrl Pts',(6.80667904888557,-10.0758659450876,0.));
#2977=CARTESIAN_POINT('Ctrl Pts',(6.85572471943735,-10.1084821462605,0.));
#2978=CARTESIAN_POINT('Ctrl Pts',(6.90526422142108,-10.1406263579588,0.));
#2979=CARTESIAN_POINT('Ctrl Pts',(6.95532237576041,-10.1722720120414,0.));
#2980=CARTESIAN_POINT('Ctrl Pts',(7.00592345797743,-10.2033932259489,0.));
#2981=CARTESIAN_POINT('Ctrl Pts',(7.05707262757822,-10.233980050114,0.));
#2982=CARTESIAN_POINT('Ctrl Pts',(7.10875575414652,-10.2640385897913,0.));
#2983=CARTESIAN_POINT('Ctrl Pts',(7.16094809046765,-10.2935838527183,0.));
#2984=CARTESIAN_POINT('Ctrl Pts',(7.21362028785989,-10.3226347826877,0.));
#2985=CARTESIAN_POINT('Ctrl Pts',(7.26674504131101,-10.3512087764739,0.));
#2986=CARTESIAN_POINT('Ctrl Pts',(7.32030465448373,-10.3793154434462,0.));
#2987=CARTESIAN_POINT('Ctrl Pts',(7.37429014571276,-10.4069573311669,0.));
#2988=CARTESIAN_POINT('Ctrl Pts',(7.42869772793219,-10.4341328138952,0.));
#2989=CARTESIAN_POINT('Ctrl Pts',(7.48352610637459,-10.4608383083978,0.));
#2990=CARTESIAN_POINT('Ctrl Pts',(7.53877360623659,-10.4870706306614,0.));
#2991=CARTESIAN_POINT('Ctrl Pts',(7.59443492554977,-10.5128296614283,0.));
#2992=CARTESIAN_POINT('Ctrl Pts',(7.65050167642496,-10.5381178968087,0.));
#2993=CARTESIAN_POINT('Ctrl Pts',(7.70696378441396,-10.5629392937921,0.));
#2994=CARTESIAN_POINT('Ctrl Pts',(7.7638106145386,-10.5872983415458,0.));
#2995=CARTESIAN_POINT('Ctrl Pts',(7.82103214064694,-10.6111990974544,0.));
#2996=CARTESIAN_POINT('Ctrl Pts',(7.87862026961237,-10.6346440977368,0.));
#2997=CARTESIAN_POINT('Ctrl Pts',(7.93656856101569,-10.6576345801824,0.));
#2998=CARTESIAN_POINT('Ctrl Pts',(7.99487162105994,-10.6801709741526,0.));
#2999=CARTESIAN_POINT('Ctrl Pts',(8.05352459502062,-10.702253310704,0.));
#3000=CARTESIAN_POINT('Ctrl Pts',(8.11252264865695,-10.7238816431083,0.));
#3001=CARTESIAN_POINT('Ctrl Pts',(8.171860368585,-10.7450565333258,0.));
#3002=CARTESIAN_POINT('Ctrl Pts',(8.23153186261625,-10.7657789753902,0.));
#3003=CARTESIAN_POINT('Ctrl Pts',(8.29153101830014,-10.7860501917607,0.));
#3004=CARTESIAN_POINT('Ctrl Pts',(8.35185171142566,-10.8058714720225,0.));
#3005=CARTESIAN_POINT('Ctrl Pts',(8.41248801655545,-10.8252440086756,0.));
#3006=CARTESIAN_POINT('Ctrl Pts',(8.47343445672274,-10.8441687082253,0.));
#3007=CARTESIAN_POINT('Ctrl Pts',(8.53468595666125,-10.8626462085727,0.));
#3008=CARTESIAN_POINT('Ctrl Pts',(8.59623770324954,-10.8806769629814,0.));
#3009=CARTESIAN_POINT('Ctrl Pts',(8.6580850298246,-10.8982613069501,0.));
#3010=CARTESIAN_POINT('Ctrl Pts',(8.72022330092875,-10.9153995299087,0.));
#3011=CARTESIAN_POINT('Ctrl Pts',(8.78264776348025,-10.9320919618144,0.));
#3012=CARTESIAN_POINT('Ctrl Pts',(8.84535357316641,-10.9483389843117,0.));
#3013=CARTESIAN_POINT('Ctrl Pts',(8.90833590256639,-10.9641410051248,0.));
#3014=CARTESIAN_POINT('Ctrl Pts',(8.9715900273893,-10.9794984477945,0.));
#3015=CARTESIAN_POINT('Ctrl Pts',(9.03511140655914,-10.9944117371063,0.));
#3016=CARTESIAN_POINT('Ctrl Pts',(9.09889579600696,-11.0088812927272,0.));
#3017=CARTESIAN_POINT('Ctrl Pts',(9.16293920839226,-11.0229075100097,0.));
#3018=CARTESIAN_POINT('Ctrl Pts',(9.22723775163201,-11.0364907333604,0.));
#3019=CARTESIAN_POINT('Ctrl Pts',(9.29178749124818,-11.0496312325555,0.));
#3020=CARTESIAN_POINT('Ctrl Pts',(9.35658432160456,-11.0623291854577,0.));
#3021=CARTESIAN_POINT('Ctrl Pts',(9.42162378152888,-11.0745846504081,0.));
#3022=CARTESIAN_POINT('Ctrl Pts',(9.48690106698421,-11.0863975839517,0.));
#3023=CARTESIAN_POINT('Ctrl Pts',(9.55241134812118,-11.0977679250413,0.));
#3024=CARTESIAN_POINT('Ctrl Pts',(9.61815001777041,-11.1086956692985,0.));
#3025=CARTESIAN_POINT('Ctrl Pts',(9.68411295474821,-11.1191809441572,0.));
#3026=CARTESIAN_POINT('Ctrl Pts',(9.7502968066091,-11.1292241022689,0.));
#3027=CARTESIAN_POINT('Ctrl Pts',(9.81669918072559,-11.1388257639934,0.));
#3028=CARTESIAN_POINT('Ctrl Pts',(9.88331846044396,-11.1479866517222,0.));
#3029=CARTESIAN_POINT('Ctrl Pts',(9.93678663514549,-11.1549632975166,0.));
#3030=CARTESIAN_POINT('Ctrl Pts',(9.97698472846437,-11.1599979810773,0.));
#3031=CARTESIAN_POINT('Ctrl Pts',(10.0038265374445,-11.1632665545625,0.));
#3032=CARTESIAN_POINT('Ctrl Pts',(10.0172582119562,-11.1648788707474,0.));
#3033=CARTESIAN_POINT('Ctrl Pts',(6.12434992714534,-9.46823784355999,15.8));
#3034=CARTESIAN_POINT('Ctrl Pts',(6.13332963263586,-9.48209922737655,15.8));
#3035=CARTESIAN_POINT('Ctrl Pts',(6.14274639088257,-9.49562545699592,15.8));
#3036=CARTESIAN_POINT('Ctrl Pts',(6.15257721178208,-9.50883457902738,15.8));
#3037=CARTESIAN_POINT('Ctrl Pts',(6.16367208728767,-9.523742140255,15.8));
#3038=CARTESIAN_POINT('Ctrl Pts',(6.17529377467717,-9.53824627015852,15.8));
#3039=CARTESIAN_POINT('Ctrl Pts',(6.18735630010558,-9.55241433252754,15.8));
#3040=CARTESIAN_POINT('Ctrl Pts',(6.20936805806199,-9.57826828503766,15.8));
#3041=CARTESIAN_POINT('Ctrl Pts',(6.23284432310644,-9.60300623333367,15.8));
#3042=CARTESIAN_POINT('Ctrl Pts',(6.25707630806973,-9.62718057495289,15.8));
#3043=CARTESIAN_POINT('Ctrl Pts',(6.27092947732597,-9.6410007901196,15.8));
#3044=CARTESIAN_POINT('Ctrl Pts',(6.28502676625293,-9.65463896961953,15.8));
#3045=CARTESIAN_POINT('Ctrl Pts',(6.29926277082371,-9.66817604598767,15.8));
#3046=CARTESIAN_POINT('Ctrl Pts',(6.3123198172984,-9.68059204616466,15.8));
#3047=CARTESIAN_POINT('Ctrl Pts',(6.32549334096758,-9.69292315325611,15.8));
#3048=CARTESIAN_POINT('Ctrl Pts',(6.33874239648387,-9.70519938851568,15.8));
#3049=CARTESIAN_POINT('Ctrl Pts',(6.35359203885975,-9.71895868653527,15.8));
#3050=CARTESIAN_POINT('Ctrl Pts',(6.36853713650067,-9.7326485853491,15.8));
#3051=CARTESIAN_POINT('Ctrl Pts',(6.38357015868157,-9.74627129151215,15.8));
#3052=CARTESIAN_POINT('Ctrl Pts',(6.40234323712213,-9.76328318228794,15.8));
#3053=CARTESIAN_POINT('Ctrl Pts',(6.42125428944508,-9.7801895533173,15.8));
#3054=CARTESIAN_POINT('Ctrl Pts',(6.4403535800962,-9.79694329961463,15.8));
#3055=CARTESIAN_POINT('Ctrl Pts',(6.45995902097762,-9.81414103688008,15.8));
#3056=CARTESIAN_POINT('Ctrl Pts',(6.47976786467493,-9.8311738543696,15.8));
#3057=CARTESIAN_POINT('Ctrl Pts',(6.4998453052085,-9.84798344066175,15.8));
#3058=CARTESIAN_POINT('Ctrl Pts',(6.51832301557401,-9.8634536728535,15.8));
#3059=CARTESIAN_POINT('Ctrl Pts',(6.53702954316707,-9.87873378678918,15.8));
#3060=CARTESIAN_POINT('Ctrl Pts',(6.55597696193195,-9.89381072054837,15.8));
#3061=CARTESIAN_POINT('Ctrl Pts',(6.57900190377882,-9.91213224113871,15.8));
#3062=CARTESIAN_POINT('Ctrl Pts',(6.60238146724951,-9.93015461817246,15.8));
#3063=CARTESIAN_POINT('Ctrl Pts',(6.62607039095383,-9.94791003625658,15.8));
#3064=CARTESIAN_POINT('Ctrl Pts',(6.65408253679517,-9.96890581331485,15.8));
#3065=CARTESIAN_POINT('Ctrl Pts',(6.68252213299409,-9.98953251358793,15.8));
#3066=CARTESIAN_POINT('Ctrl Pts',(6.71127649806913,-10.0098753761011,15.8));
#3067=CARTESIAN_POINT('Ctrl Pts',(6.73516061901661,-10.0267726849937,15.8));
#3068=CARTESIAN_POINT('Ctrl Pts',(6.75926003278647,-10.0434757305365,15.8));
#3069=CARTESIAN_POINT('Ctrl Pts',(6.7835420409072,-10.0600075049002,15.8));
#3070=CARTESIAN_POINT('Ctrl Pts',(6.81325065787091,-10.0802338449072,15.8));
#3071=CARTESIAN_POINT('Ctrl Pts',(6.84323356509948,-10.1002030043678,15.8));
#3072=CARTESIAN_POINT('Ctrl Pts',(6.87349569519531,-10.1199042954176,15.8));
#3073=CARTESIAN_POINT('Ctrl Pts',(6.90746202187724,-10.1420170973167,15.8));
#3074=CARTESIAN_POINT('Ctrl Pts',(6.94178529415854,-10.1637881741516,15.8));
#3075=CARTESIAN_POINT('Ctrl Pts',(6.97649613373153,-10.185183677943,15.8));
#3076=CARTESIAN_POINT('Ctrl Pts',(7.01048947770835,-10.2061369227762,15.8));
#3077=CARTESIAN_POINT('Ctrl Pts',(7.04485571879957,-10.2267289951752,15.8));
#3078=CARTESIAN_POINT('Ctrl Pts',(7.07957968884573,-10.2469648001465,15.8));
#3079=CARTESIAN_POINT('Ctrl Pts',(7.13183207824644,-10.2774154991822,15.8));
#3080=CARTESIAN_POINT('Ctrl Pts',(7.18488751735527,-10.3070651439952,15.8));
#3081=CARTESIAN_POINT('Ctrl Pts',(7.23862106707745,-10.3359925435688,15.8));
#3082=CARTESIAN_POINT('Ctrl Pts',(7.28343769486504,-10.3601195276646,15.8));
#3083=CARTESIAN_POINT('Ctrl Pts',(7.32872531849484,-10.3837447320686,15.8));
#3084=CARTESIAN_POINT('Ctrl Pts',(7.37446118955899,-10.4068738383019,15.8));
#3085=CARTESIAN_POINT('Ctrl Pts',(7.43318195027288,-10.4365695384396,15.8));
#3086=CARTESIAN_POINT('Ctrl Pts',(7.49264854590629,-10.4654417170702,15.8));
#3087=CARTESIAN_POINT('Ctrl Pts',(7.5528436703504,-10.4934785493899,15.8));
#3088=CARTESIAN_POINT('Ctrl Pts',(7.64485720430276,-10.5363353097404,15.8));
#3089=CARTESIAN_POINT('Ctrl Pts',(7.73856612796992,-10.5772455684948,15.8));
#3090=CARTESIAN_POINT('Ctrl Pts',(7.83377147728302,-10.6162862347003,15.8));
#3091=CARTESIAN_POINT('Ctrl Pts',(7.95154646793263,-10.6645819883578,15.8));
#3092=CARTESIAN_POINT('Ctrl Pts',(8.07161704675731,-10.7100121256103,15.8));
#3093=CARTESIAN_POINT('Ctrl Pts',(8.19377896581203,-10.7525923489837,15.8));
#3094=CARTESIAN_POINT('Ctrl Pts',(8.30506706062449,-10.7913824398122,15.8));
#3095=CARTESIAN_POINT('Ctrl Pts',(8.41808390029263,-10.827812770095,15.8));
#3096=CARTESIAN_POINT('Ctrl Pts',(8.53266613614703,-10.8619114147252,15.8));
#3097=CARTESIAN_POINT('Ctrl Pts',(8.68980902898282,-10.9086757287485,15.8));
#3098=CARTESIAN_POINT('Ctrl Pts',(8.84990491941863,-10.9510482477036,15.8));
#3099=CARTESIAN_POINT('Ctrl Pts',(9.01259704068694,-10.9890573548731,15.8));
#3100=CARTESIAN_POINT('Ctrl Pts',(9.15424821082147,-11.0221507490974,15.8));
#3101=CARTESIAN_POINT('Ctrl Pts',(9.29787234339308,-11.0519391505295,15.8));
#3102=CARTESIAN_POINT('Ctrl Pts',(9.44326214711057,-11.078432842252,15.8));
#3103=CARTESIAN_POINT('Ctrl Pts',(9.54475666401881,-11.0969277048471,15.8));
#3104=CARTESIAN_POINT('Ctrl Pts',(9.64710534160143,-11.1138147969358,15.8));
#3105=CARTESIAN_POINT('Ctrl Pts',(9.75024303842524,-11.1290976662497,15.8));
#3106=CARTESIAN_POINT('Ctrl Pts',(9.83866929124285,-11.1422006044319,15.8));
#3107=CARTESIAN_POINT('Ctrl Pts',(9.92767710831293,-11.1541257019496,15.8));
#3108=CARTESIAN_POINT('Ctrl Pts',(10.0172582119562,-11.1648788707474,15.8));
#3109=CARTESIAN_POINT('Ctrl Pts',(0.811490350061012,-14.9780327712028,0.));
#3110=CARTESIAN_POINT('Ctrl Pts',(0.811490350061012,-14.9780327712028,24.5));
#3111=CARTESIAN_POINT('Ctrl Pts',(0.819847898483221,-14.9673950633651,0.));
#3112=CARTESIAN_POINT('Ctrl Pts',(0.819847898483221,-14.9673950633651,24.5));
#3113=CARTESIAN_POINT('Ctrl Pts',(0.836516693156121,-14.9461038077397,0.));
#3114=CARTESIAN_POINT('Ctrl Pts',(0.836516693156121,-14.9461038077397,24.5));
#3115=CARTESIAN_POINT('Ctrl Pts',(0.861380978645833,-14.9141194044763,0.));
#3116=CARTESIAN_POINT('Ctrl Pts',(0.861380978645833,-14.9141194044763,24.5));
#3117=CARTESIAN_POINT('Ctrl Pts',(0.894255454003789,-14.871378462016,0.));
#3118=CARTESIAN_POINT('Ctrl Pts',(0.894255454003789,-14.871378462016,24.5));
#3119=CARTESIAN_POINT('Ctrl Pts',(0.934884672615638,-14.8177937917346,0.));
#3120=CARTESIAN_POINT('Ctrl Pts',(0.934884672615638,-14.8177937917346,24.5));
#3121=CARTESIAN_POINT('Ctrl Pts',(0.975048841524252,-14.7640508225939,0.));
#3122=CARTESIAN_POINT('Ctrl Pts',(0.975048841524252,-14.7640508225939,24.5));
#3123=CARTESIAN_POINT('Ctrl Pts',(1.01474630677485,-14.7101501869328,0.));
#3124=CARTESIAN_POINT('Ctrl Pts',(1.01474630677485,-14.7101501869328,24.5));
#3125=CARTESIAN_POINT('Ctrl Pts',(1.05397493786361,-14.6560931379336,0.));
#3126=CARTESIAN_POINT('Ctrl Pts',(1.05397493786361,-14.6560931379336,24.5));
#3127=CARTESIAN_POINT('Ctrl Pts',(1.09273211489143,-14.6018817967711,0.));
#3128=CARTESIAN_POINT('Ctrl Pts',(1.09273211489143,-14.6018817967711,24.5));
#3129=CARTESIAN_POINT('Ctrl Pts',(1.13101483363195,-14.5475189874528,0.));
#3130=CARTESIAN_POINT('Ctrl Pts',(1.13101483363195,-14.5475189874528,24.5));
#3131=CARTESIAN_POINT('Ctrl Pts',(1.16881983942048,-14.4930079708355,0.));
#3132=CARTESIAN_POINT('Ctrl Pts',(1.16881983942048,-14.4930079708355,24.5));
#3133=CARTESIAN_POINT('Ctrl Pts',(1.20614376020469,-14.4383522053053,0.));
#3134=CARTESIAN_POINT('Ctrl Pts',(1.20614376020469,-14.4383522053053,24.5));
#3135=CARTESIAN_POINT('Ctrl Pts',(1.24298322974472,-14.3835551185566,0.));
#3136=CARTESIAN_POINT('Ctrl Pts',(1.24298322974472,-14.3835551185566,24.5));
#3137=CARTESIAN_POINT('Ctrl Pts',(1.27933505226214,-14.3286198238612,0.));
#3138=CARTESIAN_POINT('Ctrl Pts',(1.27933505226214,-14.3286198238612,24.5));
#3139=CARTESIAN_POINT('Ctrl Pts',(1.31519619886569,-14.2735490985742,0.));
#3140=CARTESIAN_POINT('Ctrl Pts',(1.31519619886569,-14.2735490985742,24.5));
#3141=CARTESIAN_POINT('Ctrl Pts',(1.35056369669881,-14.2183455340314,0.));
#3142=CARTESIAN_POINT('Ctrl Pts',(1.35056369669881,-14.2183455340314,24.5));
#3143=CARTESIAN_POINT('Ctrl Pts',(1.38543455011093,-14.1630116388187,0.));
#3144=CARTESIAN_POINT('Ctrl Pts',(1.38543455011093,-14.1630116388187,24.5));
#3145=CARTESIAN_POINT('Ctrl Pts',(1.41980566007007,-14.1075499528552,0.));
#3146=CARTESIAN_POINT('Ctrl Pts',(1.41980566007007,-14.1075499528552,24.5));
#3147=CARTESIAN_POINT('Ctrl Pts',(1.45367372881695,-14.0519631804015,0.));
#3148=CARTESIAN_POINT('Ctrl Pts',(1.45367372881695,-14.0519631804015,24.5));
#3149=CARTESIAN_POINT('Ctrl Pts',(1.4870352449572,-13.9962542321145,0.));
#3150=CARTESIAN_POINT('Ctrl Pts',(1.4870352449572,-13.9962542321145,24.5));
#3151=CARTESIAN_POINT('Ctrl Pts',(1.51988656842417,-13.9404261490837,0.));
#3152=CARTESIAN_POINT('Ctrl Pts',(1.51988656842417,-13.9404261490837,24.5));
#3153=CARTESIAN_POINT('Ctrl Pts',(1.55222399741124,-13.8844820565066,0.));
#3154=CARTESIAN_POINT('Ctrl Pts',(1.55222399741124,-13.8844820565066,24.5));
#3155=CARTESIAN_POINT('Ctrl Pts',(1.58404383660868,-13.8284251099661,0.));
#3156=CARTESIAN_POINT('Ctrl Pts',(1.58404383660868,-13.8284251099661,24.5));
#3157=CARTESIAN_POINT('Ctrl Pts',(1.61534249176514,-13.7722584370836,0.));
#3158=CARTESIAN_POINT('Ctrl Pts',(1.61534249176514,-13.7722584370836,24.5));
#3159=CARTESIAN_POINT('Ctrl Pts',(1.64611648045935,-13.7159851109649,0.));
#3160=CARTESIAN_POINT('Ctrl Pts',(1.64611648045935,-13.7159851109649,24.5));
#3161=CARTESIAN_POINT('Ctrl Pts',(1.67636226562866,-13.6596081942055,0.));
#3162=CARTESIAN_POINT('Ctrl Pts',(1.67636226562866,-13.6596081942055,24.5));
#3163=CARTESIAN_POINT('Ctrl Pts',(1.70607612337662,-13.6031307696905,0.));
#3164=CARTESIAN_POINT('Ctrl Pts',(1.70607612337662,-13.6031307696905,24.5));
#3165=CARTESIAN_POINT('Ctrl Pts',(1.73525401388382,-13.5465559751109,0.));
#3166=CARTESIAN_POINT('Ctrl Pts',(1.73525401388382,-13.5465559751109,24.5));
#3167=CARTESIAN_POINT('Ctrl Pts',(1.76389142335385,-13.4898870422711,0.));
#3168=CARTESIAN_POINT('Ctrl Pts',(1.76389142335385,-13.4898870422711,24.5));
#3169=CARTESIAN_POINT('Ctrl Pts',(1.7919833186449,-13.4331273178631,0.));
#3170=CARTESIAN_POINT('Ctrl Pts',(1.7919833186449,-13.4331273178631,24.5));
#3171=CARTESIAN_POINT('Ctrl Pts',(1.81952445741145,-13.3762802204836,0.));
#3172=CARTESIAN_POINT('Ctrl Pts',(1.81952445741145,-13.3762802204836,24.5));
#3173=CARTESIAN_POINT('Ctrl Pts',(1.84650965308903,-13.3193492078786,0.));
#3174=CARTESIAN_POINT('Ctrl Pts',(1.84650965308903,-13.3193492078786,24.5));
#3175=CARTESIAN_POINT('Ctrl Pts',(1.87293403638325,-13.2623377435667,0.));
#3176=CARTESIAN_POINT('Ctrl Pts',(1.87293403638325,-13.2623377435667,24.5));
#3177=CARTESIAN_POINT('Ctrl Pts',(1.89879338208767,-13.2052492580224,0.));
#3178=CARTESIAN_POINT('Ctrl Pts',(1.89879338208767,-13.2052492580224,24.5));
#3179=CARTESIAN_POINT('Ctrl Pts',(1.92408423420906,-13.1480871319014,0.));
#3180=CARTESIAN_POINT('Ctrl Pts',(1.92408423420906,-13.1480871319014,24.5));
#3181=CARTESIAN_POINT('Ctrl Pts',(1.94880313797849,-13.0908547760519,0.));
#3182=CARTESIAN_POINT('Ctrl Pts',(1.94880313797849,-13.0908547760519,24.5));
#3183=CARTESIAN_POINT('Ctrl Pts',(1.9729459758012,-13.03355570086,0.));
#3184=CARTESIAN_POINT('Ctrl Pts',(1.9729459758012,-13.03355570086,24.5));
#3185=CARTESIAN_POINT('Ctrl Pts',(1.99650731836375,-12.9761935851404,0.));
#3186=CARTESIAN_POINT('Ctrl Pts',(1.99650731836375,-12.9761935851404,24.5));
#3187=CARTESIAN_POINT('Ctrl Pts',(2.01947964958398,-12.9187723582205,0.));
#3188=CARTESIAN_POINT('Ctrl Pts',(2.01947964958398,-12.9187723582205,24.5));
#3189=CARTESIAN_POINT('Ctrl Pts',(2.04185301089758,-12.8612962406559,0.));
#3190=CARTESIAN_POINT('Ctrl Pts',(2.04185301089758,-12.8612962406559,24.5));
#3191=CARTESIAN_POINT('Ctrl Pts',(2.06361670791883,-12.8037695781912,0.));
#3192=CARTESIAN_POINT('Ctrl Pts',(2.06361670791883,-12.8037695781912,24.5));
#3193=CARTESIAN_POINT('Ctrl Pts',(2.08476081892288,-12.746196696523,0.));
#3194=CARTESIAN_POINT('Ctrl Pts',(2.08476081892288,-12.746196696523,24.5));
#3195=CARTESIAN_POINT('Ctrl Pts',(2.10527764776005,-12.6885817617681,0.));
#3196=CARTESIAN_POINT('Ctrl Pts',(2.10527764776005,-12.6885817617681,24.5));
#3197=CARTESIAN_POINT('Ctrl Pts',(2.12516352970038,-12.6309286073123,0.));
#3198=CARTESIAN_POINT('Ctrl Pts',(2.12516352970038,-12.6309286073123,24.5));
#3199=CARTESIAN_POINT('Ctrl Pts',(2.14441953191655,-12.5732406688578,0.));
#3200=CARTESIAN_POINT('Ctrl Pts',(2.14441953191655,-12.5732406688578,24.5));
#3201=CARTESIAN_POINT('Ctrl Pts',(2.16304727259815,-12.5155213956719,0.));
#3202=CARTESIAN_POINT('Ctrl Pts',(2.16304727259815,-12.5155213956719,24.5));
#3203=CARTESIAN_POINT('Ctrl Pts',(2.18104522345769,-12.4577746151872,0.));
#3204=CARTESIAN_POINT('Ctrl Pts',(2.18104522345769,-12.4577746151872,24.5));
#3205=CARTESIAN_POINT('Ctrl Pts',(2.19840523210002,-12.4000048770012,0.));
#3206=CARTESIAN_POINT('Ctrl Pts',(2.19840523210002,-12.4000048770012,24.5));
#3207=CARTESIAN_POINT('Ctrl Pts',(2.2151079904749,-12.342217899464,0.));
#3208=CARTESIAN_POINT('Ctrl Pts',(2.2151079904749,-12.342217899464,24.5));
#3209=CARTESIAN_POINT('Ctrl Pts',(2.23112188964595,-12.2844206887577,0.));
#3210=CARTESIAN_POINT('Ctrl Pts',(2.23112188964595,-12.2844206887577,24.5));
#3211=CARTESIAN_POINT('Ctrl Pts',(2.24641278167692,-12.22662060225,0.));
#3212=CARTESIAN_POINT('Ctrl Pts',(2.24641278167692,-12.22662060225,24.5));
#3213=CARTESIAN_POINT('Ctrl Pts',(2.2609525555716,-12.1688245267911,0.));
#3214=CARTESIAN_POINT('Ctrl Pts',(2.2609525555716,-12.1688245267911,24.5));
#3215=CARTESIAN_POINT('Ctrl Pts',(2.27472690254991,-12.1110381370273,0.));
#3216=CARTESIAN_POINT('Ctrl Pts',(2.27472690254991,-12.1110381370273,24.5));
#3217=CARTESIAN_POINT('Ctrl Pts',(2.28774650634,-12.0532648200434,0.));
#3218=CARTESIAN_POINT('Ctrl Pts',(2.28774650634,-12.0532648200434,24.5));
#3219=CARTESIAN_POINT('Ctrl Pts',(2.30004683406155,-11.9955057121863,0.));
#3220=CARTESIAN_POINT('Ctrl Pts',(2.30004683406155,-11.9955057121863,24.5));
#3221=CARTESIAN_POINT('Ctrl Pts',(2.31166422327066,-11.9377620489254,0.));
#3222=CARTESIAN_POINT('Ctrl Pts',(2.31166422327066,-11.9377620489254,24.5));
#3223=CARTESIAN_POINT('Ctrl Pts',(2.32261504154856,-11.8800372141261,0.));
#3224=CARTESIAN_POINT('Ctrl Pts',(2.32261504154856,-11.8800372141261,24.5));
#3225=CARTESIAN_POINT('Ctrl Pts',(2.33287742456155,-11.822338541537,0.));
#3226=CARTESIAN_POINT('Ctrl Pts',(2.33287742456155,-11.822338541537,24.5));
#3227=CARTESIAN_POINT('Ctrl Pts',(2.34236266222922,-11.7646801184283,0.));
#3228=CARTESIAN_POINT('Ctrl Pts',(2.34236266222922,-11.7646801184283,24.5));
#3229=CARTESIAN_POINT('Ctrl Pts',(2.35092434157939,-11.7070819372243,0.));
#3230=CARTESIAN_POINT('Ctrl Pts',(2.35092434157939,-11.7070819372243,24.5));
#3231=CARTESIAN_POINT('Ctrl Pts',(2.35841358738212,-11.6495646092579,0.));
#3232=CARTESIAN_POINT('Ctrl Pts',(2.35841358738212,-11.6495646092579,24.5));
#3233=CARTESIAN_POINT('Ctrl Pts',(2.36472742801808,-11.592144710221,0.));
#3234=CARTESIAN_POINT('Ctrl Pts',(2.36472742801808,-11.592144710221,24.5));
#3235=CARTESIAN_POINT('Ctrl Pts',(2.36984978349418,-11.5348309155951,0.));
#3236=CARTESIAN_POINT('Ctrl Pts',(2.36984978349418,-11.5348309155951,24.5));
#3237=CARTESIAN_POINT('Ctrl Pts',(2.37392099512376,-11.4776171903006,0.));
#3238=CARTESIAN_POINT('Ctrl Pts',(2.37392099512376,-11.4776171903006,24.5));
#3239=CARTESIAN_POINT('Ctrl Pts',(2.37718252585975,-11.4204888053959,0.));
#3240=CARTESIAN_POINT('Ctrl Pts',(2.37718252585975,-11.4204888053959,24.5));
#3241=CARTESIAN_POINT('Ctrl Pts',(2.37984007529277,-11.3634366892528,0.));
#3242=CARTESIAN_POINT('Ctrl Pts',(2.37984007529277,-11.3634366892528,24.5));
#3243=CARTESIAN_POINT('Ctrl Pts',(2.38194375055316,-11.3064701115974,0.));
#3244=CARTESIAN_POINT('Ctrl Pts',(2.38194375055316,-11.3064701115974,24.5));
#3245=CARTESIAN_POINT('Ctrl Pts',(2.38327698658597,-11.2496282852824,0.));
#3246=CARTESIAN_POINT('Ctrl Pts',(2.38327698658597,-11.2496282852824,24.5));
#3247=CARTESIAN_POINT('Ctrl Pts',(2.38320027873724,-11.1929970824015,0.));
#3248=CARTESIAN_POINT('Ctrl Pts',(2.38320027873724,-11.1929970824015,24.5));
#3249=CARTESIAN_POINT('Ctrl Pts',(2.38080810160741,-11.1366905843773,0.));
#3250=CARTESIAN_POINT('Ctrl Pts',(2.38080810160741,-11.1366905843773,24.5));
#3251=CARTESIAN_POINT('Ctrl Pts',(2.37629941786578,-11.0919964689449,0.));
#3252=CARTESIAN_POINT('Ctrl Pts',(2.37629941786578,-11.0919964689449,24.5));
#3253=CARTESIAN_POINT('Ctrl Pts',(2.37112651540877,-11.058713593795,0.));
#3254=CARTESIAN_POINT('Ctrl Pts',(2.37112651540877,-11.058713593795,24.5));
#3255=CARTESIAN_POINT('Ctrl Pts',(2.36683917835341,-11.0366357702098,0.));
#3256=CARTESIAN_POINT('Ctrl Pts',(2.36683917835341,-11.0366357702098,24.5));
#3257=CARTESIAN_POINT('Ctrl Pts',(2.36448582122454,-11.0256245489122,0.));
#3258=CARTESIAN_POINT('Ctrl Pts',(2.36448582122454,-11.0256245489122,24.5));
#3259=CARTESIAN_POINT('',(0.811490350060999,-14.9780327712028,0.));
#3260=CARTESIAN_POINT('Ctrl Pts',(2.36448582122454,-11.0256245489122,0.));
#3261=CARTESIAN_POINT('Ctrl Pts',(2.36683917835341,-11.0366357702098,0.));
#3262=CARTESIAN_POINT('Ctrl Pts',(2.37112651540877,-11.058713593795,0.));
#3263=CARTESIAN_POINT('Ctrl Pts',(2.37629941786578,-11.0919964689449,0.));
#3264=CARTESIAN_POINT('Ctrl Pts',(2.38080810160741,-11.1366905843773,0.));
#3265=CARTESIAN_POINT('Ctrl Pts',(2.38320027873724,-11.1929970824015,0.));
#3266=CARTESIAN_POINT('Ctrl Pts',(2.38327698658597,-11.2496282852824,0.));
#3267=CARTESIAN_POINT('Ctrl Pts',(2.38194375055316,-11.3064701115974,0.));
#3268=CARTESIAN_POINT('Ctrl Pts',(2.37984007529277,-11.3634366892528,0.));
#3269=CARTESIAN_POINT('Ctrl Pts',(2.37718252585975,-11.4204888053959,0.));
#3270=CARTESIAN_POINT('Ctrl Pts',(2.37392099512376,-11.4776171903006,0.));
#3271=CARTESIAN_POINT('Ctrl Pts',(2.36984978349418,-11.5348309155951,0.));
#3272=CARTESIAN_POINT('Ctrl Pts',(2.36472742801808,-11.592144710221,0.));
#3273=CARTESIAN_POINT('Ctrl Pts',(2.35841358738212,-11.6495646092579,0.));
#3274=CARTESIAN_POINT('Ctrl Pts',(2.35092434157939,-11.7070819372243,0.));
#3275=CARTESIAN_POINT('Ctrl Pts',(2.34236266222922,-11.7646801184283,0.));
#3276=CARTESIAN_POINT('Ctrl Pts',(2.33287742456155,-11.822338541537,0.));
#3277=CARTESIAN_POINT('Ctrl Pts',(2.32261504154856,-11.8800372141261,0.));
#3278=CARTESIAN_POINT('Ctrl Pts',(2.31166422327066,-11.9377620489254,0.));
#3279=CARTESIAN_POINT('Ctrl Pts',(2.30004683406155,-11.9955057121863,0.));
#3280=CARTESIAN_POINT('Ctrl Pts',(2.28774650634,-12.0532648200434,0.));
#3281=CARTESIAN_POINT('Ctrl Pts',(2.27472690254991,-12.1110381370273,0.));
#3282=CARTESIAN_POINT('Ctrl Pts',(2.2609525555716,-12.1688245267911,0.));
#3283=CARTESIAN_POINT('Ctrl Pts',(2.24641278167692,-12.22662060225,0.));
#3284=CARTESIAN_POINT('Ctrl Pts',(2.23112188964595,-12.2844206887577,0.));
#3285=CARTESIAN_POINT('Ctrl Pts',(2.2151079904749,-12.342217899464,0.));
#3286=CARTESIAN_POINT('Ctrl Pts',(2.19840523210002,-12.4000048770012,0.));
#3287=CARTESIAN_POINT('Ctrl Pts',(2.18104522345769,-12.4577746151872,0.));
#3288=CARTESIAN_POINT('Ctrl Pts',(2.16304727259815,-12.5155213956719,0.));
#3289=CARTESIAN_POINT('Ctrl Pts',(2.14441953191655,-12.5732406688578,0.));
#3290=CARTESIAN_POINT('Ctrl Pts',(2.12516352970038,-12.6309286073123,0.));
#3291=CARTESIAN_POINT('Ctrl Pts',(2.10527764776005,-12.6885817617681,0.));
#3292=CARTESIAN_POINT('Ctrl Pts',(2.08476081892288,-12.746196696523,0.));
#3293=CARTESIAN_POINT('Ctrl Pts',(2.06361670791883,-12.8037695781912,0.));
#3294=CARTESIAN_POINT('Ctrl Pts',(2.04185301089758,-12.8612962406559,0.));
#3295=CARTESIAN_POINT('Ctrl Pts',(2.01947964958398,-12.9187723582205,0.));
#3296=CARTESIAN_POINT('Ctrl Pts',(1.99650731836375,-12.9761935851404,0.));
#3297=CARTESIAN_POINT('Ctrl Pts',(1.9729459758012,-13.03355570086,0.));
#3298=CARTESIAN_POINT('Ctrl Pts',(1.94880313797849,-13.0908547760519,0.));
#3299=CARTESIAN_POINT('Ctrl Pts',(1.92408423420906,-13.1480871319014,0.));
#3300=CARTESIAN_POINT('Ctrl Pts',(1.89879338208767,-13.2052492580224,0.));
#3301=CARTESIAN_POINT('Ctrl Pts',(1.87293403638325,-13.2623377435667,0.));
#3302=CARTESIAN_POINT('Ctrl Pts',(1.84650965308903,-13.3193492078786,0.));
#3303=CARTESIAN_POINT('Ctrl Pts',(1.81952445741145,-13.3762802204836,0.));
#3304=CARTESIAN_POINT('Ctrl Pts',(1.7919833186449,-13.4331273178631,0.));
#3305=CARTESIAN_POINT('Ctrl Pts',(1.76389142335385,-13.4898870422711,0.));
#3306=CARTESIAN_POINT('Ctrl Pts',(1.73525401388382,-13.5465559751109,0.));
#3307=CARTESIAN_POINT('Ctrl Pts',(1.70607612337662,-13.6031307696905,0.));
#3308=CARTESIAN_POINT('Ctrl Pts',(1.67636226562866,-13.6596081942055,0.));
#3309=CARTESIAN_POINT('Ctrl Pts',(1.64611648045935,-13.7159851109649,0.));
#3310=CARTESIAN_POINT('Ctrl Pts',(1.61534249176514,-13.7722584370836,0.));
#3311=CARTESIAN_POINT('Ctrl Pts',(1.58404383660868,-13.8284251099661,0.));
#3312=CARTESIAN_POINT('Ctrl Pts',(1.55222399741124,-13.8844820565066,0.));
#3313=CARTESIAN_POINT('Ctrl Pts',(1.51988656842417,-13.9404261490837,0.));
#3314=CARTESIAN_POINT('Ctrl Pts',(1.4870352449572,-13.9962542321145,0.));
#3315=CARTESIAN_POINT('Ctrl Pts',(1.45367372881695,-14.0519631804015,0.));
#3316=CARTESIAN_POINT('Ctrl Pts',(1.41980566007007,-14.1075499528552,0.));
#3317=CARTESIAN_POINT('Ctrl Pts',(1.38543455011093,-14.1630116388187,0.));
#3318=CARTESIAN_POINT('Ctrl Pts',(1.35056369669881,-14.2183455340314,0.));
#3319=CARTESIAN_POINT('Ctrl Pts',(1.31519619886569,-14.2735490985742,0.));
#3320=CARTESIAN_POINT('Ctrl Pts',(1.27933505226214,-14.3286198238612,0.));
#3321=CARTESIAN_POINT('Ctrl Pts',(1.24298322974472,-14.3835551185566,0.));
#3322=CARTESIAN_POINT('Ctrl Pts',(1.20614376020469,-14.4383522053053,0.));
#3323=CARTESIAN_POINT('Ctrl Pts',(1.16881983942048,-14.4930079708355,0.));
#3324=CARTESIAN_POINT('Ctrl Pts',(1.13101483363195,-14.5475189874528,0.));
#3325=CARTESIAN_POINT('Ctrl Pts',(1.09273211489143,-14.6018817967711,0.));
#3326=CARTESIAN_POINT('Ctrl Pts',(1.05397493786361,-14.6560931379336,0.));
#3327=CARTESIAN_POINT('Ctrl Pts',(1.01474630677485,-14.7101501869328,0.));
#3328=CARTESIAN_POINT('Ctrl Pts',(0.975048841524252,-14.7640508225939,0.));
#3329=CARTESIAN_POINT('Ctrl Pts',(0.934884672615638,-14.8177937917346,0.));
#3330=CARTESIAN_POINT('Ctrl Pts',(0.894255454003789,-14.871378462016,0.));
#3331=CARTESIAN_POINT('Ctrl Pts',(0.861380978645833,-14.9141194044763,0.));
#3332=CARTESIAN_POINT('Ctrl Pts',(0.836516693156121,-14.9461038077397,0.));
#3333=CARTESIAN_POINT('Ctrl Pts',(0.819847898483221,-14.9673950633651,0.));
#3334=CARTESIAN_POINT('Ctrl Pts',(0.811490350061012,-14.9780327712028,0.));
#3335=CARTESIAN_POINT('',(0.811490350060999,-14.9780327712028,15.8));
#3336=CARTESIAN_POINT('Ctrl Pts',(0.811490350061012,-14.9780327712028,15.8));
#3337=CARTESIAN_POINT('Ctrl Pts',(0.876572535346362,-14.8951944509768,15.8));
#3338=CARTESIAN_POINT('Ctrl Pts',(0.939973165435107,-14.8117784095846,15.8));
#3339=CARTESIAN_POINT('Ctrl Pts',(1.00167355469416,-14.7277893323868,15.8));
#3340=CARTESIAN_POINT('Ctrl Pts',(1.07480646872982,-14.6282378378761,15.8));
#3341=CARTESIAN_POINT('Ctrl Pts',(1.14554969082317,-14.5278788656788,15.8));
#3342=CARTESIAN_POINT('Ctrl Pts',(1.2138147134424,-14.4267980909046,15.8));
#3343=CARTESIAN_POINT('Ctrl Pts',(1.30436282917728,-14.2927224934514,15.8));
#3344=CARTESIAN_POINT('Ctrl Pts',(1.39054924434057,-14.1573843542604,15.8));
#3345=CARTESIAN_POINT('Ctrl Pts',(1.4721666500882,-14.0209598884296,15.8));
#3346=CARTESIAN_POINT('Ctrl Pts',(1.54834620596668,-13.8936248534239,15.8));
#3347=CARTESIAN_POINT('Ctrl Pts',(1.62054033034526,-13.7653459505717,15.8));
#3348=CARTESIAN_POINT('Ctrl Pts',(1.68855501946647,-13.6362899122917,15.8));
#3349=CARTESIAN_POINT('Ctrl Pts',(1.75903366392983,-13.5025585852017,15.8));
#3350=CARTESIAN_POINT('Ctrl Pts',(1.82502712203711,-13.3679904873407,15.8));
#3351=CARTESIAN_POINT('Ctrl Pts',(1.88624372446885,-13.2327885227501,15.8));
#3352=CARTESIAN_POINT('Ctrl Pts',(1.91941450981345,-13.1595280808529,15.8));
#3353=CARTESIAN_POINT('Ctrl Pts',(1.95118731992972,-13.0860813882751,15.8));
#3354=CARTESIAN_POINT('Ctrl Pts',(1.98152040129492,-13.012482086201,15.8));
#3355=CARTESIAN_POINT('Ctrl Pts',(2.01562995857971,-12.9297196533312,15.8));
#3356=CARTESIAN_POINT('Ctrl Pts',(2.0479171924691,-12.846764310067,15.8));
#3357=CARTESIAN_POINT('Ctrl Pts',(2.07824972206223,-12.7636736642979,15.8));
#3358=CARTESIAN_POINT('Ctrl Pts',(2.10066567828035,-12.7022690830552,15.8));
#3359=CARTESIAN_POINT('Ctrl Pts',(2.12201091870602,-12.6407909749132,15.8));
#3360=CARTESIAN_POINT('Ctrl Pts',(2.14228077155185,-12.579259048178,15.8));
#3361=CARTESIAN_POINT('Ctrl Pts',(2.15769718599379,-12.5324604013809,15.8));
#3362=CARTESIAN_POINT('Ctrl Pts',(2.17249620287743,-12.485630187581,15.8));
#3363=CARTESIAN_POINT('Ctrl Pts',(2.18666287193799,-12.438778810126,15.8));
#3364=CARTESIAN_POINT('Ctrl Pts',(2.20461806192112,-12.3793982048772,15.8));
#3365=CARTESIAN_POINT('Ctrl Pts',(2.22155900583211,-12.3199833920366,15.8));
#3366=CARTESIAN_POINT('Ctrl Pts',(2.23733757700796,-12.2605682024191,15.8));
#3367=CARTESIAN_POINT('Ctrl Pts',(2.24741435421448,-12.2226234720764,15.8));
#3368=CARTESIAN_POINT('Ctrl Pts',(2.25701305319524,-12.1846790035326,15.8));
#3369=CARTESIAN_POINT('Ctrl Pts',(2.26611611157042,-12.1467419441161,15.8));
#3370=CARTESIAN_POINT('Ctrl Pts',(2.27745038134194,-12.0995062956073,15.8));
#3371=CARTESIAN_POINT('Ctrl Pts',(2.28801540793372,-12.0522821766784,15.8));
#3372=CARTESIAN_POINT('Ctrl Pts',(2.29788569547244,-12.0050736740258,15.8));
#3373=CARTESIAN_POINT('Ctrl Pts',(2.30468668238339,-11.9725452996124,15.8));
#3374=CARTESIAN_POINT('Ctrl Pts',(2.31116225083483,-11.9400239272687,15.8));
#3375=CARTESIAN_POINT('Ctrl Pts',(2.31731819943557,-11.9075130293993,15.8));
#3376=CARTESIAN_POINT('Ctrl Pts',(2.32280809528605,-11.8785197003635,15.8));
#3377=CARTESIAN_POINT('Ctrl Pts',(2.3280450533312,-11.8495345811983,15.8));
#3378=CARTESIAN_POINT('Ctrl Pts',(2.3329873585057,-11.8205648124716,15.8));
#3379=CARTESIAN_POINT('Ctrl Pts',(2.33872337277871,-11.7869426460867,15.8));
#3380=CARTESIAN_POINT('Ctrl Pts',(2.34405876935062,-11.7533414988386,15.8));
#3381=CARTESIAN_POINT('Ctrl Pts',(2.3488659691806,-11.7197790496102,15.8));
#3382=CARTESIAN_POINT('Ctrl Pts',(2.35306479852304,-11.6904640634212,15.8));
#3383=CARTESIAN_POINT('Ctrl Pts',(2.35685604532533,-11.6611790508593,15.8));
#3384=CARTESIAN_POINT('Ctrl Pts',(2.36018476072013,-11.6319332794751,15.8));
#3385=CARTESIAN_POINT('Ctrl Pts',(2.36284338272436,-11.6085748837846,15.8));
#3386=CARTESIAN_POINT('Ctrl Pts',(2.36520631533237,-11.5852415904645,15.8));
#3387=CARTESIAN_POINT('Ctrl Pts',(2.36728889791702,-11.5619341251604,15.8));
#3388=CARTESIAN_POINT('Ctrl Pts',(2.37133135609834,-11.5166924840852,15.8));
#3389=CARTESIAN_POINT('Ctrl Pts',(2.37431920511412,-11.4715473420971,15.8));
#3390=CARTESIAN_POINT('Ctrl Pts',(2.37671638346778,-11.4264743928111,15.8));
#3391=CARTESIAN_POINT('Ctrl Pts',(2.37778940032637,-11.4062989918542,15.8));
#3392=CARTESIAN_POINT('Ctrl Pts',(2.37874514123877,-11.3861380765619,15.8));
#3393=CARTESIAN_POINT('Ctrl Pts',(2.3795932382981,-11.3659934891682,15.8));
#3394=CARTESIAN_POINT('Ctrl Pts',(2.38036130643687,-11.3477498039961,15.8));
#3395=CARTESIAN_POINT('Ctrl Pts',(2.38104177217357,-11.3295194429189,15.8));
#3396=CARTESIAN_POINT('Ctrl Pts',(2.38160252005154,-11.3113081940913,15.8));
#3397=CARTESIAN_POINT('Ctrl Pts',(2.38217541217014,-11.2927025402256,15.8));
#3398=CARTESIAN_POINT('Ctrl Pts',(2.38262384869028,-11.2741167873498,15.8));
#3399=CARTESIAN_POINT('Ctrl Pts',(2.38285615133654,-11.2555634396759,15.8));
#3400=CARTESIAN_POINT('Ctrl Pts',(2.38315181295722,-11.2319497920034,15.8));
#3401=CARTESIAN_POINT('Ctrl Pts',(2.38309592722672,-11.2083888390487,15.8));
#3402=CARTESIAN_POINT('Ctrl Pts',(2.38240691977496,-11.1849161615386,15.8));
#3403=CARTESIAN_POINT('Ctrl Pts',(2.38175744311168,-11.1627901943541,15.8));
#3404=CARTESIAN_POINT('Ctrl Pts',(2.38053924155219,-11.1407433703809,15.8));
#3405=CARTESIAN_POINT('Ctrl Pts',(2.37851644256628,-11.1188046446107,15.8));
#3406=CARTESIAN_POINT('Ctrl Pts',(2.37695201196065,-11.1018372572021,15.8));
#3407=CARTESIAN_POINT('Ctrl Pts',(2.37490555498713,-11.0849345998084,15.8));
#3408=CARTESIAN_POINT('Ctrl Pts',(2.37230028189015,-11.0681059778928,15.8));
#3409=CARTESIAN_POINT('Ctrl Pts',(2.37009978824153,-11.0538920071259,15.8));
#3410=CARTESIAN_POINT('Ctrl Pts',(2.36750066854807,-11.0397308444041,15.8));
#3411=CARTESIAN_POINT('Ctrl Pts',(2.36448582122454,-11.0256245489122,15.8));
#3412=CARTESIAN_POINT('',(0.811490350060999,-14.9780327712028,0.));
#3413=CARTESIAN_POINT('Origin',(2.52435489670724E-28,1.89404048001052E-12,
0.));
#3414=CARTESIAN_POINT('',(-0.811490350061017,-14.9780327712028,0.));
#3415=CARTESIAN_POINT('Origin',(2.52435489670724E-28,1.89404048001052E-12,
0.));
#3416=CARTESIAN_POINT('',(-0.811490350061017,-14.9780327712028,15.8));
#3417=CARTESIAN_POINT('Origin',(2.52435489670724E-28,1.89404048001052E-12,
15.8));
#3418=CARTESIAN_POINT('',(-0.811490350061017,-14.9780327712028,0.));
#3419=CARTESIAN_POINT('Ctrl Pts',(-2.36448582122455,-11.0256245489122,0.));
#3420=CARTESIAN_POINT('Ctrl Pts',(-2.36448582122455,-11.0256245489122,24.5));
#3421=CARTESIAN_POINT('Ctrl Pts',(-2.36683917835341,-11.0366357702098,0.));
#3422=CARTESIAN_POINT('Ctrl Pts',(-2.36683917835341,-11.0366357702098,24.5));
#3423=CARTESIAN_POINT('Ctrl Pts',(-2.37112651540877,-11.058713593795,0.));
#3424=CARTESIAN_POINT('Ctrl Pts',(-2.37112651540877,-11.058713593795,24.5));
#3425=CARTESIAN_POINT('Ctrl Pts',(-2.37629941786578,-11.0919964689449,0.));
#3426=CARTESIAN_POINT('Ctrl Pts',(-2.37629941786578,-11.0919964689449,24.5));
#3427=CARTESIAN_POINT('Ctrl Pts',(-2.38080810160742,-11.1366905843773,0.));
#3428=CARTESIAN_POINT('Ctrl Pts',(-2.38080810160742,-11.1366905843773,24.5));
#3429=CARTESIAN_POINT('Ctrl Pts',(-2.38320027873725,-11.1929970824015,0.));
#3430=CARTESIAN_POINT('Ctrl Pts',(-2.38320027873725,-11.1929970824015,24.5));
#3431=CARTESIAN_POINT('Ctrl Pts',(-2.38327698658598,-11.2496282852824,0.));
#3432=CARTESIAN_POINT('Ctrl Pts',(-2.38327698658598,-11.2496282852824,24.5));
#3433=CARTESIAN_POINT('Ctrl Pts',(-2.38194375055316,-11.3064701115974,0.));
#3434=CARTESIAN_POINT('Ctrl Pts',(-2.38194375055316,-11.3064701115974,24.5));
#3435=CARTESIAN_POINT('Ctrl Pts',(-2.37984007529278,-11.3634366892528,0.));
#3436=CARTESIAN_POINT('Ctrl Pts',(-2.37984007529278,-11.3634366892528,24.5));
#3437=CARTESIAN_POINT('Ctrl Pts',(-2.37718252585975,-11.4204888053959,0.));
#3438=CARTESIAN_POINT('Ctrl Pts',(-2.37718252585975,-11.4204888053959,24.5));
#3439=CARTESIAN_POINT('Ctrl Pts',(-2.37392099512376,-11.4776171903006,0.));
#3440=CARTESIAN_POINT('Ctrl Pts',(-2.37392099512376,-11.4776171903006,24.5));
#3441=CARTESIAN_POINT('Ctrl Pts',(-2.36984978349419,-11.5348309155951,0.));
#3442=CARTESIAN_POINT('Ctrl Pts',(-2.36984978349419,-11.5348309155951,24.5));
#3443=CARTESIAN_POINT('Ctrl Pts',(-2.36472742801809,-11.592144710221,0.));
#3444=CARTESIAN_POINT('Ctrl Pts',(-2.36472742801809,-11.592144710221,24.5));
#3445=CARTESIAN_POINT('Ctrl Pts',(-2.35841358738213,-11.6495646092579,0.));
#3446=CARTESIAN_POINT('Ctrl Pts',(-2.35841358738213,-11.6495646092579,24.5));
#3447=CARTESIAN_POINT('Ctrl Pts',(-2.35092434157939,-11.7070819372243,0.));
#3448=CARTESIAN_POINT('Ctrl Pts',(-2.35092434157939,-11.7070819372243,24.5));
#3449=CARTESIAN_POINT('Ctrl Pts',(-2.34236266222923,-11.7646801184283,0.));
#3450=CARTESIAN_POINT('Ctrl Pts',(-2.34236266222923,-11.7646801184283,24.5));
#3451=CARTESIAN_POINT('Ctrl Pts',(-2.33287742456156,-11.822338541537,0.));
#3452=CARTESIAN_POINT('Ctrl Pts',(-2.33287742456156,-11.822338541537,24.5));
#3453=CARTESIAN_POINT('Ctrl Pts',(-2.32261504154857,-11.8800372141261,0.));
#3454=CARTESIAN_POINT('Ctrl Pts',(-2.32261504154857,-11.8800372141261,24.5));
#3455=CARTESIAN_POINT('Ctrl Pts',(-2.31166422327066,-11.9377620489254,0.));
#3456=CARTESIAN_POINT('Ctrl Pts',(-2.31166422327066,-11.9377620489254,24.5));
#3457=CARTESIAN_POINT('Ctrl Pts',(-2.30004683406155,-11.9955057121863,0.));
#3458=CARTESIAN_POINT('Ctrl Pts',(-2.30004683406155,-11.9955057121863,24.5));
#3459=CARTESIAN_POINT('Ctrl Pts',(-2.28774650634,-12.0532648200434,0.));
#3460=CARTESIAN_POINT('Ctrl Pts',(-2.28774650634,-12.0532648200434,24.5));
#3461=CARTESIAN_POINT('Ctrl Pts',(-2.27472690254991,-12.1110381370273,0.));
#3462=CARTESIAN_POINT('Ctrl Pts',(-2.27472690254991,-12.1110381370273,24.5));
#3463=CARTESIAN_POINT('Ctrl Pts',(-2.26095255557161,-12.1688245267911,0.));
#3464=CARTESIAN_POINT('Ctrl Pts',(-2.26095255557161,-12.1688245267911,24.5));
#3465=CARTESIAN_POINT('Ctrl Pts',(-2.24641278167692,-12.22662060225,0.));
#3466=CARTESIAN_POINT('Ctrl Pts',(-2.24641278167692,-12.22662060225,24.5));
#3467=CARTESIAN_POINT('Ctrl Pts',(-2.23112188964595,-12.2844206887577,0.));
#3468=CARTESIAN_POINT('Ctrl Pts',(-2.23112188964595,-12.2844206887577,24.5));
#3469=CARTESIAN_POINT('Ctrl Pts',(-2.2151079904749,-12.342217899464,0.));
#3470=CARTESIAN_POINT('Ctrl Pts',(-2.2151079904749,-12.342217899464,24.5));
#3471=CARTESIAN_POINT('Ctrl Pts',(-2.19840523210003,-12.4000048770012,0.));
#3472=CARTESIAN_POINT('Ctrl Pts',(-2.19840523210003,-12.4000048770012,24.5));
#3473=CARTESIAN_POINT('Ctrl Pts',(-2.1810452234577,-12.4577746151872,0.));
#3474=CARTESIAN_POINT('Ctrl Pts',(-2.1810452234577,-12.4577746151872,24.5));
#3475=CARTESIAN_POINT('Ctrl Pts',(-2.16304727259815,-12.5155213956719,0.));
#3476=CARTESIAN_POINT('Ctrl Pts',(-2.16304727259815,-12.5155213956719,24.5));
#3477=CARTESIAN_POINT('Ctrl Pts',(-2.14441953191656,-12.5732406688578,0.));
#3478=CARTESIAN_POINT('Ctrl Pts',(-2.14441953191656,-12.5732406688578,24.5));
#3479=CARTESIAN_POINT('Ctrl Pts',(-2.12516352970038,-12.6309286073123,0.));
#3480=CARTESIAN_POINT('Ctrl Pts',(-2.12516352970038,-12.6309286073123,24.5));
#3481=CARTESIAN_POINT('Ctrl Pts',(-2.10527764776006,-12.6885817617681,0.));
#3482=CARTESIAN_POINT('Ctrl Pts',(-2.10527764776006,-12.6885817617681,24.5));
#3483=CARTESIAN_POINT('Ctrl Pts',(-2.08476081892289,-12.746196696523,0.));
#3484=CARTESIAN_POINT('Ctrl Pts',(-2.08476081892289,-12.746196696523,24.5));
#3485=CARTESIAN_POINT('Ctrl Pts',(-2.06361670791884,-12.8037695781912,0.));
#3486=CARTESIAN_POINT('Ctrl Pts',(-2.06361670791884,-12.8037695781912,24.5));
#3487=CARTESIAN_POINT('Ctrl Pts',(-2.04185301089759,-12.8612962406559,0.));
#3488=CARTESIAN_POINT('Ctrl Pts',(-2.04185301089759,-12.8612962406559,24.5));
#3489=CARTESIAN_POINT('Ctrl Pts',(-2.01947964958398,-12.9187723582205,0.));
#3490=CARTESIAN_POINT('Ctrl Pts',(-2.01947964958398,-12.9187723582205,24.5));
#3491=CARTESIAN_POINT('Ctrl Pts',(-1.99650731836375,-12.9761935851404,0.));
#3492=CARTESIAN_POINT('Ctrl Pts',(-1.99650731836375,-12.9761935851404,24.5));
#3493=CARTESIAN_POINT('Ctrl Pts',(-1.9729459758012,-13.03355570086,0.));
#3494=CARTESIAN_POINT('Ctrl Pts',(-1.9729459758012,-13.03355570086,24.5));
#3495=CARTESIAN_POINT('Ctrl Pts',(-1.9488031379785,-13.0908547760519,0.));
#3496=CARTESIAN_POINT('Ctrl Pts',(-1.9488031379785,-13.0908547760519,24.5));
#3497=CARTESIAN_POINT('Ctrl Pts',(-1.92408423420907,-13.1480871319014,0.));
#3498=CARTESIAN_POINT('Ctrl Pts',(-1.92408423420907,-13.1480871319014,24.5));
#3499=CARTESIAN_POINT('Ctrl Pts',(-1.89879338208767,-13.2052492580224,0.));
#3500=CARTESIAN_POINT('Ctrl Pts',(-1.89879338208767,-13.2052492580224,24.5));
#3501=CARTESIAN_POINT('Ctrl Pts',(-1.87293403638325,-13.2623377435667,0.));
#3502=CARTESIAN_POINT('Ctrl Pts',(-1.87293403638325,-13.2623377435667,24.5));
#3503=CARTESIAN_POINT('Ctrl Pts',(-1.84650965308904,-13.3193492078786,0.));
#3504=CARTESIAN_POINT('Ctrl Pts',(-1.84650965308904,-13.3193492078786,24.5));
#3505=CARTESIAN_POINT('Ctrl Pts',(-1.81952445741146,-13.3762802204836,0.));
#3506=CARTESIAN_POINT('Ctrl Pts',(-1.81952445741146,-13.3762802204836,24.5));
#3507=CARTESIAN_POINT('Ctrl Pts',(-1.7919833186449,-13.4331273178631,0.));
#3508=CARTESIAN_POINT('Ctrl Pts',(-1.7919833186449,-13.4331273178631,24.5));
#3509=CARTESIAN_POINT('Ctrl Pts',(-1.76389142335385,-13.4898870422711,0.));
#3510=CARTESIAN_POINT('Ctrl Pts',(-1.76389142335385,-13.4898870422711,24.5));
#3511=CARTESIAN_POINT('Ctrl Pts',(-1.73525401388383,-13.5465559751109,0.));
#3512=CARTESIAN_POINT('Ctrl Pts',(-1.73525401388383,-13.5465559751109,24.5));
#3513=CARTESIAN_POINT('Ctrl Pts',(-1.70607612337662,-13.6031307696905,0.));
#3514=CARTESIAN_POINT('Ctrl Pts',(-1.70607612337662,-13.6031307696905,24.5));
#3515=CARTESIAN_POINT('Ctrl Pts',(-1.67636226562867,-13.6596081942055,0.));
#3516=CARTESIAN_POINT('Ctrl Pts',(-1.67636226562867,-13.6596081942055,24.5));
#3517=CARTESIAN_POINT('Ctrl Pts',(-1.64611648045935,-13.7159851109649,0.));
#3518=CARTESIAN_POINT('Ctrl Pts',(-1.64611648045935,-13.7159851109649,24.5));
#3519=CARTESIAN_POINT('Ctrl Pts',(-1.61534249176515,-13.7722584370836,0.));
#3520=CARTESIAN_POINT('Ctrl Pts',(-1.61534249176515,-13.7722584370836,24.5));
#3521=CARTESIAN_POINT('Ctrl Pts',(-1.58404383660869,-13.8284251099661,0.));
#3522=CARTESIAN_POINT('Ctrl Pts',(-1.58404383660869,-13.8284251099661,24.5));
#3523=CARTESIAN_POINT('Ctrl Pts',(-1.55222399741125,-13.8844820565066,0.));
#3524=CARTESIAN_POINT('Ctrl Pts',(-1.55222399741125,-13.8844820565066,24.5));
#3525=CARTESIAN_POINT('Ctrl Pts',(-1.51988656842418,-13.9404261490837,0.));
#3526=CARTESIAN_POINT('Ctrl Pts',(-1.51988656842418,-13.9404261490837,24.5));
#3527=CARTESIAN_POINT('Ctrl Pts',(-1.48703524495721,-13.9962542321145,0.));
#3528=CARTESIAN_POINT('Ctrl Pts',(-1.48703524495721,-13.9962542321145,24.5));
#3529=CARTESIAN_POINT('Ctrl Pts',(-1.45367372881695,-14.0519631804015,0.));
#3530=CARTESIAN_POINT('Ctrl Pts',(-1.45367372881695,-14.0519631804015,24.5));
#3531=CARTESIAN_POINT('Ctrl Pts',(-1.41980566007008,-14.1075499528552,0.));
#3532=CARTESIAN_POINT('Ctrl Pts',(-1.41980566007008,-14.1075499528552,24.5));
#3533=CARTESIAN_POINT('Ctrl Pts',(-1.38543455011094,-14.1630116388187,0.));
#3534=CARTESIAN_POINT('Ctrl Pts',(-1.38543455011094,-14.1630116388187,24.5));
#3535=CARTESIAN_POINT('Ctrl Pts',(-1.35056369669882,-14.2183455340314,0.));
#3536=CARTESIAN_POINT('Ctrl Pts',(-1.35056369669882,-14.2183455340314,24.5));
#3537=CARTESIAN_POINT('Ctrl Pts',(-1.3151961988657,-14.2735490985742,0.));
#3538=CARTESIAN_POINT('Ctrl Pts',(-1.3151961988657,-14.2735490985742,24.5));
#3539=CARTESIAN_POINT('Ctrl Pts',(-1.27933505226214,-14.3286198238612,0.));
#3540=CARTESIAN_POINT('Ctrl Pts',(-1.27933505226214,-14.3286198238612,24.5));
#3541=CARTESIAN_POINT('Ctrl Pts',(-1.24298322974472,-14.3835551185566,0.));
#3542=CARTESIAN_POINT('Ctrl Pts',(-1.24298322974472,-14.3835551185566,24.5));
#3543=CARTESIAN_POINT('Ctrl Pts',(-1.20614376020469,-14.4383522053053,0.));
#3544=CARTESIAN_POINT('Ctrl Pts',(-1.20614376020469,-14.4383522053053,24.5));
#3545=CARTESIAN_POINT('Ctrl Pts',(-1.16881983942048,-14.4930079708355,0.));
#3546=CARTESIAN_POINT('Ctrl Pts',(-1.16881983942048,-14.4930079708355,24.5));
#3547=CARTESIAN_POINT('Ctrl Pts',(-1.13101483363195,-14.5475189874528,0.));
#3548=CARTESIAN_POINT('Ctrl Pts',(-1.13101483363195,-14.5475189874528,24.5));
#3549=CARTESIAN_POINT('Ctrl Pts',(-1.09273211489143,-14.6018817967711,0.));
#3550=CARTESIAN_POINT('Ctrl Pts',(-1.09273211489143,-14.6018817967711,24.5));
#3551=CARTESIAN_POINT('Ctrl Pts',(-1.05397493786362,-14.6560931379336,0.));
#3552=CARTESIAN_POINT('Ctrl Pts',(-1.05397493786362,-14.6560931379336,24.5));
#3553=CARTESIAN_POINT('Ctrl Pts',(-1.01474630677486,-14.7101501869328,0.));
#3554=CARTESIAN_POINT('Ctrl Pts',(-1.01474630677486,-14.7101501869328,24.5));
#3555=CARTESIAN_POINT('Ctrl Pts',(-0.975048841524254,-14.7640508225939,
0.));
#3556=CARTESIAN_POINT('Ctrl Pts',(-0.975048841524254,-14.7640508225939,
24.5));
#3557=CARTESIAN_POINT('Ctrl Pts',(-0.934884672615645,-14.8177937917346,
0.));
#3558=CARTESIAN_POINT('Ctrl Pts',(-0.934884672615645,-14.8177937917346,
24.5));
#3559=CARTESIAN_POINT('Ctrl Pts',(-0.894255454003793,-14.871378462016,0.));
#3560=CARTESIAN_POINT('Ctrl Pts',(-0.894255454003793,-14.871378462016,24.5));
#3561=CARTESIAN_POINT('Ctrl Pts',(-0.861380978645836,-14.9141194044763,
0.));
#3562=CARTESIAN_POINT('Ctrl Pts',(-0.861380978645836,-14.9141194044763,
24.5));
#3563=CARTESIAN_POINT('Ctrl Pts',(-0.836516693156125,-14.9461038077397,
0.));
#3564=CARTESIAN_POINT('Ctrl Pts',(-0.836516693156125,-14.9461038077397,
24.5));
#3565=CARTESIAN_POINT('Ctrl Pts',(-0.819847898483228,-14.9673950633651,
0.));
#3566=CARTESIAN_POINT('Ctrl Pts',(-0.819847898483228,-14.9673950633651,
24.5));
#3567=CARTESIAN_POINT('Ctrl Pts',(-0.811490350061015,-14.9780327712028,
0.));
#3568=CARTESIAN_POINT('Ctrl Pts',(-0.811490350061015,-14.9780327712028,
24.5));
#3569=CARTESIAN_POINT('Ctrl Pts',(-2.36448582122455,-11.0256245489122,0.));
#3570=CARTESIAN_POINT('Ctrl Pts',(-2.36683917835341,-11.0366357702098,0.));
#3571=CARTESIAN_POINT('Ctrl Pts',(-2.37112651540877,-11.058713593795,0.));
#3572=CARTESIAN_POINT('Ctrl Pts',(-2.37629941786578,-11.0919964689449,0.));
#3573=CARTESIAN_POINT('Ctrl Pts',(-2.38080810160742,-11.1366905843773,0.));
#3574=CARTESIAN_POINT('Ctrl Pts',(-2.38320027873725,-11.1929970824015,0.));
#3575=CARTESIAN_POINT('Ctrl Pts',(-2.38327698658598,-11.2496282852824,0.));
#3576=CARTESIAN_POINT('Ctrl Pts',(-2.38194375055316,-11.3064701115974,0.));
#3577=CARTESIAN_POINT('Ctrl Pts',(-2.37984007529278,-11.3634366892528,0.));
#3578=CARTESIAN_POINT('Ctrl Pts',(-2.37718252585975,-11.4204888053959,0.));
#3579=CARTESIAN_POINT('Ctrl Pts',(-2.37392099512376,-11.4776171903006,0.));
#3580=CARTESIAN_POINT('Ctrl Pts',(-2.36984978349419,-11.5348309155951,0.));
#3581=CARTESIAN_POINT('Ctrl Pts',(-2.36472742801809,-11.592144710221,0.));
#3582=CARTESIAN_POINT('Ctrl Pts',(-2.35841358738213,-11.6495646092579,0.));
#3583=CARTESIAN_POINT('Ctrl Pts',(-2.35092434157939,-11.7070819372243,0.));
#3584=CARTESIAN_POINT('Ctrl Pts',(-2.34236266222923,-11.7646801184283,0.));
#3585=CARTESIAN_POINT('Ctrl Pts',(-2.33287742456156,-11.822338541537,0.));
#3586=CARTESIAN_POINT('Ctrl Pts',(-2.32261504154857,-11.8800372141261,0.));
#3587=CARTESIAN_POINT('Ctrl Pts',(-2.31166422327066,-11.9377620489254,0.));
#3588=CARTESIAN_POINT('Ctrl Pts',(-2.30004683406155,-11.9955057121863,0.));
#3589=CARTESIAN_POINT('Ctrl Pts',(-2.28774650634,-12.0532648200434,0.));
#3590=CARTESIAN_POINT('Ctrl Pts',(-2.27472690254991,-12.1110381370273,0.));
#3591=CARTESIAN_POINT('Ctrl Pts',(-2.26095255557161,-12.1688245267911,0.));
#3592=CARTESIAN_POINT('Ctrl Pts',(-2.24641278167692,-12.22662060225,0.));
#3593=CARTESIAN_POINT('Ctrl Pts',(-2.23112188964595,-12.2844206887577,0.));
#3594=CARTESIAN_POINT('Ctrl Pts',(-2.2151079904749,-12.342217899464,0.));
#3595=CARTESIAN_POINT('Ctrl Pts',(-2.19840523210003,-12.4000048770012,0.));
#3596=CARTESIAN_POINT('Ctrl Pts',(-2.1810452234577,-12.4577746151872,0.));
#3597=CARTESIAN_POINT('Ctrl Pts',(-2.16304727259815,-12.5155213956719,0.));
#3598=CARTESIAN_POINT('Ctrl Pts',(-2.14441953191656,-12.5732406688578,0.));
#3599=CARTESIAN_POINT('Ctrl Pts',(-2.12516352970038,-12.6309286073123,0.));
#3600=CARTESIAN_POINT('Ctrl Pts',(-2.10527764776006,-12.6885817617681,0.));
#3601=CARTESIAN_POINT('Ctrl Pts',(-2.08476081892289,-12.746196696523,0.));
#3602=CARTESIAN_POINT('Ctrl Pts',(-2.06361670791884,-12.8037695781912,0.));
#3603=CARTESIAN_POINT('Ctrl Pts',(-2.04185301089759,-12.8612962406559,0.));
#3604=CARTESIAN_POINT('Ctrl Pts',(-2.01947964958398,-12.9187723582205,0.));
#3605=CARTESIAN_POINT('Ctrl Pts',(-1.99650731836375,-12.9761935851404,0.));
#3606=CARTESIAN_POINT('Ctrl Pts',(-1.9729459758012,-13.03355570086,0.));
#3607=CARTESIAN_POINT('Ctrl Pts',(-1.9488031379785,-13.0908547760519,0.));
#3608=CARTESIAN_POINT('Ctrl Pts',(-1.92408423420907,-13.1480871319014,0.));
#3609=CARTESIAN_POINT('Ctrl Pts',(-1.89879338208767,-13.2052492580224,0.));
#3610=CARTESIAN_POINT('Ctrl Pts',(-1.87293403638325,-13.2623377435667,0.));
#3611=CARTESIAN_POINT('Ctrl Pts',(-1.84650965308904,-13.3193492078786,0.));
#3612=CARTESIAN_POINT('Ctrl Pts',(-1.81952445741146,-13.3762802204836,0.));
#3613=CARTESIAN_POINT('Ctrl Pts',(-1.7919833186449,-13.4331273178631,0.));
#3614=CARTESIAN_POINT('Ctrl Pts',(-1.76389142335385,-13.4898870422711,0.));
#3615=CARTESIAN_POINT('Ctrl Pts',(-1.73525401388383,-13.5465559751109,0.));
#3616=CARTESIAN_POINT('Ctrl Pts',(-1.70607612337662,-13.6031307696905,0.));
#3617=CARTESIAN_POINT('Ctrl Pts',(-1.67636226562867,-13.6596081942055,0.));
#3618=CARTESIAN_POINT('Ctrl Pts',(-1.64611648045935,-13.7159851109649,0.));
#3619=CARTESIAN_POINT('Ctrl Pts',(-1.61534249176515,-13.7722584370836,0.));
#3620=CARTESIAN_POINT('Ctrl Pts',(-1.58404383660869,-13.8284251099661,0.));
#3621=CARTESIAN_POINT('Ctrl Pts',(-1.55222399741125,-13.8844820565066,0.));
#3622=CARTESIAN_POINT('Ctrl Pts',(-1.51988656842418,-13.9404261490837,0.));
#3623=CARTESIAN_POINT('Ctrl Pts',(-1.48703524495721,-13.9962542321145,0.));
#3624=CARTESIAN_POINT('Ctrl Pts',(-1.45367372881695,-14.0519631804015,0.));
#3625=CARTESIAN_POINT('Ctrl Pts',(-1.41980566007008,-14.1075499528552,0.));
#3626=CARTESIAN_POINT('Ctrl Pts',(-1.38543455011094,-14.1630116388187,0.));
#3627=CARTESIAN_POINT('Ctrl Pts',(-1.35056369669882,-14.2183455340314,0.));
#3628=CARTESIAN_POINT('Ctrl Pts',(-1.3151961988657,-14.2735490985742,0.));
#3629=CARTESIAN_POINT('Ctrl Pts',(-1.27933505226214,-14.3286198238612,0.));
#3630=CARTESIAN_POINT('Ctrl Pts',(-1.24298322974472,-14.3835551185566,0.));
#3631=CARTESIAN_POINT('Ctrl Pts',(-1.20614376020469,-14.4383522053053,0.));
#3632=CARTESIAN_POINT('Ctrl Pts',(-1.16881983942048,-14.4930079708355,0.));
#3633=CARTESIAN_POINT('Ctrl Pts',(-1.13101483363195,-14.5475189874528,0.));
#3634=CARTESIAN_POINT('Ctrl Pts',(-1.09273211489143,-14.6018817967711,0.));
#3635=CARTESIAN_POINT('Ctrl Pts',(-1.05397493786362,-14.6560931379336,0.));
#3636=CARTESIAN_POINT('Ctrl Pts',(-1.01474630677486,-14.7101501869328,0.));
#3637=CARTESIAN_POINT('Ctrl Pts',(-0.975048841524254,-14.7640508225939,
0.));
#3638=CARTESIAN_POINT('Ctrl Pts',(-0.934884672615645,-14.8177937917346,
0.));
#3639=CARTESIAN_POINT('Ctrl Pts',(-0.894255454003793,-14.871378462016,0.));
#3640=CARTESIAN_POINT('Ctrl Pts',(-0.861380978645836,-14.9141194044763,
0.));
#3641=CARTESIAN_POINT('Ctrl Pts',(-0.836516693156125,-14.9461038077397,
0.));
#3642=CARTESIAN_POINT('Ctrl Pts',(-0.819847898483228,-14.9673950633651,
0.));
#3643=CARTESIAN_POINT('Ctrl Pts',(-0.811490350061015,-14.9780327712028,
0.));
#3644=CARTESIAN_POINT('Ctrl Pts',(-2.36448582122455,-11.0256245489122,15.8));
#3645=CARTESIAN_POINT('Ctrl Pts',(-2.36793768907237,-11.0417756380504,15.8));
#3646=CARTESIAN_POINT('Ctrl Pts',(-2.370843524147,-11.0579987803507,15.8));
#3647=CARTESIAN_POINT('Ctrl Pts',(-2.37323234378625,-11.0742904802349,15.8));
#3648=CARTESIAN_POINT('Ctrl Pts',(-2.37592831971457,-11.0926769795743,15.8));
#3649=CARTESIAN_POINT('Ctrl Pts',(-2.3779665143625,-11.1111507221443,15.8));
#3650=CARTESIAN_POINT('Ctrl Pts',(-2.37945535381123,-11.1296985486483,15.8));
#3651=CARTESIAN_POINT('Ctrl Pts',(-2.38217219563599,-11.1635447171171,15.8));
#3652=CARTESIAN_POINT('Ctrl Pts',(-2.38306434041877,-11.1976373143314,15.8));
#3653=CARTESIAN_POINT('Ctrl Pts',(-2.38302358041876,-11.231865756122,15.8));
#3654=CARTESIAN_POINT('Ctrl Pts',(-2.3830002783583,-11.2514337939058,15.8));
#3655=CARTESIAN_POINT('Ctrl Pts',(-2.38267563896894,-11.2710457317097,15.8));
#3656=CARTESIAN_POINT('Ctrl Pts',(-2.38218142209713,-11.2906842655759,15.8));
#3657=CARTESIAN_POINT('Ctrl Pts',(-2.38172813391283,-11.3086964296005,15.8));
#3658=CARTESIAN_POINT('Ctrl Pts',(-2.38113245543804,-11.3267309269626,15.8));
#3659=CARTESIAN_POINT('Ctrl Pts',(-2.38044456763756,-11.3447800331617,15.8));
#3660=CARTESIAN_POINT('Ctrl Pts',(-2.37967357774919,-11.3650096089206,15.8));
#3661=CARTESIAN_POINT('Ctrl Pts',(-2.37878601814659,-11.3852576090957,15.8));
#3662=CARTESIAN_POINT('Ctrl Pts',(-2.37778877412649,-11.4055202689302,15.8));
#3663=CARTESIAN_POINT('Ctrl Pts',(-2.37654342638514,-11.4308240633378,15.8));
#3664=CARTESIAN_POINT('Ctrl Pts',(-2.37512590264751,-11.4561508062849,15.8));
#3665=CARTESIAN_POINT('Ctrl Pts',(-2.37346735232829,-11.4815027318475,15.8));
#3666=CARTESIAN_POINT('Ctrl Pts',(-2.37176484877433,-11.5075265086781,15.8));
#3667=CARTESIAN_POINT('Ctrl Pts',(-2.36980190181808,-11.5335774971273,15.8));
#3668=CARTESIAN_POINT('Ctrl Pts',(-2.36749117992419,-11.5596605639273,15.8));
#3669=CARTESIAN_POINT('Ctrl Pts',(-2.36536457171277,-11.5836653843182,15.8));
#3670=CARTESIAN_POINT('Ctrl Pts',(-2.36294173137994,-11.6076975690142,15.8));
#3671=CARTESIAN_POINT('Ctrl Pts',(-2.36020488518536,-11.6317564194108,15.8));
#3672=CARTESIAN_POINT('Ctrl Pts',(-2.35687906411836,-11.6609927833889,15.8));
#3673=CARTESIAN_POINT('Ctrl Pts',(-2.35309096125866,-11.6902683762846,15.8));
#3674=CARTESIAN_POINT('Ctrl Pts',(-2.34889533919613,-11.7195739514157,15.8));
#3675=CARTESIAN_POINT('Ctrl Pts',(-2.34393401724955,-11.7542277860291,15.8));
#3676=CARTESIAN_POINT('Ctrl Pts',(-2.33840946555906,-11.7889228969914,15.8));
#3677=CARTESIAN_POINT('Ctrl Pts',(-2.33246163505709,-11.8236398795557,15.8));
#3678=CARTESIAN_POINT('Ctrl Pts',(-2.32752121287382,-11.852476705141,15.8));
#3679=CARTESIAN_POINT('Ctrl Pts',(-2.32229119074407,-11.8813284008091,15.8));
#3680=CARTESIAN_POINT('Ctrl Pts',(-2.31681094789843,-11.9101881031687,15.8));
#3681=CARTESIAN_POINT('Ctrl Pts',(-2.31010596555787,-11.9454974498756,15.8));
#3682=CARTESIAN_POINT('Ctrl Pts',(-2.30302517660242,-11.9808188949805,15.8));
#3683=CARTESIAN_POINT('Ctrl Pts',(-2.29555753569395,-12.0161483688986,15.8));
#3684=CARTESIAN_POINT('Ctrl Pts',(-2.28717582794134,-12.0558023009857,15.8));
#3685=CARTESIAN_POINT('Ctrl Pts',(-2.27830008542508,-12.0954669956165,15.8));
#3686=CARTESIAN_POINT('Ctrl Pts',(-2.26888472120318,-12.1351401714614,15.8));
#3687=CARTESIAN_POINT('Ctrl Pts',(-2.2596639786694,-12.1739932770176,15.8));
#3688=CARTESIAN_POINT('Ctrl Pts',(-2.24992417057978,-12.2128546731746,15.8));
#3689=CARTESIAN_POINT('Ctrl Pts',(-2.2396794908062,-12.2517171027875,15.8));
#3690=CARTESIAN_POINT('Ctrl Pts',(-2.2242633677071,-12.3101970174441,15.8));
#3691=CARTESIAN_POINT('Ctrl Pts',(-2.20771297184095,-12.3686783431219,15.8));
#3692=CARTESIAN_POINT('Ctrl Pts',(-2.19017237485536,-12.4271284609064,15.8));
#3693=CARTESIAN_POINT('Ctrl Pts',(-2.17554258749626,-12.4758789563999,15.8));
#3694=CARTESIAN_POINT('Ctrl Pts',(-2.16022494396026,-12.5246076844248,15.8));
#3695=CARTESIAN_POINT('Ctrl Pts',(-2.14423954724287,-12.5733025768695,15.8));
#3696=CARTESIAN_POINT('Ctrl Pts',(-2.12371573008983,-12.6358224558872,15.8));
#3697=CARTESIAN_POINT('Ctrl Pts',(-2.10208221036617,-12.6982874021922,15.8));
#3698=CARTESIAN_POINT('Ctrl Pts',(-2.07934286393975,-12.7606768171184,15.8));
#3699=CARTESIAN_POINT('Ctrl Pts',(-2.04458377598443,-12.8560445167979,15.8));
#3700=CARTESIAN_POINT('Ctrl Pts',(-2.007249481987,-12.9512346535632,15.8));
#3701=CARTESIAN_POINT('Ctrl Pts',(-1.96753505369859,-13.046160921481,15.8));
#3702=CARTESIAN_POINT('Ctrl Pts',(-1.91840581413304,-13.1635906707834,15.8));
#3703=CARTESIAN_POINT('Ctrl Pts',(-1.86562705181942,-13.2806173492599,15.8));
#3704=CARTESIAN_POINT('Ctrl Pts',(-1.80935429522659,-13.3971076351667,15.8));
#3705=CARTESIAN_POINT('Ctrl Pts',(-1.75809046497441,-13.503228937984,15.8));
#3706=CARTESIAN_POINT('Ctrl Pts',(-1.70393562482554,-13.6089040453277,15.8));
#3707=CARTESIAN_POINT('Ctrl Pts',(-1.64702513167939,-13.7140373041931,15.8));
#3708=CARTESIAN_POINT('Ctrl Pts',(-1.56897569026945,-13.8582214726025,15.8));
#3709=CARTESIAN_POINT('Ctrl Pts',(-1.48573269617855,-14.0013882575699,15.8));
#3710=CARTESIAN_POINT('Ctrl Pts',(-1.39756849161709,-14.1433054569074,15.8));
#3711=CARTESIAN_POINT('Ctrl Pts',(-1.32080655223476,-14.2668685231999,15.8));
#3712=CARTESIAN_POINT('Ctrl Pts',(-1.24031253492736,-14.3894897017981,15.8));
#3713=CARTESIAN_POINT('Ctrl Pts',(-1.15624028800952,-14.5110296868626,15.8));
#3714=CARTESIAN_POINT('Ctrl Pts',(-1.09755066962982,-14.5958749907864,15.8));
#3715=CARTESIAN_POINT('Ctrl Pts',(-1.03712020301691,-14.680187412088,15.8));
#3716=CARTESIAN_POINT('Ctrl Pts',(-0.974997458745332,-14.7639233974431,
15.8));
#3717=CARTESIAN_POINT('Ctrl Pts',(-0.921735831822871,-14.8357153774057,
15.8));
#3718=CARTESIAN_POINT('Ctrl Pts',(-0.867230117734948,-14.907085726268,15.8));
#3719=CARTESIAN_POINT('Ctrl Pts',(-0.811490350061015,-14.9780327712028,
15.8));
#3720=CARTESIAN_POINT('Ctrl Pts',(-10.0172582119562,-11.1648788707474,0.));
#3721=CARTESIAN_POINT('Ctrl Pts',(-10.0172582119562,-11.1648788707474,24.5));
#3722=CARTESIAN_POINT('Ctrl Pts',(-10.0038265374445,-11.1632665545625,0.));
#3723=CARTESIAN_POINT('Ctrl Pts',(-10.0038265374445,-11.1632665545625,24.5));
#3724=CARTESIAN_POINT('Ctrl Pts',(-9.97698472846438,-11.1599979810773,0.));
#3725=CARTESIAN_POINT('Ctrl Pts',(-9.97698472846438,-11.1599979810773,24.5));
#3726=CARTESIAN_POINT('Ctrl Pts',(-9.93678663514549,-11.1549632975166,0.));
#3727=CARTESIAN_POINT('Ctrl Pts',(-9.93678663514549,-11.1549632975166,24.5));
#3728=CARTESIAN_POINT('Ctrl Pts',(-9.88331846044396,-11.1479866517222,0.));
#3729=CARTESIAN_POINT('Ctrl Pts',(-9.88331846044396,-11.1479866517222,24.5));
#3730=CARTESIAN_POINT('Ctrl Pts',(-9.8166991807256,-11.1388257639934,0.));
#3731=CARTESIAN_POINT('Ctrl Pts',(-9.8166991807256,-11.1388257639934,24.5));
#3732=CARTESIAN_POINT('Ctrl Pts',(-9.75029680660911,-11.1292241022689,0.));
#3733=CARTESIAN_POINT('Ctrl Pts',(-9.75029680660911,-11.1292241022689,24.5));
#3734=CARTESIAN_POINT('Ctrl Pts',(-9.68411295474821,-11.1191809441572,0.));
#3735=CARTESIAN_POINT('Ctrl Pts',(-9.68411295474821,-11.1191809441572,24.5));
#3736=CARTESIAN_POINT('Ctrl Pts',(-9.61815001777042,-11.1086956692985,0.));
#3737=CARTESIAN_POINT('Ctrl Pts',(-9.61815001777042,-11.1086956692985,24.5));
#3738=CARTESIAN_POINT('Ctrl Pts',(-9.55241134812119,-11.0977679250413,0.));
#3739=CARTESIAN_POINT('Ctrl Pts',(-9.55241134812119,-11.0977679250413,24.5));
#3740=CARTESIAN_POINT('Ctrl Pts',(-9.48690106698422,-11.0863975839517,0.));
#3741=CARTESIAN_POINT('Ctrl Pts',(-9.48690106698422,-11.0863975839517,24.5));
#3742=CARTESIAN_POINT('Ctrl Pts',(-9.42162378152888,-11.0745846504081,0.));
#3743=CARTESIAN_POINT('Ctrl Pts',(-9.42162378152888,-11.0745846504081,24.5));
#3744=CARTESIAN_POINT('Ctrl Pts',(-9.35658432160457,-11.0623291854577,0.));
#3745=CARTESIAN_POINT('Ctrl Pts',(-9.35658432160457,-11.0623291854577,24.5));
#3746=CARTESIAN_POINT('Ctrl Pts',(-9.29178749124818,-11.0496312325555,0.));
#3747=CARTESIAN_POINT('Ctrl Pts',(-9.29178749124818,-11.0496312325555,24.5));
#3748=CARTESIAN_POINT('Ctrl Pts',(-9.22723775163201,-11.0364907333604,0.));
#3749=CARTESIAN_POINT('Ctrl Pts',(-9.22723775163201,-11.0364907333604,24.5));
#3750=CARTESIAN_POINT('Ctrl Pts',(-9.16293920839226,-11.0229075100097,0.));
#3751=CARTESIAN_POINT('Ctrl Pts',(-9.16293920839226,-11.0229075100097,24.5));
#3752=CARTESIAN_POINT('Ctrl Pts',(-9.09889579600696,-11.0088812927272,0.));
#3753=CARTESIAN_POINT('Ctrl Pts',(-9.09889579600696,-11.0088812927272,24.5));
#3754=CARTESIAN_POINT('Ctrl Pts',(-9.03511140655915,-10.9944117371063,0.));
#3755=CARTESIAN_POINT('Ctrl Pts',(-9.03511140655915,-10.9944117371063,24.5));
#3756=CARTESIAN_POINT('Ctrl Pts',(-8.97159002738931,-10.9794984477945,0.));
#3757=CARTESIAN_POINT('Ctrl Pts',(-8.97159002738931,-10.9794984477945,24.5));
#3758=CARTESIAN_POINT('Ctrl Pts',(-8.90833590256639,-10.9641410051248,0.));
#3759=CARTESIAN_POINT('Ctrl Pts',(-8.90833590256639,-10.9641410051248,24.5));
#3760=CARTESIAN_POINT('Ctrl Pts',(-8.84535357316641,-10.9483389843117,0.));
#3761=CARTESIAN_POINT('Ctrl Pts',(-8.84535357316641,-10.9483389843117,24.5));
#3762=CARTESIAN_POINT('Ctrl Pts',(-8.78264776348025,-10.9320919618144,0.));
#3763=CARTESIAN_POINT('Ctrl Pts',(-8.78264776348025,-10.9320919618144,24.5));
#3764=CARTESIAN_POINT('Ctrl Pts',(-8.72022330092875,-10.9153995299087,0.));
#3765=CARTESIAN_POINT('Ctrl Pts',(-8.72022330092875,-10.9153995299087,24.5));
#3766=CARTESIAN_POINT('Ctrl Pts',(-8.6580850298246,-10.8982613069501,0.));
#3767=CARTESIAN_POINT('Ctrl Pts',(-8.6580850298246,-10.8982613069501,24.5));
#3768=CARTESIAN_POINT('Ctrl Pts',(-8.59623770324955,-10.8806769629814,0.));
#3769=CARTESIAN_POINT('Ctrl Pts',(-8.59623770324955,-10.8806769629814,24.5));
#3770=CARTESIAN_POINT('Ctrl Pts',(-8.53468595666125,-10.8626462085727,0.));
#3771=CARTESIAN_POINT('Ctrl Pts',(-8.53468595666125,-10.8626462085727,24.5));
#3772=CARTESIAN_POINT('Ctrl Pts',(-8.47343445672274,-10.8441687082253,0.));
#3773=CARTESIAN_POINT('Ctrl Pts',(-8.47343445672274,-10.8441687082253,24.5));
#3774=CARTESIAN_POINT('Ctrl Pts',(-8.41248801655545,-10.8252440086756,0.));
#3775=CARTESIAN_POINT('Ctrl Pts',(-8.41248801655545,-10.8252440086756,24.5));
#3776=CARTESIAN_POINT('Ctrl Pts',(-8.35185171142567,-10.8058714720225,0.));
#3777=CARTESIAN_POINT('Ctrl Pts',(-8.35185171142567,-10.8058714720225,24.5));
#3778=CARTESIAN_POINT('Ctrl Pts',(-8.29153101830014,-10.7860501917607,0.));
#3779=CARTESIAN_POINT('Ctrl Pts',(-8.29153101830014,-10.7860501917607,24.5));
#3780=CARTESIAN_POINT('Ctrl Pts',(-8.23153186261626,-10.7657789753902,0.));
#3781=CARTESIAN_POINT('Ctrl Pts',(-8.23153186261626,-10.7657789753902,24.5));
#3782=CARTESIAN_POINT('Ctrl Pts',(-8.171860368585,-10.7450565333258,0.));
#3783=CARTESIAN_POINT('Ctrl Pts',(-8.171860368585,-10.7450565333258,24.5));
#3784=CARTESIAN_POINT('Ctrl Pts',(-8.11252264865695,-10.7238816431083,0.));
#3785=CARTESIAN_POINT('Ctrl Pts',(-8.11252264865695,-10.7238816431083,24.5));
#3786=CARTESIAN_POINT('Ctrl Pts',(-8.05352459502063,-10.702253310704,0.));
#3787=CARTESIAN_POINT('Ctrl Pts',(-8.05352459502063,-10.702253310704,24.5));
#3788=CARTESIAN_POINT('Ctrl Pts',(-7.99487162105994,-10.6801709741526,0.));
#3789=CARTESIAN_POINT('Ctrl Pts',(-7.99487162105994,-10.6801709741526,24.5));
#3790=CARTESIAN_POINT('Ctrl Pts',(-7.93656856101569,-10.6576345801824,0.));
#3791=CARTESIAN_POINT('Ctrl Pts',(-7.93656856101569,-10.6576345801824,24.5));
#3792=CARTESIAN_POINT('Ctrl Pts',(-7.87862026961238,-10.6346440977368,0.));
#3793=CARTESIAN_POINT('Ctrl Pts',(-7.87862026961238,-10.6346440977368,24.5));
#3794=CARTESIAN_POINT('Ctrl Pts',(-7.82103214064694,-10.6111990974544,0.));
#3795=CARTESIAN_POINT('Ctrl Pts',(-7.82103214064694,-10.6111990974544,24.5));
#3796=CARTESIAN_POINT('Ctrl Pts',(-7.76381061453861,-10.5872983415458,0.));
#3797=CARTESIAN_POINT('Ctrl Pts',(-7.76381061453861,-10.5872983415458,24.5));
#3798=CARTESIAN_POINT('Ctrl Pts',(-7.70696378441396,-10.5629392937921,0.));
#3799=CARTESIAN_POINT('Ctrl Pts',(-7.70696378441396,-10.5629392937921,24.5));
#3800=CARTESIAN_POINT('Ctrl Pts',(-7.65050167642496,-10.5381178968087,0.));
#3801=CARTESIAN_POINT('Ctrl Pts',(-7.65050167642496,-10.5381178968087,24.5));
#3802=CARTESIAN_POINT('Ctrl Pts',(-7.59443492554977,-10.5128296614283,0.));
#3803=CARTESIAN_POINT('Ctrl Pts',(-7.59443492554977,-10.5128296614283,24.5));
#3804=CARTESIAN_POINT('Ctrl Pts',(-7.53877360623659,-10.4870706306614,0.));
#3805=CARTESIAN_POINT('Ctrl Pts',(-7.53877360623659,-10.4870706306614,24.5));
#3806=CARTESIAN_POINT('Ctrl Pts',(-7.4835261063746,-10.4608383083978,0.));
#3807=CARTESIAN_POINT('Ctrl Pts',(-7.4835261063746,-10.4608383083978,24.5));
#3808=CARTESIAN_POINT('Ctrl Pts',(-7.42869772793219,-10.4341328138951,0.));
#3809=CARTESIAN_POINT('Ctrl Pts',(-7.42869772793219,-10.4341328138951,24.5));
#3810=CARTESIAN_POINT('Ctrl Pts',(-7.37429014571276,-10.4069573311669,0.));
#3811=CARTESIAN_POINT('Ctrl Pts',(-7.37429014571276,-10.4069573311669,24.5));
#3812=CARTESIAN_POINT('Ctrl Pts',(-7.32030465448374,-10.3793154434462,0.));
#3813=CARTESIAN_POINT('Ctrl Pts',(-7.32030465448374,-10.3793154434462,24.5));
#3814=CARTESIAN_POINT('Ctrl Pts',(-7.26674504131101,-10.3512087764739,0.));
#3815=CARTESIAN_POINT('Ctrl Pts',(-7.26674504131101,-10.3512087764739,24.5));
#3816=CARTESIAN_POINT('Ctrl Pts',(-7.21362028785989,-10.3226347826877,0.));
#3817=CARTESIAN_POINT('Ctrl Pts',(-7.21362028785989,-10.3226347826877,24.5));
#3818=CARTESIAN_POINT('Ctrl Pts',(-7.16094809046765,-10.2935838527183,0.));
#3819=CARTESIAN_POINT('Ctrl Pts',(-7.16094809046765,-10.2935838527183,24.5));
#3820=CARTESIAN_POINT('Ctrl Pts',(-7.10875575414653,-10.2640385897913,0.));
#3821=CARTESIAN_POINT('Ctrl Pts',(-7.10875575414653,-10.2640385897913,24.5));
#3822=CARTESIAN_POINT('Ctrl Pts',(-7.05707262757822,-10.233980050114,0.));
#3823=CARTESIAN_POINT('Ctrl Pts',(-7.05707262757822,-10.233980050114,24.5));
#3824=CARTESIAN_POINT('Ctrl Pts',(-7.00592345797743,-10.2033932259489,0.));
#3825=CARTESIAN_POINT('Ctrl Pts',(-7.00592345797743,-10.2033932259489,24.5));
#3826=CARTESIAN_POINT('Ctrl Pts',(-6.95532237576042,-10.1722720120414,0.));
#3827=CARTESIAN_POINT('Ctrl Pts',(-6.95532237576042,-10.1722720120414,24.5));
#3828=CARTESIAN_POINT('Ctrl Pts',(-6.90526422142108,-10.1406263579588,0.));
#3829=CARTESIAN_POINT('Ctrl Pts',(-6.90526422142108,-10.1406263579588,24.5));
#3830=CARTESIAN_POINT('Ctrl Pts',(-6.85572471943736,-10.1084821462605,0.));
#3831=CARTESIAN_POINT('Ctrl Pts',(-6.85572471943736,-10.1084821462605,24.5));
#3832=CARTESIAN_POINT('Ctrl Pts',(-6.80667904888558,-10.0758659450876,0.));
#3833=CARTESIAN_POINT('Ctrl Pts',(-6.80667904888558,-10.0758659450876,24.5));
#3834=CARTESIAN_POINT('Ctrl Pts',(-6.75811802889227,-10.042791720822,0.));
#3835=CARTESIAN_POINT('Ctrl Pts',(-6.75811802889227,-10.042791720822,24.5));
#3836=CARTESIAN_POINT('Ctrl Pts',(-6.71006230561942,-10.0092491987884,0.));
#3837=CARTESIAN_POINT('Ctrl Pts',(-6.71006230561942,-10.0092491987884,24.5));
#3838=CARTESIAN_POINT('Ctrl Pts',(-6.66258456777074,-9.97518561269166,0.));
#3839=CARTESIAN_POINT('Ctrl Pts',(-6.66258456777074,-9.97518561269166,24.5));
#3840=CARTESIAN_POINT('Ctrl Pts',(-6.61580248173051,-9.94051156970512,0.));
#3841=CARTESIAN_POINT('Ctrl Pts',(-6.61580248173051,-9.94051156970512,24.5));
#3842=CARTESIAN_POINT('Ctrl Pts',(-6.56983589259671,-9.9051363735575,0.));
#3843=CARTESIAN_POINT('Ctrl Pts',(-6.56983589259671,-9.9051363735575,24.5));
#3844=CARTESIAN_POINT('Ctrl Pts',(-6.52476933308364,-9.86899893310246,0.));
#3845=CARTESIAN_POINT('Ctrl Pts',(-6.52476933308364,-9.86899893310246,24.5));
#3846=CARTESIAN_POINT('Ctrl Pts',(-6.4806203079553,-9.83209401255972,0.));
#3847=CARTESIAN_POINT('Ctrl Pts',(-6.4806203079553,-9.83209401255972,24.5));
#3848=CARTESIAN_POINT('Ctrl Pts',(-6.43728531347168,-9.79451658077793,0.));
#3849=CARTESIAN_POINT('Ctrl Pts',(-6.43728531347168,-9.79451658077793,24.5));
#3850=CARTESIAN_POINT('Ctrl Pts',(-6.39458319460692,-9.75642696291411,0.));
#3851=CARTESIAN_POINT('Ctrl Pts',(-6.39458319460692,-9.75642696291411,24.5));
#3852=CARTESIAN_POINT('Ctrl Pts',(-6.35236208517566,-9.71796419593371,0.));
#3853=CARTESIAN_POINT('Ctrl Pts',(-6.35236208517566,-9.71796419593371,24.5));
#3854=CARTESIAN_POINT('Ctrl Pts',(-6.31059310877252,-9.67917026561463,0.));
#3855=CARTESIAN_POINT('Ctrl Pts',(-6.31059310877252,-9.67917026561463,24.5));
#3856=CARTESIAN_POINT('Ctrl Pts',(-6.26945712769042,-9.63991976501199,0.));
#3857=CARTESIAN_POINT('Ctrl Pts',(-6.26945712769042,-9.63991976501199,24.5));
#3858=CARTESIAN_POINT('Ctrl Pts',(-6.22946706074655,-9.5998212167881,0.));
#3859=CARTESIAN_POINT('Ctrl Pts',(-6.22946706074655,-9.5998212167881,24.5));
#3860=CARTESIAN_POINT('Ctrl Pts',(-6.19134387883907,-9.55831498554002,0.));
#3861=CARTESIAN_POINT('Ctrl Pts',(-6.19134387883907,-9.55831498554002,24.5));
#3862=CARTESIAN_POINT('Ctrl Pts',(-6.16292848758565,-9.52352335259073,0.));
#3863=CARTESIAN_POINT('Ctrl Pts',(-6.16292848758565,-9.52352335259073,24.5));
#3864=CARTESIAN_POINT('Ctrl Pts',(-6.14305173527551,-9.49633101146905,0.));
#3865=CARTESIAN_POINT('Ctrl Pts',(-6.14305173527551,-9.49633101146905,24.5));
#3866=CARTESIAN_POINT('Ctrl Pts',(-6.13047196160965,-9.47768802759303,0.));
#3867=CARTESIAN_POINT('Ctrl Pts',(-6.13047196160965,-9.47768802759303,24.5));
#3868=CARTESIAN_POINT('Ctrl Pts',(-6.12434992714535,-9.46823784355998,0.));
#3869=CARTESIAN_POINT('Ctrl Pts',(-6.12434992714535,-9.46823784355998,24.5));
#3870=CARTESIAN_POINT('',(-10.0172582119562,-11.1648788707474,0.));
#3871=CARTESIAN_POINT('Ctrl Pts',(-6.12434992714535,-9.46823784355998,0.));
#3872=CARTESIAN_POINT('Ctrl Pts',(-6.13047196160965,-9.47768802759303,0.));
#3873=CARTESIAN_POINT('Ctrl Pts',(-6.14305173527551,-9.49633101146905,0.));
#3874=CARTESIAN_POINT('Ctrl Pts',(-6.16292848758565,-9.52352335259073,0.));
#3875=CARTESIAN_POINT('Ctrl Pts',(-6.19134387883907,-9.55831498554002,0.));
#3876=CARTESIAN_POINT('Ctrl Pts',(-6.22946706074655,-9.5998212167881,0.));
#3877=CARTESIAN_POINT('Ctrl Pts',(-6.26945712769042,-9.63991976501199,0.));
#3878=CARTESIAN_POINT('Ctrl Pts',(-6.31059310877252,-9.67917026561463,0.));
#3879=CARTESIAN_POINT('Ctrl Pts',(-6.35236208517566,-9.71796419593371,0.));
#3880=CARTESIAN_POINT('Ctrl Pts',(-6.39458319460692,-9.75642696291411,0.));
#3881=CARTESIAN_POINT('Ctrl Pts',(-6.43728531347168,-9.79451658077793,0.));
#3882=CARTESIAN_POINT('Ctrl Pts',(-6.4806203079553,-9.83209401255972,0.));
#3883=CARTESIAN_POINT('Ctrl Pts',(-6.52476933308364,-9.86899893310246,0.));
#3884=CARTESIAN_POINT('Ctrl Pts',(-6.56983589259671,-9.9051363735575,0.));
#3885=CARTESIAN_POINT('Ctrl Pts',(-6.61580248173051,-9.94051156970512,0.));
#3886=CARTESIAN_POINT('Ctrl Pts',(-6.66258456777074,-9.97518561269166,0.));
#3887=CARTESIAN_POINT('Ctrl Pts',(-6.71006230561942,-10.0092491987884,0.));
#3888=CARTESIAN_POINT('Ctrl Pts',(-6.75811802889227,-10.042791720822,0.));
#3889=CARTESIAN_POINT('Ctrl Pts',(-6.80667904888558,-10.0758659450876,0.));
#3890=CARTESIAN_POINT('Ctrl Pts',(-6.85572471943736,-10.1084821462605,0.));
#3891=CARTESIAN_POINT('Ctrl Pts',(-6.90526422142108,-10.1406263579588,0.));
#3892=CARTESIAN_POINT('Ctrl Pts',(-6.95532237576042,-10.1722720120414,0.));
#3893=CARTESIAN_POINT('Ctrl Pts',(-7.00592345797743,-10.2033932259489,0.));
#3894=CARTESIAN_POINT('Ctrl Pts',(-7.05707262757822,-10.233980050114,0.));
#3895=CARTESIAN_POINT('Ctrl Pts',(-7.10875575414653,-10.2640385897913,0.));
#3896=CARTESIAN_POINT('Ctrl Pts',(-7.16094809046765,-10.2935838527183,0.));
#3897=CARTESIAN_POINT('Ctrl Pts',(-7.21362028785989,-10.3226347826877,0.));
#3898=CARTESIAN_POINT('Ctrl Pts',(-7.26674504131101,-10.3512087764739,0.));
#3899=CARTESIAN_POINT('Ctrl Pts',(-7.32030465448374,-10.3793154434462,0.));
#3900=CARTESIAN_POINT('Ctrl Pts',(-7.37429014571276,-10.4069573311669,0.));
#3901=CARTESIAN_POINT('Ctrl Pts',(-7.42869772793219,-10.4341328138951,0.));
#3902=CARTESIAN_POINT('Ctrl Pts',(-7.4835261063746,-10.4608383083978,0.));
#3903=CARTESIAN_POINT('Ctrl Pts',(-7.53877360623659,-10.4870706306614,0.));
#3904=CARTESIAN_POINT('Ctrl Pts',(-7.59443492554977,-10.5128296614283,0.));
#3905=CARTESIAN_POINT('Ctrl Pts',(-7.65050167642496,-10.5381178968087,0.));
#3906=CARTESIAN_POINT('Ctrl Pts',(-7.70696378441396,-10.5629392937921,0.));
#3907=CARTESIAN_POINT('Ctrl Pts',(-7.76381061453861,-10.5872983415458,0.));
#3908=CARTESIAN_POINT('Ctrl Pts',(-7.82103214064694,-10.6111990974544,0.));
#3909=CARTESIAN_POINT('Ctrl Pts',(-7.87862026961238,-10.6346440977368,0.));
#3910=CARTESIAN_POINT('Ctrl Pts',(-7.93656856101569,-10.6576345801824,0.));
#3911=CARTESIAN_POINT('Ctrl Pts',(-7.99487162105994,-10.6801709741526,0.));
#3912=CARTESIAN_POINT('Ctrl Pts',(-8.05352459502063,-10.702253310704,0.));
#3913=CARTESIAN_POINT('Ctrl Pts',(-8.11252264865695,-10.7238816431083,0.));
#3914=CARTESIAN_POINT('Ctrl Pts',(-8.171860368585,-10.7450565333258,0.));
#3915=CARTESIAN_POINT('Ctrl Pts',(-8.23153186261626,-10.7657789753902,0.));
#3916=CARTESIAN_POINT('Ctrl Pts',(-8.29153101830014,-10.7860501917607,0.));
#3917=CARTESIAN_POINT('Ctrl Pts',(-8.35185171142567,-10.8058714720225,0.));
#3918=CARTESIAN_POINT('Ctrl Pts',(-8.41248801655545,-10.8252440086756,0.));
#3919=CARTESIAN_POINT('Ctrl Pts',(-8.47343445672274,-10.8441687082253,0.));
#3920=CARTESIAN_POINT('Ctrl Pts',(-8.53468595666125,-10.8626462085727,0.));
#3921=CARTESIAN_POINT('Ctrl Pts',(-8.59623770324955,-10.8806769629814,0.));
#3922=CARTESIAN_POINT('Ctrl Pts',(-8.6580850298246,-10.8982613069501,0.));
#3923=CARTESIAN_POINT('Ctrl Pts',(-8.72022330092875,-10.9153995299087,0.));
#3924=CARTESIAN_POINT('Ctrl Pts',(-8.78264776348025,-10.9320919618144,0.));
#3925=CARTESIAN_POINT('Ctrl Pts',(-8.84535357316641,-10.9483389843117,0.));
#3926=CARTESIAN_POINT('Ctrl Pts',(-8.90833590256639,-10.9641410051248,0.));
#3927=CARTESIAN_POINT('Ctrl Pts',(-8.97159002738931,-10.9794984477945,0.));
#3928=CARTESIAN_POINT('Ctrl Pts',(-9.03511140655915,-10.9944117371063,0.));
#3929=CARTESIAN_POINT('Ctrl Pts',(-9.09889579600696,-11.0088812927272,0.));
#3930=CARTESIAN_POINT('Ctrl Pts',(-9.16293920839226,-11.0229075100097,0.));
#3931=CARTESIAN_POINT('Ctrl Pts',(-9.22723775163201,-11.0364907333604,0.));
#3932=CARTESIAN_POINT('Ctrl Pts',(-9.29178749124818,-11.0496312325555,0.));
#3933=CARTESIAN_POINT('Ctrl Pts',(-9.35658432160457,-11.0623291854577,0.));
#3934=CARTESIAN_POINT('Ctrl Pts',(-9.42162378152888,-11.0745846504081,0.));
#3935=CARTESIAN_POINT('Ctrl Pts',(-9.48690106698422,-11.0863975839517,0.));
#3936=CARTESIAN_POINT('Ctrl Pts',(-9.55241134812119,-11.0977679250413,0.));
#3937=CARTESIAN_POINT('Ctrl Pts',(-9.61815001777042,-11.1086956692985,0.));
#3938=CARTESIAN_POINT('Ctrl Pts',(-9.68411295474821,-11.1191809441572,0.));
#3939=CARTESIAN_POINT('Ctrl Pts',(-9.75029680660911,-11.1292241022689,0.));
#3940=CARTESIAN_POINT('Ctrl Pts',(-9.8166991807256,-11.1388257639934,0.));
#3941=CARTESIAN_POINT('Ctrl Pts',(-9.88331846044396,-11.1479866517222,0.));
#3942=CARTESIAN_POINT('Ctrl Pts',(-9.93678663514549,-11.1549632975166,0.));
#3943=CARTESIAN_POINT('Ctrl Pts',(-9.97698472846438,-11.1599979810773,0.));
#3944=CARTESIAN_POINT('Ctrl Pts',(-10.0038265374445,-11.1632665545625,0.));
#3945=CARTESIAN_POINT('Ctrl Pts',(-10.0172582119562,-11.1648788707474,0.));
#3946=CARTESIAN_POINT('',(-10.0172582119562,-11.1648788707474,15.8));
#3947=CARTESIAN_POINT('Ctrl Pts',(-10.0172582119562,-11.1648788707474,15.8));
#3948=CARTESIAN_POINT('Ctrl Pts',(-9.91266261946351,-11.152323387327,15.8));
#3949=CARTESIAN_POINT('Ctrl Pts',(-9.80884755549853,-11.1381703542707,15.8));
#3950=CARTESIAN_POINT('Ctrl Pts',(-9.70582954584945,-11.1224098718911,15.8));
#3951=CARTESIAN_POINT('Ctrl Pts',(-9.58372322916582,-11.1037291144285,15.8));
#3952=CARTESIAN_POINT('Ctrl Pts',(-9.46273570691901,-11.0827876166263,15.8));
#3953=CARTESIAN_POINT('Ctrl Pts',(-9.34299014483699,-11.0595833756592,15.8));
#3954=CARTESIAN_POINT('Ctrl Pts',(-9.1841571943813,-11.0288047982172,15.8));
#3955=CARTESIAN_POINT('Ctrl Pts',(-9.02751568014409,-10.9940492809164,15.8));
#3956=CARTESIAN_POINT('Ctrl Pts',(-8.87333679450375,-10.9552948371583,15.8));
#3957=CARTESIAN_POINT('Ctrl Pts',(-8.72943024719294,-10.9191224509654,15.8));
#3958=CARTESIAN_POINT('Ctrl Pts',(-8.5876744101676,-10.8794645237768,15.8));
#3959=CARTESIAN_POINT('Ctrl Pts',(-8.44832436242435,-10.8363017718439,15.8));
#3960=CARTESIAN_POINT('Ctrl Pts',(-8.30392610627262,-10.7915753708793,15.8));
#3961=CARTESIAN_POINT('Ctrl Pts',(-8.16210766953889,-10.7430857779156,15.8));
#3962=CARTESIAN_POINT('Ctrl Pts',(-8.02321876840407,-10.6907702264225,15.8));
#3963=CARTESIAN_POINT('Ctrl Pts',(-7.94796052612201,-10.6624225584864,15.8));
#3964=CARTESIAN_POINT('Ctrl Pts',(-7.87355910248,-10.6329546736738,15.8));
#3965=CARTESIAN_POINT('Ctrl Pts',(-7.80006780958609,-10.602360835695,15.8));
#3966=CARTESIAN_POINT('Ctrl Pts',(-7.71742683285886,-10.5679580574494,15.8));
#3967=CARTESIAN_POINT('Ctrl Pts',(-7.63593802511339,-10.5321302937264,15.8));
#3968=CARTESIAN_POINT('Ctrl Pts',(-7.55573572871161,-10.4948246720226,15.8));
#3969=CARTESIAN_POINT('Ctrl Pts',(-7.49646565795439,-10.4672555507227,15.8));
#3970=CARTESIAN_POINT('Ctrl Pts',(-7.43790070623341,-10.4388773276474,15.8));
#3971=CARTESIAN_POINT('Ctrl Pts',(-7.38005811287818,-10.4097006352212,15.8));
#3972=CARTESIAN_POINT('Ctrl Pts',(-7.33606542128487,-10.3875100459484,15.8));
#3973=CARTESIAN_POINT('Ctrl Pts',(-7.29248697444836,-10.3648605694358,15.8));
#3974=CARTESIAN_POINT('Ctrl Pts',(-7.24934070008013,-10.341748990527,15.8));
#3975=CARTESIAN_POINT('Ctrl Pts',(-7.19465603490959,-10.3124567984967,15.8));
#3976=CARTESIAN_POINT('Ctrl Pts',(-7.14066436159376,-10.2824232377718,15.8));
#3977=CARTESIAN_POINT('Ctrl Pts',(-7.08749434349906,-10.2515674889832,15.8));
#3978=CARTESIAN_POINT('Ctrl Pts',(-7.05353800992547,-10.2318618703643,15.8));
#3979=CARTESIAN_POINT('Ctrl Pts',(-7.01991991382632,-10.2118183845105,15.8));
#3980=CARTESIAN_POINT('Ctrl Pts',(-6.98665752760355,-10.1914296668688,15.8));
#3981=CARTESIAN_POINT('Ctrl Pts',(-6.94524234126229,-10.166043558526,15.8));
#3982=CARTESIAN_POINT('Ctrl Pts',(-6.90437924463265,-10.1401216657598,15.8));
#3983=CARTESIAN_POINT('Ctrl Pts',(-6.86401844507198,-10.1137195606743,15.8));
#3984=CARTESIAN_POINT('Ctrl Pts',(-6.83620838705366,-10.09552755055,15.8));
#3985=CARTESIAN_POINT('Ctrl Pts',(-6.80863338584437,-10.0771103860384,15.8));
#3986=CARTESIAN_POINT('Ctrl Pts',(-6.78129179656967,-10.0584746227358,15.8));
#3987=CARTESIAN_POINT('Ctrl Pts',(-6.75690847440914,-10.0418551857401,15.8));
#3988=CARTESIAN_POINT('Ctrl Pts',(-6.73270981154141,-10.0250626999619,15.8));
#3989=CARTESIAN_POINT('Ctrl Pts',(-6.70873035411644,-10.0080727175396,15.8));
#3990=CARTESIAN_POINT('Ctrl Pts',(-6.68089991779603,-9.98835423035652,15.8));
#3991=CARTESIAN_POINT('Ctrl Pts',(-6.65336762374123,-9.96836732645623,15.8));
#3992=CARTESIAN_POINT('Ctrl Pts',(-6.62623618481367,-9.94803429469262,15.8));
#3993=CARTESIAN_POINT('Ctrl Pts',(-6.60253833860142,-9.93027448987544,15.8));
#3994=CARTESIAN_POINT('Ctrl Pts',(-6.57914989132213,-9.91224767523527,15.8));
#3995=CARTESIAN_POINT('Ctrl Pts',(-6.55611625084019,-9.89392154920345,15.8));
#3996=CARTESIAN_POINT('Ctrl Pts',(-6.53771944120489,-9.87928459886014,15.8));
#3997=CARTESIAN_POINT('Ctrl Pts',(-6.5195494656031,-9.86445631459594,15.8));
#3998=CARTESIAN_POINT('Ctrl Pts',(-6.50159599056906,-9.84944805609454,15.8));
#3999=CARTESIAN_POINT('Ctrl Pts',(-6.46674686980175,-9.82031583450342,15.8));
#4000=CARTESIAN_POINT('Ctrl Pts',(-6.4327117054842,-9.79050612677995,15.8));
#4001=CARTESIAN_POINT('Ctrl Pts',(-6.39914525634557,-9.76032979977603,15.8));
#4002=CARTESIAN_POINT('Ctrl Pts',(-6.3841203560258,-9.7468223744485,15.8));
#4003=CARTESIAN_POINT('Ctrl Pts',(-6.3691886252344,-9.73324226541597,15.8));
#4004=CARTESIAN_POINT('Ctrl Pts',(-6.35434455570932,-9.71959758625291,15.8));
#4005=CARTESIAN_POINT('Ctrl Pts',(-6.34090121602352,-9.70724045894475,15.8));
#4006=CARTESIAN_POINT('Ctrl Pts',(-6.32752924214813,-9.69483080894187,15.8));
#4007=CARTESIAN_POINT('Ctrl Pts',(-6.31425543598388,-9.68235002003045,15.8));
#4008=CARTESIAN_POINT('Ctrl Pts',(-6.30069415606208,-9.66959893191161,15.8));
#4009=CARTESIAN_POINT('Ctrl Pts',(-6.28723495166299,-9.65677391251985,15.8));
#4010=CARTESIAN_POINT('Ctrl Pts',(-6.27395149093028,-9.64381897733798,15.8));
#4011=CARTESIAN_POINT('Ctrl Pts',(-6.25704505614944,-9.62733067122941,15.8));
#4012=CARTESIAN_POINT('Ctrl Pts',(-6.24042446367899,-9.61063104439565,15.8));
#4013=CARTESIAN_POINT('Ctrl Pts',(-6.22431397604061,-9.59354615306168,15.8));
#4014=CARTESIAN_POINT('Ctrl Pts',(-6.20912780398824,-9.57744148229581,15.8));
#4015=CARTESIAN_POINT('Ctrl Pts',(-6.19439974386756,-9.5609906250008,15.8));
#4016=CARTESIAN_POINT('Ctrl Pts',(-6.18031705701417,-9.54404726838302,15.8));
#4017=CARTESIAN_POINT('Ctrl Pts',(-6.16942552181589,-9.53094329419822,15.8));
#4018=CARTESIAN_POINT('Ctrl Pts',(-6.15892060176369,-9.51754424693229,15.8));
#4019=CARTESIAN_POINT('Ctrl Pts',(-6.1488631753704,-9.50380240798467,15.8));
#4020=CARTESIAN_POINT('Ctrl Pts',(-6.14036836428946,-9.49219562895394,15.8));
#4021=CARTESIAN_POINT('Ctrl Pts',(-6.13219276531111,-9.48034431967344,15.8));
#4022=CARTESIAN_POINT('Ctrl Pts',(-6.12434992714535,-9.46823784355998,15.8));
#4023=CARTESIAN_POINT('',(-10.0172582119562,-11.1648788707474,0.));
#4024=CARTESIAN_POINT('Origin',(1.33928886725726E-12,1.33928886725726E-12,
0.));
#4025=CARTESIAN_POINT('',(-11.1648788707474,-10.0172582119562,0.));
#4026=CARTESIAN_POINT('Origin',(1.33928886725726E-12,1.33928886725726E-12,
0.));
#4027=CARTESIAN_POINT('',(-11.1648788707474,-10.0172582119562,15.8));
#4028=CARTESIAN_POINT('Origin',(1.33928886725726E-12,1.33928886725726E-12,
15.8));
#4029=CARTESIAN_POINT('',(-11.1648788707474,-10.0172582119562,0.));
#4030=CARTESIAN_POINT('Ctrl Pts',(-9.46823784355998,-6.12434992714535,0.));
#4031=CARTESIAN_POINT('Ctrl Pts',(-9.46823784355998,-6.12434992714535,24.5));
#4032=CARTESIAN_POINT('Ctrl Pts',(-9.47768802759303,-6.13047196160965,0.));
#4033=CARTESIAN_POINT('Ctrl Pts',(-9.47768802759303,-6.13047196160965,24.5));
#4034=CARTESIAN_POINT('Ctrl Pts',(-9.49633101146905,-6.1430517352755,0.));
#4035=CARTESIAN_POINT('Ctrl Pts',(-9.49633101146905,-6.1430517352755,24.5));
#4036=CARTESIAN_POINT('Ctrl Pts',(-9.52352335259073,-6.16292848758565,0.));
#4037=CARTESIAN_POINT('Ctrl Pts',(-9.52352335259073,-6.16292848758565,24.5));
#4038=CARTESIAN_POINT('Ctrl Pts',(-9.55831498554002,-6.19134387883907,0.));
#4039=CARTESIAN_POINT('Ctrl Pts',(-9.55831498554002,-6.19134387883907,24.5));
#4040=CARTESIAN_POINT('Ctrl Pts',(-9.59982121678811,-6.22946706074655,0.));
#4041=CARTESIAN_POINT('Ctrl Pts',(-9.59982121678811,-6.22946706074655,24.5));
#4042=CARTESIAN_POINT('Ctrl Pts',(-9.63991976501199,-6.26945712769042,0.));
#4043=CARTESIAN_POINT('Ctrl Pts',(-9.63991976501199,-6.26945712769042,24.5));
#4044=CARTESIAN_POINT('Ctrl Pts',(-9.67917026561463,-6.31059310877251,0.));
#4045=CARTESIAN_POINT('Ctrl Pts',(-9.67917026561463,-6.31059310877251,24.5));
#4046=CARTESIAN_POINT('Ctrl Pts',(-9.71796419593371,-6.35236208517566,0.));
#4047=CARTESIAN_POINT('Ctrl Pts',(-9.71796419593371,-6.35236208517566,24.5));
#4048=CARTESIAN_POINT('Ctrl Pts',(-9.75642696291411,-6.39458319460692,0.));
#4049=CARTESIAN_POINT('Ctrl Pts',(-9.75642696291411,-6.39458319460692,24.5));
#4050=CARTESIAN_POINT('Ctrl Pts',(-9.79451658077794,-6.43728531347168,0.));
#4051=CARTESIAN_POINT('Ctrl Pts',(-9.79451658077794,-6.43728531347168,24.5));
#4052=CARTESIAN_POINT('Ctrl Pts',(-9.83209401255972,-6.4806203079553,0.));
#4053=CARTESIAN_POINT('Ctrl Pts',(-9.83209401255972,-6.4806203079553,24.5));
#4054=CARTESIAN_POINT('Ctrl Pts',(-9.86899893310246,-6.52476933308364,0.));
#4055=CARTESIAN_POINT('Ctrl Pts',(-9.86899893310246,-6.52476933308364,24.5));
#4056=CARTESIAN_POINT('Ctrl Pts',(-9.9051363735575,-6.56983589259671,0.));
#4057=CARTESIAN_POINT('Ctrl Pts',(-9.9051363735575,-6.56983589259671,24.5));
#4058=CARTESIAN_POINT('Ctrl Pts',(-9.94051156970512,-6.61580248173051,0.));
#4059=CARTESIAN_POINT('Ctrl Pts',(-9.94051156970512,-6.61580248173051,24.5));
#4060=CARTESIAN_POINT('Ctrl Pts',(-9.97518561269166,-6.66258456777074,0.));
#4061=CARTESIAN_POINT('Ctrl Pts',(-9.97518561269166,-6.66258456777074,24.5));
#4062=CARTESIAN_POINT('Ctrl Pts',(-10.0092491987884,-6.71006230561941,0.));
#4063=CARTESIAN_POINT('Ctrl Pts',(-10.0092491987884,-6.71006230561941,24.5));
#4064=CARTESIAN_POINT('Ctrl Pts',(-10.042791720822,-6.75811802889227,0.));
#4065=CARTESIAN_POINT('Ctrl Pts',(-10.042791720822,-6.75811802889227,24.5));
#4066=CARTESIAN_POINT('Ctrl Pts',(-10.0758659450876,-6.80667904888557,0.));
#4067=CARTESIAN_POINT('Ctrl Pts',(-10.0758659450876,-6.80667904888557,24.5));
#4068=CARTESIAN_POINT('Ctrl Pts',(-10.1084821462605,-6.85572471943735,0.));
#4069=CARTESIAN_POINT('Ctrl Pts',(-10.1084821462605,-6.85572471943735,24.5));
#4070=CARTESIAN_POINT('Ctrl Pts',(-10.1406263579588,-6.90526422142108,0.));
#4071=CARTESIAN_POINT('Ctrl Pts',(-10.1406263579588,-6.90526422142108,24.5));
#4072=CARTESIAN_POINT('Ctrl Pts',(-10.1722720120414,-6.95532237576041,0.));
#4073=CARTESIAN_POINT('Ctrl Pts',(-10.1722720120414,-6.95532237576041,24.5));
#4074=CARTESIAN_POINT('Ctrl Pts',(-10.2033932259489,-7.00592345797743,0.));
#4075=CARTESIAN_POINT('Ctrl Pts',(-10.2033932259489,-7.00592345797743,24.5));
#4076=CARTESIAN_POINT('Ctrl Pts',(-10.233980050114,-7.05707262757822,0.));
#4077=CARTESIAN_POINT('Ctrl Pts',(-10.233980050114,-7.05707262757822,24.5));
#4078=CARTESIAN_POINT('Ctrl Pts',(-10.2640385897913,-7.10875575414652,0.));
#4079=CARTESIAN_POINT('Ctrl Pts',(-10.2640385897913,-7.10875575414652,24.5));
#4080=CARTESIAN_POINT('Ctrl Pts',(-10.2935838527183,-7.16094809046765,0.));
#4081=CARTESIAN_POINT('Ctrl Pts',(-10.2935838527183,-7.16094809046765,24.5));
#4082=CARTESIAN_POINT('Ctrl Pts',(-10.3226347826877,-7.21362028785989,0.));
#4083=CARTESIAN_POINT('Ctrl Pts',(-10.3226347826877,-7.21362028785989,24.5));
#4084=CARTESIAN_POINT('Ctrl Pts',(-10.3512087764739,-7.26674504131101,0.));
#4085=CARTESIAN_POINT('Ctrl Pts',(-10.3512087764739,-7.26674504131101,24.5));
#4086=CARTESIAN_POINT('Ctrl Pts',(-10.3793154434462,-7.32030465448373,0.));
#4087=CARTESIAN_POINT('Ctrl Pts',(-10.3793154434462,-7.32030465448373,24.5));
#4088=CARTESIAN_POINT('Ctrl Pts',(-10.4069573311669,-7.37429014571276,0.));
#4089=CARTESIAN_POINT('Ctrl Pts',(-10.4069573311669,-7.37429014571276,24.5));
#4090=CARTESIAN_POINT('Ctrl Pts',(-10.4341328138951,-7.42869772793219,0.));
#4091=CARTESIAN_POINT('Ctrl Pts',(-10.4341328138951,-7.42869772793219,24.5));
#4092=CARTESIAN_POINT('Ctrl Pts',(-10.4608383083978,-7.48352610637459,0.));
#4093=CARTESIAN_POINT('Ctrl Pts',(-10.4608383083978,-7.48352610637459,24.5));
#4094=CARTESIAN_POINT('Ctrl Pts',(-10.4870706306614,-7.53877360623659,0.));
#4095=CARTESIAN_POINT('Ctrl Pts',(-10.4870706306614,-7.53877360623659,24.5));
#4096=CARTESIAN_POINT('Ctrl Pts',(-10.5128296614283,-7.59443492554977,0.));
#4097=CARTESIAN_POINT('Ctrl Pts',(-10.5128296614283,-7.59443492554977,24.5));
#4098=CARTESIAN_POINT('Ctrl Pts',(-10.5381178968087,-7.65050167642496,0.));
#4099=CARTESIAN_POINT('Ctrl Pts',(-10.5381178968087,-7.65050167642496,24.5));
#4100=CARTESIAN_POINT('Ctrl Pts',(-10.5629392937921,-7.70696378441396,0.));
#4101=CARTESIAN_POINT('Ctrl Pts',(-10.5629392937921,-7.70696378441396,24.5));
#4102=CARTESIAN_POINT('Ctrl Pts',(-10.5872983415458,-7.76381061453861,0.));
#4103=CARTESIAN_POINT('Ctrl Pts',(-10.5872983415458,-7.76381061453861,24.5));
#4104=CARTESIAN_POINT('Ctrl Pts',(-10.6111990974544,-7.82103214064694,0.));
#4105=CARTESIAN_POINT('Ctrl Pts',(-10.6111990974544,-7.82103214064694,24.5));
#4106=CARTESIAN_POINT('Ctrl Pts',(-10.6346440977368,-7.87862026961237,0.));
#4107=CARTESIAN_POINT('Ctrl Pts',(-10.6346440977368,-7.87862026961237,24.5));
#4108=CARTESIAN_POINT('Ctrl Pts',(-10.6576345801824,-7.93656856101569,0.));
#4109=CARTESIAN_POINT('Ctrl Pts',(-10.6576345801824,-7.93656856101569,24.5));
#4110=CARTESIAN_POINT('Ctrl Pts',(-10.6801709741526,-7.99487162105994,0.));
#4111=CARTESIAN_POINT('Ctrl Pts',(-10.6801709741526,-7.99487162105994,24.5));
#4112=CARTESIAN_POINT('Ctrl Pts',(-10.702253310704,-8.05352459502062,0.));
#4113=CARTESIAN_POINT('Ctrl Pts',(-10.702253310704,-8.05352459502062,24.5));
#4114=CARTESIAN_POINT('Ctrl Pts',(-10.7238816431083,-8.11252264865695,0.));
#4115=CARTESIAN_POINT('Ctrl Pts',(-10.7238816431083,-8.11252264865695,24.5));
#4116=CARTESIAN_POINT('Ctrl Pts',(-10.7450565333258,-8.171860368585,0.));
#4117=CARTESIAN_POINT('Ctrl Pts',(-10.7450565333258,-8.171860368585,24.5));
#4118=CARTESIAN_POINT('Ctrl Pts',(-10.7657789753902,-8.23153186261625,0.));
#4119=CARTESIAN_POINT('Ctrl Pts',(-10.7657789753902,-8.23153186261625,24.5));
#4120=CARTESIAN_POINT('Ctrl Pts',(-10.7860501917607,-8.29153101830014,0.));
#4121=CARTESIAN_POINT('Ctrl Pts',(-10.7860501917607,-8.29153101830014,24.5));
#4122=CARTESIAN_POINT('Ctrl Pts',(-10.8058714720225,-8.35185171142566,0.));
#4123=CARTESIAN_POINT('Ctrl Pts',(-10.8058714720225,-8.35185171142566,24.5));
#4124=CARTESIAN_POINT('Ctrl Pts',(-10.8252440086756,-8.41248801655545,0.));
#4125=CARTESIAN_POINT('Ctrl Pts',(-10.8252440086756,-8.41248801655545,24.5));
#4126=CARTESIAN_POINT('Ctrl Pts',(-10.8441687082253,-8.47343445672274,0.));
#4127=CARTESIAN_POINT('Ctrl Pts',(-10.8441687082253,-8.47343445672274,24.5));
#4128=CARTESIAN_POINT('Ctrl Pts',(-10.8626462085727,-8.53468595666125,0.));
#4129=CARTESIAN_POINT('Ctrl Pts',(-10.8626462085727,-8.53468595666125,24.5));
#4130=CARTESIAN_POINT('Ctrl Pts',(-10.8806769629814,-8.59623770324955,0.));
#4131=CARTESIAN_POINT('Ctrl Pts',(-10.8806769629814,-8.59623770324955,24.5));
#4132=CARTESIAN_POINT('Ctrl Pts',(-10.8982613069501,-8.6580850298246,0.));
#4133=CARTESIAN_POINT('Ctrl Pts',(-10.8982613069501,-8.6580850298246,24.5));
#4134=CARTESIAN_POINT('Ctrl Pts',(-10.9153995299087,-8.72022330092875,0.));
#4135=CARTESIAN_POINT('Ctrl Pts',(-10.9153995299087,-8.72022330092875,24.5));
#4136=CARTESIAN_POINT('Ctrl Pts',(-10.9320919618144,-8.78264776348025,0.));
#4137=CARTESIAN_POINT('Ctrl Pts',(-10.9320919618144,-8.78264776348025,24.5));
#4138=CARTESIAN_POINT('Ctrl Pts',(-10.9483389843117,-8.84535357316641,0.));
#4139=CARTESIAN_POINT('Ctrl Pts',(-10.9483389843117,-8.84535357316641,24.5));
#4140=CARTESIAN_POINT('Ctrl Pts',(-10.9641410051248,-8.90833590256639,0.));
#4141=CARTESIAN_POINT('Ctrl Pts',(-10.9641410051248,-8.90833590256639,24.5));
#4142=CARTESIAN_POINT('Ctrl Pts',(-10.9794984477945,-8.9715900273893,0.));
#4143=CARTESIAN_POINT('Ctrl Pts',(-10.9794984477945,-8.9715900273893,24.5));
#4144=CARTESIAN_POINT('Ctrl Pts',(-10.9944117371063,-9.03511140655914,0.));
#4145=CARTESIAN_POINT('Ctrl Pts',(-10.9944117371063,-9.03511140655914,24.5));
#4146=CARTESIAN_POINT('Ctrl Pts',(-11.0088812927272,-9.09889579600696,0.));
#4147=CARTESIAN_POINT('Ctrl Pts',(-11.0088812927272,-9.09889579600696,24.5));
#4148=CARTESIAN_POINT('Ctrl Pts',(-11.0229075100097,-9.16293920839226,0.));
#4149=CARTESIAN_POINT('Ctrl Pts',(-11.0229075100097,-9.16293920839226,24.5));
#4150=CARTESIAN_POINT('Ctrl Pts',(-11.0364907333604,-9.22723775163201,0.));
#4151=CARTESIAN_POINT('Ctrl Pts',(-11.0364907333604,-9.22723775163201,24.5));
#4152=CARTESIAN_POINT('Ctrl Pts',(-11.0496312325555,-9.29178749124818,0.));
#4153=CARTESIAN_POINT('Ctrl Pts',(-11.0496312325555,-9.29178749124818,24.5));
#4154=CARTESIAN_POINT('Ctrl Pts',(-11.0623291854577,-9.35658432160457,0.));
#4155=CARTESIAN_POINT('Ctrl Pts',(-11.0623291854577,-9.35658432160457,24.5));
#4156=CARTESIAN_POINT('Ctrl Pts',(-11.0745846504081,-9.42162378152888,0.));
#4157=CARTESIAN_POINT('Ctrl Pts',(-11.0745846504081,-9.42162378152888,24.5));
#4158=CARTESIAN_POINT('Ctrl Pts',(-11.0863975839517,-9.48690106698421,0.));
#4159=CARTESIAN_POINT('Ctrl Pts',(-11.0863975839517,-9.48690106698421,24.5));
#4160=CARTESIAN_POINT('Ctrl Pts',(-11.0977679250413,-9.55241134812118,0.));
#4161=CARTESIAN_POINT('Ctrl Pts',(-11.0977679250413,-9.55241134812118,24.5));
#4162=CARTESIAN_POINT('Ctrl Pts',(-11.1086956692985,-9.61815001777042,0.));
#4163=CARTESIAN_POINT('Ctrl Pts',(-11.1086956692985,-9.61815001777042,24.5));
#4164=CARTESIAN_POINT('Ctrl Pts',(-11.1191809441572,-9.68411295474821,0.));
#4165=CARTESIAN_POINT('Ctrl Pts',(-11.1191809441572,-9.68411295474821,24.5));
#4166=CARTESIAN_POINT('Ctrl Pts',(-11.1292241022689,-9.75029680660911,0.));
#4167=CARTESIAN_POINT('Ctrl Pts',(-11.1292241022689,-9.75029680660911,24.5));
#4168=CARTESIAN_POINT('Ctrl Pts',(-11.1388257639934,-9.8166991807256,0.));
#4169=CARTESIAN_POINT('Ctrl Pts',(-11.1388257639934,-9.8166991807256,24.5));
#4170=CARTESIAN_POINT('Ctrl Pts',(-11.1479866517222,-9.88331846044396,0.));
#4171=CARTESIAN_POINT('Ctrl Pts',(-11.1479866517222,-9.88331846044396,24.5));
#4172=CARTESIAN_POINT('Ctrl Pts',(-11.1549632975166,-9.93678663514549,0.));
#4173=CARTESIAN_POINT('Ctrl Pts',(-11.1549632975166,-9.93678663514549,24.5));
#4174=CARTESIAN_POINT('Ctrl Pts',(-11.1599979810773,-9.97698472846437,0.));
#4175=CARTESIAN_POINT('Ctrl Pts',(-11.1599979810773,-9.97698472846437,24.5));
#4176=CARTESIAN_POINT('Ctrl Pts',(-11.1632665545625,-10.0038265374445,0.));
#4177=CARTESIAN_POINT('Ctrl Pts',(-11.1632665545625,-10.0038265374445,24.5));
#4178=CARTESIAN_POINT('Ctrl Pts',(-11.1648788707474,-10.0172582119562,0.));
#4179=CARTESIAN_POINT('Ctrl Pts',(-11.1648788707474,-10.0172582119562,24.5));
#4180=CARTESIAN_POINT('Ctrl Pts',(-9.46823784355998,-6.12434992714535,0.));
#4181=CARTESIAN_POINT('Ctrl Pts',(-9.47768802759303,-6.13047196160965,0.));
#4182=CARTESIAN_POINT('Ctrl Pts',(-9.49633101146905,-6.1430517352755,0.));
#4183=CARTESIAN_POINT('Ctrl Pts',(-9.52352335259073,-6.16292848758565,0.));
#4184=CARTESIAN_POINT('Ctrl Pts',(-9.55831498554002,-6.19134387883907,0.));
#4185=CARTESIAN_POINT('Ctrl Pts',(-9.59982121678811,-6.22946706074655,0.));
#4186=CARTESIAN_POINT('Ctrl Pts',(-9.63991976501199,-6.26945712769042,0.));
#4187=CARTESIAN_POINT('Ctrl Pts',(-9.67917026561463,-6.31059310877251,0.));
#4188=CARTESIAN_POINT('Ctrl Pts',(-9.71796419593371,-6.35236208517566,0.));
#4189=CARTESIAN_POINT('Ctrl Pts',(-9.75642696291411,-6.39458319460692,0.));
#4190=CARTESIAN_POINT('Ctrl Pts',(-9.79451658077794,-6.43728531347168,0.));
#4191=CARTESIAN_POINT('Ctrl Pts',(-9.83209401255972,-6.4806203079553,0.));
#4192=CARTESIAN_POINT('Ctrl Pts',(-9.86899893310246,-6.52476933308364,0.));
#4193=CARTESIAN_POINT('Ctrl Pts',(-9.9051363735575,-6.56983589259671,0.));
#4194=CARTESIAN_POINT('Ctrl Pts',(-9.94051156970512,-6.61580248173051,0.));
#4195=CARTESIAN_POINT('Ctrl Pts',(-9.97518561269166,-6.66258456777074,0.));
#4196=CARTESIAN_POINT('Ctrl Pts',(-10.0092491987884,-6.71006230561941,0.));
#4197=CARTESIAN_POINT('Ctrl Pts',(-10.042791720822,-6.75811802889227,0.));
#4198=CARTESIAN_POINT('Ctrl Pts',(-10.0758659450876,-6.80667904888557,0.));
#4199=CARTESIAN_POINT('Ctrl Pts',(-10.1084821462605,-6.85572471943735,0.));
#4200=CARTESIAN_POINT('Ctrl Pts',(-10.1406263579588,-6.90526422142108,0.));
#4201=CARTESIAN_POINT('Ctrl Pts',(-10.1722720120414,-6.95532237576041,0.));
#4202=CARTESIAN_POINT('Ctrl Pts',(-10.2033932259489,-7.00592345797743,0.));
#4203=CARTESIAN_POINT('Ctrl Pts',(-10.233980050114,-7.05707262757822,0.));
#4204=CARTESIAN_POINT('Ctrl Pts',(-10.2640385897913,-7.10875575414652,0.));
#4205=CARTESIAN_POINT('Ctrl Pts',(-10.2935838527183,-7.16094809046765,0.));
#4206=CARTESIAN_POINT('Ctrl Pts',(-10.3226347826877,-7.21362028785989,0.));
#4207=CARTESIAN_POINT('Ctrl Pts',(-10.3512087764739,-7.26674504131101,0.));
#4208=CARTESIAN_POINT('Ctrl Pts',(-10.3793154434462,-7.32030465448373,0.));
#4209=CARTESIAN_POINT('Ctrl Pts',(-10.4069573311669,-7.37429014571276,0.));
#4210=CARTESIAN_POINT('Ctrl Pts',(-10.4341328138951,-7.42869772793219,0.));
#4211=CARTESIAN_POINT('Ctrl Pts',(-10.4608383083978,-7.48352610637459,0.));
#4212=CARTESIAN_POINT('Ctrl Pts',(-10.4870706306614,-7.53877360623659,0.));
#4213=CARTESIAN_POINT('Ctrl Pts',(-10.5128296614283,-7.59443492554977,0.));
#4214=CARTESIAN_POINT('Ctrl Pts',(-10.5381178968087,-7.65050167642496,0.));
#4215=CARTESIAN_POINT('Ctrl Pts',(-10.5629392937921,-7.70696378441396,0.));
#4216=CARTESIAN_POINT('Ctrl Pts',(-10.5872983415458,-7.76381061453861,0.));
#4217=CARTESIAN_POINT('Ctrl Pts',(-10.6111990974544,-7.82103214064694,0.));
#4218=CARTESIAN_POINT('Ctrl Pts',(-10.6346440977368,-7.87862026961237,0.));
#4219=CARTESIAN_POINT('Ctrl Pts',(-10.6576345801824,-7.93656856101569,0.));
#4220=CARTESIAN_POINT('Ctrl Pts',(-10.6801709741526,-7.99487162105994,0.));
#4221=CARTESIAN_POINT('Ctrl Pts',(-10.702253310704,-8.05352459502062,0.));
#4222=CARTESIAN_POINT('Ctrl Pts',(-10.7238816431083,-8.11252264865695,0.));
#4223=CARTESIAN_POINT('Ctrl Pts',(-10.7450565333258,-8.171860368585,0.));
#4224=CARTESIAN_POINT('Ctrl Pts',(-10.7657789753902,-8.23153186261625,0.));
#4225=CARTESIAN_POINT('Ctrl Pts',(-10.7860501917607,-8.29153101830014,0.));
#4226=CARTESIAN_POINT('Ctrl Pts',(-10.8058714720225,-8.35185171142566,0.));
#4227=CARTESIAN_POINT('Ctrl Pts',(-10.8252440086756,-8.41248801655545,0.));
#4228=CARTESIAN_POINT('Ctrl Pts',(-10.8441687082253,-8.47343445672274,0.));
#4229=CARTESIAN_POINT('Ctrl Pts',(-10.8626462085727,-8.53468595666125,0.));
#4230=CARTESIAN_POINT('Ctrl Pts',(-10.8806769629814,-8.59623770324955,0.));
#4231=CARTESIAN_POINT('Ctrl Pts',(-10.8982613069501,-8.6580850298246,0.));
#4232=CARTESIAN_POINT('Ctrl Pts',(-10.9153995299087,-8.72022330092875,0.));
#4233=CARTESIAN_POINT('Ctrl Pts',(-10.9320919618144,-8.78264776348025,0.));
#4234=CARTESIAN_POINT('Ctrl Pts',(-10.9483389843117,-8.84535357316641,0.));
#4235=CARTESIAN_POINT('Ctrl Pts',(-10.9641410051248,-8.90833590256639,0.));
#4236=CARTESIAN_POINT('Ctrl Pts',(-10.9794984477945,-8.9715900273893,0.));
#4237=CARTESIAN_POINT('Ctrl Pts',(-10.9944117371063,-9.03511140655914,0.));
#4238=CARTESIAN_POINT('Ctrl Pts',(-11.0088812927272,-9.09889579600696,0.));
#4239=CARTESIAN_POINT('Ctrl Pts',(-11.0229075100097,-9.16293920839226,0.));
#4240=CARTESIAN_POINT('Ctrl Pts',(-11.0364907333604,-9.22723775163201,0.));
#4241=CARTESIAN_POINT('Ctrl Pts',(-11.0496312325555,-9.29178749124818,0.));
#4242=CARTESIAN_POINT('Ctrl Pts',(-11.0623291854577,-9.35658432160457,0.));
#4243=CARTESIAN_POINT('Ctrl Pts',(-11.0745846504081,-9.42162378152888,0.));
#4244=CARTESIAN_POINT('Ctrl Pts',(-11.0863975839517,-9.48690106698421,0.));
#4245=CARTESIAN_POINT('Ctrl Pts',(-11.0977679250413,-9.55241134812118,0.));
#4246=CARTESIAN_POINT('Ctrl Pts',(-11.1086956692985,-9.61815001777042,0.));
#4247=CARTESIAN_POINT('Ctrl Pts',(-11.1191809441572,-9.68411295474821,0.));
#4248=CARTESIAN_POINT('Ctrl Pts',(-11.1292241022689,-9.75029680660911,0.));
#4249=CARTESIAN_POINT('Ctrl Pts',(-11.1388257639934,-9.8166991807256,0.));
#4250=CARTESIAN_POINT('Ctrl Pts',(-11.1479866517222,-9.88331846044396,0.));
#4251=CARTESIAN_POINT('Ctrl Pts',(-11.1549632975166,-9.93678663514549,0.));
#4252=CARTESIAN_POINT('Ctrl Pts',(-11.1599979810773,-9.97698472846437,0.));
#4253=CARTESIAN_POINT('Ctrl Pts',(-11.1632665545625,-10.0038265374445,0.));
#4254=CARTESIAN_POINT('Ctrl Pts',(-11.1648788707474,-10.0172582119562,0.));
#4255=CARTESIAN_POINT('Ctrl Pts',(-9.46823784355998,-6.12434992714535,15.8));
#4256=CARTESIAN_POINT('Ctrl Pts',(-9.48209922737488,-6.13332963263478,15.8));
#4257=CARTESIAN_POINT('Ctrl Pts',(-9.49562545699267,-6.14274639088031,15.8));
#4258=CARTESIAN_POINT('Ctrl Pts',(-9.50883457902262,-6.15257721177854,15.8));
#4259=CARTESIAN_POINT('Ctrl Pts',(-9.5237421402481,-6.16367208728237,15.8));
#4260=CARTESIAN_POINT('Ctrl Pts',(-9.53824627014959,-6.17529377466995,15.8));
#4261=CARTESIAN_POINT('Ctrl Pts',(-9.55241433251667,-6.18735630009633,15.8));
#4262=CARTESIAN_POINT('Ctrl Pts',(-9.57826828503684,-6.20936805806062,15.8));
#4263=CARTESIAN_POINT('Ctrl Pts',(-9.60300623334199,-6.23284432311415,15.8));
#4264=CARTESIAN_POINT('Ctrl Pts',(-9.62718057497005,-6.25707630808693,15.8));
#4265=CARTESIAN_POINT('Ctrl Pts',(-9.64100079013651,-6.27092947734329,15.8));
#4266=CARTESIAN_POINT('Ctrl Pts',(-9.65463896963625,-6.28502676627031,15.8));
#4267=CARTESIAN_POINT('Ctrl Pts',(-9.66817604600421,-6.2992627708411,15.8));
#4268=CARTESIAN_POINT('Ctrl Pts',(-9.68059204618029,-6.31231981731503,15.8));
#4269=CARTESIAN_POINT('Ctrl Pts',(-9.69292315327086,-6.32549334098339,15.8));
#4270=CARTESIAN_POINT('Ctrl Pts',(-9.70519938852956,-6.33874239649885,15.8));
#4271=CARTESIAN_POINT('Ctrl Pts',(-9.71895868654954,-6.35359203887527,15.8));
#4272=CARTESIAN_POINT('Ctrl Pts',(-9.73264858536376,-6.36853713651673,15.8));
#4273=CARTESIAN_POINT('Ctrl Pts',(-9.74627129152718,-6.38357015869817,15.8));
#4274=CARTESIAN_POINT('Ctrl Pts',(-9.76328318230868,-6.40234323714517,15.8));
#4275=CARTESIAN_POINT('Ctrl Pts',(-9.78018955334366,-6.42125428947466,15.8));
#4276=CARTESIAN_POINT('Ctrl Pts',(-9.79694329964647,-6.4403535801325,15.8));
#4277=CARTESIAN_POINT('Ctrl Pts',(-9.81414103690612,-6.45995902100779,15.8));
#4278=CARTESIAN_POINT('Ctrl Pts',(-9.83117385438992,-6.47976786469889,15.8));
#4279=CARTESIAN_POINT('Ctrl Pts',(-9.84798344067647,-6.49984530522609,15.8));
#4280=CARTESIAN_POINT('Ctrl Pts',(-9.8634536728687,-6.51832301559245,15.8));
#4281=CARTESIAN_POINT('Ctrl Pts',(-9.87873378680483,-6.53702954318639,15.8));
#4282=CARTESIAN_POINT('Ctrl Pts',(-9.89381072056445,-6.55597696195216,15.8));
#4283=CARTESIAN_POINT('Ctrl Pts',(-9.91213224115972,-6.57900190380566,15.8));
#4284=CARTESIAN_POINT('Ctrl Pts',(-9.93015461819824,-6.60238146728316,15.8));
#4285=CARTESIAN_POINT('Ctrl Pts',(-9.947910036287,-6.62607039099442,15.8));
#4286=CARTESIAN_POINT('Ctrl Pts',(-9.9689058133446,-6.65408253683576,15.8));
#4287=CARTESIAN_POINT('Ctrl Pts',(-9.98953251361707,-6.6825221330346,15.8));
#4288=CARTESIAN_POINT('Ctrl Pts',(-10.0098753761297,-6.7112764981095,15.8));
#4289=CARTESIAN_POINT('Ctrl Pts',(-10.0267726850215,-6.73516061905655,15.8));
#4290=CARTESIAN_POINT('Ctrl Pts',(-10.0434757305637,-6.75926003282593,15.8));
#4291=CARTESIAN_POINT('Ctrl Pts',(-10.0600075049267,-6.78354204094617,15.8));
#4292=CARTESIAN_POINT('Ctrl Pts',(-10.0802338449398,-6.81325065791937,15.8));
#4293=CARTESIAN_POINT('Ctrl Pts',(-10.1002030044063,-6.8432335651576,15.8));
#4294=CARTESIAN_POINT('Ctrl Pts',(-10.1199042954618,-6.87349569526329,15.8));
#4295=CARTESIAN_POINT('Ctrl Pts',(-10.142017097356,-6.90746202193885,15.8));
#4296=CARTESIAN_POINT('Ctrl Pts',(-10.1637881741862,-6.94178529421366,15.8));
#4297=CARTESIAN_POINT('Ctrl Pts',(-10.1851836779729,-6.97649613378001,15.8));
#4298=CARTESIAN_POINT('Ctrl Pts',(-10.2061369228054,-7.01048947775666,15.8));
#4299=CARTESIAN_POINT('Ctrl Pts',(-10.2267289952037,-7.0448557188477,15.8));
#4300=CARTESIAN_POINT('Ctrl Pts',(-10.2469648001745,-7.07957968889365,15.8));
#4301=CARTESIAN_POINT('Ctrl Pts',(-10.2774154992091,-7.13183207829386,15.8));
#4302=CARTESIAN_POINT('Ctrl Pts',(-10.3070651440211,-7.18488751740211,15.8));
#4303=CARTESIAN_POINT('Ctrl Pts',(-10.3359925435937,-7.23862106712365,15.8));
#4304=CARTESIAN_POINT('Ctrl Pts',(-10.3601195276879,-7.2834376949094,15.8));
#4305=CARTESIAN_POINT('Ctrl Pts',(-10.3837447320905,-7.3287253185373,15.8));
#4306=CARTESIAN_POINT('Ctrl Pts',(-10.4068738383224,-7.3744611895995,15.8));
#4307=CARTESIAN_POINT('Ctrl Pts',(-10.4365695384705,-7.43318195033515,15.8));
#4308=CARTESIAN_POINT('Ctrl Pts',(-10.465441717111,-7.49264854599087,15.8));
#4309=CARTESIAN_POINT('Ctrl Pts',(-10.49347854944,-7.55284367045779,15.8));
#4310=CARTESIAN_POINT('Ctrl Pts',(-10.5363353097868,-7.644857204407,15.8));
#4311=CARTESIAN_POINT('Ctrl Pts',(-10.5772455685378,-7.73856612807076,15.8));
#4312=CARTESIAN_POINT('Ctrl Pts',(-10.6162862347401,-7.83377147738025,15.8));
#4313=CARTESIAN_POINT('Ctrl Pts',(-10.6645819883489,-7.95154646791594,15.8));
#4314=CARTESIAN_POINT('Ctrl Pts',(-10.7100121255582,-8.07161704662216,15.8));
#4315=CARTESIAN_POINT('Ctrl Pts',(-10.752592348894,-8.19377896555447,15.8));
#4316=CARTESIAN_POINT('Ctrl Pts',(-10.7913824397606,-8.30506706046318,15.8));
#4317=CARTESIAN_POINT('Ctrl Pts',(-10.8278127700772,-8.41808390023076,15.8));
#4318=CARTESIAN_POINT('Ctrl Pts',(-10.8619114147372,-8.53266613618738,15.8));
#4319=CARTESIAN_POINT('Ctrl Pts',(-10.9086757288176,-8.68980902921807,15.8));
#4320=CARTESIAN_POINT('Ctrl Pts',(-10.951048247819,-8.84990491985605,15.8));
#4321=CARTESIAN_POINT('Ctrl Pts',(-10.9890573550239,-9.01259704133251,15.8));
#4322=CARTESIAN_POINT('Ctrl Pts',(-11.0221507491718,-9.15424821118858,15.8));
#4323=CARTESIAN_POINT('Ctrl Pts',(-11.0519391505406,-9.2978723434735,15.8));
#4324=CARTESIAN_POINT('Ctrl Pts',(-11.0784328422131,-9.44326214689731,15.8));
#4325=CARTESIAN_POINT('Ctrl Pts',(-11.0969277048163,-9.54475666383603,15.8));
#4326=CARTESIAN_POINT('Ctrl Pts',(-11.113814796912,-9.64710534144974,15.8));
#4327=CARTESIAN_POINT('Ctrl Pts',(-11.1290976662319,-9.75024303830513,15.8));
#4328=CARTESIAN_POINT('Ctrl Pts',(-11.1422006044211,-9.83866929116225,15.8));
#4329=CARTESIAN_POINT('Ctrl Pts',(-11.1541257019447,-9.92767710827238,15.8));
#4330=CARTESIAN_POINT('Ctrl Pts',(-11.1648788707474,-10.0172582119562,15.8));
#4331=CARTESIAN_POINT('Ctrl Pts',(-14.9780327712028,-0.811490350061012,
0.));
#4332=CARTESIAN_POINT('Ctrl Pts',(-14.9780327712028,-0.811490350061012,
24.5));
#4333=CARTESIAN_POINT('Ctrl Pts',(-14.9673950633651,-0.819847898483221,
0.));
#4334=CARTESIAN_POINT('Ctrl Pts',(-14.9673950633651,-0.819847898483221,
24.5));
#4335=CARTESIAN_POINT('Ctrl Pts',(-14.9461038077397,-0.836516693156121,
0.));
#4336=CARTESIAN_POINT('Ctrl Pts',(-14.9461038077397,-0.836516693156121,
24.5));
#4337=CARTESIAN_POINT('Ctrl Pts',(-14.9141194044763,-0.861380978645833,
0.));
#4338=CARTESIAN_POINT('Ctrl Pts',(-14.9141194044763,-0.861380978645833,
24.5));
#4339=CARTESIAN_POINT('Ctrl Pts',(-14.871378462016,-0.894255454003789,0.));
#4340=CARTESIAN_POINT('Ctrl Pts',(-14.871378462016,-0.894255454003789,24.5));
#4341=CARTESIAN_POINT('Ctrl Pts',(-14.8177937917346,-0.934884672615638,
0.));
#4342=CARTESIAN_POINT('Ctrl Pts',(-14.8177937917346,-0.934884672615638,
24.5));
#4343=CARTESIAN_POINT('Ctrl Pts',(-14.7640508225939,-0.975048841524252,
0.));
#4344=CARTESIAN_POINT('Ctrl Pts',(-14.7640508225939,-0.975048841524252,
24.5));
#4345=CARTESIAN_POINT('Ctrl Pts',(-14.7101501869328,-1.01474630677485,0.));
#4346=CARTESIAN_POINT('Ctrl Pts',(-14.7101501869328,-1.01474630677485,24.5));
#4347=CARTESIAN_POINT('Ctrl Pts',(-14.6560931379336,-1.05397493786361,0.));
#4348=CARTESIAN_POINT('Ctrl Pts',(-14.6560931379336,-1.05397493786361,24.5));
#4349=CARTESIAN_POINT('Ctrl Pts',(-14.6018817967711,-1.09273211489143,0.));
#4350=CARTESIAN_POINT('Ctrl Pts',(-14.6018817967711,-1.09273211489143,24.5));
#4351=CARTESIAN_POINT('Ctrl Pts',(-14.5475189874528,-1.13101483363195,0.));
#4352=CARTESIAN_POINT('Ctrl Pts',(-14.5475189874528,-1.13101483363195,24.5));
#4353=CARTESIAN_POINT('Ctrl Pts',(-14.4930079708355,-1.16881983942048,0.));
#4354=CARTESIAN_POINT('Ctrl Pts',(-14.4930079708355,-1.16881983942048,24.5));
#4355=CARTESIAN_POINT('Ctrl Pts',(-14.4383522053053,-1.20614376020469,0.));
#4356=CARTESIAN_POINT('Ctrl Pts',(-14.4383522053053,-1.20614376020469,24.5));
#4357=CARTESIAN_POINT('Ctrl Pts',(-14.3835551185566,-1.24298322974472,0.));
#4358=CARTESIAN_POINT('Ctrl Pts',(-14.3835551185566,-1.24298322974472,24.5));
#4359=CARTESIAN_POINT('Ctrl Pts',(-14.3286198238612,-1.27933505226214,0.));
#4360=CARTESIAN_POINT('Ctrl Pts',(-14.3286198238612,-1.27933505226214,24.5));
#4361=CARTESIAN_POINT('Ctrl Pts',(-14.2735490985742,-1.31519619886569,0.));
#4362=CARTESIAN_POINT('Ctrl Pts',(-14.2735490985742,-1.31519619886569,24.5));
#4363=CARTESIAN_POINT('Ctrl Pts',(-14.2183455340314,-1.35056369669881,0.));
#4364=CARTESIAN_POINT('Ctrl Pts',(-14.2183455340314,-1.35056369669881,24.5));
#4365=CARTESIAN_POINT('Ctrl Pts',(-14.1630116388187,-1.38543455011093,0.));
#4366=CARTESIAN_POINT('Ctrl Pts',(-14.1630116388187,-1.38543455011093,24.5));
#4367=CARTESIAN_POINT('Ctrl Pts',(-14.1075499528552,-1.41980566007007,0.));
#4368=CARTESIAN_POINT('Ctrl Pts',(-14.1075499528552,-1.41980566007007,24.5));
#4369=CARTESIAN_POINT('Ctrl Pts',(-14.0519631804015,-1.45367372881695,0.));
#4370=CARTESIAN_POINT('Ctrl Pts',(-14.0519631804015,-1.45367372881695,24.5));
#4371=CARTESIAN_POINT('Ctrl Pts',(-13.9962542321145,-1.4870352449572,0.));
#4372=CARTESIAN_POINT('Ctrl Pts',(-13.9962542321145,-1.4870352449572,24.5));
#4373=CARTESIAN_POINT('Ctrl Pts',(-13.9404261490837,-1.51988656842417,0.));
#4374=CARTESIAN_POINT('Ctrl Pts',(-13.9404261490837,-1.51988656842417,24.5));
#4375=CARTESIAN_POINT('Ctrl Pts',(-13.8844820565066,-1.55222399741124,0.));
#4376=CARTESIAN_POINT('Ctrl Pts',(-13.8844820565066,-1.55222399741124,24.5));
#4377=CARTESIAN_POINT('Ctrl Pts',(-13.8284251099661,-1.58404383660868,0.));
#4378=CARTESIAN_POINT('Ctrl Pts',(-13.8284251099661,-1.58404383660868,24.5));
#4379=CARTESIAN_POINT('Ctrl Pts',(-13.7722584370836,-1.61534249176514,0.));
#4380=CARTESIAN_POINT('Ctrl Pts',(-13.7722584370836,-1.61534249176514,24.5));
#4381=CARTESIAN_POINT('Ctrl Pts',(-13.7159851109649,-1.64611648045935,0.));
#4382=CARTESIAN_POINT('Ctrl Pts',(-13.7159851109649,-1.64611648045935,24.5));
#4383=CARTESIAN_POINT('Ctrl Pts',(-13.6596081942055,-1.67636226562866,0.));
#4384=CARTESIAN_POINT('Ctrl Pts',(-13.6596081942055,-1.67636226562866,24.5));
#4385=CARTESIAN_POINT('Ctrl Pts',(-13.6031307696905,-1.70607612337662,0.));
#4386=CARTESIAN_POINT('Ctrl Pts',(-13.6031307696905,-1.70607612337662,24.5));
#4387=CARTESIAN_POINT('Ctrl Pts',(-13.5465559751109,-1.73525401388382,0.));
#4388=CARTESIAN_POINT('Ctrl Pts',(-13.5465559751109,-1.73525401388382,24.5));
#4389=CARTESIAN_POINT('Ctrl Pts',(-13.4898870422711,-1.76389142335385,0.));
#4390=CARTESIAN_POINT('Ctrl Pts',(-13.4898870422711,-1.76389142335385,24.5));
#4391=CARTESIAN_POINT('Ctrl Pts',(-13.4331273178631,-1.7919833186449,0.));
#4392=CARTESIAN_POINT('Ctrl Pts',(-13.4331273178631,-1.7919833186449,24.5));
#4393=CARTESIAN_POINT('Ctrl Pts',(-13.3762802204836,-1.81952445741145,0.));
#4394=CARTESIAN_POINT('Ctrl Pts',(-13.3762802204836,-1.81952445741145,24.5));
#4395=CARTESIAN_POINT('Ctrl Pts',(-13.3193492078786,-1.84650965308903,0.));
#4396=CARTESIAN_POINT('Ctrl Pts',(-13.3193492078786,-1.84650965308903,24.5));
#4397=CARTESIAN_POINT('Ctrl Pts',(-13.2623377435667,-1.87293403638325,0.));
#4398=CARTESIAN_POINT('Ctrl Pts',(-13.2623377435667,-1.87293403638325,24.5));
#4399=CARTESIAN_POINT('Ctrl Pts',(-13.2052492580224,-1.89879338208767,0.));
#4400=CARTESIAN_POINT('Ctrl Pts',(-13.2052492580224,-1.89879338208767,24.5));
#4401=CARTESIAN_POINT('Ctrl Pts',(-13.1480871319014,-1.92408423420906,0.));
#4402=CARTESIAN_POINT('Ctrl Pts',(-13.1480871319014,-1.92408423420906,24.5));
#4403=CARTESIAN_POINT('Ctrl Pts',(-13.0908547760519,-1.94880313797849,0.));
#4404=CARTESIAN_POINT('Ctrl Pts',(-13.0908547760519,-1.94880313797849,24.5));
#4405=CARTESIAN_POINT('Ctrl Pts',(-13.03355570086,-1.9729459758012,0.));
#4406=CARTESIAN_POINT('Ctrl Pts',(-13.03355570086,-1.9729459758012,24.5));
#4407=CARTESIAN_POINT('Ctrl Pts',(-12.9761935851404,-1.99650731836375,0.));
#4408=CARTESIAN_POINT('Ctrl Pts',(-12.9761935851404,-1.99650731836375,24.5));
#4409=CARTESIAN_POINT('Ctrl Pts',(-12.9187723582205,-2.01947964958398,0.));
#4410=CARTESIAN_POINT('Ctrl Pts',(-12.9187723582205,-2.01947964958398,24.5));
#4411=CARTESIAN_POINT('Ctrl Pts',(-12.8612962406559,-2.04185301089758,0.));
#4412=CARTESIAN_POINT('Ctrl Pts',(-12.8612962406559,-2.04185301089758,24.5));
#4413=CARTESIAN_POINT('Ctrl Pts',(-12.8037695781912,-2.06361670791883,0.));
#4414=CARTESIAN_POINT('Ctrl Pts',(-12.8037695781912,-2.06361670791883,24.5));
#4415=CARTESIAN_POINT('Ctrl Pts',(-12.746196696523,-2.08476081892288,0.));
#4416=CARTESIAN_POINT('Ctrl Pts',(-12.746196696523,-2.08476081892288,24.5));
#4417=CARTESIAN_POINT('Ctrl Pts',(-12.6885817617681,-2.10527764776005,0.));
#4418=CARTESIAN_POINT('Ctrl Pts',(-12.6885817617681,-2.10527764776005,24.5));
#4419=CARTESIAN_POINT('Ctrl Pts',(-12.6309286073123,-2.12516352970038,0.));
#4420=CARTESIAN_POINT('Ctrl Pts',(-12.6309286073123,-2.12516352970038,24.5));
#4421=CARTESIAN_POINT('Ctrl Pts',(-12.5732406688578,-2.14441953191655,0.));
#4422=CARTESIAN_POINT('Ctrl Pts',(-12.5732406688578,-2.14441953191655,24.5));
#4423=CARTESIAN_POINT('Ctrl Pts',(-12.5155213956719,-2.16304727259815,0.));
#4424=CARTESIAN_POINT('Ctrl Pts',(-12.5155213956719,-2.16304727259815,24.5));
#4425=CARTESIAN_POINT('Ctrl Pts',(-12.4577746151872,-2.18104522345769,0.));
#4426=CARTESIAN_POINT('Ctrl Pts',(-12.4577746151872,-2.18104522345769,24.5));
#4427=CARTESIAN_POINT('Ctrl Pts',(-12.4000048770012,-2.19840523210002,0.));
#4428=CARTESIAN_POINT('Ctrl Pts',(-12.4000048770012,-2.19840523210002,24.5));
#4429=CARTESIAN_POINT('Ctrl Pts',(-12.342217899464,-2.2151079904749,0.));
#4430=CARTESIAN_POINT('Ctrl Pts',(-12.342217899464,-2.2151079904749,24.5));
#4431=CARTESIAN_POINT('Ctrl Pts',(-12.2844206887577,-2.23112188964595,0.));
#4432=CARTESIAN_POINT('Ctrl Pts',(-12.2844206887577,-2.23112188964595,24.5));
#4433=CARTESIAN_POINT('Ctrl Pts',(-12.22662060225,-2.24641278167692,0.));
#4434=CARTESIAN_POINT('Ctrl Pts',(-12.22662060225,-2.24641278167692,24.5));
#4435=CARTESIAN_POINT('Ctrl Pts',(-12.1688245267911,-2.2609525555716,0.));
#4436=CARTESIAN_POINT('Ctrl Pts',(-12.1688245267911,-2.2609525555716,24.5));
#4437=CARTESIAN_POINT('Ctrl Pts',(-12.1110381370273,-2.27472690254991,0.));
#4438=CARTESIAN_POINT('Ctrl Pts',(-12.1110381370273,-2.27472690254991,24.5));
#4439=CARTESIAN_POINT('Ctrl Pts',(-12.0532648200434,-2.28774650634,0.));
#4440=CARTESIAN_POINT('Ctrl Pts',(-12.0532648200434,-2.28774650634,24.5));
#4441=CARTESIAN_POINT('Ctrl Pts',(-11.9955057121863,-2.30004683406155,0.));
#4442=CARTESIAN_POINT('Ctrl Pts',(-11.9955057121863,-2.30004683406155,24.5));
#4443=CARTESIAN_POINT('Ctrl Pts',(-11.9377620489254,-2.31166422327066,0.));
#4444=CARTESIAN_POINT('Ctrl Pts',(-11.9377620489254,-2.31166422327066,24.5));
#4445=CARTESIAN_POINT('Ctrl Pts',(-11.8800372141261,-2.32261504154856,0.));
#4446=CARTESIAN_POINT('Ctrl Pts',(-11.8800372141261,-2.32261504154856,24.5));
#4447=CARTESIAN_POINT('Ctrl Pts',(-11.822338541537,-2.33287742456155,0.));
#4448=CARTESIAN_POINT('Ctrl Pts',(-11.822338541537,-2.33287742456155,24.5));
#4449=CARTESIAN_POINT('Ctrl Pts',(-11.7646801184283,-2.34236266222922,0.));
#4450=CARTESIAN_POINT('Ctrl Pts',(-11.7646801184283,-2.34236266222922,24.5));
#4451=CARTESIAN_POINT('Ctrl Pts',(-11.7070819372243,-2.35092434157939,0.));
#4452=CARTESIAN_POINT('Ctrl Pts',(-11.7070819372243,-2.35092434157939,24.5));
#4453=CARTESIAN_POINT('Ctrl Pts',(-11.6495646092579,-2.35841358738212,0.));
#4454=CARTESIAN_POINT('Ctrl Pts',(-11.6495646092579,-2.35841358738212,24.5));
#4455=CARTESIAN_POINT('Ctrl Pts',(-11.592144710221,-2.36472742801808,0.));
#4456=CARTESIAN_POINT('Ctrl Pts',(-11.592144710221,-2.36472742801808,24.5));
#4457=CARTESIAN_POINT('Ctrl Pts',(-11.5348309155951,-2.36984978349418,0.));
#4458=CARTESIAN_POINT('Ctrl Pts',(-11.5348309155951,-2.36984978349418,24.5));
#4459=CARTESIAN_POINT('Ctrl Pts',(-11.4776171903006,-2.37392099512376,0.));
#4460=CARTESIAN_POINT('Ctrl Pts',(-11.4776171903006,-2.37392099512376,24.5));
#4461=CARTESIAN_POINT('Ctrl Pts',(-11.4204888053959,-2.37718252585975,0.));
#4462=CARTESIAN_POINT('Ctrl Pts',(-11.4204888053959,-2.37718252585975,24.5));
#4463=CARTESIAN_POINT('Ctrl Pts',(-11.3634366892528,-2.37984007529277,0.));
#4464=CARTESIAN_POINT('Ctrl Pts',(-11.3634366892528,-2.37984007529277,24.5));
#4465=CARTESIAN_POINT('Ctrl Pts',(-11.3064701115974,-2.38194375055316,0.));
#4466=CARTESIAN_POINT('Ctrl Pts',(-11.3064701115974,-2.38194375055316,24.5));
#4467=CARTESIAN_POINT('Ctrl Pts',(-11.2496282852824,-2.38327698658597,0.));
#4468=CARTESIAN_POINT('Ctrl Pts',(-11.2496282852824,-2.38327698658597,24.5));
#4469=CARTESIAN_POINT('Ctrl Pts',(-11.1929970824015,-2.38320027873724,0.));
#4470=CARTESIAN_POINT('Ctrl Pts',(-11.1929970824015,-2.38320027873724,24.5));
#4471=CARTESIAN_POINT('Ctrl Pts',(-11.1366905843773,-2.38080810160741,0.));
#4472=CARTESIAN_POINT('Ctrl Pts',(-11.1366905843773,-2.38080810160741,24.5));
#4473=CARTESIAN_POINT('Ctrl Pts',(-11.0919964689449,-2.37629941786578,0.));
#4474=CARTESIAN_POINT('Ctrl Pts',(-11.0919964689449,-2.37629941786578,24.5));
#4475=CARTESIAN_POINT('Ctrl Pts',(-11.058713593795,-2.37112651540877,0.));
#4476=CARTESIAN_POINT('Ctrl Pts',(-11.058713593795,-2.37112651540877,24.5));
#4477=CARTESIAN_POINT('Ctrl Pts',(-11.0366357702098,-2.36683917835341,0.));
#4478=CARTESIAN_POINT('Ctrl Pts',(-11.0366357702098,-2.36683917835341,24.5));
#4479=CARTESIAN_POINT('Ctrl Pts',(-11.0256245489122,-2.36448582122454,0.));
#4480=CARTESIAN_POINT('Ctrl Pts',(-11.0256245489122,-2.36448582122454,24.5));
#4481=CARTESIAN_POINT('',(-14.9780327712028,-0.811490350060999,0.));
#4482=CARTESIAN_POINT('Ctrl Pts',(-11.0256245489122,-2.36448582122454,0.));
#4483=CARTESIAN_POINT('Ctrl Pts',(-11.0366357702098,-2.36683917835341,0.));
#4484=CARTESIAN_POINT('Ctrl Pts',(-11.058713593795,-2.37112651540877,0.));
#4485=CARTESIAN_POINT('Ctrl Pts',(-11.0919964689449,-2.37629941786578,0.));
#4486=CARTESIAN_POINT('Ctrl Pts',(-11.1366905843773,-2.38080810160741,0.));
#4487=CARTESIAN_POINT('Ctrl Pts',(-11.1929970824015,-2.38320027873724,0.));
#4488=CARTESIAN_POINT('Ctrl Pts',(-11.2496282852824,-2.38327698658597,0.));
#4489=CARTESIAN_POINT('Ctrl Pts',(-11.3064701115974,-2.38194375055316,0.));
#4490=CARTESIAN_POINT('Ctrl Pts',(-11.3634366892528,-2.37984007529277,0.));
#4491=CARTESIAN_POINT('Ctrl Pts',(-11.4204888053959,-2.37718252585975,0.));
#4492=CARTESIAN_POINT('Ctrl Pts',(-11.4776171903006,-2.37392099512376,0.));
#4493=CARTESIAN_POINT('Ctrl Pts',(-11.5348309155951,-2.36984978349418,0.));
#4494=CARTESIAN_POINT('Ctrl Pts',(-11.592144710221,-2.36472742801808,0.));
#4495=CARTESIAN_POINT('Ctrl Pts',(-11.6495646092579,-2.35841358738212,0.));
#4496=CARTESIAN_POINT('Ctrl Pts',(-11.7070819372243,-2.35092434157939,0.));
#4497=CARTESIAN_POINT('Ctrl Pts',(-11.7646801184283,-2.34236266222922,0.));
#4498=CARTESIAN_POINT('Ctrl Pts',(-11.822338541537,-2.33287742456155,0.));
#4499=CARTESIAN_POINT('Ctrl Pts',(-11.8800372141261,-2.32261504154856,0.));
#4500=CARTESIAN_POINT('Ctrl Pts',(-11.9377620489254,-2.31166422327066,0.));
#4501=CARTESIAN_POINT('Ctrl Pts',(-11.9955057121863,-2.30004683406155,0.));
#4502=CARTESIAN_POINT('Ctrl Pts',(-12.0532648200434,-2.28774650634,0.));
#4503=CARTESIAN_POINT('Ctrl Pts',(-12.1110381370273,-2.27472690254991,0.));
#4504=CARTESIAN_POINT('Ctrl Pts',(-12.1688245267911,-2.2609525555716,0.));
#4505=CARTESIAN_POINT('Ctrl Pts',(-12.22662060225,-2.24641278167692,0.));
#4506=CARTESIAN_POINT('Ctrl Pts',(-12.2844206887577,-2.23112188964595,0.));
#4507=CARTESIAN_POINT('Ctrl Pts',(-12.342217899464,-2.2151079904749,0.));
#4508=CARTESIAN_POINT('Ctrl Pts',(-12.4000048770012,-2.19840523210002,0.));
#4509=CARTESIAN_POINT('Ctrl Pts',(-12.4577746151872,-2.18104522345769,0.));
#4510=CARTESIAN_POINT('Ctrl Pts',(-12.5155213956719,-2.16304727259815,0.));
#4511=CARTESIAN_POINT('Ctrl Pts',(-12.5732406688578,-2.14441953191655,0.));
#4512=CARTESIAN_POINT('Ctrl Pts',(-12.6309286073123,-2.12516352970038,0.));
#4513=CARTESIAN_POINT('Ctrl Pts',(-12.6885817617681,-2.10527764776005,0.));
#4514=CARTESIAN_POINT('Ctrl Pts',(-12.746196696523,-2.08476081892288,0.));
#4515=CARTESIAN_POINT('Ctrl Pts',(-12.8037695781912,-2.06361670791883,0.));
#4516=CARTESIAN_POINT('Ctrl Pts',(-12.8612962406559,-2.04185301089758,0.));
#4517=CARTESIAN_POINT('Ctrl Pts',(-12.9187723582205,-2.01947964958398,0.));
#4518=CARTESIAN_POINT('Ctrl Pts',(-12.9761935851404,-1.99650731836375,0.));
#4519=CARTESIAN_POINT('Ctrl Pts',(-13.03355570086,-1.9729459758012,0.));
#4520=CARTESIAN_POINT('Ctrl Pts',(-13.0908547760519,-1.94880313797849,0.));
#4521=CARTESIAN_POINT('Ctrl Pts',(-13.1480871319014,-1.92408423420906,0.));
#4522=CARTESIAN_POINT('Ctrl Pts',(-13.2052492580224,-1.89879338208767,0.));
#4523=CARTESIAN_POINT('Ctrl Pts',(-13.2623377435667,-1.87293403638325,0.));
#4524=CARTESIAN_POINT('Ctrl Pts',(-13.3193492078786,-1.84650965308903,0.));
#4525=CARTESIAN_POINT('Ctrl Pts',(-13.3762802204836,-1.81952445741145,0.));
#4526=CARTESIAN_POINT('Ctrl Pts',(-13.4331273178631,-1.7919833186449,0.));
#4527=CARTESIAN_POINT('Ctrl Pts',(-13.4898870422711,-1.76389142335385,0.));
#4528=CARTESIAN_POINT('Ctrl Pts',(-13.5465559751109,-1.73525401388382,0.));
#4529=CARTESIAN_POINT('Ctrl Pts',(-13.6031307696905,-1.70607612337662,0.));
#4530=CARTESIAN_POINT('Ctrl Pts',(-13.6596081942055,-1.67636226562866,0.));
#4531=CARTESIAN_POINT('Ctrl Pts',(-13.7159851109649,-1.64611648045935,0.));
#4532=CARTESIAN_POINT('Ctrl Pts',(-13.7722584370836,-1.61534249176514,0.));
#4533=CARTESIAN_POINT('Ctrl Pts',(-13.8284251099661,-1.58404383660868,0.));
#4534=CARTESIAN_POINT('Ctrl Pts',(-13.8844820565066,-1.55222399741124,0.));
#4535=CARTESIAN_POINT('Ctrl Pts',(-13.9404261490837,-1.51988656842417,0.));
#4536=CARTESIAN_POINT('Ctrl Pts',(-13.9962542321145,-1.4870352449572,0.));
#4537=CARTESIAN_POINT('Ctrl Pts',(-14.0519631804015,-1.45367372881695,0.));
#4538=CARTESIAN_POINT('Ctrl Pts',(-14.1075499528552,-1.41980566007007,0.));
#4539=CARTESIAN_POINT('Ctrl Pts',(-14.1630116388187,-1.38543455011093,0.));
#4540=CARTESIAN_POINT('Ctrl Pts',(-14.2183455340314,-1.35056369669881,0.));
#4541=CARTESIAN_POINT('Ctrl Pts',(-14.2735490985742,-1.31519619886569,0.));
#4542=CARTESIAN_POINT('Ctrl Pts',(-14.3286198238612,-1.27933505226214,0.));
#4543=CARTESIAN_POINT('Ctrl Pts',(-14.3835551185566,-1.24298322974472,0.));
#4544=CARTESIAN_POINT('Ctrl Pts',(-14.4383522053053,-1.20614376020469,0.));
#4545=CARTESIAN_POINT('Ctrl Pts',(-14.4930079708355,-1.16881983942048,0.));
#4546=CARTESIAN_POINT('Ctrl Pts',(-14.5475189874528,-1.13101483363195,0.));
#4547=CARTESIAN_POINT('Ctrl Pts',(-14.6018817967711,-1.09273211489143,0.));
#4548=CARTESIAN_POINT('Ctrl Pts',(-14.6560931379336,-1.05397493786361,0.));
#4549=CARTESIAN_POINT('Ctrl Pts',(-14.7101501869328,-1.01474630677485,0.));
#4550=CARTESIAN_POINT('Ctrl Pts',(-14.7640508225939,-0.975048841524252,
0.));
#4551=CARTESIAN_POINT('Ctrl Pts',(-14.8177937917346,-0.934884672615638,
0.));
#4552=CARTESIAN_POINT('Ctrl Pts',(-14.871378462016,-0.894255454003789,0.));
#4553=CARTESIAN_POINT('Ctrl Pts',(-14.9141194044763,-0.861380978645833,
0.));
#4554=CARTESIAN_POINT('Ctrl Pts',(-14.9461038077397,-0.836516693156121,
0.));
#4555=CARTESIAN_POINT('Ctrl Pts',(-14.9673950633651,-0.819847898483221,
0.));
#4556=CARTESIAN_POINT('Ctrl Pts',(-14.9780327712028,-0.811490350061012,
0.));
#4557=CARTESIAN_POINT('',(-14.9780327712028,-0.811490350060999,15.8));
#4558=CARTESIAN_POINT('Ctrl Pts',(-14.9780327712028,-0.811490350061012,
15.8));
#4559=CARTESIAN_POINT('Ctrl Pts',(-14.8951944509768,-0.876572535346362,
15.8));
#4560=CARTESIAN_POINT('Ctrl Pts',(-14.8117784095846,-0.939973165435107,
15.8));
#4561=CARTESIAN_POINT('Ctrl Pts',(-14.7277893323868,-1.00167355469416,15.8));
#4562=CARTESIAN_POINT('Ctrl Pts',(-14.6282378378761,-1.07480646872982,15.8));
#4563=CARTESIAN_POINT('Ctrl Pts',(-14.5278788656788,-1.14554969082317,15.8));
#4564=CARTESIAN_POINT('Ctrl Pts',(-14.4267980909046,-1.2138147134424,15.8));
#4565=CARTESIAN_POINT('Ctrl Pts',(-14.2927224934514,-1.30436282917728,15.8));
#4566=CARTESIAN_POINT('Ctrl Pts',(-14.1573843542604,-1.39054924434057,15.8));
#4567=CARTESIAN_POINT('Ctrl Pts',(-14.0209598884296,-1.4721666500882,15.8));
#4568=CARTESIAN_POINT('Ctrl Pts',(-13.8936248534239,-1.54834620596668,15.8));
#4569=CARTESIAN_POINT('Ctrl Pts',(-13.7653459505717,-1.62054033034526,15.8));
#4570=CARTESIAN_POINT('Ctrl Pts',(-13.6362899122917,-1.68855501946647,15.8));
#4571=CARTESIAN_POINT('Ctrl Pts',(-13.5025585852017,-1.75903366392983,15.8));
#4572=CARTESIAN_POINT('Ctrl Pts',(-13.3679904873407,-1.82502712203711,15.8));
#4573=CARTESIAN_POINT('Ctrl Pts',(-13.2327885227501,-1.88624372446885,15.8));
#4574=CARTESIAN_POINT('Ctrl Pts',(-13.1595280808529,-1.91941450981345,15.8));
#4575=CARTESIAN_POINT('Ctrl Pts',(-13.0860813882751,-1.95118731992972,15.8));
#4576=CARTESIAN_POINT('Ctrl Pts',(-13.012482086201,-1.98152040129492,15.8));
#4577=CARTESIAN_POINT('Ctrl Pts',(-12.9297196533312,-2.01562995857971,15.8));
#4578=CARTESIAN_POINT('Ctrl Pts',(-12.846764310067,-2.0479171924691,15.8));
#4579=CARTESIAN_POINT('Ctrl Pts',(-12.7636736642979,-2.07824972206223,15.8));
#4580=CARTESIAN_POINT('Ctrl Pts',(-12.7022690830552,-2.10066567828035,15.8));
#4581=CARTESIAN_POINT('Ctrl Pts',(-12.6407909749132,-2.12201091870602,15.8));
#4582=CARTESIAN_POINT('Ctrl Pts',(-12.579259048178,-2.14228077155185,15.8));
#4583=CARTESIAN_POINT('Ctrl Pts',(-12.5324604013809,-2.15769718599379,15.8));
#4584=CARTESIAN_POINT('Ctrl Pts',(-12.485630187581,-2.17249620287743,15.8));
#4585=CARTESIAN_POINT('Ctrl Pts',(-12.438778810126,-2.18666287193799,15.8));
#4586=CARTESIAN_POINT('Ctrl Pts',(-12.3793982048772,-2.20461806192112,15.8));
#4587=CARTESIAN_POINT('Ctrl Pts',(-12.3199833920366,-2.22155900583211,15.8));
#4588=CARTESIAN_POINT('Ctrl Pts',(-12.2605682024191,-2.23733757700796,15.8));
#4589=CARTESIAN_POINT('Ctrl Pts',(-12.2226234720764,-2.24741435421448,15.8));
#4590=CARTESIAN_POINT('Ctrl Pts',(-12.1846790035326,-2.25701305319524,15.8));
#4591=CARTESIAN_POINT('Ctrl Pts',(-12.1467419441161,-2.26611611157042,15.8));
#4592=CARTESIAN_POINT('Ctrl Pts',(-12.0995062956073,-2.27745038134194,15.8));
#4593=CARTESIAN_POINT('Ctrl Pts',(-12.0522821766784,-2.28801540793372,15.8));
#4594=CARTESIAN_POINT('Ctrl Pts',(-12.0050736740258,-2.29788569547244,15.8));
#4595=CARTESIAN_POINT('Ctrl Pts',(-11.9725452996124,-2.30468668238339,15.8));
#4596=CARTESIAN_POINT('Ctrl Pts',(-11.9400239272687,-2.31116225083483,15.8));
#4597=CARTESIAN_POINT('Ctrl Pts',(-11.9075130293993,-2.31731819943557,15.8));
#4598=CARTESIAN_POINT('Ctrl Pts',(-11.8785197003635,-2.32280809528605,15.8));
#4599=CARTESIAN_POINT('Ctrl Pts',(-11.8495345811983,-2.3280450533312,15.8));
#4600=CARTESIAN_POINT('Ctrl Pts',(-11.8205648124716,-2.3329873585057,15.8));
#4601=CARTESIAN_POINT('Ctrl Pts',(-11.7869426460867,-2.33872337277871,15.8));
#4602=CARTESIAN_POINT('Ctrl Pts',(-11.7533414988386,-2.34405876935062,15.8));
#4603=CARTESIAN_POINT('Ctrl Pts',(-11.7197790496102,-2.3488659691806,15.8));
#4604=CARTESIAN_POINT('Ctrl Pts',(-11.6904640634212,-2.35306479852304,15.8));
#4605=CARTESIAN_POINT('Ctrl Pts',(-11.6611790508593,-2.35685604532533,15.8));
#4606=CARTESIAN_POINT('Ctrl Pts',(-11.6319332794751,-2.36018476072013,15.8));
#4607=CARTESIAN_POINT('Ctrl Pts',(-11.6085748837846,-2.36284338272436,15.8));
#4608=CARTESIAN_POINT('Ctrl Pts',(-11.5852415904645,-2.36520631533237,15.8));
#4609=CARTESIAN_POINT('Ctrl Pts',(-11.5619341251604,-2.36728889791702,15.8));
#4610=CARTESIAN_POINT('Ctrl Pts',(-11.5166924840852,-2.37133135609834,15.8));
#4611=CARTESIAN_POINT('Ctrl Pts',(-11.4715473420971,-2.37431920511412,15.8));
#4612=CARTESIAN_POINT('Ctrl Pts',(-11.4264743928111,-2.37671638346778,15.8));
#4613=CARTESIAN_POINT('Ctrl Pts',(-11.4062989918542,-2.37778940032637,15.8));
#4614=CARTESIAN_POINT('Ctrl Pts',(-11.3861380765619,-2.37874514123877,15.8));
#4615=CARTESIAN_POINT('Ctrl Pts',(-11.3659934891682,-2.3795932382981,15.8));
#4616=CARTESIAN_POINT('Ctrl Pts',(-11.3477498039961,-2.38036130643687,15.8));
#4617=CARTESIAN_POINT('Ctrl Pts',(-11.3295194429189,-2.38104177217357,15.8));
#4618=CARTESIAN_POINT('Ctrl Pts',(-11.3113081940913,-2.38160252005154,15.8));
#4619=CARTESIAN_POINT('Ctrl Pts',(-11.2927025402256,-2.38217541217014,15.8));
#4620=CARTESIAN_POINT('Ctrl Pts',(-11.2741167873498,-2.38262384869028,15.8));
#4621=CARTESIAN_POINT('Ctrl Pts',(-11.2555634396759,-2.38285615133654,15.8));
#4622=CARTESIAN_POINT('Ctrl Pts',(-11.2319497920034,-2.38315181295722,15.8));
#4623=CARTESIAN_POINT('Ctrl Pts',(-11.2083888390487,-2.38309592722672,15.8));
#4624=CARTESIAN_POINT('Ctrl Pts',(-11.1849161615386,-2.38240691977496,15.8));
#4625=CARTESIAN_POINT('Ctrl Pts',(-11.1627901943541,-2.38175744311168,15.8));
#4626=CARTESIAN_POINT('Ctrl Pts',(-11.1407433703809,-2.38053924155219,15.8));
#4627=CARTESIAN_POINT('Ctrl Pts',(-11.1188046446107,-2.37851644256628,15.8));
#4628=CARTESIAN_POINT('Ctrl Pts',(-11.1018372572021,-2.37695201196065,15.8));
#4629=CARTESIAN_POINT('Ctrl Pts',(-11.0849345998084,-2.37490555498713,15.8));
#4630=CARTESIAN_POINT('Ctrl Pts',(-11.0681059778928,-2.37230028189015,15.8));
#4631=CARTESIAN_POINT('Ctrl Pts',(-11.0538920071259,-2.37009978824153,15.8));
#4632=CARTESIAN_POINT('Ctrl Pts',(-11.0397308444041,-2.36750066854807,15.8));
#4633=CARTESIAN_POINT('Ctrl Pts',(-11.0256245489122,-2.36448582122454,15.8));
#4634=CARTESIAN_POINT('',(-14.9780327712028,-0.811490350060999,0.));
#4635=CARTESIAN_POINT('Origin',(1.89404048001052E-12,-2.52435489670724E-28,
0.));
#4636=CARTESIAN_POINT('',(-14.9780327712028,0.811490350061017,0.));
#4637=CARTESIAN_POINT('Origin',(1.89404048001052E-12,-2.52435489670724E-28,
0.));
#4638=CARTESIAN_POINT('',(-14.9780327712028,0.811490350061017,15.8));
#4639=CARTESIAN_POINT('Origin',(1.89404048001052E-12,-2.52435489670724E-28,
15.8));
#4640=CARTESIAN_POINT('',(-14.9780327712028,0.811490350061017,0.));
#4641=CARTESIAN_POINT('Ctrl Pts',(-11.0256245489122,2.36448582122455,0.));
#4642=CARTESIAN_POINT('Ctrl Pts',(-11.0256245489122,2.36448582122455,24.5));
#4643=CARTESIAN_POINT('Ctrl Pts',(-11.0366357702098,2.36683917835341,0.));
#4644=CARTESIAN_POINT('Ctrl Pts',(-11.0366357702098,2.36683917835341,24.5));
#4645=CARTESIAN_POINT('Ctrl Pts',(-11.058713593795,2.37112651540877,0.));
#4646=CARTESIAN_POINT('Ctrl Pts',(-11.058713593795,2.37112651540877,24.5));
#4647=CARTESIAN_POINT('Ctrl Pts',(-11.0919964689449,2.37629941786578,0.));
#4648=CARTESIAN_POINT('Ctrl Pts',(-11.0919964689449,2.37629941786578,24.5));
#4649=CARTESIAN_POINT('Ctrl Pts',(-11.1366905843773,2.38080810160742,0.));
#4650=CARTESIAN_POINT('Ctrl Pts',(-11.1366905843773,2.38080810160742,24.5));
#4651=CARTESIAN_POINT('Ctrl Pts',(-11.1929970824015,2.38320027873725,0.));
#4652=CARTESIAN_POINT('Ctrl Pts',(-11.1929970824015,2.38320027873725,24.5));
#4653=CARTESIAN_POINT('Ctrl Pts',(-11.2496282852824,2.38327698658598,0.));
#4654=CARTESIAN_POINT('Ctrl Pts',(-11.2496282852824,2.38327698658598,24.5));
#4655=CARTESIAN_POINT('Ctrl Pts',(-11.3064701115974,2.38194375055316,0.));
#4656=CARTESIAN_POINT('Ctrl Pts',(-11.3064701115974,2.38194375055316,24.5));
#4657=CARTESIAN_POINT('Ctrl Pts',(-11.3634366892528,2.37984007529278,0.));
#4658=CARTESIAN_POINT('Ctrl Pts',(-11.3634366892528,2.37984007529278,24.5));
#4659=CARTESIAN_POINT('Ctrl Pts',(-11.4204888053959,2.37718252585975,0.));
#4660=CARTESIAN_POINT('Ctrl Pts',(-11.4204888053959,2.37718252585975,24.5));
#4661=CARTESIAN_POINT('Ctrl Pts',(-11.4776171903006,2.37392099512376,0.));
#4662=CARTESIAN_POINT('Ctrl Pts',(-11.4776171903006,2.37392099512376,24.5));
#4663=CARTESIAN_POINT('Ctrl Pts',(-11.5348309155951,2.36984978349419,0.));
#4664=CARTESIAN_POINT('Ctrl Pts',(-11.5348309155951,2.36984978349419,24.5));
#4665=CARTESIAN_POINT('Ctrl Pts',(-11.592144710221,2.36472742801809,0.));
#4666=CARTESIAN_POINT('Ctrl Pts',(-11.592144710221,2.36472742801809,24.5));
#4667=CARTESIAN_POINT('Ctrl Pts',(-11.6495646092579,2.35841358738213,0.));
#4668=CARTESIAN_POINT('Ctrl Pts',(-11.6495646092579,2.35841358738213,24.5));
#4669=CARTESIAN_POINT('Ctrl Pts',(-11.7070819372243,2.35092434157939,0.));
#4670=CARTESIAN_POINT('Ctrl Pts',(-11.7070819372243,2.35092434157939,24.5));
#4671=CARTESIAN_POINT('Ctrl Pts',(-11.7646801184283,2.34236266222923,0.));
#4672=CARTESIAN_POINT('Ctrl Pts',(-11.7646801184283,2.34236266222923,24.5));
#4673=CARTESIAN_POINT('Ctrl Pts',(-11.822338541537,2.33287742456156,0.));
#4674=CARTESIAN_POINT('Ctrl Pts',(-11.822338541537,2.33287742456156,24.5));
#4675=CARTESIAN_POINT('Ctrl Pts',(-11.8800372141261,2.32261504154857,0.));
#4676=CARTESIAN_POINT('Ctrl Pts',(-11.8800372141261,2.32261504154857,24.5));
#4677=CARTESIAN_POINT('Ctrl Pts',(-11.9377620489254,2.31166422327066,0.));
#4678=CARTESIAN_POINT('Ctrl Pts',(-11.9377620489254,2.31166422327066,24.5));
#4679=CARTESIAN_POINT('Ctrl Pts',(-11.9955057121863,2.30004683406155,0.));
#4680=CARTESIAN_POINT('Ctrl Pts',(-11.9955057121863,2.30004683406155,24.5));
#4681=CARTESIAN_POINT('Ctrl Pts',(-12.0532648200434,2.28774650634,0.));
#4682=CARTESIAN_POINT('Ctrl Pts',(-12.0532648200434,2.28774650634,24.5));
#4683=CARTESIAN_POINT('Ctrl Pts',(-12.1110381370273,2.27472690254991,0.));
#4684=CARTESIAN_POINT('Ctrl Pts',(-12.1110381370273,2.27472690254991,24.5));
#4685=CARTESIAN_POINT('Ctrl Pts',(-12.1688245267911,2.26095255557161,0.));
#4686=CARTESIAN_POINT('Ctrl Pts',(-12.1688245267911,2.26095255557161,24.5));
#4687=CARTESIAN_POINT('Ctrl Pts',(-12.22662060225,2.24641278167692,0.));
#4688=CARTESIAN_POINT('Ctrl Pts',(-12.22662060225,2.24641278167692,24.5));
#4689=CARTESIAN_POINT('Ctrl Pts',(-12.2844206887577,2.23112188964595,0.));
#4690=CARTESIAN_POINT('Ctrl Pts',(-12.2844206887577,2.23112188964595,24.5));
#4691=CARTESIAN_POINT('Ctrl Pts',(-12.342217899464,2.2151079904749,0.));
#4692=CARTESIAN_POINT('Ctrl Pts',(-12.342217899464,2.2151079904749,24.5));
#4693=CARTESIAN_POINT('Ctrl Pts',(-12.4000048770012,2.19840523210003,0.));
#4694=CARTESIAN_POINT('Ctrl Pts',(-12.4000048770012,2.19840523210003,24.5));
#4695=CARTESIAN_POINT('Ctrl Pts',(-12.4577746151872,2.1810452234577,0.));
#4696=CARTESIAN_POINT('Ctrl Pts',(-12.4577746151872,2.1810452234577,24.5));
#4697=CARTESIAN_POINT('Ctrl Pts',(-12.5155213956719,2.16304727259815,0.));
#4698=CARTESIAN_POINT('Ctrl Pts',(-12.5155213956719,2.16304727259815,24.5));
#4699=CARTESIAN_POINT('Ctrl Pts',(-12.5732406688578,2.14441953191656,0.));
#4700=CARTESIAN_POINT('Ctrl Pts',(-12.5732406688578,2.14441953191656,24.5));
#4701=CARTESIAN_POINT('Ctrl Pts',(-12.6309286073123,2.12516352970038,0.));
#4702=CARTESIAN_POINT('Ctrl Pts',(-12.6309286073123,2.12516352970038,24.5));
#4703=CARTESIAN_POINT('Ctrl Pts',(-12.6885817617681,2.10527764776006,0.));
#4704=CARTESIAN_POINT('Ctrl Pts',(-12.6885817617681,2.10527764776006,24.5));
#4705=CARTESIAN_POINT('Ctrl Pts',(-12.746196696523,2.08476081892289,0.));
#4706=CARTESIAN_POINT('Ctrl Pts',(-12.746196696523,2.08476081892289,24.5));
#4707=CARTESIAN_POINT('Ctrl Pts',(-12.8037695781912,2.06361670791884,0.));
#4708=CARTESIAN_POINT('Ctrl Pts',(-12.8037695781912,2.06361670791884,24.5));
#4709=CARTESIAN_POINT('Ctrl Pts',(-12.8612962406559,2.04185301089759,0.));
#4710=CARTESIAN_POINT('Ctrl Pts',(-12.8612962406559,2.04185301089759,24.5));
#4711=CARTESIAN_POINT('Ctrl Pts',(-12.9187723582205,2.01947964958398,0.));
#4712=CARTESIAN_POINT('Ctrl Pts',(-12.9187723582205,2.01947964958398,24.5));
#4713=CARTESIAN_POINT('Ctrl Pts',(-12.9761935851404,1.99650731836375,0.));
#4714=CARTESIAN_POINT('Ctrl Pts',(-12.9761935851404,1.99650731836375,24.5));
#4715=CARTESIAN_POINT('Ctrl Pts',(-13.03355570086,1.9729459758012,0.));
#4716=CARTESIAN_POINT('Ctrl Pts',(-13.03355570086,1.9729459758012,24.5));
#4717=CARTESIAN_POINT('Ctrl Pts',(-13.0908547760519,1.9488031379785,0.));
#4718=CARTESIAN_POINT('Ctrl Pts',(-13.0908547760519,1.9488031379785,24.5));
#4719=CARTESIAN_POINT('Ctrl Pts',(-13.1480871319014,1.92408423420907,0.));
#4720=CARTESIAN_POINT('Ctrl Pts',(-13.1480871319014,1.92408423420907,24.5));
#4721=CARTESIAN_POINT('Ctrl Pts',(-13.2052492580224,1.89879338208767,0.));
#4722=CARTESIAN_POINT('Ctrl Pts',(-13.2052492580224,1.89879338208767,24.5));
#4723=CARTESIAN_POINT('Ctrl Pts',(-13.2623377435667,1.87293403638325,0.));
#4724=CARTESIAN_POINT('Ctrl Pts',(-13.2623377435667,1.87293403638325,24.5));
#4725=CARTESIAN_POINT('Ctrl Pts',(-13.3193492078786,1.84650965308904,0.));
#4726=CARTESIAN_POINT('Ctrl Pts',(-13.3193492078786,1.84650965308904,24.5));
#4727=CARTESIAN_POINT('Ctrl Pts',(-13.3762802204836,1.81952445741146,0.));
#4728=CARTESIAN_POINT('Ctrl Pts',(-13.3762802204836,1.81952445741146,24.5));
#4729=CARTESIAN_POINT('Ctrl Pts',(-13.4331273178631,1.7919833186449,0.));
#4730=CARTESIAN_POINT('Ctrl Pts',(-13.4331273178631,1.7919833186449,24.5));
#4731=CARTESIAN_POINT('Ctrl Pts',(-13.4898870422711,1.76389142335385,0.));
#4732=CARTESIAN_POINT('Ctrl Pts',(-13.4898870422711,1.76389142335385,24.5));
#4733=CARTESIAN_POINT('Ctrl Pts',(-13.5465559751109,1.73525401388383,0.));
#4734=CARTESIAN_POINT('Ctrl Pts',(-13.5465559751109,1.73525401388383,24.5));
#4735=CARTESIAN_POINT('Ctrl Pts',(-13.6031307696905,1.70607612337662,0.));
#4736=CARTESIAN_POINT('Ctrl Pts',(-13.6031307696905,1.70607612337662,24.5));
#4737=CARTESIAN_POINT('Ctrl Pts',(-13.6596081942055,1.67636226562867,0.));
#4738=CARTESIAN_POINT('Ctrl Pts',(-13.6596081942055,1.67636226562867,24.5));
#4739=CARTESIAN_POINT('Ctrl Pts',(-13.7159851109649,1.64611648045935,0.));
#4740=CARTESIAN_POINT('Ctrl Pts',(-13.7159851109649,1.64611648045935,24.5));
#4741=CARTESIAN_POINT('Ctrl Pts',(-13.7722584370836,1.61534249176515,0.));
#4742=CARTESIAN_POINT('Ctrl Pts',(-13.7722584370836,1.61534249176515,24.5));
#4743=CARTESIAN_POINT('Ctrl Pts',(-13.8284251099661,1.58404383660869,0.));
#4744=CARTESIAN_POINT('Ctrl Pts',(-13.8284251099661,1.58404383660869,24.5));
#4745=CARTESIAN_POINT('Ctrl Pts',(-13.8844820565066,1.55222399741125,0.));
#4746=CARTESIAN_POINT('Ctrl Pts',(-13.8844820565066,1.55222399741125,24.5));
#4747=CARTESIAN_POINT('Ctrl Pts',(-13.9404261490837,1.51988656842418,0.));
#4748=CARTESIAN_POINT('Ctrl Pts',(-13.9404261490837,1.51988656842418,24.5));
#4749=CARTESIAN_POINT('Ctrl Pts',(-13.9962542321145,1.48703524495721,0.));
#4750=CARTESIAN_POINT('Ctrl Pts',(-13.9962542321145,1.48703524495721,24.5));
#4751=CARTESIAN_POINT('Ctrl Pts',(-14.0519631804015,1.45367372881695,0.));
#4752=CARTESIAN_POINT('Ctrl Pts',(-14.0519631804015,1.45367372881695,24.5));
#4753=CARTESIAN_POINT('Ctrl Pts',(-14.1075499528552,1.41980566007008,0.));
#4754=CARTESIAN_POINT('Ctrl Pts',(-14.1075499528552,1.41980566007008,24.5));
#4755=CARTESIAN_POINT('Ctrl Pts',(-14.1630116388187,1.38543455011094,0.));
#4756=CARTESIAN_POINT('Ctrl Pts',(-14.1630116388187,1.38543455011094,24.5));
#4757=CARTESIAN_POINT('Ctrl Pts',(-14.2183455340314,1.35056369669882,0.));
#4758=CARTESIAN_POINT('Ctrl Pts',(-14.2183455340314,1.35056369669882,24.5));
#4759=CARTESIAN_POINT('Ctrl Pts',(-14.2735490985742,1.3151961988657,0.));
#4760=CARTESIAN_POINT('Ctrl Pts',(-14.2735490985742,1.3151961988657,24.5));
#4761=CARTESIAN_POINT('Ctrl Pts',(-14.3286198238612,1.27933505226214,0.));
#4762=CARTESIAN_POINT('Ctrl Pts',(-14.3286198238612,1.27933505226214,24.5));
#4763=CARTESIAN_POINT('Ctrl Pts',(-14.3835551185566,1.24298322974472,0.));
#4764=CARTESIAN_POINT('Ctrl Pts',(-14.3835551185566,1.24298322974472,24.5));
#4765=CARTESIAN_POINT('Ctrl Pts',(-14.4383522053053,1.20614376020469,0.));
#4766=CARTESIAN_POINT('Ctrl Pts',(-14.4383522053053,1.20614376020469,24.5));
#4767=CARTESIAN_POINT('Ctrl Pts',(-14.4930079708355,1.16881983942048,0.));
#4768=CARTESIAN_POINT('Ctrl Pts',(-14.4930079708355,1.16881983942048,24.5));
#4769=CARTESIAN_POINT('Ctrl Pts',(-14.5475189874528,1.13101483363195,0.));
#4770=CARTESIAN_POINT('Ctrl Pts',(-14.5475189874528,1.13101483363195,24.5));
#4771=CARTESIAN_POINT('Ctrl Pts',(-14.6018817967711,1.09273211489143,0.));
#4772=CARTESIAN_POINT('Ctrl Pts',(-14.6018817967711,1.09273211489143,24.5));
#4773=CARTESIAN_POINT('Ctrl Pts',(-14.6560931379336,1.05397493786362,0.));
#4774=CARTESIAN_POINT('Ctrl Pts',(-14.6560931379336,1.05397493786362,24.5));
#4775=CARTESIAN_POINT('Ctrl Pts',(-14.7101501869328,1.01474630677486,0.));
#4776=CARTESIAN_POINT('Ctrl Pts',(-14.7101501869328,1.01474630677486,24.5));
#4777=CARTESIAN_POINT('Ctrl Pts',(-14.7640508225939,0.975048841524254,0.));
#4778=CARTESIAN_POINT('Ctrl Pts',(-14.7640508225939,0.975048841524254,24.5));
#4779=CARTESIAN_POINT('Ctrl Pts',(-14.8177937917346,0.934884672615645,0.));
#4780=CARTESIAN_POINT('Ctrl Pts',(-14.8177937917346,0.934884672615645,24.5));
#4781=CARTESIAN_POINT('Ctrl Pts',(-14.871378462016,0.894255454003793,0.));
#4782=CARTESIAN_POINT('Ctrl Pts',(-14.871378462016,0.894255454003793,24.5));
#4783=CARTESIAN_POINT('Ctrl Pts',(-14.9141194044763,0.861380978645836,0.));
#4784=CARTESIAN_POINT('Ctrl Pts',(-14.9141194044763,0.861380978645836,24.5));
#4785=CARTESIAN_POINT('Ctrl Pts',(-14.9461038077397,0.836516693156125,0.));
#4786=CARTESIAN_POINT('Ctrl Pts',(-14.9461038077397,0.836516693156125,24.5));
#4787=CARTESIAN_POINT('Ctrl Pts',(-14.9673950633651,0.819847898483228,0.));
#4788=CARTESIAN_POINT('Ctrl Pts',(-14.9673950633651,0.819847898483228,24.5));
#4789=CARTESIAN_POINT('Ctrl Pts',(-14.9780327712028,0.811490350061015,0.));
#4790=CARTESIAN_POINT('Ctrl Pts',(-14.9780327712028,0.811490350061015,24.5));
#4791=CARTESIAN_POINT('Ctrl Pts',(-11.0256245489122,2.36448582122455,0.));
#4792=CARTESIAN_POINT('Ctrl Pts',(-11.0366357702098,2.36683917835341,0.));
#4793=CARTESIAN_POINT('Ctrl Pts',(-11.058713593795,2.37112651540877,0.));
#4794=CARTESIAN_POINT('Ctrl Pts',(-11.0919964689449,2.37629941786578,0.));
#4795=CARTESIAN_POINT('Ctrl Pts',(-11.1366905843773,2.38080810160742,0.));
#4796=CARTESIAN_POINT('Ctrl Pts',(-11.1929970824015,2.38320027873725,0.));
#4797=CARTESIAN_POINT('Ctrl Pts',(-11.2496282852824,2.38327698658598,0.));
#4798=CARTESIAN_POINT('Ctrl Pts',(-11.3064701115974,2.38194375055316,0.));
#4799=CARTESIAN_POINT('Ctrl Pts',(-11.3634366892528,2.37984007529278,0.));
#4800=CARTESIAN_POINT('Ctrl Pts',(-11.4204888053959,2.37718252585975,0.));
#4801=CARTESIAN_POINT('Ctrl Pts',(-11.4776171903006,2.37392099512376,0.));
#4802=CARTESIAN_POINT('Ctrl Pts',(-11.5348309155951,2.36984978349419,0.));
#4803=CARTESIAN_POINT('Ctrl Pts',(-11.592144710221,2.36472742801809,0.));
#4804=CARTESIAN_POINT('Ctrl Pts',(-11.6495646092579,2.35841358738213,0.));
#4805=CARTESIAN_POINT('Ctrl Pts',(-11.7070819372243,2.35092434157939,0.));
#4806=CARTESIAN_POINT('Ctrl Pts',(-11.7646801184283,2.34236266222923,0.));
#4807=CARTESIAN_POINT('Ctrl Pts',(-11.822338541537,2.33287742456156,0.));
#4808=CARTESIAN_POINT('Ctrl Pts',(-11.8800372141261,2.32261504154857,0.));
#4809=CARTESIAN_POINT('Ctrl Pts',(-11.9377620489254,2.31166422327066,0.));
#4810=CARTESIAN_POINT('Ctrl Pts',(-11.9955057121863,2.30004683406155,0.));
#4811=CARTESIAN_POINT('Ctrl Pts',(-12.0532648200434,2.28774650634,0.));
#4812=CARTESIAN_POINT('Ctrl Pts',(-12.1110381370273,2.27472690254991,0.));
#4813=CARTESIAN_POINT('Ctrl Pts',(-12.1688245267911,2.26095255557161,0.));
#4814=CARTESIAN_POINT('Ctrl Pts',(-12.22662060225,2.24641278167692,0.));
#4815=CARTESIAN_POINT('Ctrl Pts',(-12.2844206887577,2.23112188964595,0.));
#4816=CARTESIAN_POINT('Ctrl Pts',(-12.342217899464,2.2151079904749,0.));
#4817=CARTESIAN_POINT('Ctrl Pts',(-12.4000048770012,2.19840523210003,0.));
#4818=CARTESIAN_POINT('Ctrl Pts',(-12.4577746151872,2.1810452234577,0.));
#4819=CARTESIAN_POINT('Ctrl Pts',(-12.5155213956719,2.16304727259815,0.));
#4820=CARTESIAN_POINT('Ctrl Pts',(-12.5732406688578,2.14441953191656,0.));
#4821=CARTESIAN_POINT('Ctrl Pts',(-12.6309286073123,2.12516352970038,0.));
#4822=CARTESIAN_POINT('Ctrl Pts',(-12.6885817617681,2.10527764776006,0.));
#4823=CARTESIAN_POINT('Ctrl Pts',(-12.746196696523,2.08476081892289,0.));
#4824=CARTESIAN_POINT('Ctrl Pts',(-12.8037695781912,2.06361670791884,0.));
#4825=CARTESIAN_POINT('Ctrl Pts',(-12.8612962406559,2.04185301089759,0.));
#4826=CARTESIAN_POINT('Ctrl Pts',(-12.9187723582205,2.01947964958398,0.));
#4827=CARTESIAN_POINT('Ctrl Pts',(-12.9761935851404,1.99650731836375,0.));
#4828=CARTESIAN_POINT('Ctrl Pts',(-13.03355570086,1.9729459758012,0.));
#4829=CARTESIAN_POINT('Ctrl Pts',(-13.0908547760519,1.9488031379785,0.));
#4830=CARTESIAN_POINT('Ctrl Pts',(-13.1480871319014,1.92408423420907,0.));
#4831=CARTESIAN_POINT('Ctrl Pts',(-13.2052492580224,1.89879338208767,0.));
#4832=CARTESIAN_POINT('Ctrl Pts',(-13.2623377435667,1.87293403638325,0.));
#4833=CARTESIAN_POINT('Ctrl Pts',(-13.3193492078786,1.84650965308904,0.));
#4834=CARTESIAN_POINT('Ctrl Pts',(-13.3762802204836,1.81952445741146,0.));
#4835=CARTESIAN_POINT('Ctrl Pts',(-13.4331273178631,1.7919833186449,0.));
#4836=CARTESIAN_POINT('Ctrl Pts',(-13.4898870422711,1.76389142335385,0.));
#4837=CARTESIAN_POINT('Ctrl Pts',(-13.5465559751109,1.73525401388383,0.));
#4838=CARTESIAN_POINT('Ctrl Pts',(-13.6031307696905,1.70607612337662,0.));
#4839=CARTESIAN_POINT('Ctrl Pts',(-13.6596081942055,1.67636226562867,0.));
#4840=CARTESIAN_POINT('Ctrl Pts',(-13.7159851109649,1.64611648045935,0.));
#4841=CARTESIAN_POINT('Ctrl Pts',(-13.7722584370836,1.61534249176515,0.));
#4842=CARTESIAN_POINT('Ctrl Pts',(-13.8284251099661,1.58404383660869,0.));
#4843=CARTESIAN_POINT('Ctrl Pts',(-13.8844820565066,1.55222399741125,0.));
#4844=CARTESIAN_POINT('Ctrl Pts',(-13.9404261490837,1.51988656842418,0.));
#4845=CARTESIAN_POINT('Ctrl Pts',(-13.9962542321145,1.48703524495721,0.));
#4846=CARTESIAN_POINT('Ctrl Pts',(-14.0519631804015,1.45367372881695,0.));
#4847=CARTESIAN_POINT('Ctrl Pts',(-14.1075499528552,1.41980566007008,0.));
#4848=CARTESIAN_POINT('Ctrl Pts',(-14.1630116388187,1.38543455011094,0.));
#4849=CARTESIAN_POINT('Ctrl Pts',(-14.2183455340314,1.35056369669882,0.));
#4850=CARTESIAN_POINT('Ctrl Pts',(-14.2735490985742,1.3151961988657,0.));
#4851=CARTESIAN_POINT('Ctrl Pts',(-14.3286198238612,1.27933505226214,0.));
#4852=CARTESIAN_POINT('Ctrl Pts',(-14.3835551185566,1.24298322974472,0.));
#4853=CARTESIAN_POINT('Ctrl Pts',(-14.4383522053053,1.20614376020469,0.));
#4854=CARTESIAN_POINT('Ctrl Pts',(-14.4930079708355,1.16881983942048,0.));
#4855=CARTESIAN_POINT('Ctrl Pts',(-14.5475189874528,1.13101483363195,0.));
#4856=CARTESIAN_POINT('Ctrl Pts',(-14.6018817967711,1.09273211489143,0.));
#4857=CARTESIAN_POINT('Ctrl Pts',(-14.6560931379336,1.05397493786362,0.));
#4858=CARTESIAN_POINT('Ctrl Pts',(-14.7101501869328,1.01474630677486,0.));
#4859=CARTESIAN_POINT('Ctrl Pts',(-14.7640508225939,0.975048841524254,0.));
#4860=CARTESIAN_POINT('Ctrl Pts',(-14.8177937917346,0.934884672615645,0.));
#4861=CARTESIAN_POINT('Ctrl Pts',(-14.871378462016,0.894255454003793,0.));
#4862=CARTESIAN_POINT('Ctrl Pts',(-14.9141194044763,0.861380978645836,0.));
#4863=CARTESIAN_POINT('Ctrl Pts',(-14.9461038077397,0.836516693156125,0.));
#4864=CARTESIAN_POINT('Ctrl Pts',(-14.9673950633651,0.819847898483228,0.));
#4865=CARTESIAN_POINT('Ctrl Pts',(-14.9780327712028,0.811490350061015,0.));
#4866=CARTESIAN_POINT('Ctrl Pts',(-11.0256245489122,2.36448582122455,15.8));
#4867=CARTESIAN_POINT('Ctrl Pts',(-11.0417756380504,2.36793768907237,15.8));
#4868=CARTESIAN_POINT('Ctrl Pts',(-11.0579987803507,2.370843524147,15.8));
#4869=CARTESIAN_POINT('Ctrl Pts',(-11.0742904802349,2.37323234378625,15.8));
#4870=CARTESIAN_POINT('Ctrl Pts',(-11.0926769795743,2.37592831971457,15.8));
#4871=CARTESIAN_POINT('Ctrl Pts',(-11.1111507221443,2.3779665143625,15.8));
#4872=CARTESIAN_POINT('Ctrl Pts',(-11.1296985486483,2.37945535381123,15.8));
#4873=CARTESIAN_POINT('Ctrl Pts',(-11.1635447171171,2.38217219563599,15.8));
#4874=CARTESIAN_POINT('Ctrl Pts',(-11.1976373143314,2.38306434041877,15.8));
#4875=CARTESIAN_POINT('Ctrl Pts',(-11.231865756122,2.38302358041876,15.8));
#4876=CARTESIAN_POINT('Ctrl Pts',(-11.2514337939058,2.3830002783583,15.8));
#4877=CARTESIAN_POINT('Ctrl Pts',(-11.2710457317097,2.38267563896894,15.8));
#4878=CARTESIAN_POINT('Ctrl Pts',(-11.2906842655759,2.38218142209713,15.8));
#4879=CARTESIAN_POINT('Ctrl Pts',(-11.3086964296005,2.38172813391283,15.8));
#4880=CARTESIAN_POINT('Ctrl Pts',(-11.3267309269626,2.38113245543804,15.8));
#4881=CARTESIAN_POINT('Ctrl Pts',(-11.3447800331617,2.38044456763756,15.8));
#4882=CARTESIAN_POINT('Ctrl Pts',(-11.3650096089206,2.37967357774919,15.8));
#4883=CARTESIAN_POINT('Ctrl Pts',(-11.3852576090957,2.37878601814659,15.8));
#4884=CARTESIAN_POINT('Ctrl Pts',(-11.4055202689302,2.37778877412649,15.8));
#4885=CARTESIAN_POINT('Ctrl Pts',(-11.4308240633378,2.37654342638514,15.8));
#4886=CARTESIAN_POINT('Ctrl Pts',(-11.4561508062849,2.37512590264751,15.8));
#4887=CARTESIAN_POINT('Ctrl Pts',(-11.4815027318475,2.37346735232829,15.8));
#4888=CARTESIAN_POINT('Ctrl Pts',(-11.5075265086781,2.37176484877433,15.8));
#4889=CARTESIAN_POINT('Ctrl Pts',(-11.5335774971273,2.36980190181808,15.8));
#4890=CARTESIAN_POINT('Ctrl Pts',(-11.5596605639273,2.36749117992419,15.8));
#4891=CARTESIAN_POINT('Ctrl Pts',(-11.5836653843182,2.36536457171277,15.8));
#4892=CARTESIAN_POINT('Ctrl Pts',(-11.6076975690142,2.36294173137994,15.8));
#4893=CARTESIAN_POINT('Ctrl Pts',(-11.6317564194108,2.36020488518536,15.8));
#4894=CARTESIAN_POINT('Ctrl Pts',(-11.6609927833889,2.35687906411836,15.8));
#4895=CARTESIAN_POINT('Ctrl Pts',(-11.6902683762846,2.35309096125866,15.8));
#4896=CARTESIAN_POINT('Ctrl Pts',(-11.7195739514157,2.34889533919613,15.8));
#4897=CARTESIAN_POINT('Ctrl Pts',(-11.7542277860291,2.34393401724955,15.8));
#4898=CARTESIAN_POINT('Ctrl Pts',(-11.7889228969914,2.33840946555906,15.8));
#4899=CARTESIAN_POINT('Ctrl Pts',(-11.8236398795557,2.33246163505709,15.8));
#4900=CARTESIAN_POINT('Ctrl Pts',(-11.852476705141,2.32752121287382,15.8));
#4901=CARTESIAN_POINT('Ctrl Pts',(-11.8813284008091,2.32229119074407,15.8));
#4902=CARTESIAN_POINT('Ctrl Pts',(-11.9101881031687,2.31681094789843,15.8));
#4903=CARTESIAN_POINT('Ctrl Pts',(-11.9454974498756,2.31010596555787,15.8));
#4904=CARTESIAN_POINT('Ctrl Pts',(-11.9808188949805,2.30302517660242,15.8));
#4905=CARTESIAN_POINT('Ctrl Pts',(-12.0161483688986,2.29555753569395,15.8));
#4906=CARTESIAN_POINT('Ctrl Pts',(-12.0558023009857,2.28717582794134,15.8));
#4907=CARTESIAN_POINT('Ctrl Pts',(-12.0954669956165,2.27830008542508,15.8));
#4908=CARTESIAN_POINT('Ctrl Pts',(-12.1351401714614,2.26888472120318,15.8));
#4909=CARTESIAN_POINT('Ctrl Pts',(-12.1739932770176,2.2596639786694,15.8));
#4910=CARTESIAN_POINT('Ctrl Pts',(-12.2128546731746,2.24992417057978,15.8));
#4911=CARTESIAN_POINT('Ctrl Pts',(-12.2517171027875,2.2396794908062,15.8));
#4912=CARTESIAN_POINT('Ctrl Pts',(-12.3101970174441,2.2242633677071,15.8));
#4913=CARTESIAN_POINT('Ctrl Pts',(-12.3686783431219,2.20771297184095,15.8));
#4914=CARTESIAN_POINT('Ctrl Pts',(-12.4271284609064,2.19017237485536,15.8));
#4915=CARTESIAN_POINT('Ctrl Pts',(-12.4758789563999,2.17554258749626,15.8));
#4916=CARTESIAN_POINT('Ctrl Pts',(-12.5246076844248,2.16022494396026,15.8));
#4917=CARTESIAN_POINT('Ctrl Pts',(-12.5733025768695,2.14423954724287,15.8));
#4918=CARTESIAN_POINT('Ctrl Pts',(-12.6358224558872,2.12371573008983,15.8));
#4919=CARTESIAN_POINT('Ctrl Pts',(-12.6982874021922,2.10208221036617,15.8));
#4920=CARTESIAN_POINT('Ctrl Pts',(-12.7606768171184,2.07934286393975,15.8));
#4921=CARTESIAN_POINT('Ctrl Pts',(-12.8560445167979,2.04458377598443,15.8));
#4922=CARTESIAN_POINT('Ctrl Pts',(-12.9512346535632,2.007249481987,15.8));
#4923=CARTESIAN_POINT('Ctrl Pts',(-13.046160921481,1.96753505369859,15.8));
#4924=CARTESIAN_POINT('Ctrl Pts',(-13.1635906707834,1.91840581413304,15.8));
#4925=CARTESIAN_POINT('Ctrl Pts',(-13.2806173492599,1.86562705181942,15.8));
#4926=CARTESIAN_POINT('Ctrl Pts',(-13.3971076351667,1.80935429522659,15.8));
#4927=CARTESIAN_POINT('Ctrl Pts',(-13.503228937984,1.75809046497441,15.8));
#4928=CARTESIAN_POINT('Ctrl Pts',(-13.6089040453277,1.70393562482554,15.8));
#4929=CARTESIAN_POINT('Ctrl Pts',(-13.7140373041931,1.64702513167939,15.8));
#4930=CARTESIAN_POINT('Ctrl Pts',(-13.8582214726025,1.56897569026945,15.8));
#4931=CARTESIAN_POINT('Ctrl Pts',(-14.0013882575699,1.48573269617855,15.8));
#4932=CARTESIAN_POINT('Ctrl Pts',(-14.1433054569074,1.39756849161709,15.8));
#4933=CARTESIAN_POINT('Ctrl Pts',(-14.2668685231999,1.32080655223476,15.8));
#4934=CARTESIAN_POINT('Ctrl Pts',(-14.3894897017981,1.24031253492736,15.8));
#4935=CARTESIAN_POINT('Ctrl Pts',(-14.5110296868626,1.15624028800952,15.8));
#4936=CARTESIAN_POINT('Ctrl Pts',(-14.5958749907864,1.09755066962982,15.8));
#4937=CARTESIAN_POINT('Ctrl Pts',(-14.680187412088,1.03712020301691,15.8));
#4938=CARTESIAN_POINT('Ctrl Pts',(-14.7639233974431,0.974997458745332,15.8));
#4939=CARTESIAN_POINT('Ctrl Pts',(-14.8357153774057,0.921735831822871,15.8));
#4940=CARTESIAN_POINT('Ctrl Pts',(-14.907085726268,0.867230117734948,15.8));
#4941=CARTESIAN_POINT('Ctrl Pts',(-14.9780327712028,0.811490350061015,15.8));
#4942=CARTESIAN_POINT('Ctrl Pts',(-11.1648788707474,10.0172582119562,0.));
#4943=CARTESIAN_POINT('Ctrl Pts',(-11.1648788707474,10.0172582119562,24.5));
#4944=CARTESIAN_POINT('Ctrl Pts',(-11.1632665545625,10.0038265374445,0.));
#4945=CARTESIAN_POINT('Ctrl Pts',(-11.1632665545625,10.0038265374445,24.5));
#4946=CARTESIAN_POINT('Ctrl Pts',(-11.1599979810773,9.97698472846438,0.));
#4947=CARTESIAN_POINT('Ctrl Pts',(-11.1599979810773,9.97698472846438,24.5));
#4948=CARTESIAN_POINT('Ctrl Pts',(-11.1549632975166,9.93678663514549,0.));
#4949=CARTESIAN_POINT('Ctrl Pts',(-11.1549632975166,9.93678663514549,24.5));
#4950=CARTESIAN_POINT('Ctrl Pts',(-11.1479866517222,9.88331846044396,0.));
#4951=CARTESIAN_POINT('Ctrl Pts',(-11.1479866517222,9.88331846044396,24.5));
#4952=CARTESIAN_POINT('Ctrl Pts',(-11.1388257639934,9.8166991807256,0.));
#4953=CARTESIAN_POINT('Ctrl Pts',(-11.1388257639934,9.8166991807256,24.5));
#4954=CARTESIAN_POINT('Ctrl Pts',(-11.1292241022689,9.75029680660911,0.));
#4955=CARTESIAN_POINT('Ctrl Pts',(-11.1292241022689,9.75029680660911,24.5));
#4956=CARTESIAN_POINT('Ctrl Pts',(-11.1191809441572,9.68411295474821,0.));
#4957=CARTESIAN_POINT('Ctrl Pts',(-11.1191809441572,9.68411295474821,24.5));
#4958=CARTESIAN_POINT('Ctrl Pts',(-11.1086956692985,9.61815001777042,0.));
#4959=CARTESIAN_POINT('Ctrl Pts',(-11.1086956692985,9.61815001777042,24.5));
#4960=CARTESIAN_POINT('Ctrl Pts',(-11.0977679250413,9.55241134812119,0.));
#4961=CARTESIAN_POINT('Ctrl Pts',(-11.0977679250413,9.55241134812119,24.5));
#4962=CARTESIAN_POINT('Ctrl Pts',(-11.0863975839517,9.48690106698422,0.));
#4963=CARTESIAN_POINT('Ctrl Pts',(-11.0863975839517,9.48690106698422,24.5));
#4964=CARTESIAN_POINT('Ctrl Pts',(-11.0745846504081,9.42162378152888,0.));
#4965=CARTESIAN_POINT('Ctrl Pts',(-11.0745846504081,9.42162378152888,24.5));
#4966=CARTESIAN_POINT('Ctrl Pts',(-11.0623291854577,9.35658432160457,0.));
#4967=CARTESIAN_POINT('Ctrl Pts',(-11.0623291854577,9.35658432160457,24.5));
#4968=CARTESIAN_POINT('Ctrl Pts',(-11.0496312325555,9.29178749124818,0.));
#4969=CARTESIAN_POINT('Ctrl Pts',(-11.0496312325555,9.29178749124818,24.5));
#4970=CARTESIAN_POINT('Ctrl Pts',(-11.0364907333604,9.22723775163201,0.));
#4971=CARTESIAN_POINT('Ctrl Pts',(-11.0364907333604,9.22723775163201,24.5));
#4972=CARTESIAN_POINT('Ctrl Pts',(-11.0229075100097,9.16293920839226,0.));
#4973=CARTESIAN_POINT('Ctrl Pts',(-11.0229075100097,9.16293920839226,24.5));
#4974=CARTESIAN_POINT('Ctrl Pts',(-11.0088812927272,9.09889579600696,0.));
#4975=CARTESIAN_POINT('Ctrl Pts',(-11.0088812927272,9.09889579600696,24.5));
#4976=CARTESIAN_POINT('Ctrl Pts',(-10.9944117371063,9.03511140655915,0.));
#4977=CARTESIAN_POINT('Ctrl Pts',(-10.9944117371063,9.03511140655915,24.5));
#4978=CARTESIAN_POINT('Ctrl Pts',(-10.9794984477945,8.97159002738931,0.));
#4979=CARTESIAN_POINT('Ctrl Pts',(-10.9794984477945,8.97159002738931,24.5));
#4980=CARTESIAN_POINT('Ctrl Pts',(-10.9641410051248,8.90833590256639,0.));
#4981=CARTESIAN_POINT('Ctrl Pts',(-10.9641410051248,8.90833590256639,24.5));
#4982=CARTESIAN_POINT('Ctrl Pts',(-10.9483389843117,8.84535357316641,0.));
#4983=CARTESIAN_POINT('Ctrl Pts',(-10.9483389843117,8.84535357316641,24.5));
#4984=CARTESIAN_POINT('Ctrl Pts',(-10.9320919618144,8.78264776348025,0.));
#4985=CARTESIAN_POINT('Ctrl Pts',(-10.9320919618144,8.78264776348025,24.5));
#4986=CARTESIAN_POINT('Ctrl Pts',(-10.9153995299087,8.72022330092875,0.));
#4987=CARTESIAN_POINT('Ctrl Pts',(-10.9153995299087,8.72022330092875,24.5));
#4988=CARTESIAN_POINT('Ctrl Pts',(-10.8982613069501,8.6580850298246,0.));
#4989=CARTESIAN_POINT('Ctrl Pts',(-10.8982613069501,8.6580850298246,24.5));
#4990=CARTESIAN_POINT('Ctrl Pts',(-10.8806769629814,8.59623770324955,0.));
#4991=CARTESIAN_POINT('Ctrl Pts',(-10.8806769629814,8.59623770324955,24.5));
#4992=CARTESIAN_POINT('Ctrl Pts',(-10.8626462085727,8.53468595666125,0.));
#4993=CARTESIAN_POINT('Ctrl Pts',(-10.8626462085727,8.53468595666125,24.5));
#4994=CARTESIAN_POINT('Ctrl Pts',(-10.8441687082253,8.47343445672274,0.));
#4995=CARTESIAN_POINT('Ctrl Pts',(-10.8441687082253,8.47343445672274,24.5));
#4996=CARTESIAN_POINT('Ctrl Pts',(-10.8252440086756,8.41248801655545,0.));
#4997=CARTESIAN_POINT('Ctrl Pts',(-10.8252440086756,8.41248801655545,24.5));
#4998=CARTESIAN_POINT('Ctrl Pts',(-10.8058714720225,8.35185171142567,0.));
#4999=CARTESIAN_POINT('Ctrl Pts',(-10.8058714720225,8.35185171142567,24.5));
#5000=CARTESIAN_POINT('Ctrl Pts',(-10.7860501917607,8.29153101830014,0.));
#5001=CARTESIAN_POINT('Ctrl Pts',(-10.7860501917607,8.29153101830014,24.5));
#5002=CARTESIAN_POINT('Ctrl Pts',(-10.7657789753902,8.23153186261626,0.));
#5003=CARTESIAN_POINT('Ctrl Pts',(-10.7657789753902,8.23153186261626,24.5));
#5004=CARTESIAN_POINT('Ctrl Pts',(-10.7450565333258,8.171860368585,0.));
#5005=CARTESIAN_POINT('Ctrl Pts',(-10.7450565333258,8.171860368585,24.5));
#5006=CARTESIAN_POINT('Ctrl Pts',(-10.7238816431083,8.11252264865695,0.));
#5007=CARTESIAN_POINT('Ctrl Pts',(-10.7238816431083,8.11252264865695,24.5));
#5008=CARTESIAN_POINT('Ctrl Pts',(-10.702253310704,8.05352459502063,0.));
#5009=CARTESIAN_POINT('Ctrl Pts',(-10.702253310704,8.05352459502063,24.5));
#5010=CARTESIAN_POINT('Ctrl Pts',(-10.6801709741526,7.99487162105994,0.));
#5011=CARTESIAN_POINT('Ctrl Pts',(-10.6801709741526,7.99487162105994,24.5));
#5012=CARTESIAN_POINT('Ctrl Pts',(-10.6576345801824,7.93656856101569,0.));
#5013=CARTESIAN_POINT('Ctrl Pts',(-10.6576345801824,7.93656856101569,24.5));
#5014=CARTESIAN_POINT('Ctrl Pts',(-10.6346440977368,7.87862026961238,0.));
#5015=CARTESIAN_POINT('Ctrl Pts',(-10.6346440977368,7.87862026961238,24.5));
#5016=CARTESIAN_POINT('Ctrl Pts',(-10.6111990974544,7.82103214064694,0.));
#5017=CARTESIAN_POINT('Ctrl Pts',(-10.6111990974544,7.82103214064694,24.5));
#5018=CARTESIAN_POINT('Ctrl Pts',(-10.5872983415458,7.76381061453861,0.));
#5019=CARTESIAN_POINT('Ctrl Pts',(-10.5872983415458,7.76381061453861,24.5));
#5020=CARTESIAN_POINT('Ctrl Pts',(-10.5629392937921,7.70696378441396,0.));
#5021=CARTESIAN_POINT('Ctrl Pts',(-10.5629392937921,7.70696378441396,24.5));
#5022=CARTESIAN_POINT('Ctrl Pts',(-10.5381178968087,7.65050167642496,0.));
#5023=CARTESIAN_POINT('Ctrl Pts',(-10.5381178968087,7.65050167642496,24.5));
#5024=CARTESIAN_POINT('Ctrl Pts',(-10.5128296614283,7.59443492554977,0.));
#5025=CARTESIAN_POINT('Ctrl Pts',(-10.5128296614283,7.59443492554977,24.5));
#5026=CARTESIAN_POINT('Ctrl Pts',(-10.4870706306614,7.53877360623659,0.));
#5027=CARTESIAN_POINT('Ctrl Pts',(-10.4870706306614,7.53877360623659,24.5));
#5028=CARTESIAN_POINT('Ctrl Pts',(-10.4608383083978,7.4835261063746,0.));
#5029=CARTESIAN_POINT('Ctrl Pts',(-10.4608383083978,7.4835261063746,24.5));
#5030=CARTESIAN_POINT('Ctrl Pts',(-10.4341328138951,7.42869772793219,0.));
#5031=CARTESIAN_POINT('Ctrl Pts',(-10.4341328138951,7.42869772793219,24.5));
#5032=CARTESIAN_POINT('Ctrl Pts',(-10.4069573311669,7.37429014571276,0.));
#5033=CARTESIAN_POINT('Ctrl Pts',(-10.4069573311669,7.37429014571276,24.5));
#5034=CARTESIAN_POINT('Ctrl Pts',(-10.3793154434462,7.32030465448374,0.));
#5035=CARTESIAN_POINT('Ctrl Pts',(-10.3793154434462,7.32030465448374,24.5));
#5036=CARTESIAN_POINT('Ctrl Pts',(-10.3512087764739,7.26674504131101,0.));
#5037=CARTESIAN_POINT('Ctrl Pts',(-10.3512087764739,7.26674504131101,24.5));
#5038=CARTESIAN_POINT('Ctrl Pts',(-10.3226347826877,7.21362028785989,0.));
#5039=CARTESIAN_POINT('Ctrl Pts',(-10.3226347826877,7.21362028785989,24.5));
#5040=CARTESIAN_POINT('Ctrl Pts',(-10.2935838527183,7.16094809046765,0.));
#5041=CARTESIAN_POINT('Ctrl Pts',(-10.2935838527183,7.16094809046765,24.5));
#5042=CARTESIAN_POINT('Ctrl Pts',(-10.2640385897913,7.10875575414653,0.));
#5043=CARTESIAN_POINT('Ctrl Pts',(-10.2640385897913,7.10875575414653,24.5));
#5044=CARTESIAN_POINT('Ctrl Pts',(-10.233980050114,7.05707262757822,0.));
#5045=CARTESIAN_POINT('Ctrl Pts',(-10.233980050114,7.05707262757822,24.5));
#5046=CARTESIAN_POINT('Ctrl Pts',(-10.2033932259489,7.00592345797743,0.));
#5047=CARTESIAN_POINT('Ctrl Pts',(-10.2033932259489,7.00592345797743,24.5));
#5048=CARTESIAN_POINT('Ctrl Pts',(-10.1722720120414,6.95532237576042,0.));
#5049=CARTESIAN_POINT('Ctrl Pts',(-10.1722720120414,6.95532237576042,24.5));
#5050=CARTESIAN_POINT('Ctrl Pts',(-10.1406263579588,6.90526422142108,0.));
#5051=CARTESIAN_POINT('Ctrl Pts',(-10.1406263579588,6.90526422142108,24.5));
#5052=CARTESIAN_POINT('Ctrl Pts',(-10.1084821462605,6.85572471943736,0.));
#5053=CARTESIAN_POINT('Ctrl Pts',(-10.1084821462605,6.85572471943736,24.5));
#5054=CARTESIAN_POINT('Ctrl Pts',(-10.0758659450876,6.80667904888558,0.));
#5055=CARTESIAN_POINT('Ctrl Pts',(-10.0758659450876,6.80667904888558,24.5));
#5056=CARTESIAN_POINT('Ctrl Pts',(-10.042791720822,6.75811802889227,0.));
#5057=CARTESIAN_POINT('Ctrl Pts',(-10.042791720822,6.75811802889227,24.5));
#5058=CARTESIAN_POINT('Ctrl Pts',(-10.0092491987884,6.71006230561942,0.));
#5059=CARTESIAN_POINT('Ctrl Pts',(-10.0092491987884,6.71006230561942,24.5));
#5060=CARTESIAN_POINT('Ctrl Pts',(-9.97518561269166,6.66258456777074,0.));
#5061=CARTESIAN_POINT('Ctrl Pts',(-9.97518561269166,6.66258456777074,24.5));
#5062=CARTESIAN_POINT('Ctrl Pts',(-9.94051156970512,6.61580248173051,0.));
#5063=CARTESIAN_POINT('Ctrl Pts',(-9.94051156970512,6.61580248173051,24.5));
#5064=CARTESIAN_POINT('Ctrl Pts',(-9.9051363735575,6.56983589259671,0.));
#5065=CARTESIAN_POINT('Ctrl Pts',(-9.9051363735575,6.56983589259671,24.5));
#5066=CARTESIAN_POINT('Ctrl Pts',(-9.86899893310246,6.52476933308364,0.));
#5067=CARTESIAN_POINT('Ctrl Pts',(-9.86899893310246,6.52476933308364,24.5));
#5068=CARTESIAN_POINT('Ctrl Pts',(-9.83209401255972,6.4806203079553,0.));
#5069=CARTESIAN_POINT('Ctrl Pts',(-9.83209401255972,6.4806203079553,24.5));
#5070=CARTESIAN_POINT('Ctrl Pts',(-9.79451658077793,6.43728531347168,0.));
#5071=CARTESIAN_POINT('Ctrl Pts',(-9.79451658077793,6.43728531347168,24.5));
#5072=CARTESIAN_POINT('Ctrl Pts',(-9.75642696291411,6.39458319460692,0.));
#5073=CARTESIAN_POINT('Ctrl Pts',(-9.75642696291411,6.39458319460692,24.5));
#5074=CARTESIAN_POINT('Ctrl Pts',(-9.71796419593371,6.35236208517566,0.));
#5075=CARTESIAN_POINT('Ctrl Pts',(-9.71796419593371,6.35236208517566,24.5));
#5076=CARTESIAN_POINT('Ctrl Pts',(-9.67917026561463,6.31059310877252,0.));
#5077=CARTESIAN_POINT('Ctrl Pts',(-9.67917026561463,6.31059310877252,24.5));
#5078=CARTESIAN_POINT('Ctrl Pts',(-9.63991976501199,6.26945712769042,0.));
#5079=CARTESIAN_POINT('Ctrl Pts',(-9.63991976501199,6.26945712769042,24.5));
#5080=CARTESIAN_POINT('Ctrl Pts',(-9.5998212167881,6.22946706074655,0.));
#5081=CARTESIAN_POINT('Ctrl Pts',(-9.5998212167881,6.22946706074655,24.5));
#5082=CARTESIAN_POINT('Ctrl Pts',(-9.55831498554002,6.19134387883907,0.));
#5083=CARTESIAN_POINT('Ctrl Pts',(-9.55831498554002,6.19134387883907,24.5));
#5084=CARTESIAN_POINT('Ctrl Pts',(-9.52352335259073,6.16292848758565,0.));
#5085=CARTESIAN_POINT('Ctrl Pts',(-9.52352335259073,6.16292848758565,24.5));
#5086=CARTESIAN_POINT('Ctrl Pts',(-9.49633101146905,6.14305173527551,0.));
#5087=CARTESIAN_POINT('Ctrl Pts',(-9.49633101146905,6.14305173527551,24.5));
#5088=CARTESIAN_POINT('Ctrl Pts',(-9.47768802759303,6.13047196160965,0.));
#5089=CARTESIAN_POINT('Ctrl Pts',(-9.47768802759303,6.13047196160965,24.5));
#5090=CARTESIAN_POINT('Ctrl Pts',(-9.46823784355998,6.12434992714535,0.));
#5091=CARTESIAN_POINT('Ctrl Pts',(-9.46823784355998,6.12434992714535,24.5));
#5092=CARTESIAN_POINT('',(-11.1648788707474,10.0172582119562,0.));
#5093=CARTESIAN_POINT('Ctrl Pts',(-9.46823784355998,6.12434992714535,0.));
#5094=CARTESIAN_POINT('Ctrl Pts',(-9.47768802759303,6.13047196160965,0.));
#5095=CARTESIAN_POINT('Ctrl Pts',(-9.49633101146905,6.14305173527551,0.));
#5096=CARTESIAN_POINT('Ctrl Pts',(-9.52352335259073,6.16292848758565,0.));
#5097=CARTESIAN_POINT('Ctrl Pts',(-9.55831498554002,6.19134387883907,0.));
#5098=CARTESIAN_POINT('Ctrl Pts',(-9.5998212167881,6.22946706074655,0.));
#5099=CARTESIAN_POINT('Ctrl Pts',(-9.63991976501199,6.26945712769042,0.));
#5100=CARTESIAN_POINT('Ctrl Pts',(-9.67917026561463,6.31059310877252,0.));
#5101=CARTESIAN_POINT('Ctrl Pts',(-9.71796419593371,6.35236208517566,0.));
#5102=CARTESIAN_POINT('Ctrl Pts',(-9.75642696291411,6.39458319460692,0.));
#5103=CARTESIAN_POINT('Ctrl Pts',(-9.79451658077793,6.43728531347168,0.));
#5104=CARTESIAN_POINT('Ctrl Pts',(-9.83209401255972,6.4806203079553,0.));
#5105=CARTESIAN_POINT('Ctrl Pts',(-9.86899893310246,6.52476933308364,0.));
#5106=CARTESIAN_POINT('Ctrl Pts',(-9.9051363735575,6.56983589259671,0.));
#5107=CARTESIAN_POINT('Ctrl Pts',(-9.94051156970512,6.61580248173051,0.));
#5108=CARTESIAN_POINT('Ctrl Pts',(-9.97518561269166,6.66258456777074,0.));
#5109=CARTESIAN_POINT('Ctrl Pts',(-10.0092491987884,6.71006230561942,0.));
#5110=CARTESIAN_POINT('Ctrl Pts',(-10.042791720822,6.75811802889227,0.));
#5111=CARTESIAN_POINT('Ctrl Pts',(-10.0758659450876,6.80667904888558,0.));
#5112=CARTESIAN_POINT('Ctrl Pts',(-10.1084821462605,6.85572471943736,0.));
#5113=CARTESIAN_POINT('Ctrl Pts',(-10.1406263579588,6.90526422142108,0.));
#5114=CARTESIAN_POINT('Ctrl Pts',(-10.1722720120414,6.95532237576042,0.));
#5115=CARTESIAN_POINT('Ctrl Pts',(-10.2033932259489,7.00592345797743,0.));
#5116=CARTESIAN_POINT('Ctrl Pts',(-10.233980050114,7.05707262757822,0.));
#5117=CARTESIAN_POINT('Ctrl Pts',(-10.2640385897913,7.10875575414653,0.));
#5118=CARTESIAN_POINT('Ctrl Pts',(-10.2935838527183,7.16094809046765,0.));
#5119=CARTESIAN_POINT('Ctrl Pts',(-10.3226347826877,7.21362028785989,0.));
#5120=CARTESIAN_POINT('Ctrl Pts',(-10.3512087764739,7.26674504131101,0.));
#5121=CARTESIAN_POINT('Ctrl Pts',(-10.3793154434462,7.32030465448374,0.));
#5122=CARTESIAN_POINT('Ctrl Pts',(-10.4069573311669,7.37429014571276,0.));
#5123=CARTESIAN_POINT('Ctrl Pts',(-10.4341328138951,7.42869772793219,0.));
#5124=CARTESIAN_POINT('Ctrl Pts',(-10.4608383083978,7.4835261063746,0.));
#5125=CARTESIAN_POINT('Ctrl Pts',(-10.4870706306614,7.53877360623659,0.));
#5126=CARTESIAN_POINT('Ctrl Pts',(-10.5128296614283,7.59443492554977,0.));
#5127=CARTESIAN_POINT('Ctrl Pts',(-10.5381178968087,7.65050167642496,0.));
#5128=CARTESIAN_POINT('Ctrl Pts',(-10.5629392937921,7.70696378441396,0.));
#5129=CARTESIAN_POINT('Ctrl Pts',(-10.5872983415458,7.76381061453861,0.));
#5130=CARTESIAN_POINT('Ctrl Pts',(-10.6111990974544,7.82103214064694,0.));
#5131=CARTESIAN_POINT('Ctrl Pts',(-10.6346440977368,7.87862026961238,0.));
#5132=CARTESIAN_POINT('Ctrl Pts',(-10.6576345801824,7.93656856101569,0.));
#5133=CARTESIAN_POINT('Ctrl Pts',(-10.6801709741526,7.99487162105994,0.));
#5134=CARTESIAN_POINT('Ctrl Pts',(-10.702253310704,8.05352459502063,0.));
#5135=CARTESIAN_POINT('Ctrl Pts',(-10.7238816431083,8.11252264865695,0.));
#5136=CARTESIAN_POINT('Ctrl Pts',(-10.7450565333258,8.171860368585,0.));
#5137=CARTESIAN_POINT('Ctrl Pts',(-10.7657789753902,8.23153186261626,0.));
#5138=CARTESIAN_POINT('Ctrl Pts',(-10.7860501917607,8.29153101830014,0.));
#5139=CARTESIAN_POINT('Ctrl Pts',(-10.8058714720225,8.35185171142567,0.));
#5140=CARTESIAN_POINT('Ctrl Pts',(-10.8252440086756,8.41248801655545,0.));
#5141=CARTESIAN_POINT('Ctrl Pts',(-10.8441687082253,8.47343445672274,0.));
#5142=CARTESIAN_POINT('Ctrl Pts',(-10.8626462085727,8.53468595666125,0.));
#5143=CARTESIAN_POINT('Ctrl Pts',(-10.8806769629814,8.59623770324955,0.));
#5144=CARTESIAN_POINT('Ctrl Pts',(-10.8982613069501,8.6580850298246,0.));
#5145=CARTESIAN_POINT('Ctrl Pts',(-10.9153995299087,8.72022330092875,0.));
#5146=CARTESIAN_POINT('Ctrl Pts',(-10.9320919618144,8.78264776348025,0.));
#5147=CARTESIAN_POINT('Ctrl Pts',(-10.9483389843117,8.84535357316641,0.));
#5148=CARTESIAN_POINT('Ctrl Pts',(-10.9641410051248,8.90833590256639,0.));
#5149=CARTESIAN_POINT('Ctrl Pts',(-10.9794984477945,8.97159002738931,0.));
#5150=CARTESIAN_POINT('Ctrl Pts',(-10.9944117371063,9.03511140655915,0.));
#5151=CARTESIAN_POINT('Ctrl Pts',(-11.0088812927272,9.09889579600696,0.));
#5152=CARTESIAN_POINT('Ctrl Pts',(-11.0229075100097,9.16293920839226,0.));
#5153=CARTESIAN_POINT('Ctrl Pts',(-11.0364907333604,9.22723775163201,0.));
#5154=CARTESIAN_POINT('Ctrl Pts',(-11.0496312325555,9.29178749124818,0.));
#5155=CARTESIAN_POINT('Ctrl Pts',(-11.0623291854577,9.35658432160457,0.));
#5156=CARTESIAN_POINT('Ctrl Pts',(-11.0745846504081,9.42162378152888,0.));
#5157=CARTESIAN_POINT('Ctrl Pts',(-11.0863975839517,9.48690106698422,0.));
#5158=CARTESIAN_POINT('Ctrl Pts',(-11.0977679250413,9.55241134812119,0.));
#5159=CARTESIAN_POINT('Ctrl Pts',(-11.1086956692985,9.61815001777042,0.));
#5160=CARTESIAN_POINT('Ctrl Pts',(-11.1191809441572,9.68411295474821,0.));
#5161=CARTESIAN_POINT('Ctrl Pts',(-11.1292241022689,9.75029680660911,0.));
#5162=CARTESIAN_POINT('Ctrl Pts',(-11.1388257639934,9.8166991807256,0.));
#5163=CARTESIAN_POINT('Ctrl Pts',(-11.1479866517222,9.88331846044396,0.));
#5164=CARTESIAN_POINT('Ctrl Pts',(-11.1549632975166,9.93678663514549,0.));
#5165=CARTESIAN_POINT('Ctrl Pts',(-11.1599979810773,9.97698472846438,0.));
#5166=CARTESIAN_POINT('Ctrl Pts',(-11.1632665545625,10.0038265374445,0.));
#5167=CARTESIAN_POINT('Ctrl Pts',(-11.1648788707474,10.0172582119562,0.));
#5168=CARTESIAN_POINT('',(-11.1648788707474,10.0172582119562,15.8));
#5169=CARTESIAN_POINT('Ctrl Pts',(-11.1648788707474,10.0172582119562,15.8));
#5170=CARTESIAN_POINT('Ctrl Pts',(-11.152323387327,9.91266261946351,15.8));
#5171=CARTESIAN_POINT('Ctrl Pts',(-11.1381703542707,9.80884755549853,15.8));
#5172=CARTESIAN_POINT('Ctrl Pts',(-11.1224098718911,9.70582954584945,15.8));
#5173=CARTESIAN_POINT('Ctrl Pts',(-11.1037291144285,9.58372322916582,15.8));
#5174=CARTESIAN_POINT('Ctrl Pts',(-11.0827876166263,9.46273570691901,15.8));
#5175=CARTESIAN_POINT('Ctrl Pts',(-11.0595833756592,9.34299014483699,15.8));
#5176=CARTESIAN_POINT('Ctrl Pts',(-11.0288047982172,9.1841571943813,15.8));
#5177=CARTESIAN_POINT('Ctrl Pts',(-10.9940492809164,9.02751568014409,15.8));
#5178=CARTESIAN_POINT('Ctrl Pts',(-10.9552948371583,8.87333679450375,15.8));
#5179=CARTESIAN_POINT('Ctrl Pts',(-10.9191224509654,8.72943024719294,15.8));
#5180=CARTESIAN_POINT('Ctrl Pts',(-10.8794645237768,8.5876744101676,15.8));
#5181=CARTESIAN_POINT('Ctrl Pts',(-10.8363017718439,8.44832436242435,15.8));
#5182=CARTESIAN_POINT('Ctrl Pts',(-10.7915753708793,8.30392610627262,15.8));
#5183=CARTESIAN_POINT('Ctrl Pts',(-10.7430857779156,8.16210766953889,15.8));
#5184=CARTESIAN_POINT('Ctrl Pts',(-10.6907702264225,8.02321876840407,15.8));
#5185=CARTESIAN_POINT('Ctrl Pts',(-10.6624225584864,7.94796052612201,15.8));
#5186=CARTESIAN_POINT('Ctrl Pts',(-10.6329546736738,7.87355910248,15.8));
#5187=CARTESIAN_POINT('Ctrl Pts',(-10.602360835695,7.80006780958609,15.8));
#5188=CARTESIAN_POINT('Ctrl Pts',(-10.5679580574494,7.71742683285886,15.8));
#5189=CARTESIAN_POINT('Ctrl Pts',(-10.5321302937264,7.63593802511339,15.8));
#5190=CARTESIAN_POINT('Ctrl Pts',(-10.4948246720226,7.55573572871161,15.8));
#5191=CARTESIAN_POINT('Ctrl Pts',(-10.4672555507227,7.49646565795439,15.8));
#5192=CARTESIAN_POINT('Ctrl Pts',(-10.4388773276474,7.43790070623341,15.8));
#5193=CARTESIAN_POINT('Ctrl Pts',(-10.4097006352212,7.38005811287818,15.8));
#5194=CARTESIAN_POINT('Ctrl Pts',(-10.3875100459484,7.33606542128487,15.8));
#5195=CARTESIAN_POINT('Ctrl Pts',(-10.3648605694358,7.29248697444836,15.8));
#5196=CARTESIAN_POINT('Ctrl Pts',(-10.341748990527,7.24934070008013,15.8));
#5197=CARTESIAN_POINT('Ctrl Pts',(-10.3124567984967,7.19465603490959,15.8));
#5198=CARTESIAN_POINT('Ctrl Pts',(-10.2824232377718,7.14066436159376,15.8));
#5199=CARTESIAN_POINT('Ctrl Pts',(-10.2515674889832,7.08749434349906,15.8));
#5200=CARTESIAN_POINT('Ctrl Pts',(-10.2318618703643,7.05353800992547,15.8));
#5201=CARTESIAN_POINT('Ctrl Pts',(-10.2118183845105,7.01991991382632,15.8));
#5202=CARTESIAN_POINT('Ctrl Pts',(-10.1914296668688,6.98665752760355,15.8));
#5203=CARTESIAN_POINT('Ctrl Pts',(-10.166043558526,6.94524234126229,15.8));
#5204=CARTESIAN_POINT('Ctrl Pts',(-10.1401216657598,6.90437924463265,15.8));
#5205=CARTESIAN_POINT('Ctrl Pts',(-10.1137195606743,6.86401844507198,15.8));
#5206=CARTESIAN_POINT('Ctrl Pts',(-10.09552755055,6.83620838705366,15.8));
#5207=CARTESIAN_POINT('Ctrl Pts',(-10.0771103860384,6.80863338584437,15.8));
#5208=CARTESIAN_POINT('Ctrl Pts',(-10.0584746227358,6.78129179656967,15.8));
#5209=CARTESIAN_POINT('Ctrl Pts',(-10.0418551857401,6.75690847440914,15.8));
#5210=CARTESIAN_POINT('Ctrl Pts',(-10.0250626999619,6.73270981154141,15.8));
#5211=CARTESIAN_POINT('Ctrl Pts',(-10.0080727175396,6.70873035411644,15.8));
#5212=CARTESIAN_POINT('Ctrl Pts',(-9.98835423035652,6.68089991779603,15.8));
#5213=CARTESIAN_POINT('Ctrl Pts',(-9.96836732645623,6.65336762374123,15.8));
#5214=CARTESIAN_POINT('Ctrl Pts',(-9.94803429469262,6.62623618481367,15.8));
#5215=CARTESIAN_POINT('Ctrl Pts',(-9.93027448987544,6.60253833860142,15.8));
#5216=CARTESIAN_POINT('Ctrl Pts',(-9.91224767523527,6.57914989132213,15.8));
#5217=CARTESIAN_POINT('Ctrl Pts',(-9.89392154920345,6.55611625084019,15.8));
#5218=CARTESIAN_POINT('Ctrl Pts',(-9.87928459886014,6.53771944120489,15.8));
#5219=CARTESIAN_POINT('Ctrl Pts',(-9.86445631459594,6.5195494656031,15.8));
#5220=CARTESIAN_POINT('Ctrl Pts',(-9.84944805609454,6.50159599056906,15.8));
#5221=CARTESIAN_POINT('Ctrl Pts',(-9.82031583450342,6.46674686980175,15.8));
#5222=CARTESIAN_POINT('Ctrl Pts',(-9.79050612677995,6.4327117054842,15.8));
#5223=CARTESIAN_POINT('Ctrl Pts',(-9.76032979977603,6.39914525634557,15.8));
#5224=CARTESIAN_POINT('Ctrl Pts',(-9.7468223744485,6.3841203560258,15.8));
#5225=CARTESIAN_POINT('Ctrl Pts',(-9.73324226541597,6.3691886252344,15.8));
#5226=CARTESIAN_POINT('Ctrl Pts',(-9.71959758625291,6.35434455570932,15.8));
#5227=CARTESIAN_POINT('Ctrl Pts',(-9.70724045894475,6.34090121602352,15.8));
#5228=CARTESIAN_POINT('Ctrl Pts',(-9.69483080894187,6.32752924214813,15.8));
#5229=CARTESIAN_POINT('Ctrl Pts',(-9.68235002003045,6.31425543598388,15.8));
#5230=CARTESIAN_POINT('Ctrl Pts',(-9.66959893191161,6.30069415606208,15.8));
#5231=CARTESIAN_POINT('Ctrl Pts',(-9.65677391251985,6.28723495166299,15.8));
#5232=CARTESIAN_POINT('Ctrl Pts',(-9.64381897733798,6.27395149093028,15.8));
#5233=CARTESIAN_POINT('Ctrl Pts',(-9.62733067122941,6.25704505614944,15.8));
#5234=CARTESIAN_POINT('Ctrl Pts',(-9.61063104439565,6.24042446367899,15.8));
#5235=CARTESIAN_POINT('Ctrl Pts',(-9.59354615306168,6.22431397604061,15.8));
#5236=CARTESIAN_POINT('Ctrl Pts',(-9.57744148229581,6.20912780398824,15.8));
#5237=CARTESIAN_POINT('Ctrl Pts',(-9.5609906250008,6.19439974386756,15.8));
#5238=CARTESIAN_POINT('Ctrl Pts',(-9.54404726838302,6.18031705701417,15.8));
#5239=CARTESIAN_POINT('Ctrl Pts',(-9.53094329419822,6.16942552181589,15.8));
#5240=CARTESIAN_POINT('Ctrl Pts',(-9.51754424693229,6.15892060176369,15.8));
#5241=CARTESIAN_POINT('Ctrl Pts',(-9.50380240798467,6.1488631753704,15.8));
#5242=CARTESIAN_POINT('Ctrl Pts',(-9.49219562895394,6.14036836428946,15.8));
#5243=CARTESIAN_POINT('Ctrl Pts',(-9.48034431967344,6.13219276531111,15.8));
#5244=CARTESIAN_POINT('Ctrl Pts',(-9.46823784355998,6.12434992714535,15.8));
#5245=CARTESIAN_POINT('',(-11.1648788707474,10.0172582119562,0.));
#5246=CARTESIAN_POINT('Origin',(1.33928886725726E-12,-1.33928886725726E-12,
0.));
#5247=CARTESIAN_POINT('',(-10.0172582119562,11.1648788707474,0.));
#5248=CARTESIAN_POINT('Origin',(1.33928886725726E-12,-1.33928886725726E-12,
0.));
#5249=CARTESIAN_POINT('',(-10.0172582119562,11.1648788707474,15.8));
#5250=CARTESIAN_POINT('Origin',(1.33928886725726E-12,-1.33928886725726E-12,
15.8));
#5251=CARTESIAN_POINT('',(-10.0172582119562,11.1648788707474,0.));
#5252=CARTESIAN_POINT('Ctrl Pts',(-6.12434992714535,9.46823784355998,0.));
#5253=CARTESIAN_POINT('Ctrl Pts',(-6.12434992714535,9.46823784355998,24.5));
#5254=CARTESIAN_POINT('Ctrl Pts',(-6.13047196160965,9.47768802759303,0.));
#5255=CARTESIAN_POINT('Ctrl Pts',(-6.13047196160965,9.47768802759303,24.5));
#5256=CARTESIAN_POINT('Ctrl Pts',(-6.1430517352755,9.49633101146905,0.));
#5257=CARTESIAN_POINT('Ctrl Pts',(-6.1430517352755,9.49633101146905,24.5));
#5258=CARTESIAN_POINT('Ctrl Pts',(-6.16292848758565,9.52352335259073,0.));
#5259=CARTESIAN_POINT('Ctrl Pts',(-6.16292848758565,9.52352335259073,24.5));
#5260=CARTESIAN_POINT('Ctrl Pts',(-6.19134387883907,9.55831498554002,0.));
#5261=CARTESIAN_POINT('Ctrl Pts',(-6.19134387883907,9.55831498554002,24.5));
#5262=CARTESIAN_POINT('Ctrl Pts',(-6.22946706074655,9.59982121678811,0.));
#5263=CARTESIAN_POINT('Ctrl Pts',(-6.22946706074655,9.59982121678811,24.5));
#5264=CARTESIAN_POINT('Ctrl Pts',(-6.26945712769042,9.63991976501199,0.));
#5265=CARTESIAN_POINT('Ctrl Pts',(-6.26945712769042,9.63991976501199,24.5));
#5266=CARTESIAN_POINT('Ctrl Pts',(-6.31059310877251,9.67917026561463,0.));
#5267=CARTESIAN_POINT('Ctrl Pts',(-6.31059310877251,9.67917026561463,24.5));
#5268=CARTESIAN_POINT('Ctrl Pts',(-6.35236208517566,9.71796419593371,0.));
#5269=CARTESIAN_POINT('Ctrl Pts',(-6.35236208517566,9.71796419593371,24.5));
#5270=CARTESIAN_POINT('Ctrl Pts',(-6.39458319460692,9.75642696291411,0.));
#5271=CARTESIAN_POINT('Ctrl Pts',(-6.39458319460692,9.75642696291411,24.5));
#5272=CARTESIAN_POINT('Ctrl Pts',(-6.43728531347168,9.79451658077794,0.));
#5273=CARTESIAN_POINT('Ctrl Pts',(-6.43728531347168,9.79451658077794,24.5));
#5274=CARTESIAN_POINT('Ctrl Pts',(-6.4806203079553,9.83209401255972,0.));
#5275=CARTESIAN_POINT('Ctrl Pts',(-6.4806203079553,9.83209401255972,24.5));
#5276=CARTESIAN_POINT('Ctrl Pts',(-6.52476933308364,9.86899893310246,0.));
#5277=CARTESIAN_POINT('Ctrl Pts',(-6.52476933308364,9.86899893310246,24.5));
#5278=CARTESIAN_POINT('Ctrl Pts',(-6.56983589259671,9.9051363735575,0.));
#5279=CARTESIAN_POINT('Ctrl Pts',(-6.56983589259671,9.9051363735575,24.5));
#5280=CARTESIAN_POINT('Ctrl Pts',(-6.61580248173051,9.94051156970512,0.));
#5281=CARTESIAN_POINT('Ctrl Pts',(-6.61580248173051,9.94051156970512,24.5));
#5282=CARTESIAN_POINT('Ctrl Pts',(-6.66258456777074,9.97518561269166,0.));
#5283=CARTESIAN_POINT('Ctrl Pts',(-6.66258456777074,9.97518561269166,24.5));
#5284=CARTESIAN_POINT('Ctrl Pts',(-6.71006230561941,10.0092491987884,0.));
#5285=CARTESIAN_POINT('Ctrl Pts',(-6.71006230561941,10.0092491987884,24.5));
#5286=CARTESIAN_POINT('Ctrl Pts',(-6.75811802889227,10.042791720822,0.));
#5287=CARTESIAN_POINT('Ctrl Pts',(-6.75811802889227,10.042791720822,24.5));
#5288=CARTESIAN_POINT('Ctrl Pts',(-6.80667904888557,10.0758659450876,0.));
#5289=CARTESIAN_POINT('Ctrl Pts',(-6.80667904888557,10.0758659450876,24.5));
#5290=CARTESIAN_POINT('Ctrl Pts',(-6.85572471943735,10.1084821462605,0.));
#5291=CARTESIAN_POINT('Ctrl Pts',(-6.85572471943735,10.1084821462605,24.5));
#5292=CARTESIAN_POINT('Ctrl Pts',(-6.90526422142108,10.1406263579588,0.));
#5293=CARTESIAN_POINT('Ctrl Pts',(-6.90526422142108,10.1406263579588,24.5));
#5294=CARTESIAN_POINT('Ctrl Pts',(-6.95532237576041,10.1722720120414,0.));
#5295=CARTESIAN_POINT('Ctrl Pts',(-6.95532237576041,10.1722720120414,24.5));
#5296=CARTESIAN_POINT('Ctrl Pts',(-7.00592345797743,10.2033932259489,0.));
#5297=CARTESIAN_POINT('Ctrl Pts',(-7.00592345797743,10.2033932259489,24.5));
#5298=CARTESIAN_POINT('Ctrl Pts',(-7.05707262757822,10.233980050114,0.));
#5299=CARTESIAN_POINT('Ctrl Pts',(-7.05707262757822,10.233980050114,24.5));
#5300=CARTESIAN_POINT('Ctrl Pts',(-7.10875575414652,10.2640385897913,0.));
#5301=CARTESIAN_POINT('Ctrl Pts',(-7.10875575414652,10.2640385897913,24.5));
#5302=CARTESIAN_POINT('Ctrl Pts',(-7.16094809046765,10.2935838527183,0.));
#5303=CARTESIAN_POINT('Ctrl Pts',(-7.16094809046765,10.2935838527183,24.5));
#5304=CARTESIAN_POINT('Ctrl Pts',(-7.21362028785989,10.3226347826877,0.));
#5305=CARTESIAN_POINT('Ctrl Pts',(-7.21362028785989,10.3226347826877,24.5));
#5306=CARTESIAN_POINT('Ctrl Pts',(-7.26674504131101,10.3512087764739,0.));
#5307=CARTESIAN_POINT('Ctrl Pts',(-7.26674504131101,10.3512087764739,24.5));
#5308=CARTESIAN_POINT('Ctrl Pts',(-7.32030465448373,10.3793154434462,0.));
#5309=CARTESIAN_POINT('Ctrl Pts',(-7.32030465448373,10.3793154434462,24.5));
#5310=CARTESIAN_POINT('Ctrl Pts',(-7.37429014571276,10.4069573311669,0.));
#5311=CARTESIAN_POINT('Ctrl Pts',(-7.37429014571276,10.4069573311669,24.5));
#5312=CARTESIAN_POINT('Ctrl Pts',(-7.42869772793219,10.4341328138951,0.));
#5313=CARTESIAN_POINT('Ctrl Pts',(-7.42869772793219,10.4341328138951,24.5));
#5314=CARTESIAN_POINT('Ctrl Pts',(-7.48352610637459,10.4608383083978,0.));
#5315=CARTESIAN_POINT('Ctrl Pts',(-7.48352610637459,10.4608383083978,24.5));
#5316=CARTESIAN_POINT('Ctrl Pts',(-7.53877360623659,10.4870706306614,0.));
#5317=CARTESIAN_POINT('Ctrl Pts',(-7.53877360623659,10.4870706306614,24.5));
#5318=CARTESIAN_POINT('Ctrl Pts',(-7.59443492554977,10.5128296614283,0.));
#5319=CARTESIAN_POINT('Ctrl Pts',(-7.59443492554977,10.5128296614283,24.5));
#5320=CARTESIAN_POINT('Ctrl Pts',(-7.65050167642496,10.5381178968087,0.));
#5321=CARTESIAN_POINT('Ctrl Pts',(-7.65050167642496,10.5381178968087,24.5));
#5322=CARTESIAN_POINT('Ctrl Pts',(-7.70696378441396,10.5629392937921,0.));
#5323=CARTESIAN_POINT('Ctrl Pts',(-7.70696378441396,10.5629392937921,24.5));
#5324=CARTESIAN_POINT('Ctrl Pts',(-7.76381061453861,10.5872983415458,0.));
#5325=CARTESIAN_POINT('Ctrl Pts',(-7.76381061453861,10.5872983415458,24.5));
#5326=CARTESIAN_POINT('Ctrl Pts',(-7.82103214064694,10.6111990974544,0.));
#5327=CARTESIAN_POINT('Ctrl Pts',(-7.82103214064694,10.6111990974544,24.5));
#5328=CARTESIAN_POINT('Ctrl Pts',(-7.87862026961237,10.6346440977368,0.));
#5329=CARTESIAN_POINT('Ctrl Pts',(-7.87862026961237,10.6346440977368,24.5));
#5330=CARTESIAN_POINT('Ctrl Pts',(-7.93656856101569,10.6576345801824,0.));
#5331=CARTESIAN_POINT('Ctrl Pts',(-7.93656856101569,10.6576345801824,24.5));
#5332=CARTESIAN_POINT('Ctrl Pts',(-7.99487162105994,10.6801709741526,0.));
#5333=CARTESIAN_POINT('Ctrl Pts',(-7.99487162105994,10.6801709741526,24.5));
#5334=CARTESIAN_POINT('Ctrl Pts',(-8.05352459502062,10.702253310704,0.));
#5335=CARTESIAN_POINT('Ctrl Pts',(-8.05352459502062,10.702253310704,24.5));
#5336=CARTESIAN_POINT('Ctrl Pts',(-8.11252264865695,10.7238816431083,0.));
#5337=CARTESIAN_POINT('Ctrl Pts',(-8.11252264865695,10.7238816431083,24.5));
#5338=CARTESIAN_POINT('Ctrl Pts',(-8.171860368585,10.7450565333258,0.));
#5339=CARTESIAN_POINT('Ctrl Pts',(-8.171860368585,10.7450565333258,24.5));
#5340=CARTESIAN_POINT('Ctrl Pts',(-8.23153186261625,10.7657789753902,0.));
#5341=CARTESIAN_POINT('Ctrl Pts',(-8.23153186261625,10.7657789753902,24.5));
#5342=CARTESIAN_POINT('Ctrl Pts',(-8.29153101830014,10.7860501917607,0.));
#5343=CARTESIAN_POINT('Ctrl Pts',(-8.29153101830014,10.7860501917607,24.5));
#5344=CARTESIAN_POINT('Ctrl Pts',(-8.35185171142566,10.8058714720225,0.));
#5345=CARTESIAN_POINT('Ctrl Pts',(-8.35185171142566,10.8058714720225,24.5));
#5346=CARTESIAN_POINT('Ctrl Pts',(-8.41248801655545,10.8252440086756,0.));
#5347=CARTESIAN_POINT('Ctrl Pts',(-8.41248801655545,10.8252440086756,24.5));
#5348=CARTESIAN_POINT('Ctrl Pts',(-8.47343445672274,10.8441687082253,0.));
#5349=CARTESIAN_POINT('Ctrl Pts',(-8.47343445672274,10.8441687082253,24.5));
#5350=CARTESIAN_POINT('Ctrl Pts',(-8.53468595666125,10.8626462085727,0.));
#5351=CARTESIAN_POINT('Ctrl Pts',(-8.53468595666125,10.8626462085727,24.5));
#5352=CARTESIAN_POINT('Ctrl Pts',(-8.59623770324955,10.8806769629814,0.));
#5353=CARTESIAN_POINT('Ctrl Pts',(-8.59623770324955,10.8806769629814,24.5));
#5354=CARTESIAN_POINT('Ctrl Pts',(-8.6580850298246,10.8982613069501,0.));
#5355=CARTESIAN_POINT('Ctrl Pts',(-8.6580850298246,10.8982613069501,24.5));
#5356=CARTESIAN_POINT('Ctrl Pts',(-8.72022330092875,10.9153995299087,0.));
#5357=CARTESIAN_POINT('Ctrl Pts',(-8.72022330092875,10.9153995299087,24.5));
#5358=CARTESIAN_POINT('Ctrl Pts',(-8.78264776348025,10.9320919618144,0.));
#5359=CARTESIAN_POINT('Ctrl Pts',(-8.78264776348025,10.9320919618144,24.5));
#5360=CARTESIAN_POINT('Ctrl Pts',(-8.84535357316641,10.9483389843117,0.));
#5361=CARTESIAN_POINT('Ctrl Pts',(-8.84535357316641,10.9483389843117,24.5));
#5362=CARTESIAN_POINT('Ctrl Pts',(-8.90833590256639,10.9641410051248,0.));
#5363=CARTESIAN_POINT('Ctrl Pts',(-8.90833590256639,10.9641410051248,24.5));
#5364=CARTESIAN_POINT('Ctrl Pts',(-8.9715900273893,10.9794984477945,0.));
#5365=CARTESIAN_POINT('Ctrl Pts',(-8.9715900273893,10.9794984477945,24.5));
#5366=CARTESIAN_POINT('Ctrl Pts',(-9.03511140655914,10.9944117371063,0.));
#5367=CARTESIAN_POINT('Ctrl Pts',(-9.03511140655914,10.9944117371063,24.5));
#5368=CARTESIAN_POINT('Ctrl Pts',(-9.09889579600696,11.0088812927272,0.));
#5369=CARTESIAN_POINT('Ctrl Pts',(-9.09889579600696,11.0088812927272,24.5));
#5370=CARTESIAN_POINT('Ctrl Pts',(-9.16293920839226,11.0229075100097,0.));
#5371=CARTESIAN_POINT('Ctrl Pts',(-9.16293920839226,11.0229075100097,24.5));
#5372=CARTESIAN_POINT('Ctrl Pts',(-9.22723775163201,11.0364907333604,0.));
#5373=CARTESIAN_POINT('Ctrl Pts',(-9.22723775163201,11.0364907333604,24.5));
#5374=CARTESIAN_POINT('Ctrl Pts',(-9.29178749124818,11.0496312325555,0.));
#5375=CARTESIAN_POINT('Ctrl Pts',(-9.29178749124818,11.0496312325555,24.5));
#5376=CARTESIAN_POINT('Ctrl Pts',(-9.35658432160457,11.0623291854577,0.));
#5377=CARTESIAN_POINT('Ctrl Pts',(-9.35658432160457,11.0623291854577,24.5));
#5378=CARTESIAN_POINT('Ctrl Pts',(-9.42162378152888,11.0745846504081,0.));
#5379=CARTESIAN_POINT('Ctrl Pts',(-9.42162378152888,11.0745846504081,24.5));
#5380=CARTESIAN_POINT('Ctrl Pts',(-9.48690106698421,11.0863975839517,0.));
#5381=CARTESIAN_POINT('Ctrl Pts',(-9.48690106698421,11.0863975839517,24.5));
#5382=CARTESIAN_POINT('Ctrl Pts',(-9.55241134812118,11.0977679250413,0.));
#5383=CARTESIAN_POINT('Ctrl Pts',(-9.55241134812118,11.0977679250413,24.5));
#5384=CARTESIAN_POINT('Ctrl Pts',(-9.61815001777042,11.1086956692985,0.));
#5385=CARTESIAN_POINT('Ctrl Pts',(-9.61815001777042,11.1086956692985,24.5));
#5386=CARTESIAN_POINT('Ctrl Pts',(-9.68411295474821,11.1191809441572,0.));
#5387=CARTESIAN_POINT('Ctrl Pts',(-9.68411295474821,11.1191809441572,24.5));
#5388=CARTESIAN_POINT('Ctrl Pts',(-9.75029680660911,11.1292241022689,0.));
#5389=CARTESIAN_POINT('Ctrl Pts',(-9.75029680660911,11.1292241022689,24.5));
#5390=CARTESIAN_POINT('Ctrl Pts',(-9.8166991807256,11.1388257639934,0.));
#5391=CARTESIAN_POINT('Ctrl Pts',(-9.8166991807256,11.1388257639934,24.5));
#5392=CARTESIAN_POINT('Ctrl Pts',(-9.88331846044396,11.1479866517222,0.));
#5393=CARTESIAN_POINT('Ctrl Pts',(-9.88331846044396,11.1479866517222,24.5));
#5394=CARTESIAN_POINT('Ctrl Pts',(-9.93678663514549,11.1549632975166,0.));
#5395=CARTESIAN_POINT('Ctrl Pts',(-9.93678663514549,11.1549632975166,24.5));
#5396=CARTESIAN_POINT('Ctrl Pts',(-9.97698472846437,11.1599979810773,0.));
#5397=CARTESIAN_POINT('Ctrl Pts',(-9.97698472846437,11.1599979810773,24.5));
#5398=CARTESIAN_POINT('Ctrl Pts',(-10.0038265374445,11.1632665545625,0.));
#5399=CARTESIAN_POINT('Ctrl Pts',(-10.0038265374445,11.1632665545625,24.5));
#5400=CARTESIAN_POINT('Ctrl Pts',(-10.0172582119562,11.1648788707474,0.));
#5401=CARTESIAN_POINT('Ctrl Pts',(-10.0172582119562,11.1648788707474,24.5));
#5402=CARTESIAN_POINT('Ctrl Pts',(-6.12434992714535,9.46823784355998,0.));
#5403=CARTESIAN_POINT('Ctrl Pts',(-6.13047196160965,9.47768802759303,0.));
#5404=CARTESIAN_POINT('Ctrl Pts',(-6.1430517352755,9.49633101146905,0.));
#5405=CARTESIAN_POINT('Ctrl Pts',(-6.16292848758565,9.52352335259073,0.));
#5406=CARTESIAN_POINT('Ctrl Pts',(-6.19134387883907,9.55831498554002,0.));
#5407=CARTESIAN_POINT('Ctrl Pts',(-6.22946706074655,9.59982121678811,0.));
#5408=CARTESIAN_POINT('Ctrl Pts',(-6.26945712769042,9.63991976501199,0.));
#5409=CARTESIAN_POINT('Ctrl Pts',(-6.31059310877251,9.67917026561463,0.));
#5410=CARTESIAN_POINT('Ctrl Pts',(-6.35236208517566,9.71796419593371,0.));
#5411=CARTESIAN_POINT('Ctrl Pts',(-6.39458319460692,9.75642696291411,0.));
#5412=CARTESIAN_POINT('Ctrl Pts',(-6.43728531347168,9.79451658077794,0.));
#5413=CARTESIAN_POINT('Ctrl Pts',(-6.4806203079553,9.83209401255972,0.));
#5414=CARTESIAN_POINT('Ctrl Pts',(-6.52476933308364,9.86899893310246,0.));
#5415=CARTESIAN_POINT('Ctrl Pts',(-6.56983589259671,9.9051363735575,0.));
#5416=CARTESIAN_POINT('Ctrl Pts',(-6.61580248173051,9.94051156970512,0.));
#5417=CARTESIAN_POINT('Ctrl Pts',(-6.66258456777074,9.97518561269166,0.));
#5418=CARTESIAN_POINT('Ctrl Pts',(-6.71006230561941,10.0092491987884,0.));
#5419=CARTESIAN_POINT('Ctrl Pts',(-6.75811802889227,10.042791720822,0.));
#5420=CARTESIAN_POINT('Ctrl Pts',(-6.80667904888557,10.0758659450876,0.));
#5421=CARTESIAN_POINT('Ctrl Pts',(-6.85572471943735,10.1084821462605,0.));
#5422=CARTESIAN_POINT('Ctrl Pts',(-6.90526422142108,10.1406263579588,0.));
#5423=CARTESIAN_POINT('Ctrl Pts',(-6.95532237576041,10.1722720120414,0.));
#5424=CARTESIAN_POINT('Ctrl Pts',(-7.00592345797743,10.2033932259489,0.));
#5425=CARTESIAN_POINT('Ctrl Pts',(-7.05707262757822,10.233980050114,0.));
#5426=CARTESIAN_POINT('Ctrl Pts',(-7.10875575414652,10.2640385897913,0.));
#5427=CARTESIAN_POINT('Ctrl Pts',(-7.16094809046765,10.2935838527183,0.));
#5428=CARTESIAN_POINT('Ctrl Pts',(-7.21362028785989,10.3226347826877,0.));
#5429=CARTESIAN_POINT('Ctrl Pts',(-7.26674504131101,10.3512087764739,0.));
#5430=CARTESIAN_POINT('Ctrl Pts',(-7.32030465448373,10.3793154434462,0.));
#5431=CARTESIAN_POINT('Ctrl Pts',(-7.37429014571276,10.4069573311669,0.));
#5432=CARTESIAN_POINT('Ctrl Pts',(-7.42869772793219,10.4341328138951,0.));
#5433=CARTESIAN_POINT('Ctrl Pts',(-7.48352610637459,10.4608383083978,0.));
#5434=CARTESIAN_POINT('Ctrl Pts',(-7.53877360623659,10.4870706306614,0.));
#5435=CARTESIAN_POINT('Ctrl Pts',(-7.59443492554977,10.5128296614283,0.));
#5436=CARTESIAN_POINT('Ctrl Pts',(-7.65050167642496,10.5381178968087,0.));
#5437=CARTESIAN_POINT('Ctrl Pts',(-7.70696378441396,10.5629392937921,0.));
#5438=CARTESIAN_POINT('Ctrl Pts',(-7.76381061453861,10.5872983415458,0.));
#5439=CARTESIAN_POINT('Ctrl Pts',(-7.82103214064694,10.6111990974544,0.));
#5440=CARTESIAN_POINT('Ctrl Pts',(-7.87862026961237,10.6346440977368,0.));
#5441=CARTESIAN_POINT('Ctrl Pts',(-7.93656856101569,10.6576345801824,0.));
#5442=CARTESIAN_POINT('Ctrl Pts',(-7.99487162105994,10.6801709741526,0.));
#5443=CARTESIAN_POINT('Ctrl Pts',(-8.05352459502062,10.702253310704,0.));
#5444=CARTESIAN_POINT('Ctrl Pts',(-8.11252264865695,10.7238816431083,0.));
#5445=CARTESIAN_POINT('Ctrl Pts',(-8.171860368585,10.7450565333258,0.));
#5446=CARTESIAN_POINT('Ctrl Pts',(-8.23153186261625,10.7657789753902,0.));
#5447=CARTESIAN_POINT('Ctrl Pts',(-8.29153101830014,10.7860501917607,0.));
#5448=CARTESIAN_POINT('Ctrl Pts',(-8.35185171142566,10.8058714720225,0.));
#5449=CARTESIAN_POINT('Ctrl Pts',(-8.41248801655545,10.8252440086756,0.));
#5450=CARTESIAN_POINT('Ctrl Pts',(-8.47343445672274,10.8441687082253,0.));
#5451=CARTESIAN_POINT('Ctrl Pts',(-8.53468595666125,10.8626462085727,0.));
#5452=CARTESIAN_POINT('Ctrl Pts',(-8.59623770324955,10.8806769629814,0.));
#5453=CARTESIAN_POINT('Ctrl Pts',(-8.6580850298246,10.8982613069501,0.));
#5454=CARTESIAN_POINT('Ctrl Pts',(-8.72022330092875,10.9153995299087,0.));
#5455=CARTESIAN_POINT('Ctrl Pts',(-8.78264776348025,10.9320919618144,0.));
#5456=CARTESIAN_POINT('Ctrl Pts',(-8.84535357316641,10.9483389843117,0.));
#5457=CARTESIAN_POINT('Ctrl Pts',(-8.90833590256639,10.9641410051248,0.));
#5458=CARTESIAN_POINT('Ctrl Pts',(-8.9715900273893,10.9794984477945,0.));
#5459=CARTESIAN_POINT('Ctrl Pts',(-9.03511140655914,10.9944117371063,0.));
#5460=CARTESIAN_POINT('Ctrl Pts',(-9.09889579600696,11.0088812927272,0.));
#5461=CARTESIAN_POINT('Ctrl Pts',(-9.16293920839226,11.0229075100097,0.));
#5462=CARTESIAN_POINT('Ctrl Pts',(-9.22723775163201,11.0364907333604,0.));
#5463=CARTESIAN_POINT('Ctrl Pts',(-9.29178749124818,11.0496312325555,0.));
#5464=CARTESIAN_POINT('Ctrl Pts',(-9.35658432160457,11.0623291854577,0.));
#5465=CARTESIAN_POINT('Ctrl Pts',(-9.42162378152888,11.0745846504081,0.));
#5466=CARTESIAN_POINT('Ctrl Pts',(-9.48690106698421,11.0863975839517,0.));
#5467=CARTESIAN_POINT('Ctrl Pts',(-9.55241134812118,11.0977679250413,0.));
#5468=CARTESIAN_POINT('Ctrl Pts',(-9.61815001777042,11.1086956692985,0.));
#5469=CARTESIAN_POINT('Ctrl Pts',(-9.68411295474821,11.1191809441572,0.));
#5470=CARTESIAN_POINT('Ctrl Pts',(-9.75029680660911,11.1292241022689,0.));
#5471=CARTESIAN_POINT('Ctrl Pts',(-9.8166991807256,11.1388257639934,0.));
#5472=CARTESIAN_POINT('Ctrl Pts',(-9.88331846044396,11.1479866517222,0.));
#5473=CARTESIAN_POINT('Ctrl Pts',(-9.93678663514549,11.1549632975166,0.));
#5474=CARTESIAN_POINT('Ctrl Pts',(-9.97698472846437,11.1599979810773,0.));
#5475=CARTESIAN_POINT('Ctrl Pts',(-10.0038265374445,11.1632665545625,0.));
#5476=CARTESIAN_POINT('Ctrl Pts',(-10.0172582119562,11.1648788707474,0.));
#5477=CARTESIAN_POINT('Ctrl Pts',(-6.12434992714535,9.46823784355998,15.8));
#5478=CARTESIAN_POINT('Ctrl Pts',(-6.13332963263478,9.48209922737488,15.8));
#5479=CARTESIAN_POINT('Ctrl Pts',(-6.14274639088031,9.49562545699267,15.8));
#5480=CARTESIAN_POINT('Ctrl Pts',(-6.15257721177854,9.50883457902262,15.8));
#5481=CARTESIAN_POINT('Ctrl Pts',(-6.16367208728237,9.5237421402481,15.8));
#5482=CARTESIAN_POINT('Ctrl Pts',(-6.17529377466995,9.53824627014959,15.8));
#5483=CARTESIAN_POINT('Ctrl Pts',(-6.18735630009633,9.55241433251667,15.8));
#5484=CARTESIAN_POINT('Ctrl Pts',(-6.20936805806062,9.57826828503684,15.8));
#5485=CARTESIAN_POINT('Ctrl Pts',(-6.23284432311415,9.60300623334199,15.8));
#5486=CARTESIAN_POINT('Ctrl Pts',(-6.25707630808693,9.62718057497005,15.8));
#5487=CARTESIAN_POINT('Ctrl Pts',(-6.27092947734329,9.64100079013651,15.8));
#5488=CARTESIAN_POINT('Ctrl Pts',(-6.28502676627031,9.65463896963625,15.8));
#5489=CARTESIAN_POINT('Ctrl Pts',(-6.2992627708411,9.66817604600421,15.8));
#5490=CARTESIAN_POINT('Ctrl Pts',(-6.31231981731503,9.68059204618029,15.8));
#5491=CARTESIAN_POINT('Ctrl Pts',(-6.32549334098339,9.69292315327086,15.8));
#5492=CARTESIAN_POINT('Ctrl Pts',(-6.33874239649885,9.70519938852956,15.8));
#5493=CARTESIAN_POINT('Ctrl Pts',(-6.35359203887527,9.71895868654954,15.8));
#5494=CARTESIAN_POINT('Ctrl Pts',(-6.36853713651673,9.73264858536376,15.8));
#5495=CARTESIAN_POINT('Ctrl Pts',(-6.38357015869817,9.74627129152718,15.8));
#5496=CARTESIAN_POINT('Ctrl Pts',(-6.40234323714517,9.76328318230868,15.8));
#5497=CARTESIAN_POINT('Ctrl Pts',(-6.42125428947466,9.78018955334366,15.8));
#5498=CARTESIAN_POINT('Ctrl Pts',(-6.4403535801325,9.79694329964647,15.8));
#5499=CARTESIAN_POINT('Ctrl Pts',(-6.45995902100779,9.81414103690612,15.8));
#5500=CARTESIAN_POINT('Ctrl Pts',(-6.47976786469889,9.83117385438992,15.8));
#5501=CARTESIAN_POINT('Ctrl Pts',(-6.49984530522609,9.84798344067647,15.8));
#5502=CARTESIAN_POINT('Ctrl Pts',(-6.51832301559245,9.8634536728687,15.8));
#5503=CARTESIAN_POINT('Ctrl Pts',(-6.53702954318639,9.87873378680483,15.8));
#5504=CARTESIAN_POINT('Ctrl Pts',(-6.55597696195216,9.89381072056445,15.8));
#5505=CARTESIAN_POINT('Ctrl Pts',(-6.57900190380566,9.91213224115972,15.8));
#5506=CARTESIAN_POINT('Ctrl Pts',(-6.60238146728316,9.93015461819824,15.8));
#5507=CARTESIAN_POINT('Ctrl Pts',(-6.62607039099442,9.947910036287,15.8));
#5508=CARTESIAN_POINT('Ctrl Pts',(-6.65408253683576,9.9689058133446,15.8));
#5509=CARTESIAN_POINT('Ctrl Pts',(-6.6825221330346,9.98953251361707,15.8));
#5510=CARTESIAN_POINT('Ctrl Pts',(-6.7112764981095,10.0098753761297,15.8));
#5511=CARTESIAN_POINT('Ctrl Pts',(-6.73516061905655,10.0267726850215,15.8));
#5512=CARTESIAN_POINT('Ctrl Pts',(-6.75926003282593,10.0434757305637,15.8));
#5513=CARTESIAN_POINT('Ctrl Pts',(-6.78354204094617,10.0600075049267,15.8));
#5514=CARTESIAN_POINT('Ctrl Pts',(-6.81325065791937,10.0802338449398,15.8));
#5515=CARTESIAN_POINT('Ctrl Pts',(-6.8432335651576,10.1002030044063,15.8));
#5516=CARTESIAN_POINT('Ctrl Pts',(-6.87349569526329,10.1199042954618,15.8));
#5517=CARTESIAN_POINT('Ctrl Pts',(-6.90746202193885,10.142017097356,15.8));
#5518=CARTESIAN_POINT('Ctrl Pts',(-6.94178529421366,10.1637881741862,15.8));
#5519=CARTESIAN_POINT('Ctrl Pts',(-6.97649613378001,10.1851836779729,15.8));
#5520=CARTESIAN_POINT('Ctrl Pts',(-7.01048947775666,10.2061369228054,15.8));
#5521=CARTESIAN_POINT('Ctrl Pts',(-7.0448557188477,10.2267289952037,15.8));
#5522=CARTESIAN_POINT('Ctrl Pts',(-7.07957968889365,10.2469648001745,15.8));
#5523=CARTESIAN_POINT('Ctrl Pts',(-7.13183207829386,10.2774154992091,15.8));
#5524=CARTESIAN_POINT('Ctrl Pts',(-7.18488751740211,10.3070651440211,15.8));
#5525=CARTESIAN_POINT('Ctrl Pts',(-7.23862106712365,10.3359925435937,15.8));
#5526=CARTESIAN_POINT('Ctrl Pts',(-7.2834376949094,10.3601195276879,15.8));
#5527=CARTESIAN_POINT('Ctrl Pts',(-7.3287253185373,10.3837447320905,15.8));
#5528=CARTESIAN_POINT('Ctrl Pts',(-7.3744611895995,10.4068738383224,15.8));
#5529=CARTESIAN_POINT('Ctrl Pts',(-7.43318195033515,10.4365695384705,15.8));
#5530=CARTESIAN_POINT('Ctrl Pts',(-7.49264854599087,10.465441717111,15.8));
#5531=CARTESIAN_POINT('Ctrl Pts',(-7.55284367045779,10.49347854944,15.8));
#5532=CARTESIAN_POINT('Ctrl Pts',(-7.644857204407,10.5363353097868,15.8));
#5533=CARTESIAN_POINT('Ctrl Pts',(-7.73856612807076,10.5772455685378,15.8));
#5534=CARTESIAN_POINT('Ctrl Pts',(-7.83377147738025,10.6162862347401,15.8));
#5535=CARTESIAN_POINT('Ctrl Pts',(-7.95154646791594,10.6645819883489,15.8));
#5536=CARTESIAN_POINT('Ctrl Pts',(-8.07161704662216,10.7100121255582,15.8));
#5537=CARTESIAN_POINT('Ctrl Pts',(-8.19377896555447,10.752592348894,15.8));
#5538=CARTESIAN_POINT('Ctrl Pts',(-8.30506706046318,10.7913824397606,15.8));
#5539=CARTESIAN_POINT('Ctrl Pts',(-8.41808390023076,10.8278127700772,15.8));
#5540=CARTESIAN_POINT('Ctrl Pts',(-8.53266613618738,10.8619114147372,15.8));
#5541=CARTESIAN_POINT('Ctrl Pts',(-8.68980902921807,10.9086757288176,15.8));
#5542=CARTESIAN_POINT('Ctrl Pts',(-8.84990491985605,10.951048247819,15.8));
#5543=CARTESIAN_POINT('Ctrl Pts',(-9.01259704133251,10.9890573550239,15.8));
#5544=CARTESIAN_POINT('Ctrl Pts',(-9.15424821118858,11.0221507491718,15.8));
#5545=CARTESIAN_POINT('Ctrl Pts',(-9.2978723434735,11.0519391505406,15.8));
#5546=CARTESIAN_POINT('Ctrl Pts',(-9.44326214689731,11.0784328422131,15.8));
#5547=CARTESIAN_POINT('Ctrl Pts',(-9.54475666383603,11.0969277048163,15.8));
#5548=CARTESIAN_POINT('Ctrl Pts',(-9.64710534144974,11.113814796912,15.8));
#5549=CARTESIAN_POINT('Ctrl Pts',(-9.75024303830513,11.1290976662319,15.8));
#5550=CARTESIAN_POINT('Ctrl Pts',(-9.83866929116225,11.1422006044211,15.8));
#5551=CARTESIAN_POINT('Ctrl Pts',(-9.92767710827238,11.1541257019447,15.8));
#5552=CARTESIAN_POINT('Ctrl Pts',(-10.0172582119562,11.1648788707474,15.8));
#5553=CARTESIAN_POINT('Ctrl Pts',(-0.811490350061014,14.9780327712028,0.));
#5554=CARTESIAN_POINT('Ctrl Pts',(-0.811490350061014,14.9780327712028,24.5));
#5555=CARTESIAN_POINT('Ctrl Pts',(-0.819847898483225,14.9673950633651,0.));
#5556=CARTESIAN_POINT('Ctrl Pts',(-0.819847898483225,14.9673950633651,24.5));
#5557=CARTESIAN_POINT('Ctrl Pts',(-0.836516693156123,14.9461038077397,0.));
#5558=CARTESIAN_POINT('Ctrl Pts',(-0.836516693156123,14.9461038077397,24.5));
#5559=CARTESIAN_POINT('Ctrl Pts',(-0.861380978645835,14.9141194044763,0.));
#5560=CARTESIAN_POINT('Ctrl Pts',(-0.861380978645835,14.9141194044763,24.5));
#5561=CARTESIAN_POINT('Ctrl Pts',(-0.894255454003791,14.871378462016,0.));
#5562=CARTESIAN_POINT('Ctrl Pts',(-0.894255454003791,14.871378462016,24.5));
#5563=CARTESIAN_POINT('Ctrl Pts',(-0.934884672615641,14.8177937917346,0.));
#5564=CARTESIAN_POINT('Ctrl Pts',(-0.934884672615641,14.8177937917346,24.5));
#5565=CARTESIAN_POINT('Ctrl Pts',(-0.975048841524253,14.7640508225939,0.));
#5566=CARTESIAN_POINT('Ctrl Pts',(-0.975048841524253,14.7640508225939,24.5));
#5567=CARTESIAN_POINT('Ctrl Pts',(-1.01474630677486,14.7101501869328,0.));
#5568=CARTESIAN_POINT('Ctrl Pts',(-1.01474630677486,14.7101501869328,24.5));
#5569=CARTESIAN_POINT('Ctrl Pts',(-1.05397493786361,14.6560931379336,0.));
#5570=CARTESIAN_POINT('Ctrl Pts',(-1.05397493786361,14.6560931379336,24.5));
#5571=CARTESIAN_POINT('Ctrl Pts',(-1.09273211489143,14.6018817967711,0.));
#5572=CARTESIAN_POINT('Ctrl Pts',(-1.09273211489143,14.6018817967711,24.5));
#5573=CARTESIAN_POINT('Ctrl Pts',(-1.13101483363195,14.5475189874528,0.));
#5574=CARTESIAN_POINT('Ctrl Pts',(-1.13101483363195,14.5475189874528,24.5));
#5575=CARTESIAN_POINT('Ctrl Pts',(-1.16881983942048,14.4930079708355,0.));
#5576=CARTESIAN_POINT('Ctrl Pts',(-1.16881983942048,14.4930079708355,24.5));
#5577=CARTESIAN_POINT('Ctrl Pts',(-1.20614376020469,14.4383522053053,0.));
#5578=CARTESIAN_POINT('Ctrl Pts',(-1.20614376020469,14.4383522053053,24.5));
#5579=CARTESIAN_POINT('Ctrl Pts',(-1.24298322974472,14.3835551185566,0.));
#5580=CARTESIAN_POINT('Ctrl Pts',(-1.24298322974472,14.3835551185566,24.5));
#5581=CARTESIAN_POINT('Ctrl Pts',(-1.27933505226214,14.3286198238612,0.));
#5582=CARTESIAN_POINT('Ctrl Pts',(-1.27933505226214,14.3286198238612,24.5));
#5583=CARTESIAN_POINT('Ctrl Pts',(-1.3151961988657,14.2735490985742,0.));
#5584=CARTESIAN_POINT('Ctrl Pts',(-1.3151961988657,14.2735490985742,24.5));
#5585=CARTESIAN_POINT('Ctrl Pts',(-1.35056369669882,14.2183455340314,0.));
#5586=CARTESIAN_POINT('Ctrl Pts',(-1.35056369669882,14.2183455340314,24.5));
#5587=CARTESIAN_POINT('Ctrl Pts',(-1.38543455011093,14.1630116388187,0.));
#5588=CARTESIAN_POINT('Ctrl Pts',(-1.38543455011093,14.1630116388187,24.5));
#5589=CARTESIAN_POINT('Ctrl Pts',(-1.41980566007008,14.1075499528552,0.));
#5590=CARTESIAN_POINT('Ctrl Pts',(-1.41980566007008,14.1075499528552,24.5));
#5591=CARTESIAN_POINT('Ctrl Pts',(-1.45367372881695,14.0519631804015,0.));
#5592=CARTESIAN_POINT('Ctrl Pts',(-1.45367372881695,14.0519631804015,24.5));
#5593=CARTESIAN_POINT('Ctrl Pts',(-1.4870352449572,13.9962542321145,0.));
#5594=CARTESIAN_POINT('Ctrl Pts',(-1.4870352449572,13.9962542321145,24.5));
#5595=CARTESIAN_POINT('Ctrl Pts',(-1.51988656842417,13.9404261490837,0.));
#5596=CARTESIAN_POINT('Ctrl Pts',(-1.51988656842417,13.9404261490837,24.5));
#5597=CARTESIAN_POINT('Ctrl Pts',(-1.55222399741124,13.8844820565066,0.));
#5598=CARTESIAN_POINT('Ctrl Pts',(-1.55222399741124,13.8844820565066,24.5));
#5599=CARTESIAN_POINT('Ctrl Pts',(-1.58404383660869,13.8284251099661,0.));
#5600=CARTESIAN_POINT('Ctrl Pts',(-1.58404383660869,13.8284251099661,24.5));
#5601=CARTESIAN_POINT('Ctrl Pts',(-1.61534249176514,13.7722584370836,0.));
#5602=CARTESIAN_POINT('Ctrl Pts',(-1.61534249176514,13.7722584370836,24.5));
#5603=CARTESIAN_POINT('Ctrl Pts',(-1.64611648045935,13.7159851109649,0.));
#5604=CARTESIAN_POINT('Ctrl Pts',(-1.64611648045935,13.7159851109649,24.5));
#5605=CARTESIAN_POINT('Ctrl Pts',(-1.67636226562867,13.6596081942055,0.));
#5606=CARTESIAN_POINT('Ctrl Pts',(-1.67636226562867,13.6596081942055,24.5));
#5607=CARTESIAN_POINT('Ctrl Pts',(-1.70607612337662,13.6031307696905,0.));
#5608=CARTESIAN_POINT('Ctrl Pts',(-1.70607612337662,13.6031307696905,24.5));
#5609=CARTESIAN_POINT('Ctrl Pts',(-1.73525401388383,13.5465559751109,0.));
#5610=CARTESIAN_POINT('Ctrl Pts',(-1.73525401388383,13.5465559751109,24.5));
#5611=CARTESIAN_POINT('Ctrl Pts',(-1.76389142335385,13.4898870422711,0.));
#5612=CARTESIAN_POINT('Ctrl Pts',(-1.76389142335385,13.4898870422711,24.5));
#5613=CARTESIAN_POINT('Ctrl Pts',(-1.7919833186449,13.4331273178631,0.));
#5614=CARTESIAN_POINT('Ctrl Pts',(-1.7919833186449,13.4331273178631,24.5));
#5615=CARTESIAN_POINT('Ctrl Pts',(-1.81952445741145,13.3762802204836,0.));
#5616=CARTESIAN_POINT('Ctrl Pts',(-1.81952445741145,13.3762802204836,24.5));
#5617=CARTESIAN_POINT('Ctrl Pts',(-1.84650965308903,13.3193492078786,0.));
#5618=CARTESIAN_POINT('Ctrl Pts',(-1.84650965308903,13.3193492078786,24.5));
#5619=CARTESIAN_POINT('Ctrl Pts',(-1.87293403638325,13.2623377435667,0.));
#5620=CARTESIAN_POINT('Ctrl Pts',(-1.87293403638325,13.2623377435667,24.5));
#5621=CARTESIAN_POINT('Ctrl Pts',(-1.89879338208767,13.2052492580224,0.));
#5622=CARTESIAN_POINT('Ctrl Pts',(-1.89879338208767,13.2052492580224,24.5));
#5623=CARTESIAN_POINT('Ctrl Pts',(-1.92408423420907,13.1480871319014,0.));
#5624=CARTESIAN_POINT('Ctrl Pts',(-1.92408423420907,13.1480871319014,24.5));
#5625=CARTESIAN_POINT('Ctrl Pts',(-1.9488031379785,13.0908547760519,0.));
#5626=CARTESIAN_POINT('Ctrl Pts',(-1.9488031379785,13.0908547760519,24.5));
#5627=CARTESIAN_POINT('Ctrl Pts',(-1.9729459758012,13.03355570086,0.));
#5628=CARTESIAN_POINT('Ctrl Pts',(-1.9729459758012,13.03355570086,24.5));
#5629=CARTESIAN_POINT('Ctrl Pts',(-1.99650731836375,12.9761935851404,0.));
#5630=CARTESIAN_POINT('Ctrl Pts',(-1.99650731836375,12.9761935851404,24.5));
#5631=CARTESIAN_POINT('Ctrl Pts',(-2.01947964958398,12.9187723582205,0.));
#5632=CARTESIAN_POINT('Ctrl Pts',(-2.01947964958398,12.9187723582205,24.5));
#5633=CARTESIAN_POINT('Ctrl Pts',(-2.04185301089759,12.8612962406559,0.));
#5634=CARTESIAN_POINT('Ctrl Pts',(-2.04185301089759,12.8612962406559,24.5));
#5635=CARTESIAN_POINT('Ctrl Pts',(-2.06361670791883,12.8037695781912,0.));
#5636=CARTESIAN_POINT('Ctrl Pts',(-2.06361670791883,12.8037695781912,24.5));
#5637=CARTESIAN_POINT('Ctrl Pts',(-2.08476081892288,12.746196696523,0.));
#5638=CARTESIAN_POINT('Ctrl Pts',(-2.08476081892288,12.746196696523,24.5));
#5639=CARTESIAN_POINT('Ctrl Pts',(-2.10527764776005,12.6885817617681,0.));
#5640=CARTESIAN_POINT('Ctrl Pts',(-2.10527764776005,12.6885817617681,24.5));
#5641=CARTESIAN_POINT('Ctrl Pts',(-2.12516352970038,12.6309286073123,0.));
#5642=CARTESIAN_POINT('Ctrl Pts',(-2.12516352970038,12.6309286073123,24.5));
#5643=CARTESIAN_POINT('Ctrl Pts',(-2.14441953191655,12.5732406688578,0.));
#5644=CARTESIAN_POINT('Ctrl Pts',(-2.14441953191655,12.5732406688578,24.5));
#5645=CARTESIAN_POINT('Ctrl Pts',(-2.16304727259815,12.5155213956719,0.));
#5646=CARTESIAN_POINT('Ctrl Pts',(-2.16304727259815,12.5155213956719,24.5));
#5647=CARTESIAN_POINT('Ctrl Pts',(-2.18104522345769,12.4577746151872,0.));
#5648=CARTESIAN_POINT('Ctrl Pts',(-2.18104522345769,12.4577746151872,24.5));
#5649=CARTESIAN_POINT('Ctrl Pts',(-2.19840523210003,12.4000048770012,0.));
#5650=CARTESIAN_POINT('Ctrl Pts',(-2.19840523210003,12.4000048770012,24.5));
#5651=CARTESIAN_POINT('Ctrl Pts',(-2.2151079904749,12.342217899464,0.));
#5652=CARTESIAN_POINT('Ctrl Pts',(-2.2151079904749,12.342217899464,24.5));
#5653=CARTESIAN_POINT('Ctrl Pts',(-2.23112188964595,12.2844206887577,0.));
#5654=CARTESIAN_POINT('Ctrl Pts',(-2.23112188964595,12.2844206887577,24.5));
#5655=CARTESIAN_POINT('Ctrl Pts',(-2.24641278167692,12.22662060225,0.));
#5656=CARTESIAN_POINT('Ctrl Pts',(-2.24641278167692,12.22662060225,24.5));
#5657=CARTESIAN_POINT('Ctrl Pts',(-2.26095255557161,12.1688245267911,0.));
#5658=CARTESIAN_POINT('Ctrl Pts',(-2.26095255557161,12.1688245267911,24.5));
#5659=CARTESIAN_POINT('Ctrl Pts',(-2.27472690254991,12.1110381370273,0.));
#5660=CARTESIAN_POINT('Ctrl Pts',(-2.27472690254991,12.1110381370273,24.5));
#5661=CARTESIAN_POINT('Ctrl Pts',(-2.28774650634,12.0532648200434,0.));
#5662=CARTESIAN_POINT('Ctrl Pts',(-2.28774650634,12.0532648200434,24.5));
#5663=CARTESIAN_POINT('Ctrl Pts',(-2.30004683406155,11.9955057121863,0.));
#5664=CARTESIAN_POINT('Ctrl Pts',(-2.30004683406155,11.9955057121863,24.5));
#5665=CARTESIAN_POINT('Ctrl Pts',(-2.31166422327066,11.9377620489254,0.));
#5666=CARTESIAN_POINT('Ctrl Pts',(-2.31166422327066,11.9377620489254,24.5));
#5667=CARTESIAN_POINT('Ctrl Pts',(-2.32261504154856,11.8800372141261,0.));
#5668=CARTESIAN_POINT('Ctrl Pts',(-2.32261504154856,11.8800372141261,24.5));
#5669=CARTESIAN_POINT('Ctrl Pts',(-2.33287742456156,11.822338541537,0.));
#5670=CARTESIAN_POINT('Ctrl Pts',(-2.33287742456156,11.822338541537,24.5));
#5671=CARTESIAN_POINT('Ctrl Pts',(-2.34236266222922,11.7646801184283,0.));
#5672=CARTESIAN_POINT('Ctrl Pts',(-2.34236266222922,11.7646801184283,24.5));
#5673=CARTESIAN_POINT('Ctrl Pts',(-2.35092434157939,11.7070819372243,0.));
#5674=CARTESIAN_POINT('Ctrl Pts',(-2.35092434157939,11.7070819372243,24.5));
#5675=CARTESIAN_POINT('Ctrl Pts',(-2.35841358738213,11.6495646092579,0.));
#5676=CARTESIAN_POINT('Ctrl Pts',(-2.35841358738213,11.6495646092579,24.5));
#5677=CARTESIAN_POINT('Ctrl Pts',(-2.36472742801808,11.592144710221,0.));
#5678=CARTESIAN_POINT('Ctrl Pts',(-2.36472742801808,11.592144710221,24.5));
#5679=CARTESIAN_POINT('Ctrl Pts',(-2.36984978349418,11.5348309155951,0.));
#5680=CARTESIAN_POINT('Ctrl Pts',(-2.36984978349418,11.5348309155951,24.5));
#5681=CARTESIAN_POINT('Ctrl Pts',(-2.37392099512376,11.4776171903006,0.));
#5682=CARTESIAN_POINT('Ctrl Pts',(-2.37392099512376,11.4776171903006,24.5));
#5683=CARTESIAN_POINT('Ctrl Pts',(-2.37718252585975,11.4204888053959,0.));
#5684=CARTESIAN_POINT('Ctrl Pts',(-2.37718252585975,11.4204888053959,24.5));
#5685=CARTESIAN_POINT('Ctrl Pts',(-2.37984007529277,11.3634366892528,0.));
#5686=CARTESIAN_POINT('Ctrl Pts',(-2.37984007529277,11.3634366892528,24.5));
#5687=CARTESIAN_POINT('Ctrl Pts',(-2.38194375055316,11.3064701115974,0.));
#5688=CARTESIAN_POINT('Ctrl Pts',(-2.38194375055316,11.3064701115974,24.5));
#5689=CARTESIAN_POINT('Ctrl Pts',(-2.38327698658598,11.2496282852824,0.));
#5690=CARTESIAN_POINT('Ctrl Pts',(-2.38327698658598,11.2496282852824,24.5));
#5691=CARTESIAN_POINT('Ctrl Pts',(-2.38320027873725,11.1929970824015,0.));
#5692=CARTESIAN_POINT('Ctrl Pts',(-2.38320027873725,11.1929970824015,24.5));
#5693=CARTESIAN_POINT('Ctrl Pts',(-2.38080810160742,11.1366905843773,0.));
#5694=CARTESIAN_POINT('Ctrl Pts',(-2.38080810160742,11.1366905843773,24.5));
#5695=CARTESIAN_POINT('Ctrl Pts',(-2.37629941786578,11.0919964689449,0.));
#5696=CARTESIAN_POINT('Ctrl Pts',(-2.37629941786578,11.0919964689449,24.5));
#5697=CARTESIAN_POINT('Ctrl Pts',(-2.37112651540877,11.058713593795,0.));
#5698=CARTESIAN_POINT('Ctrl Pts',(-2.37112651540877,11.058713593795,24.5));
#5699=CARTESIAN_POINT('Ctrl Pts',(-2.36683917835341,11.0366357702098,0.));
#5700=CARTESIAN_POINT('Ctrl Pts',(-2.36683917835341,11.0366357702098,24.5));
#5701=CARTESIAN_POINT('Ctrl Pts',(-2.36448582122454,11.0256245489122,0.));
#5702=CARTESIAN_POINT('Ctrl Pts',(-2.36448582122454,11.0256245489122,24.5));
#5703=CARTESIAN_POINT('',(-0.811490350061,14.9780327712028,0.));
#5704=CARTESIAN_POINT('Ctrl Pts',(-2.36448582122454,11.0256245489122,0.));
#5705=CARTESIAN_POINT('Ctrl Pts',(-2.36683917835341,11.0366357702098,0.));
#5706=CARTESIAN_POINT('Ctrl Pts',(-2.37112651540877,11.058713593795,0.));
#5707=CARTESIAN_POINT('Ctrl Pts',(-2.37629941786578,11.0919964689449,0.));
#5708=CARTESIAN_POINT('Ctrl Pts',(-2.38080810160742,11.1366905843773,0.));
#5709=CARTESIAN_POINT('Ctrl Pts',(-2.38320027873725,11.1929970824015,0.));
#5710=CARTESIAN_POINT('Ctrl Pts',(-2.38327698658598,11.2496282852824,0.));
#5711=CARTESIAN_POINT('Ctrl Pts',(-2.38194375055316,11.3064701115974,0.));
#5712=CARTESIAN_POINT('Ctrl Pts',(-2.37984007529277,11.3634366892528,0.));
#5713=CARTESIAN_POINT('Ctrl Pts',(-2.37718252585975,11.4204888053959,0.));
#5714=CARTESIAN_POINT('Ctrl Pts',(-2.37392099512376,11.4776171903006,0.));
#5715=CARTESIAN_POINT('Ctrl Pts',(-2.36984978349418,11.5348309155951,0.));
#5716=CARTESIAN_POINT('Ctrl Pts',(-2.36472742801808,11.592144710221,0.));
#5717=CARTESIAN_POINT('Ctrl Pts',(-2.35841358738213,11.6495646092579,0.));
#5718=CARTESIAN_POINT('Ctrl Pts',(-2.35092434157939,11.7070819372243,0.));
#5719=CARTESIAN_POINT('Ctrl Pts',(-2.34236266222922,11.7646801184283,0.));
#5720=CARTESIAN_POINT('Ctrl Pts',(-2.33287742456156,11.822338541537,0.));
#5721=CARTESIAN_POINT('Ctrl Pts',(-2.32261504154856,11.8800372141261,0.));
#5722=CARTESIAN_POINT('Ctrl Pts',(-2.31166422327066,11.9377620489254,0.));
#5723=CARTESIAN_POINT('Ctrl Pts',(-2.30004683406155,11.9955057121863,0.));
#5724=CARTESIAN_POINT('Ctrl Pts',(-2.28774650634,12.0532648200434,0.));
#5725=CARTESIAN_POINT('Ctrl Pts',(-2.27472690254991,12.1110381370273,0.));
#5726=CARTESIAN_POINT('Ctrl Pts',(-2.26095255557161,12.1688245267911,0.));
#5727=CARTESIAN_POINT('Ctrl Pts',(-2.24641278167692,12.22662060225,0.));
#5728=CARTESIAN_POINT('Ctrl Pts',(-2.23112188964595,12.2844206887577,0.));
#5729=CARTESIAN_POINT('Ctrl Pts',(-2.2151079904749,12.342217899464,0.));
#5730=CARTESIAN_POINT('Ctrl Pts',(-2.19840523210003,12.4000048770012,0.));
#5731=CARTESIAN_POINT('Ctrl Pts',(-2.18104522345769,12.4577746151872,0.));
#5732=CARTESIAN_POINT('Ctrl Pts',(-2.16304727259815,12.5155213956719,0.));
#5733=CARTESIAN_POINT('Ctrl Pts',(-2.14441953191655,12.5732406688578,0.));
#5734=CARTESIAN_POINT('Ctrl Pts',(-2.12516352970038,12.6309286073123,0.));
#5735=CARTESIAN_POINT('Ctrl Pts',(-2.10527764776005,12.6885817617681,0.));
#5736=CARTESIAN_POINT('Ctrl Pts',(-2.08476081892288,12.746196696523,0.));
#5737=CARTESIAN_POINT('Ctrl Pts',(-2.06361670791883,12.8037695781912,0.));
#5738=CARTESIAN_POINT('Ctrl Pts',(-2.04185301089759,12.8612962406559,0.));
#5739=CARTESIAN_POINT('Ctrl Pts',(-2.01947964958398,12.9187723582205,0.));
#5740=CARTESIAN_POINT('Ctrl Pts',(-1.99650731836375,12.9761935851404,0.));
#5741=CARTESIAN_POINT('Ctrl Pts',(-1.9729459758012,13.03355570086,0.));
#5742=CARTESIAN_POINT('Ctrl Pts',(-1.9488031379785,13.0908547760519,0.));
#5743=CARTESIAN_POINT('Ctrl Pts',(-1.92408423420907,13.1480871319014,0.));
#5744=CARTESIAN_POINT('Ctrl Pts',(-1.89879338208767,13.2052492580224,0.));
#5745=CARTESIAN_POINT('Ctrl Pts',(-1.87293403638325,13.2623377435667,0.));
#5746=CARTESIAN_POINT('Ctrl Pts',(-1.84650965308903,13.3193492078786,0.));
#5747=CARTESIAN_POINT('Ctrl Pts',(-1.81952445741145,13.3762802204836,0.));
#5748=CARTESIAN_POINT('Ctrl Pts',(-1.7919833186449,13.4331273178631,0.));
#5749=CARTESIAN_POINT('Ctrl Pts',(-1.76389142335385,13.4898870422711,0.));
#5750=CARTESIAN_POINT('Ctrl Pts',(-1.73525401388383,13.5465559751109,0.));
#5751=CARTESIAN_POINT('Ctrl Pts',(-1.70607612337662,13.6031307696905,0.));
#5752=CARTESIAN_POINT('Ctrl Pts',(-1.67636226562867,13.6596081942055,0.));
#5753=CARTESIAN_POINT('Ctrl Pts',(-1.64611648045935,13.7159851109649,0.));
#5754=CARTESIAN_POINT('Ctrl Pts',(-1.61534249176514,13.7722584370836,0.));
#5755=CARTESIAN_POINT('Ctrl Pts',(-1.58404383660869,13.8284251099661,0.));
#5756=CARTESIAN_POINT('Ctrl Pts',(-1.55222399741124,13.8844820565066,0.));
#5757=CARTESIAN_POINT('Ctrl Pts',(-1.51988656842417,13.9404261490837,0.));
#5758=CARTESIAN_POINT('Ctrl Pts',(-1.4870352449572,13.9962542321145,0.));
#5759=CARTESIAN_POINT('Ctrl Pts',(-1.45367372881695,14.0519631804015,0.));
#5760=CARTESIAN_POINT('Ctrl Pts',(-1.41980566007008,14.1075499528552,0.));
#5761=CARTESIAN_POINT('Ctrl Pts',(-1.38543455011093,14.1630116388187,0.));
#5762=CARTESIAN_POINT('Ctrl Pts',(-1.35056369669882,14.2183455340314,0.));
#5763=CARTESIAN_POINT('Ctrl Pts',(-1.3151961988657,14.2735490985742,0.));
#5764=CARTESIAN_POINT('Ctrl Pts',(-1.27933505226214,14.3286198238612,0.));
#5765=CARTESIAN_POINT('Ctrl Pts',(-1.24298322974472,14.3835551185566,0.));
#5766=CARTESIAN_POINT('Ctrl Pts',(-1.20614376020469,14.4383522053053,0.));
#5767=CARTESIAN_POINT('Ctrl Pts',(-1.16881983942048,14.4930079708355,0.));
#5768=CARTESIAN_POINT('Ctrl Pts',(-1.13101483363195,14.5475189874528,0.));
#5769=CARTESIAN_POINT('Ctrl Pts',(-1.09273211489143,14.6018817967711,0.));
#5770=CARTESIAN_POINT('Ctrl Pts',(-1.05397493786361,14.6560931379336,0.));
#5771=CARTESIAN_POINT('Ctrl Pts',(-1.01474630677486,14.7101501869328,0.));
#5772=CARTESIAN_POINT('Ctrl Pts',(-0.975048841524253,14.7640508225939,0.));
#5773=CARTESIAN_POINT('Ctrl Pts',(-0.934884672615641,14.8177937917346,0.));
#5774=CARTESIAN_POINT('Ctrl Pts',(-0.894255454003791,14.871378462016,0.));
#5775=CARTESIAN_POINT('Ctrl Pts',(-0.861380978645835,14.9141194044763,0.));
#5776=CARTESIAN_POINT('Ctrl Pts',(-0.836516693156123,14.9461038077397,0.));
#5777=CARTESIAN_POINT('Ctrl Pts',(-0.819847898483225,14.9673950633651,0.));
#5778=CARTESIAN_POINT('Ctrl Pts',(-0.811490350061014,14.9780327712028,0.));
#5779=CARTESIAN_POINT('',(-0.811490350061,14.9780327712028,15.8));
#5780=CARTESIAN_POINT('Ctrl Pts',(-0.811490350061014,14.9780327712028,15.8));
#5781=CARTESIAN_POINT('Ctrl Pts',(-0.876572535416239,14.8951944508879,15.8));
#5782=CARTESIAN_POINT('Ctrl Pts',(-0.939973165571238,14.8117784094055,15.8));
#5783=CARTESIAN_POINT('Ctrl Pts',(-1.00167355489287,14.7277893321163,15.8));
#5784=CARTESIAN_POINT('Ctrl Pts',(-1.07480646977935,14.6282378364401,15.8));
#5785=CARTESIAN_POINT('Ctrl Pts',(-1.14554969266759,14.5278788630584,15.8));
#5786=CARTESIAN_POINT('Ctrl Pts',(-1.21381471602257,14.4267980870841,15.8));
#5787=CARTESIAN_POINT('Ctrl Pts',(-1.30436283075942,14.2927224909619,15.8));
#5788=CARTESIAN_POINT('Ctrl Pts',(-1.3905492450109,14.1573843531293,15.8));
#5789=CARTESIAN_POINT('Ctrl Pts',(-1.4721666499392,14.0209598886787,15.8));
#5790=CARTESIAN_POINT('Ctrl Pts',(-1.54834620582262,13.8936248536747,15.8));
#5791=CARTESIAN_POINT('Ctrl Pts',(-1.6205403302063,13.765345950824,15.8));
#5792=CARTESIAN_POINT('Ctrl Pts',(-1.68855501933276,13.6362899125454,15.8));
#5793=CARTESIAN_POINT('Ctrl Pts',(-1.75903366377855,13.5025585855006,15.8));
#5794=CARTESIAN_POINT('Ctrl Pts',(-1.82502712187141,13.3679904876851,15.8));
#5795=CARTESIAN_POINT('Ctrl Pts',(-1.88624372429215,13.2327885231404,15.8));
#5796=CARTESIAN_POINT('Ctrl Pts',(-1.91941450966449,13.1595280811935,15.8));
#5797=CARTESIAN_POINT('Ctrl Pts',(-1.95118731980662,13.0860813885659,15.8));
#5798=CARTESIAN_POINT('Ctrl Pts',(-1.98152040119578,13.0124820864415,15.8));
#5799=CARTESIAN_POINT('Ctrl Pts',(-2.01562995848823,12.9297196535621,15.8));
#5800=CARTESIAN_POINT('Ctrl Pts',(-2.04791719238498,12.8467643102882,15.8));
#5801=CARTESIAN_POINT('Ctrl Pts',(-2.07824972198509,12.7636736645092,15.8));
#5802=CARTESIAN_POINT('Ctrl Pts',(-2.10066567815615,12.7022690834023,15.8));
#5803=CARTESIAN_POINT('Ctrl Pts',(-2.12201091853955,12.6407909753964,15.8));
#5804=CARTESIAN_POINT('Ctrl Pts',(-2.14228077134781,12.5792590487974,15.8));
#5805=CARTESIAN_POINT('Ctrl Pts',(-2.15769718580671,12.5324604019657,15.8));
#5806=CARTESIAN_POINT('Ctrl Pts',(-2.17249620270639,12.4856301881311,15.8));
#5807=CARTESIAN_POINT('Ctrl Pts',(-2.18666287178218,12.4387788106413,15.8));
#5808=CARTESIAN_POINT('Ctrl Pts',(-2.20461806177772,12.3793982053712,15.8));
#5809=CARTESIAN_POINT('Ctrl Pts',(-2.22155900570071,12.3199833925092,15.8));
#5810=CARTESIAN_POINT('Ctrl Pts',(-2.23733757688815,12.2605682028702,15.8));
#5811=CARTESIAN_POINT('Ctrl Pts',(-2.2474143541042,12.2226234725059,15.8));
#5812=CARTESIAN_POINT('Ctrl Pts',(-2.25701305309409,12.1846790039403,15.8));
#5813=CARTESIAN_POINT('Ctrl Pts',(-2.26611611147781,12.1467419445021,15.8));
#5814=CARTESIAN_POINT('Ctrl Pts',(-2.27745038125734,12.0995062959772,15.8));
#5815=CARTESIAN_POINT('Ctrl Pts',(-2.28801540785649,12.0522821770321,15.8));
#5816=CARTESIAN_POINT('Ctrl Pts',(-2.29788569540187,12.0050736743633,15.8));
#5817=CARTESIAN_POINT('Ctrl Pts',(-2.30468668232029,11.9725452999251,15.8));
#5818=CARTESIAN_POINT('Ctrl Pts',(-2.3111622507786,11.9400239275565,15.8));
#5819=CARTESIAN_POINT('Ctrl Pts',(-2.31731819938578,11.9075130296623,15.8));
#5820=CARTESIAN_POINT('Ctrl Pts',(-2.32280809523686,11.8785197006314,15.8));
#5821=CARTESIAN_POINT('Ctrl Pts',(-2.32804505328274,11.8495345814712,15.8));
#5822=CARTESIAN_POINT('Ctrl Pts',(-2.33298735845829,11.8205648127495,15.8));
#5823=CARTESIAN_POINT('Ctrl Pts',(-2.33872337274237,11.7869426463126,15.8));
#5824=CARTESIAN_POINT('Ctrl Pts',(-2.34405876932443,11.7533414990126,15.8));
#5825=CARTESIAN_POINT('Ctrl Pts',(-2.34886596916311,11.7197790497324,15.8));
#5826=CARTESIAN_POINT('Ctrl Pts',(-2.35306479850739,11.6904640635382,15.8));
#5827=CARTESIAN_POINT('Ctrl Pts',(-2.35685604531151,11.6611790509711,15.8));
#5828=CARTESIAN_POINT('Ctrl Pts',(-2.36018476070799,11.6319332795818,15.8));
#5829=CARTESIAN_POINT('Ctrl Pts',(-2.36284338271325,11.60857488389,15.8));
#5830=CARTESIAN_POINT('Ctrl Pts',(-2.36520631532227,11.5852415905685,15.8));
#5831=CARTESIAN_POINT('Ctrl Pts',(-2.36728889790785,11.5619341252631,15.8));
#5832=CARTESIAN_POINT('Ctrl Pts',(-2.37133135609151,11.5166924841792,15.8));
#5833=CARTESIAN_POINT('Ctrl Pts',(-2.3743192051089,11.4715473421824,15.8));
#5834=CARTESIAN_POINT('Ctrl Pts',(-2.3767163834637,11.4264743928878,15.8));
#5835=CARTESIAN_POINT('Ctrl Pts',(-2.37778940032277,11.4062989919278,15.8));
#5836=CARTESIAN_POINT('Ctrl Pts',(-2.37874514123556,11.3861380766323,15.8));
#5837=CARTESIAN_POINT('Ctrl Pts',(-2.37959323829527,11.3659934892356,15.8));
#5838=CARTESIAN_POINT('Ctrl Pts',(-2.38036130643432,11.3477498040622,15.8));
#5839=CARTESIAN_POINT('Ctrl Pts',(-2.38104177217129,11.3295194429838,15.8));
#5840=CARTESIAN_POINT('Ctrl Pts',(-2.38160252004958,11.3113081941549,15.8));
#5841=CARTESIAN_POINT('Ctrl Pts',(-2.38217541216842,11.2927025402912,15.8));
#5842=CARTESIAN_POINT('Ctrl Pts',(-2.38262384868889,11.2741167874174,15.8));
#5843=CARTESIAN_POINT('Ctrl Pts',(-2.38285615133568,11.2555634397455,15.8));
#5844=CARTESIAN_POINT('Ctrl Pts',(-2.38315181295676,11.2319497920965,15.8));
#5845=CARTESIAN_POINT('Ctrl Pts',(-2.38309592722761,11.2083888391653,15.8));
#5846=CARTESIAN_POINT('Ctrl Pts',(-2.38240691977907,11.1849161616784,15.8));
#5847=CARTESIAN_POINT('Ctrl Pts',(-2.38175744311777,11.16279019448,15.8));
#5848=CARTESIAN_POINT('Ctrl Pts',(-2.3805392415601,11.1407433704929,15.8));
#5849=CARTESIAN_POINT('Ctrl Pts',(-2.37851644257534,11.1188046447089,15.8));
#5850=CARTESIAN_POINT('Ctrl Pts',(-2.37695201197137,11.1018372572981,15.8));
#5851=CARTESIAN_POINT('Ctrl Pts',(-2.37490555499959,11.0849345999021,15.8));
#5852=CARTESIAN_POINT('Ctrl Pts',(-2.37230028190432,11.0681059779843,15.8));
#5853=CARTESIAN_POINT('Ctrl Pts',(-2.37009978825267,11.0538920071866,15.8));
#5854=CARTESIAN_POINT('Ctrl Pts',(-2.36750066855454,11.0397308444344,15.8));
#5855=CARTESIAN_POINT('Ctrl Pts',(-2.36448582122454,11.0256245489122,15.8));
#5856=CARTESIAN_POINT('',(-0.811490350061,14.9780327712028,0.));
#5857=CARTESIAN_POINT('Origin',(0.,-1.89404048001052E-12,0.));
#5858=CARTESIAN_POINT('',(0.811490350061013,14.9780327712028,0.));
#5859=CARTESIAN_POINT('Origin',(0.,-1.89404048001052E-12,0.));
#5860=CARTESIAN_POINT('',(0.811490350061013,14.9780327712028,15.8));
#5861=CARTESIAN_POINT('Origin',(0.,-1.89404048001052E-12,15.8));
#5862=CARTESIAN_POINT('',(0.811490350061013,14.9780327712028,0.));
#5863=CARTESIAN_POINT('Ctrl Pts',(2.36448582122454,11.0256245489122,0.));
#5864=CARTESIAN_POINT('Ctrl Pts',(2.36448582122454,11.0256245489122,24.5));
#5865=CARTESIAN_POINT('Ctrl Pts',(2.36683917835341,11.0366357702098,0.));
#5866=CARTESIAN_POINT('Ctrl Pts',(2.36683917835341,11.0366357702098,24.5));
#5867=CARTESIAN_POINT('Ctrl Pts',(2.37112651540877,11.058713593795,0.));
#5868=CARTESIAN_POINT('Ctrl Pts',(2.37112651540877,11.058713593795,24.5));
#5869=CARTESIAN_POINT('Ctrl Pts',(2.37629941786578,11.0919964689449,0.));
#5870=CARTESIAN_POINT('Ctrl Pts',(2.37629941786578,11.0919964689449,24.5));
#5871=CARTESIAN_POINT('Ctrl Pts',(2.38080810160742,11.1366905843773,0.));
#5872=CARTESIAN_POINT('Ctrl Pts',(2.38080810160742,11.1366905843773,24.5));
#5873=CARTESIAN_POINT('Ctrl Pts',(2.38320027873725,11.1929970824015,0.));
#5874=CARTESIAN_POINT('Ctrl Pts',(2.38320027873725,11.1929970824015,24.5));
#5875=CARTESIAN_POINT('Ctrl Pts',(2.38327698658598,11.2496282852824,0.));
#5876=CARTESIAN_POINT('Ctrl Pts',(2.38327698658598,11.2496282852824,24.5));
#5877=CARTESIAN_POINT('Ctrl Pts',(2.38194375055316,11.3064701115974,0.));
#5878=CARTESIAN_POINT('Ctrl Pts',(2.38194375055316,11.3064701115974,24.5));
#5879=CARTESIAN_POINT('Ctrl Pts',(2.37984007529277,11.3634366892528,0.));
#5880=CARTESIAN_POINT('Ctrl Pts',(2.37984007529277,11.3634366892528,24.5));
#5881=CARTESIAN_POINT('Ctrl Pts',(2.37718252585975,11.4204888053959,0.));
#5882=CARTESIAN_POINT('Ctrl Pts',(2.37718252585975,11.4204888053959,24.5));
#5883=CARTESIAN_POINT('Ctrl Pts',(2.37392099512376,11.4776171903006,0.));
#5884=CARTESIAN_POINT('Ctrl Pts',(2.37392099512376,11.4776171903006,24.5));
#5885=CARTESIAN_POINT('Ctrl Pts',(2.36984978349418,11.5348309155951,0.));
#5886=CARTESIAN_POINT('Ctrl Pts',(2.36984978349418,11.5348309155951,24.5));
#5887=CARTESIAN_POINT('Ctrl Pts',(2.36472742801808,11.592144710221,0.));
#5888=CARTESIAN_POINT('Ctrl Pts',(2.36472742801808,11.592144710221,24.5));
#5889=CARTESIAN_POINT('Ctrl Pts',(2.35841358738213,11.6495646092579,0.));
#5890=CARTESIAN_POINT('Ctrl Pts',(2.35841358738213,11.6495646092579,24.5));
#5891=CARTESIAN_POINT('Ctrl Pts',(2.35092434157939,11.7070819372243,0.));
#5892=CARTESIAN_POINT('Ctrl Pts',(2.35092434157939,11.7070819372243,24.5));
#5893=CARTESIAN_POINT('Ctrl Pts',(2.34236266222922,11.7646801184283,0.));
#5894=CARTESIAN_POINT('Ctrl Pts',(2.34236266222922,11.7646801184283,24.5));
#5895=CARTESIAN_POINT('Ctrl Pts',(2.33287742456156,11.822338541537,0.));
#5896=CARTESIAN_POINT('Ctrl Pts',(2.33287742456156,11.822338541537,24.5));
#5897=CARTESIAN_POINT('Ctrl Pts',(2.32261504154856,11.8800372141261,0.));
#5898=CARTESIAN_POINT('Ctrl Pts',(2.32261504154856,11.8800372141261,24.5));
#5899=CARTESIAN_POINT('Ctrl Pts',(2.31166422327066,11.9377620489254,0.));
#5900=CARTESIAN_POINT('Ctrl Pts',(2.31166422327066,11.9377620489254,24.5));
#5901=CARTESIAN_POINT('Ctrl Pts',(2.30004683406155,11.9955057121863,0.));
#5902=CARTESIAN_POINT('Ctrl Pts',(2.30004683406155,11.9955057121863,24.5));
#5903=CARTESIAN_POINT('Ctrl Pts',(2.28774650634,12.0532648200434,0.));
#5904=CARTESIAN_POINT('Ctrl Pts',(2.28774650634,12.0532648200434,24.5));
#5905=CARTESIAN_POINT('Ctrl Pts',(2.27472690254991,12.1110381370273,0.));
#5906=CARTESIAN_POINT('Ctrl Pts',(2.27472690254991,12.1110381370273,24.5));
#5907=CARTESIAN_POINT('Ctrl Pts',(2.26095255557161,12.1688245267911,0.));
#5908=CARTESIAN_POINT('Ctrl Pts',(2.26095255557161,12.1688245267911,24.5));
#5909=CARTESIAN_POINT('Ctrl Pts',(2.24641278167692,12.22662060225,0.));
#5910=CARTESIAN_POINT('Ctrl Pts',(2.24641278167692,12.22662060225,24.5));
#5911=CARTESIAN_POINT('Ctrl Pts',(2.23112188964595,12.2844206887577,0.));
#5912=CARTESIAN_POINT('Ctrl Pts',(2.23112188964595,12.2844206887577,24.5));
#5913=CARTESIAN_POINT('Ctrl Pts',(2.2151079904749,12.342217899464,0.));
#5914=CARTESIAN_POINT('Ctrl Pts',(2.2151079904749,12.342217899464,24.5));
#5915=CARTESIAN_POINT('Ctrl Pts',(2.19840523210003,12.4000048770012,0.));
#5916=CARTESIAN_POINT('Ctrl Pts',(2.19840523210003,12.4000048770012,24.5));
#5917=CARTESIAN_POINT('Ctrl Pts',(2.18104522345769,12.4577746151872,0.));
#5918=CARTESIAN_POINT('Ctrl Pts',(2.18104522345769,12.4577746151872,24.5));
#5919=CARTESIAN_POINT('Ctrl Pts',(2.16304727259815,12.5155213956719,0.));
#5920=CARTESIAN_POINT('Ctrl Pts',(2.16304727259815,12.5155213956719,24.5));
#5921=CARTESIAN_POINT('Ctrl Pts',(2.14441953191655,12.5732406688578,0.));
#5922=CARTESIAN_POINT('Ctrl Pts',(2.14441953191655,12.5732406688578,24.5));
#5923=CARTESIAN_POINT('Ctrl Pts',(2.12516352970038,12.6309286073123,0.));
#5924=CARTESIAN_POINT('Ctrl Pts',(2.12516352970038,12.6309286073123,24.5));
#5925=CARTESIAN_POINT('Ctrl Pts',(2.10527764776005,12.6885817617681,0.));
#5926=CARTESIAN_POINT('Ctrl Pts',(2.10527764776005,12.6885817617681,24.5));
#5927=CARTESIAN_POINT('Ctrl Pts',(2.08476081892288,12.746196696523,0.));
#5928=CARTESIAN_POINT('Ctrl Pts',(2.08476081892288,12.746196696523,24.5));
#5929=CARTESIAN_POINT('Ctrl Pts',(2.06361670791883,12.8037695781912,0.));
#5930=CARTESIAN_POINT('Ctrl Pts',(2.06361670791883,12.8037695781912,24.5));
#5931=CARTESIAN_POINT('Ctrl Pts',(2.04185301089759,12.8612962406559,0.));
#5932=CARTESIAN_POINT('Ctrl Pts',(2.04185301089759,12.8612962406559,24.5));
#5933=CARTESIAN_POINT('Ctrl Pts',(2.01947964958398,12.9187723582205,0.));
#5934=CARTESIAN_POINT('Ctrl Pts',(2.01947964958398,12.9187723582205,24.5));
#5935=CARTESIAN_POINT('Ctrl Pts',(1.99650731836375,12.9761935851404,0.));
#5936=CARTESIAN_POINT('Ctrl Pts',(1.99650731836375,12.9761935851404,24.5));
#5937=CARTESIAN_POINT('Ctrl Pts',(1.9729459758012,13.03355570086,0.));
#5938=CARTESIAN_POINT('Ctrl Pts',(1.9729459758012,13.03355570086,24.5));
#5939=CARTESIAN_POINT('Ctrl Pts',(1.9488031379785,13.0908547760519,0.));
#5940=CARTESIAN_POINT('Ctrl Pts',(1.9488031379785,13.0908547760519,24.5));
#5941=CARTESIAN_POINT('Ctrl Pts',(1.92408423420907,13.1480871319014,0.));
#5942=CARTESIAN_POINT('Ctrl Pts',(1.92408423420907,13.1480871319014,24.5));
#5943=CARTESIAN_POINT('Ctrl Pts',(1.89879338208767,13.2052492580224,0.));
#5944=CARTESIAN_POINT('Ctrl Pts',(1.89879338208767,13.2052492580224,24.5));
#5945=CARTESIAN_POINT('Ctrl Pts',(1.87293403638325,13.2623377435667,0.));
#5946=CARTESIAN_POINT('Ctrl Pts',(1.87293403638325,13.2623377435667,24.5));
#5947=CARTESIAN_POINT('Ctrl Pts',(1.84650965308903,13.3193492078786,0.));
#5948=CARTESIAN_POINT('Ctrl Pts',(1.84650965308903,13.3193492078786,24.5));
#5949=CARTESIAN_POINT('Ctrl Pts',(1.81952445741145,13.3762802204836,0.));
#5950=CARTESIAN_POINT('Ctrl Pts',(1.81952445741145,13.3762802204836,24.5));
#5951=CARTESIAN_POINT('Ctrl Pts',(1.7919833186449,13.4331273178631,0.));
#5952=CARTESIAN_POINT('Ctrl Pts',(1.7919833186449,13.4331273178631,24.5));
#5953=CARTESIAN_POINT('Ctrl Pts',(1.76389142335385,13.4898870422711,0.));
#5954=CARTESIAN_POINT('Ctrl Pts',(1.76389142335385,13.4898870422711,24.5));
#5955=CARTESIAN_POINT('Ctrl Pts',(1.73525401388383,13.5465559751109,0.));
#5956=CARTESIAN_POINT('Ctrl Pts',(1.73525401388383,13.5465559751109,24.5));
#5957=CARTESIAN_POINT('Ctrl Pts',(1.70607612337662,13.6031307696905,0.));
#5958=CARTESIAN_POINT('Ctrl Pts',(1.70607612337662,13.6031307696905,24.5));
#5959=CARTESIAN_POINT('Ctrl Pts',(1.67636226562867,13.6596081942055,0.));
#5960=CARTESIAN_POINT('Ctrl Pts',(1.67636226562867,13.6596081942055,24.5));
#5961=CARTESIAN_POINT('Ctrl Pts',(1.64611648045935,13.7159851109649,0.));
#5962=CARTESIAN_POINT('Ctrl Pts',(1.64611648045935,13.7159851109649,24.5));
#5963=CARTESIAN_POINT('Ctrl Pts',(1.61534249176514,13.7722584370836,0.));
#5964=CARTESIAN_POINT('Ctrl Pts',(1.61534249176514,13.7722584370836,24.5));
#5965=CARTESIAN_POINT('Ctrl Pts',(1.58404383660869,13.8284251099661,0.));
#5966=CARTESIAN_POINT('Ctrl Pts',(1.58404383660869,13.8284251099661,24.5));
#5967=CARTESIAN_POINT('Ctrl Pts',(1.55222399741124,13.8844820565066,0.));
#5968=CARTESIAN_POINT('Ctrl Pts',(1.55222399741124,13.8844820565066,24.5));
#5969=CARTESIAN_POINT('Ctrl Pts',(1.51988656842417,13.9404261490837,0.));
#5970=CARTESIAN_POINT('Ctrl Pts',(1.51988656842417,13.9404261490837,24.5));
#5971=CARTESIAN_POINT('Ctrl Pts',(1.4870352449572,13.9962542321145,0.));
#5972=CARTESIAN_POINT('Ctrl Pts',(1.4870352449572,13.9962542321145,24.5));
#5973=CARTESIAN_POINT('Ctrl Pts',(1.45367372881695,14.0519631804015,0.));
#5974=CARTESIAN_POINT('Ctrl Pts',(1.45367372881695,14.0519631804015,24.5));
#5975=CARTESIAN_POINT('Ctrl Pts',(1.41980566007008,14.1075499528552,0.));
#5976=CARTESIAN_POINT('Ctrl Pts',(1.41980566007008,14.1075499528552,24.5));
#5977=CARTESIAN_POINT('Ctrl Pts',(1.38543455011093,14.1630116388187,0.));
#5978=CARTESIAN_POINT('Ctrl Pts',(1.38543455011093,14.1630116388187,24.5));
#5979=CARTESIAN_POINT('Ctrl Pts',(1.35056369669882,14.2183455340314,0.));
#5980=CARTESIAN_POINT('Ctrl Pts',(1.35056369669882,14.2183455340314,24.5));
#5981=CARTESIAN_POINT('Ctrl Pts',(1.3151961988657,14.2735490985742,0.));
#5982=CARTESIAN_POINT('Ctrl Pts',(1.3151961988657,14.2735490985742,24.5));
#5983=CARTESIAN_POINT('Ctrl Pts',(1.27933505226214,14.3286198238612,0.));
#5984=CARTESIAN_POINT('Ctrl Pts',(1.27933505226214,14.3286198238612,24.5));
#5985=CARTESIAN_POINT('Ctrl Pts',(1.24298322974472,14.3835551185566,0.));
#5986=CARTESIAN_POINT('Ctrl Pts',(1.24298322974472,14.3835551185566,24.5));
#5987=CARTESIAN_POINT('Ctrl Pts',(1.20614376020469,14.4383522053053,0.));
#5988=CARTESIAN_POINT('Ctrl Pts',(1.20614376020469,14.4383522053053,24.5));
#5989=CARTESIAN_POINT('Ctrl Pts',(1.16881983942048,14.4930079708355,0.));
#5990=CARTESIAN_POINT('Ctrl Pts',(1.16881983942048,14.4930079708355,24.5));
#5991=CARTESIAN_POINT('Ctrl Pts',(1.13101483363195,14.5475189874528,0.));
#5992=CARTESIAN_POINT('Ctrl Pts',(1.13101483363195,14.5475189874528,24.5));
#5993=CARTESIAN_POINT('Ctrl Pts',(1.09273211489143,14.6018817967711,0.));
#5994=CARTESIAN_POINT('Ctrl Pts',(1.09273211489143,14.6018817967711,24.5));
#5995=CARTESIAN_POINT('Ctrl Pts',(1.05397493786361,14.6560931379336,0.));
#5996=CARTESIAN_POINT('Ctrl Pts',(1.05397493786361,14.6560931379336,24.5));
#5997=CARTESIAN_POINT('Ctrl Pts',(1.01474630677486,14.7101501869328,0.));
#5998=CARTESIAN_POINT('Ctrl Pts',(1.01474630677486,14.7101501869328,24.5));
#5999=CARTESIAN_POINT('Ctrl Pts',(0.975048841524253,14.7640508225939,0.));
#6000=CARTESIAN_POINT('Ctrl Pts',(0.975048841524253,14.7640508225939,24.5));
#6001=CARTESIAN_POINT('Ctrl Pts',(0.934884672615641,14.8177937917346,0.));
#6002=CARTESIAN_POINT('Ctrl Pts',(0.934884672615641,14.8177937917346,24.5));
#6003=CARTESIAN_POINT('Ctrl Pts',(0.894255454003791,14.871378462016,0.));
#6004=CARTESIAN_POINT('Ctrl Pts',(0.894255454003791,14.871378462016,24.5));
#6005=CARTESIAN_POINT('Ctrl Pts',(0.861380978645835,14.9141194044763,0.));
#6006=CARTESIAN_POINT('Ctrl Pts',(0.861380978645835,14.9141194044763,24.5));
#6007=CARTESIAN_POINT('Ctrl Pts',(0.836516693156123,14.9461038077397,0.));
#6008=CARTESIAN_POINT('Ctrl Pts',(0.836516693156123,14.9461038077397,24.5));
#6009=CARTESIAN_POINT('Ctrl Pts',(0.819847898483225,14.9673950633651,0.));
#6010=CARTESIAN_POINT('Ctrl Pts',(0.819847898483225,14.9673950633651,24.5));
#6011=CARTESIAN_POINT('Ctrl Pts',(0.811490350061014,14.9780327712028,0.));
#6012=CARTESIAN_POINT('Ctrl Pts',(0.811490350061014,14.9780327712028,24.5));
#6013=CARTESIAN_POINT('Ctrl Pts',(2.36448582122454,11.0256245489122,0.));
#6014=CARTESIAN_POINT('Ctrl Pts',(2.36683917835341,11.0366357702098,0.));
#6015=CARTESIAN_POINT('Ctrl Pts',(2.37112651540877,11.058713593795,0.));
#6016=CARTESIAN_POINT('Ctrl Pts',(2.37629941786578,11.0919964689449,0.));
#6017=CARTESIAN_POINT('Ctrl Pts',(2.38080810160742,11.1366905843773,0.));
#6018=CARTESIAN_POINT('Ctrl Pts',(2.38320027873725,11.1929970824015,0.));
#6019=CARTESIAN_POINT('Ctrl Pts',(2.38327698658598,11.2496282852824,0.));
#6020=CARTESIAN_POINT('Ctrl Pts',(2.38194375055316,11.3064701115974,0.));
#6021=CARTESIAN_POINT('Ctrl Pts',(2.37984007529277,11.3634366892528,0.));
#6022=CARTESIAN_POINT('Ctrl Pts',(2.37718252585975,11.4204888053959,0.));
#6023=CARTESIAN_POINT('Ctrl Pts',(2.37392099512376,11.4776171903006,0.));
#6024=CARTESIAN_POINT('Ctrl Pts',(2.36984978349418,11.5348309155951,0.));
#6025=CARTESIAN_POINT('Ctrl Pts',(2.36472742801808,11.592144710221,0.));
#6026=CARTESIAN_POINT('Ctrl Pts',(2.35841358738213,11.6495646092579,0.));
#6027=CARTESIAN_POINT('Ctrl Pts',(2.35092434157939,11.7070819372243,0.));
#6028=CARTESIAN_POINT('Ctrl Pts',(2.34236266222922,11.7646801184283,0.));
#6029=CARTESIAN_POINT('Ctrl Pts',(2.33287742456156,11.822338541537,0.));
#6030=CARTESIAN_POINT('Ctrl Pts',(2.32261504154856,11.8800372141261,0.));
#6031=CARTESIAN_POINT('Ctrl Pts',(2.31166422327066,11.9377620489254,0.));
#6032=CARTESIAN_POINT('Ctrl Pts',(2.30004683406155,11.9955057121863,0.));
#6033=CARTESIAN_POINT('Ctrl Pts',(2.28774650634,12.0532648200434,0.));
#6034=CARTESIAN_POINT('Ctrl Pts',(2.27472690254991,12.1110381370273,0.));
#6035=CARTESIAN_POINT('Ctrl Pts',(2.26095255557161,12.1688245267911,0.));
#6036=CARTESIAN_POINT('Ctrl Pts',(2.24641278167692,12.22662060225,0.));
#6037=CARTESIAN_POINT('Ctrl Pts',(2.23112188964595,12.2844206887577,0.));
#6038=CARTESIAN_POINT('Ctrl Pts',(2.2151079904749,12.342217899464,0.));
#6039=CARTESIAN_POINT('Ctrl Pts',(2.19840523210003,12.4000048770012,0.));
#6040=CARTESIAN_POINT('Ctrl Pts',(2.18104522345769,12.4577746151872,0.));
#6041=CARTESIAN_POINT('Ctrl Pts',(2.16304727259815,12.5155213956719,0.));
#6042=CARTESIAN_POINT('Ctrl Pts',(2.14441953191655,12.5732406688578,0.));
#6043=CARTESIAN_POINT('Ctrl Pts',(2.12516352970038,12.6309286073123,0.));
#6044=CARTESIAN_POINT('Ctrl Pts',(2.10527764776005,12.6885817617681,0.));
#6045=CARTESIAN_POINT('Ctrl Pts',(2.08476081892288,12.746196696523,0.));
#6046=CARTESIAN_POINT('Ctrl Pts',(2.06361670791883,12.8037695781912,0.));
#6047=CARTESIAN_POINT('Ctrl Pts',(2.04185301089759,12.8612962406559,0.));
#6048=CARTESIAN_POINT('Ctrl Pts',(2.01947964958398,12.9187723582205,0.));
#6049=CARTESIAN_POINT('Ctrl Pts',(1.99650731836375,12.9761935851404,0.));
#6050=CARTESIAN_POINT('Ctrl Pts',(1.9729459758012,13.03355570086,0.));
#6051=CARTESIAN_POINT('Ctrl Pts',(1.9488031379785,13.0908547760519,0.));
#6052=CARTESIAN_POINT('Ctrl Pts',(1.92408423420907,13.1480871319014,0.));
#6053=CARTESIAN_POINT('Ctrl Pts',(1.89879338208767,13.2052492580224,0.));
#6054=CARTESIAN_POINT('Ctrl Pts',(1.87293403638325,13.2623377435667,0.));
#6055=CARTESIAN_POINT('Ctrl Pts',(1.84650965308903,13.3193492078786,0.));
#6056=CARTESIAN_POINT('Ctrl Pts',(1.81952445741145,13.3762802204836,0.));
#6057=CARTESIAN_POINT('Ctrl Pts',(1.7919833186449,13.4331273178631,0.));
#6058=CARTESIAN_POINT('Ctrl Pts',(1.76389142335385,13.4898870422711,0.));
#6059=CARTESIAN_POINT('Ctrl Pts',(1.73525401388383,13.5465559751109,0.));
#6060=CARTESIAN_POINT('Ctrl Pts',(1.70607612337662,13.6031307696905,0.));
#6061=CARTESIAN_POINT('Ctrl Pts',(1.67636226562867,13.6596081942055,0.));
#6062=CARTESIAN_POINT('Ctrl Pts',(1.64611648045935,13.7159851109649,0.));
#6063=CARTESIAN_POINT('Ctrl Pts',(1.61534249176514,13.7722584370836,0.));
#6064=CARTESIAN_POINT('Ctrl Pts',(1.58404383660869,13.8284251099661,0.));
#6065=CARTESIAN_POINT('Ctrl Pts',(1.55222399741124,13.8844820565066,0.));
#6066=CARTESIAN_POINT('Ctrl Pts',(1.51988656842417,13.9404261490837,0.));
#6067=CARTESIAN_POINT('Ctrl Pts',(1.4870352449572,13.9962542321145,0.));
#6068=CARTESIAN_POINT('Ctrl Pts',(1.45367372881695,14.0519631804015,0.));
#6069=CARTESIAN_POINT('Ctrl Pts',(1.41980566007008,14.1075499528552,0.));
#6070=CARTESIAN_POINT('Ctrl Pts',(1.38543455011093,14.1630116388187,0.));
#6071=CARTESIAN_POINT('Ctrl Pts',(1.35056369669882,14.2183455340314,0.));
#6072=CARTESIAN_POINT('Ctrl Pts',(1.3151961988657,14.2735490985742,0.));
#6073=CARTESIAN_POINT('Ctrl Pts',(1.27933505226214,14.3286198238612,0.));
#6074=CARTESIAN_POINT('Ctrl Pts',(1.24298322974472,14.3835551185566,0.));
#6075=CARTESIAN_POINT('Ctrl Pts',(1.20614376020469,14.4383522053053,0.));
#6076=CARTESIAN_POINT('Ctrl Pts',(1.16881983942048,14.4930079708355,0.));
#6077=CARTESIAN_POINT('Ctrl Pts',(1.13101483363195,14.5475189874528,0.));
#6078=CARTESIAN_POINT('Ctrl Pts',(1.09273211489143,14.6018817967711,0.));
#6079=CARTESIAN_POINT('Ctrl Pts',(1.05397493786361,14.6560931379336,0.));
#6080=CARTESIAN_POINT('Ctrl Pts',(1.01474630677486,14.7101501869328,0.));
#6081=CARTESIAN_POINT('Ctrl Pts',(0.975048841524253,14.7640508225939,0.));
#6082=CARTESIAN_POINT('Ctrl Pts',(0.934884672615641,14.8177937917346,0.));
#6083=CARTESIAN_POINT('Ctrl Pts',(0.894255454003791,14.871378462016,0.));
#6084=CARTESIAN_POINT('Ctrl Pts',(0.861380978645835,14.9141194044763,0.));
#6085=CARTESIAN_POINT('Ctrl Pts',(0.836516693156123,14.9461038077397,0.));
#6086=CARTESIAN_POINT('Ctrl Pts',(0.819847898483225,14.9673950633651,0.));
#6087=CARTESIAN_POINT('Ctrl Pts',(0.811490350061014,14.9780327712028,0.));
#6088=CARTESIAN_POINT('Ctrl Pts',(2.36448582122454,11.0256245489122,15.8));
#6089=CARTESIAN_POINT('Ctrl Pts',(2.36793768907228,11.04177563805,15.8));
#6090=CARTESIAN_POINT('Ctrl Pts',(2.37084352414685,11.0579987803499,15.8));
#6091=CARTESIAN_POINT('Ctrl Pts',(2.37323234378606,11.0742904802336,15.8));
#6092=CARTESIAN_POINT('Ctrl Pts',(2.37592831971445,11.0926769795733,15.8));
#6093=CARTESIAN_POINT('Ctrl Pts',(2.37796651436242,11.1111507221435,15.8));
#6094=CARTESIAN_POINT('Ctrl Pts',(2.37945535381118,11.1296985486477,15.8));
#6095=CARTESIAN_POINT('Ctrl Pts',(2.38217219563642,11.1635447171221,15.8));
#6096=CARTESIAN_POINT('Ctrl Pts',(2.38306434041906,11.1976373143422,15.8));
#6097=CARTESIAN_POINT('Ctrl Pts',(2.38302358041874,11.2318657561386,15.8));
#6098=CARTESIAN_POINT('Ctrl Pts',(2.38300027835811,11.2514337939222,15.8));
#6099=CARTESIAN_POINT('Ctrl Pts',(2.38267563896862,11.2710457317261,15.8));
#6100=CARTESIAN_POINT('Ctrl Pts',(2.38218142209672,11.2906842655923,15.8));
#6101=CARTESIAN_POINT('Ctrl Pts',(2.38172813391231,11.3086964296173,15.8));
#6102=CARTESIAN_POINT('Ctrl Pts',(2.38113245543744,11.32673092698,15.8));
#6103=CARTESIAN_POINT('Ctrl Pts',(2.38044456763688,11.3447800331795,15.8));
#6104=CARTESIAN_POINT('Ctrl Pts',(2.37967357774842,11.3650096089389,15.8));
#6105=CARTESIAN_POINT('Ctrl Pts',(2.37878601814574,11.3852576091144,15.8));
#6106=CARTESIAN_POINT('Ctrl Pts',(2.37778877412554,11.4055202689494,15.8));
#6107=CARTESIAN_POINT('Ctrl Pts',(2.37654342638407,11.4308240633576,15.8));
#6108=CARTESIAN_POINT('Ctrl Pts',(2.37512590264631,11.4561508063054,15.8));
#6109=CARTESIAN_POINT('Ctrl Pts',(2.37346735232691,11.4815027318685,15.8));
#6110=CARTESIAN_POINT('Ctrl Pts',(2.37176484877299,11.5075265086965,15.8));
#6111=CARTESIAN_POINT('Ctrl Pts',(2.36980190181679,11.533577497143,15.8));
#6112=CARTESIAN_POINT('Ctrl Pts',(2.36749117992303,11.5596605639403,15.8));
#6113=CARTESIAN_POINT('Ctrl Pts',(2.36536457171144,11.5836653843319,15.8));
#6114=CARTESIAN_POINT('Ctrl Pts',(2.36294173137843,11.6076975690286,15.8));
#6115=CARTESIAN_POINT('Ctrl Pts',(2.36020488518364,11.6317564194259,15.8));
#6116=CARTESIAN_POINT('Ctrl Pts',(2.35687906411636,11.6609927834051,15.8));
#6117=CARTESIAN_POINT('Ctrl Pts',(2.35309096125636,11.6902683763018,15.8));
#6118=CARTESIAN_POINT('Ctrl Pts',(2.34889533919351,11.719573951434,15.8));
#6119=CARTESIAN_POINT('Ctrl Pts',(2.34393401724676,11.7542277860472,15.8));
#6120=CARTESIAN_POINT('Ctrl Pts',(2.33840946555613,11.7889228970093,15.8));
#6121=CARTESIAN_POINT('Ctrl Pts',(2.33246163505405,11.8236398795734,15.8));
#6122=CARTESIAN_POINT('Ctrl Pts',(2.32752121287107,11.8524767051563,15.8));
#6123=CARTESIAN_POINT('Ctrl Pts',(2.32229119074167,11.881328400822,15.8));
#6124=CARTESIAN_POINT('Ctrl Pts',(2.31681094789644,11.9101881031792,15.8));
#6125=CARTESIAN_POINT('Ctrl Pts',(2.31010596555555,11.9454974498874,15.8));
#6126=CARTESIAN_POINT('Ctrl Pts',(2.30302517659976,11.9808188949937,15.8));
#6127=CARTESIAN_POINT('Ctrl Pts',(2.2955575356909,12.0161483689131,15.8));
#6128=CARTESIAN_POINT('Ctrl Pts',(2.28717582793838,12.0558023009991,15.8));
#6129=CARTESIAN_POINT('Ctrl Pts',(2.27830008542224,12.0954669956289,15.8));
#6130=CARTESIAN_POINT('Ctrl Pts',(2.26888472120048,12.1351401714728,15.8));
#6131=CARTESIAN_POINT('Ctrl Pts',(2.25966397866647,12.1739932770295,15.8));
#6132=CARTESIAN_POINT('Ctrl Pts',(2.24992417057659,12.2128546731871,15.8));
#6133=CARTESIAN_POINT('Ctrl Pts',(2.23967949080275,12.2517171028006,15.8));
#6134=CARTESIAN_POINT('Ctrl Pts',(2.22426336770355,12.3101970174569,15.8));
#6135=CARTESIAN_POINT('Ctrl Pts',(2.20771297183733,12.3686783431344,15.8));
#6136=CARTESIAN_POINT('Ctrl Pts',(2.19017237485168,12.4271284609186,15.8));
#6137=CARTESIAN_POINT('Ctrl Pts',(2.17554258749567,12.4758789564015,15.8));
#6138=CARTESIAN_POINT('Ctrl Pts',(2.16022494396306,12.5246076844157,15.8));
#6139=CARTESIAN_POINT('Ctrl Pts',(2.14423954724935,12.5733025768497,15.8));
#6140=CARTESIAN_POINT('Ctrl Pts',(2.12371573009718,12.6358224558656,15.8));
#6141=CARTESIAN_POINT('Ctrl Pts',(2.10208221037445,12.6982874021686,15.8));
#6142=CARTESIAN_POINT('Ctrl Pts',(2.07934286394905,12.7606768170929,15.8));
#6143=CARTESIAN_POINT('Ctrl Pts',(2.0445837759938,12.8560445167735,15.8));
#6144=CARTESIAN_POINT('Ctrl Pts',(2.00724948199636,12.9512346535399,15.8));
#6145=CARTESIAN_POINT('Ctrl Pts',(1.96753505370788,13.0461609214588,15.8));
#6146=CARTESIAN_POINT('Ctrl Pts',(1.91840581412392,13.1635906708063,15.8));
#6147=CARTESIAN_POINT('Ctrl Pts',(1.86562705178907,13.2806173493277,15.8));
#6148=CARTESIAN_POINT('Ctrl Pts',(1.80935429517239,13.3971076352789,15.8));
#6149=CARTESIAN_POINT('Ctrl Pts',(1.75809046491497,13.5032289381025,15.8));
#6150=CARTESIAN_POINT('Ctrl Pts',(1.70393562476057,13.6089040454524,15.8));
#6151=CARTESIAN_POINT('Ctrl Pts',(1.64702513160859,13.7140373043239,15.8));
#6152=CARTESIAN_POINT('Ctrl Pts',(1.56897569021134,13.8582214727035,15.8));
#6153=CARTESIAN_POINT('Ctrl Pts',(1.48573269613531,14.0013882576413,15.8));
#6154=CARTESIAN_POINT('Ctrl Pts',(1.39756849159076,14.1433054569498,15.8));
#6155=CARTESIAN_POINT('Ctrl Pts',(1.32080655220844,14.2668685232407,15.8));
#6156=CARTESIAN_POINT('Ctrl Pts',(1.24031253490118,14.3894897018373,15.8));
#6157=CARTESIAN_POINT('Ctrl Pts',(1.15624028798355,14.5110296869001,15.8));
#6158=CARTESIAN_POINT('Ctrl Pts',(1.09755066944637,14.5958749910507,15.8));
#6159=CARTESIAN_POINT('Ctrl Pts',(1.03712020266668,14.6801874125762,15.8));
#6160=CARTESIAN_POINT('Ctrl Pts',(0.974997458219385,14.763923398152,15.8));
#6161=CARTESIAN_POINT('Ctrl Pts',(0.921735831464038,14.8357153778755,15.8));
#6162=CARTESIAN_POINT('Ctrl Pts',(0.867230117551461,14.9070857265015,15.8));
#6163=CARTESIAN_POINT('Ctrl Pts',(0.811490350061014,14.9780327712028,15.8));
#6164=CARTESIAN_POINT('Ctrl Pts',(10.0172582119562,11.1648788707474,0.));
#6165=CARTESIAN_POINT('Ctrl Pts',(10.0172582119562,11.1648788707474,24.5));
#6166=CARTESIAN_POINT('Ctrl Pts',(10.0038265374445,11.1632665545625,0.));
#6167=CARTESIAN_POINT('Ctrl Pts',(10.0038265374445,11.1632665545625,24.5));
#6168=CARTESIAN_POINT('Ctrl Pts',(9.97698472846438,11.1599979810773,0.));
#6169=CARTESIAN_POINT('Ctrl Pts',(9.97698472846438,11.1599979810773,24.5));
#6170=CARTESIAN_POINT('Ctrl Pts',(9.93678663514549,11.1549632975166,0.));
#6171=CARTESIAN_POINT('Ctrl Pts',(9.93678663514549,11.1549632975166,24.5));
#6172=CARTESIAN_POINT('Ctrl Pts',(9.88331846044396,11.1479866517222,0.));
#6173=CARTESIAN_POINT('Ctrl Pts',(9.88331846044396,11.1479866517222,24.5));
#6174=CARTESIAN_POINT('Ctrl Pts',(9.8166991807256,11.1388257639934,0.));
#6175=CARTESIAN_POINT('Ctrl Pts',(9.8166991807256,11.1388257639934,24.5));
#6176=CARTESIAN_POINT('Ctrl Pts',(9.75029680660911,11.1292241022689,0.));
#6177=CARTESIAN_POINT('Ctrl Pts',(9.75029680660911,11.1292241022689,24.5));
#6178=CARTESIAN_POINT('Ctrl Pts',(9.68411295474821,11.1191809441572,0.));
#6179=CARTESIAN_POINT('Ctrl Pts',(9.68411295474821,11.1191809441572,24.5));
#6180=CARTESIAN_POINT('Ctrl Pts',(9.61815001777042,11.1086956692985,0.));
#6181=CARTESIAN_POINT('Ctrl Pts',(9.61815001777042,11.1086956692985,24.5));
#6182=CARTESIAN_POINT('Ctrl Pts',(9.55241134812119,11.0977679250413,0.));
#6183=CARTESIAN_POINT('Ctrl Pts',(9.55241134812119,11.0977679250413,24.5));
#6184=CARTESIAN_POINT('Ctrl Pts',(9.48690106698421,11.0863975839517,0.));
#6185=CARTESIAN_POINT('Ctrl Pts',(9.48690106698421,11.0863975839517,24.5));
#6186=CARTESIAN_POINT('Ctrl Pts',(9.42162378152888,11.0745846504081,0.));
#6187=CARTESIAN_POINT('Ctrl Pts',(9.42162378152888,11.0745846504081,24.5));
#6188=CARTESIAN_POINT('Ctrl Pts',(9.35658432160457,11.0623291854577,0.));
#6189=CARTESIAN_POINT('Ctrl Pts',(9.35658432160457,11.0623291854577,24.5));
#6190=CARTESIAN_POINT('Ctrl Pts',(9.29178749124818,11.0496312325555,0.));
#6191=CARTESIAN_POINT('Ctrl Pts',(9.29178749124818,11.0496312325555,24.5));
#6192=CARTESIAN_POINT('Ctrl Pts',(9.22723775163201,11.0364907333604,0.));
#6193=CARTESIAN_POINT('Ctrl Pts',(9.22723775163201,11.0364907333604,24.5));
#6194=CARTESIAN_POINT('Ctrl Pts',(9.16293920839226,11.0229075100097,0.));
#6195=CARTESIAN_POINT('Ctrl Pts',(9.16293920839226,11.0229075100097,24.5));
#6196=CARTESIAN_POINT('Ctrl Pts',(9.09889579600696,11.0088812927272,0.));
#6197=CARTESIAN_POINT('Ctrl Pts',(9.09889579600696,11.0088812927272,24.5));
#6198=CARTESIAN_POINT('Ctrl Pts',(9.03511140655915,10.9944117371063,0.));
#6199=CARTESIAN_POINT('Ctrl Pts',(9.03511140655915,10.9944117371063,24.5));
#6200=CARTESIAN_POINT('Ctrl Pts',(8.97159002738931,10.9794984477945,0.));
#6201=CARTESIAN_POINT('Ctrl Pts',(8.97159002738931,10.9794984477945,24.5));
#6202=CARTESIAN_POINT('Ctrl Pts',(8.90833590256639,10.9641410051248,0.));
#6203=CARTESIAN_POINT('Ctrl Pts',(8.90833590256639,10.9641410051248,24.5));
#6204=CARTESIAN_POINT('Ctrl Pts',(8.84535357316641,10.9483389843117,0.));
#6205=CARTESIAN_POINT('Ctrl Pts',(8.84535357316641,10.9483389843117,24.5));
#6206=CARTESIAN_POINT('Ctrl Pts',(8.78264776348025,10.9320919618144,0.));
#6207=CARTESIAN_POINT('Ctrl Pts',(8.78264776348025,10.9320919618144,24.5));
#6208=CARTESIAN_POINT('Ctrl Pts',(8.72022330092875,10.9153995299087,0.));
#6209=CARTESIAN_POINT('Ctrl Pts',(8.72022330092875,10.9153995299087,24.5));
#6210=CARTESIAN_POINT('Ctrl Pts',(8.6580850298246,10.8982613069501,0.));
#6211=CARTESIAN_POINT('Ctrl Pts',(8.6580850298246,10.8982613069501,24.5));
#6212=CARTESIAN_POINT('Ctrl Pts',(8.59623770324955,10.8806769629814,0.));
#6213=CARTESIAN_POINT('Ctrl Pts',(8.59623770324955,10.8806769629814,24.5));
#6214=CARTESIAN_POINT('Ctrl Pts',(8.53468595666125,10.8626462085727,0.));
#6215=CARTESIAN_POINT('Ctrl Pts',(8.53468595666125,10.8626462085727,24.5));
#6216=CARTESIAN_POINT('Ctrl Pts',(8.47343445672274,10.8441687082253,0.));
#6217=CARTESIAN_POINT('Ctrl Pts',(8.47343445672274,10.8441687082253,24.5));
#6218=CARTESIAN_POINT('Ctrl Pts',(8.41248801655545,10.8252440086756,0.));
#6219=CARTESIAN_POINT('Ctrl Pts',(8.41248801655545,10.8252440086756,24.5));
#6220=CARTESIAN_POINT('Ctrl Pts',(8.35185171142566,10.8058714720225,0.));
#6221=CARTESIAN_POINT('Ctrl Pts',(8.35185171142566,10.8058714720225,24.5));
#6222=CARTESIAN_POINT('Ctrl Pts',(8.29153101830014,10.7860501917607,0.));
#6223=CARTESIAN_POINT('Ctrl Pts',(8.29153101830014,10.7860501917607,24.5));
#6224=CARTESIAN_POINT('Ctrl Pts',(8.23153186261625,10.7657789753902,0.));
#6225=CARTESIAN_POINT('Ctrl Pts',(8.23153186261625,10.7657789753902,24.5));
#6226=CARTESIAN_POINT('Ctrl Pts',(8.171860368585,10.7450565333258,0.));
#6227=CARTESIAN_POINT('Ctrl Pts',(8.171860368585,10.7450565333258,24.5));
#6228=CARTESIAN_POINT('Ctrl Pts',(8.11252264865695,10.7238816431083,0.));
#6229=CARTESIAN_POINT('Ctrl Pts',(8.11252264865695,10.7238816431083,24.5));
#6230=CARTESIAN_POINT('Ctrl Pts',(8.05352459502062,10.702253310704,0.));
#6231=CARTESIAN_POINT('Ctrl Pts',(8.05352459502062,10.702253310704,24.5));
#6232=CARTESIAN_POINT('Ctrl Pts',(7.99487162105994,10.6801709741526,0.));
#6233=CARTESIAN_POINT('Ctrl Pts',(7.99487162105994,10.6801709741526,24.5));
#6234=CARTESIAN_POINT('Ctrl Pts',(7.93656856101569,10.6576345801824,0.));
#6235=CARTESIAN_POINT('Ctrl Pts',(7.93656856101569,10.6576345801824,24.5));
#6236=CARTESIAN_POINT('Ctrl Pts',(7.87862026961238,10.6346440977368,0.));
#6237=CARTESIAN_POINT('Ctrl Pts',(7.87862026961238,10.6346440977368,24.5));
#6238=CARTESIAN_POINT('Ctrl Pts',(7.82103214064694,10.6111990974544,0.));
#6239=CARTESIAN_POINT('Ctrl Pts',(7.82103214064694,10.6111990974544,24.5));
#6240=CARTESIAN_POINT('Ctrl Pts',(7.76381061453861,10.5872983415458,0.));
#6241=CARTESIAN_POINT('Ctrl Pts',(7.76381061453861,10.5872983415458,24.5));
#6242=CARTESIAN_POINT('Ctrl Pts',(7.70696378441396,10.5629392937921,0.));
#6243=CARTESIAN_POINT('Ctrl Pts',(7.70696378441396,10.5629392937921,24.5));
#6244=CARTESIAN_POINT('Ctrl Pts',(7.65050167642496,10.5381178968087,0.));
#6245=CARTESIAN_POINT('Ctrl Pts',(7.65050167642496,10.5381178968087,24.5));
#6246=CARTESIAN_POINT('Ctrl Pts',(7.59443492554977,10.5128296614283,0.));
#6247=CARTESIAN_POINT('Ctrl Pts',(7.59443492554977,10.5128296614283,24.5));
#6248=CARTESIAN_POINT('Ctrl Pts',(7.53877360623659,10.4870706306614,0.));
#6249=CARTESIAN_POINT('Ctrl Pts',(7.53877360623659,10.4870706306614,24.5));
#6250=CARTESIAN_POINT('Ctrl Pts',(7.4835261063746,10.4608383083978,0.));
#6251=CARTESIAN_POINT('Ctrl Pts',(7.4835261063746,10.4608383083978,24.5));
#6252=CARTESIAN_POINT('Ctrl Pts',(7.42869772793219,10.4341328138951,0.));
#6253=CARTESIAN_POINT('Ctrl Pts',(7.42869772793219,10.4341328138951,24.5));
#6254=CARTESIAN_POINT('Ctrl Pts',(7.37429014571276,10.4069573311669,0.));
#6255=CARTESIAN_POINT('Ctrl Pts',(7.37429014571276,10.4069573311669,24.5));
#6256=CARTESIAN_POINT('Ctrl Pts',(7.32030465448374,10.3793154434462,0.));
#6257=CARTESIAN_POINT('Ctrl Pts',(7.32030465448374,10.3793154434462,24.5));
#6258=CARTESIAN_POINT('Ctrl Pts',(7.26674504131101,10.3512087764739,0.));
#6259=CARTESIAN_POINT('Ctrl Pts',(7.26674504131101,10.3512087764739,24.5));
#6260=CARTESIAN_POINT('Ctrl Pts',(7.21362028785989,10.3226347826877,0.));
#6261=CARTESIAN_POINT('Ctrl Pts',(7.21362028785989,10.3226347826877,24.5));
#6262=CARTESIAN_POINT('Ctrl Pts',(7.16094809046765,10.2935838527183,0.));
#6263=CARTESIAN_POINT('Ctrl Pts',(7.16094809046765,10.2935838527183,24.5));
#6264=CARTESIAN_POINT('Ctrl Pts',(7.10875575414653,10.2640385897913,0.));
#6265=CARTESIAN_POINT('Ctrl Pts',(7.10875575414653,10.2640385897913,24.5));
#6266=CARTESIAN_POINT('Ctrl Pts',(7.05707262757822,10.233980050114,0.));
#6267=CARTESIAN_POINT('Ctrl Pts',(7.05707262757822,10.233980050114,24.5));
#6268=CARTESIAN_POINT('Ctrl Pts',(7.00592345797743,10.2033932259489,0.));
#6269=CARTESIAN_POINT('Ctrl Pts',(7.00592345797743,10.2033932259489,24.5));
#6270=CARTESIAN_POINT('Ctrl Pts',(6.95532237576042,10.1722720120414,0.));
#6271=CARTESIAN_POINT('Ctrl Pts',(6.95532237576042,10.1722720120414,24.5));
#6272=CARTESIAN_POINT('Ctrl Pts',(6.90526422142108,10.1406263579588,0.));
#6273=CARTESIAN_POINT('Ctrl Pts',(6.90526422142108,10.1406263579588,24.5));
#6274=CARTESIAN_POINT('Ctrl Pts',(6.85572471943736,10.1084821462605,0.));
#6275=CARTESIAN_POINT('Ctrl Pts',(6.85572471943736,10.1084821462605,24.5));
#6276=CARTESIAN_POINT('Ctrl Pts',(6.80667904888557,10.0758659450876,0.));
#6277=CARTESIAN_POINT('Ctrl Pts',(6.80667904888557,10.0758659450876,24.5));
#6278=CARTESIAN_POINT('Ctrl Pts',(6.75811802889227,10.042791720822,0.));
#6279=CARTESIAN_POINT('Ctrl Pts',(6.75811802889227,10.042791720822,24.5));
#6280=CARTESIAN_POINT('Ctrl Pts',(6.71006230561941,10.0092491987884,0.));
#6281=CARTESIAN_POINT('Ctrl Pts',(6.71006230561941,10.0092491987884,24.5));
#6282=CARTESIAN_POINT('Ctrl Pts',(6.66258456777074,9.97518561269166,0.));
#6283=CARTESIAN_POINT('Ctrl Pts',(6.66258456777074,9.97518561269166,24.5));
#6284=CARTESIAN_POINT('Ctrl Pts',(6.61580248173051,9.94051156970512,0.));
#6285=CARTESIAN_POINT('Ctrl Pts',(6.61580248173051,9.94051156970512,24.5));
#6286=CARTESIAN_POINT('Ctrl Pts',(6.56983589259671,9.9051363735575,0.));
#6287=CARTESIAN_POINT('Ctrl Pts',(6.56983589259671,9.9051363735575,24.5));
#6288=CARTESIAN_POINT('Ctrl Pts',(6.52476933308364,9.86899893310246,0.));
#6289=CARTESIAN_POINT('Ctrl Pts',(6.52476933308364,9.86899893310246,24.5));
#6290=CARTESIAN_POINT('Ctrl Pts',(6.4806203079553,9.83209401255972,0.));
#6291=CARTESIAN_POINT('Ctrl Pts',(6.4806203079553,9.83209401255972,24.5));
#6292=CARTESIAN_POINT('Ctrl Pts',(6.43728531347168,9.79451658077793,0.));
#6293=CARTESIAN_POINT('Ctrl Pts',(6.43728531347168,9.79451658077793,24.5));
#6294=CARTESIAN_POINT('Ctrl Pts',(6.39458319460692,9.75642696291411,0.));
#6295=CARTESIAN_POINT('Ctrl Pts',(6.39458319460692,9.75642696291411,24.5));
#6296=CARTESIAN_POINT('Ctrl Pts',(6.35236208517566,9.71796419593371,0.));
#6297=CARTESIAN_POINT('Ctrl Pts',(6.35236208517566,9.71796419593371,24.5));
#6298=CARTESIAN_POINT('Ctrl Pts',(6.31059310877252,9.67917026561463,0.));
#6299=CARTESIAN_POINT('Ctrl Pts',(6.31059310877252,9.67917026561463,24.5));
#6300=CARTESIAN_POINT('Ctrl Pts',(6.26945712769042,9.63991976501199,0.));
#6301=CARTESIAN_POINT('Ctrl Pts',(6.26945712769042,9.63991976501199,24.5));
#6302=CARTESIAN_POINT('Ctrl Pts',(6.22946706074655,9.59982121678811,0.));
#6303=CARTESIAN_POINT('Ctrl Pts',(6.22946706074655,9.59982121678811,24.5));
#6304=CARTESIAN_POINT('Ctrl Pts',(6.19134387883907,9.55831498554002,0.));
#6305=CARTESIAN_POINT('Ctrl Pts',(6.19134387883907,9.55831498554002,24.5));
#6306=CARTESIAN_POINT('Ctrl Pts',(6.16292848758565,9.52352335259073,0.));
#6307=CARTESIAN_POINT('Ctrl Pts',(6.16292848758565,9.52352335259073,24.5));
#6308=CARTESIAN_POINT('Ctrl Pts',(6.14305173527551,9.49633101146905,0.));
#6309=CARTESIAN_POINT('Ctrl Pts',(6.14305173527551,9.49633101146905,24.5));
#6310=CARTESIAN_POINT('Ctrl Pts',(6.13047196160965,9.47768802759303,0.));
#6311=CARTESIAN_POINT('Ctrl Pts',(6.13047196160965,9.47768802759303,24.5));
#6312=CARTESIAN_POINT('Ctrl Pts',(6.12434992714535,9.46823784355998,0.));
#6313=CARTESIAN_POINT('Ctrl Pts',(6.12434992714535,9.46823784355998,24.5));
#6314=CARTESIAN_POINT('',(10.0172582119562,11.1648788707474,0.));
#6315=CARTESIAN_POINT('Ctrl Pts',(6.12434992714535,9.46823784355998,0.));
#6316=CARTESIAN_POINT('Ctrl Pts',(6.13047196160965,9.47768802759303,0.));
#6317=CARTESIAN_POINT('Ctrl Pts',(6.14305173527551,9.49633101146905,0.));
#6318=CARTESIAN_POINT('Ctrl Pts',(6.16292848758565,9.52352335259073,0.));
#6319=CARTESIAN_POINT('Ctrl Pts',(6.19134387883907,9.55831498554002,0.));
#6320=CARTESIAN_POINT('Ctrl Pts',(6.22946706074655,9.59982121678811,0.));
#6321=CARTESIAN_POINT('Ctrl Pts',(6.26945712769042,9.63991976501199,0.));
#6322=CARTESIAN_POINT('Ctrl Pts',(6.31059310877252,9.67917026561463,0.));
#6323=CARTESIAN_POINT('Ctrl Pts',(6.35236208517566,9.71796419593371,0.));
#6324=CARTESIAN_POINT('Ctrl Pts',(6.39458319460692,9.75642696291411,0.));
#6325=CARTESIAN_POINT('Ctrl Pts',(6.43728531347168,9.79451658077793,0.));
#6326=CARTESIAN_POINT('Ctrl Pts',(6.4806203079553,9.83209401255972,0.));
#6327=CARTESIAN_POINT('Ctrl Pts',(6.52476933308364,9.86899893310246,0.));
#6328=CARTESIAN_POINT('Ctrl Pts',(6.56983589259671,9.9051363735575,0.));
#6329=CARTESIAN_POINT('Ctrl Pts',(6.61580248173051,9.94051156970512,0.));
#6330=CARTESIAN_POINT('Ctrl Pts',(6.66258456777074,9.97518561269166,0.));
#6331=CARTESIAN_POINT('Ctrl Pts',(6.71006230561941,10.0092491987884,0.));
#6332=CARTESIAN_POINT('Ctrl Pts',(6.75811802889227,10.042791720822,0.));
#6333=CARTESIAN_POINT('Ctrl Pts',(6.80667904888557,10.0758659450876,0.));
#6334=CARTESIAN_POINT('Ctrl Pts',(6.85572471943736,10.1084821462605,0.));
#6335=CARTESIAN_POINT('Ctrl Pts',(6.90526422142108,10.1406263579588,0.));
#6336=CARTESIAN_POINT('Ctrl Pts',(6.95532237576042,10.1722720120414,0.));
#6337=CARTESIAN_POINT('Ctrl Pts',(7.00592345797743,10.2033932259489,0.));
#6338=CARTESIAN_POINT('Ctrl Pts',(7.05707262757822,10.233980050114,0.));
#6339=CARTESIAN_POINT('Ctrl Pts',(7.10875575414653,10.2640385897913,0.));
#6340=CARTESIAN_POINT('Ctrl Pts',(7.16094809046765,10.2935838527183,0.));
#6341=CARTESIAN_POINT('Ctrl Pts',(7.21362028785989,10.3226347826877,0.));
#6342=CARTESIAN_POINT('Ctrl Pts',(7.26674504131101,10.3512087764739,0.));
#6343=CARTESIAN_POINT('Ctrl Pts',(7.32030465448374,10.3793154434462,0.));
#6344=CARTESIAN_POINT('Ctrl Pts',(7.37429014571276,10.4069573311669,0.));
#6345=CARTESIAN_POINT('Ctrl Pts',(7.42869772793219,10.4341328138951,0.));
#6346=CARTESIAN_POINT('Ctrl Pts',(7.4835261063746,10.4608383083978,0.));
#6347=CARTESIAN_POINT('Ctrl Pts',(7.53877360623659,10.4870706306614,0.));
#6348=CARTESIAN_POINT('Ctrl Pts',(7.59443492554977,10.5128296614283,0.));
#6349=CARTESIAN_POINT('Ctrl Pts',(7.65050167642496,10.5381178968087,0.));
#6350=CARTESIAN_POINT('Ctrl Pts',(7.70696378441396,10.5629392937921,0.));
#6351=CARTESIAN_POINT('Ctrl Pts',(7.76381061453861,10.5872983415458,0.));
#6352=CARTESIAN_POINT('Ctrl Pts',(7.82103214064694,10.6111990974544,0.));
#6353=CARTESIAN_POINT('Ctrl Pts',(7.87862026961238,10.6346440977368,0.));
#6354=CARTESIAN_POINT('Ctrl Pts',(7.93656856101569,10.6576345801824,0.));
#6355=CARTESIAN_POINT('Ctrl Pts',(7.99487162105994,10.6801709741526,0.));
#6356=CARTESIAN_POINT('Ctrl Pts',(8.05352459502062,10.702253310704,0.));
#6357=CARTESIAN_POINT('Ctrl Pts',(8.11252264865695,10.7238816431083,0.));
#6358=CARTESIAN_POINT('Ctrl Pts',(8.171860368585,10.7450565333258,0.));
#6359=CARTESIAN_POINT('Ctrl Pts',(8.23153186261625,10.7657789753902,0.));
#6360=CARTESIAN_POINT('Ctrl Pts',(8.29153101830014,10.7860501917607,0.));
#6361=CARTESIAN_POINT('Ctrl Pts',(8.35185171142566,10.8058714720225,0.));
#6362=CARTESIAN_POINT('Ctrl Pts',(8.41248801655545,10.8252440086756,0.));
#6363=CARTESIAN_POINT('Ctrl Pts',(8.47343445672274,10.8441687082253,0.));
#6364=CARTESIAN_POINT('Ctrl Pts',(8.53468595666125,10.8626462085727,0.));
#6365=CARTESIAN_POINT('Ctrl Pts',(8.59623770324955,10.8806769629814,0.));
#6366=CARTESIAN_POINT('Ctrl Pts',(8.6580850298246,10.8982613069501,0.));
#6367=CARTESIAN_POINT('Ctrl Pts',(8.72022330092875,10.9153995299087,0.));
#6368=CARTESIAN_POINT('Ctrl Pts',(8.78264776348025,10.9320919618144,0.));
#6369=CARTESIAN_POINT('Ctrl Pts',(8.84535357316641,10.9483389843117,0.));
#6370=CARTESIAN_POINT('Ctrl Pts',(8.90833590256639,10.9641410051248,0.));
#6371=CARTESIAN_POINT('Ctrl Pts',(8.97159002738931,10.9794984477945,0.));
#6372=CARTESIAN_POINT('Ctrl Pts',(9.03511140655915,10.9944117371063,0.));
#6373=CARTESIAN_POINT('Ctrl Pts',(9.09889579600696,11.0088812927272,0.));
#6374=CARTESIAN_POINT('Ctrl Pts',(9.16293920839226,11.0229075100097,0.));
#6375=CARTESIAN_POINT('Ctrl Pts',(9.22723775163201,11.0364907333604,0.));
#6376=CARTESIAN_POINT('Ctrl Pts',(9.29178749124818,11.0496312325555,0.));
#6377=CARTESIAN_POINT('Ctrl Pts',(9.35658432160457,11.0623291854577,0.));
#6378=CARTESIAN_POINT('Ctrl Pts',(9.42162378152888,11.0745846504081,0.));
#6379=CARTESIAN_POINT('Ctrl Pts',(9.48690106698421,11.0863975839517,0.));
#6380=CARTESIAN_POINT('Ctrl Pts',(9.55241134812119,11.0977679250413,0.));
#6381=CARTESIAN_POINT('Ctrl Pts',(9.61815001777042,11.1086956692985,0.));
#6382=CARTESIAN_POINT('Ctrl Pts',(9.68411295474821,11.1191809441572,0.));
#6383=CARTESIAN_POINT('Ctrl Pts',(9.75029680660911,11.1292241022689,0.));
#6384=CARTESIAN_POINT('Ctrl Pts',(9.8166991807256,11.1388257639934,0.));
#6385=CARTESIAN_POINT('Ctrl Pts',(9.88331846044396,11.1479866517222,0.));
#6386=CARTESIAN_POINT('Ctrl Pts',(9.93678663514549,11.1549632975166,0.));
#6387=CARTESIAN_POINT('Ctrl Pts',(9.97698472846438,11.1599979810773,0.));
#6388=CARTESIAN_POINT('Ctrl Pts',(10.0038265374445,11.1632665545625,0.));
#6389=CARTESIAN_POINT('Ctrl Pts',(10.0172582119562,11.1648788707474,0.));
#6390=CARTESIAN_POINT('',(10.0172582119562,11.1648788707474,15.8));
#6391=CARTESIAN_POINT('Ctrl Pts',(10.0172582119562,11.1648788707474,15.8));
#6392=CARTESIAN_POINT('Ctrl Pts',(9.91266261945918,11.1523233873264,15.8));
#6393=CARTESIAN_POINT('Ctrl Pts',(9.80884755548989,11.1381703542695,15.8));
#6394=CARTESIAN_POINT('Ctrl Pts',(9.70582954583661,11.1224098718891,15.8));
#6395=CARTESIAN_POINT('Ctrl Pts',(9.5837232277542,11.1037291142124,15.8));
#6396=CARTESIAN_POINT('Ctrl Pts',(9.46273570413419,11.0827876161442,15.8));
#6397=CARTESIAN_POINT('Ctrl Pts',(9.34299014070897,11.0595833748593,15.8));
#6398=CARTESIAN_POINT('Ctrl Pts',(9.18415719170286,11.0288047976218,15.8));
#6399=CARTESIAN_POINT('Ctrl Pts',(9.02751567887867,10.9940492805963,15.8));
#6400=CARTESIAN_POINT('Ctrl Pts',(8.87333679460749,10.9552948371844,15.8));
#6401=CARTESIAN_POINT('Ctrl Pts',(8.72943024750755,10.9191224510464,15.8));
#6402=CARTESIAN_POINT('Ctrl Pts',(8.58767441068668,10.879464523923,15.8));
#6403=CARTESIAN_POINT('Ctrl Pts',(8.44832436314038,10.8363017720657,15.8));
#6404=CARTESIAN_POINT('Ctrl Pts',(8.30392610722926,10.7915753711907,15.8));
#6405=CARTESIAN_POINT('Ctrl Pts',(8.16210767072664,10.7430857783297,15.8));
#6406=CARTESIAN_POINT('Ctrl Pts',(8.02321876981171,10.6907702269528,15.8));
#6407=CARTESIAN_POINT('Ctrl Pts',(7.94796052731931,10.6624225589554,15.8));
#6408=CARTESIAN_POINT('Ctrl Pts',(7.87355910347124,10.6329546740757,15.8));
#6409=CARTESIAN_POINT('Ctrl Pts',(7.80006781037584,10.6023608360237,15.8));
#6410=CARTESIAN_POINT('Ctrl Pts',(7.71742683360835,10.5679580577736,15.8));
#6411=CARTESIAN_POINT('Ctrl Pts',(7.63593802582313,10.5321302940449,15.8));
#6412=CARTESIAN_POINT('Ctrl Pts',(7.55573572938225,10.4948246723345,15.8));
#6413=CARTESIAN_POINT('Ctrl Pts',(7.4964656589214,10.4672555511811,15.8));
#6414=CARTESIAN_POINT('Ctrl Pts',(7.43790070748945,10.4388773282604,15.8));
#6415=CARTESIAN_POINT('Ctrl Pts',(7.38005811441586,10.4097006359968,15.8));
#6416=CARTESIAN_POINT('Ctrl Pts',(7.3360654227317,10.3875100466938,15.8));
#6417=CARTESIAN_POINT('Ctrl Pts',(7.29248697580583,10.3648605701492,15.8));
#6418=CARTESIAN_POINT('Ctrl Pts',(7.2493407013495,10.341748991207,15.8));
#6419=CARTESIAN_POINT('Ctrl Pts',(7.19465603611524,10.3124567991598,15.8));
#6420=CARTESIAN_POINT('Ctrl Pts',(7.14066436273626,10.2824232384172,15.8));
#6421=CARTESIAN_POINT('Ctrl Pts',(7.08749434457899,10.2515674896099,15.8));
#6422=CARTESIAN_POINT('Ctrl Pts',(7.05353801095025,10.2318618709703,15.8));
#6423=CARTESIAN_POINT('Ctrl Pts',(7.01991991479655,10.211818385095,15.8));
#6424=CARTESIAN_POINT('Ctrl Pts',(6.98665752852025,10.1914296674307,15.8));
#6425=CARTESIAN_POINT('Ctrl Pts',(6.94524234213273,10.1660435590724,15.8));
#6426=CARTESIAN_POINT('Ctrl Pts',(6.90437924545803,10.1401216662893,15.8));
#6427=CARTESIAN_POINT('Ctrl Pts',(6.86401844585367,10.1137195611857,15.8));
#6428=CARTESIAN_POINT('Ctrl Pts',(6.83620838776773,10.0955275510243,15.8));
#6429=CARTESIAN_POINT('Ctrl Pts',(6.80863338649202,10.0771103864744,15.8));
#6430=CARTESIAN_POINT('Ctrl Pts',(6.78129179715185,10.0584746231326,15.8));
#6431=CARTESIAN_POINT('Ctrl Pts',(6.75690847499848,10.0418551861466,15.8));
#6432=CARTESIAN_POINT('Ctrl Pts',(6.73270981213764,10.0250627003784,15.8));
#6433=CARTESIAN_POINT('Ctrl Pts',(6.70873035471892,10.0080727179664,15.8));
#6434=CARTESIAN_POINT('Ctrl Pts',(6.68089991828352,9.98835423070887,15.8));
#6435=CARTESIAN_POINT('Ctrl Pts',(6.6533676241154,9.96836732673246,15.8));
#6436=CARTESIAN_POINT('Ctrl Pts',(6.62623618507737,9.94803429489025,15.8));
#6437=CARTESIAN_POINT('Ctrl Pts',(6.60253833885186,9.93027449006679,15.8));
#6438=CARTESIAN_POINT('Ctrl Pts',(6.57914989155935,9.91224767542028,15.8));
#6439=CARTESIAN_POINT('Ctrl Pts',(6.55611625106446,9.89392154938189,15.8));
#6440=CARTESIAN_POINT('Ctrl Pts',(6.53771944142659,9.87928459903952,15.8));
#6441=CARTESIAN_POINT('Ctrl Pts',(6.51954946582223,9.86445631477626,15.8));
#6442=CARTESIAN_POINT('Ctrl Pts',(6.50159599078575,9.84944805627569,15.8));
#6443=CARTESIAN_POINT('Ctrl Pts',(6.46674686999705,9.82031583467223,15.8));
#6444=CARTESIAN_POINT('Ctrl Pts',(6.43271170565961,9.79050612693515,15.8));
#6445=CARTESIAN_POINT('Ctrl Pts',(6.3991452565021,9.76032979991676,15.8));
#6446=CARTESIAN_POINT('Ctrl Pts',(6.38412035617555,9.74682237458425,15.8));
#6447=CARTESIAN_POINT('Ctrl Pts',(6.36918862537752,9.7332422655466,15.8));
#6448=CARTESIAN_POINT('Ctrl Pts',(6.35434455584584,9.7195975863784,15.8));
#6449=CARTESIAN_POINT('Ctrl Pts',(6.34090121615754,9.70724045906877,15.8));
#6450=CARTESIAN_POINT('Ctrl Pts',(6.32752924227964,9.69483080906443,15.8));
#6451=CARTESIAN_POINT('Ctrl Pts',(6.31425543611277,9.68235002015164,15.8));
#6452=CARTESIAN_POINT('Ctrl Pts',(6.30069415619505,9.66959893203776,15.8));
#6453=CARTESIAN_POINT('Ctrl Pts',(6.28723495179981,9.65677391265112,15.8));
#6454=CARTESIAN_POINT('Ctrl Pts',(6.27395149107049,9.64381897747473,15.8));
#6455=CARTESIAN_POINT('Ctrl Pts',(6.25704505633601,9.62733067141412,15.8));
#6456=CARTESIAN_POINT('Ctrl Pts',(6.24042446390977,9.61063104462995,15.8));
#6457=CARTESIAN_POINT('Ctrl Pts',(6.22431397631135,9.5935461533488,15.8));
#6458=CARTESIAN_POINT('Ctrl Pts',(6.20912780422648,9.5774414825583,15.8));
#6459=CARTESIAN_POINT('Ctrl Pts',(6.19439974407374,9.56099062523836,15.8));
#6460=CARTESIAN_POINT('Ctrl Pts',(6.18031705718989,9.54404726859444,15.8));
#6461=CARTESIAN_POINT('Ctrl Pts',(6.16942552198437,9.53094329440905,15.8));
#6462=CARTESIAN_POINT('Ctrl Pts',(6.15892060192475,9.5175442471427,15.8));
#6463=CARTESIAN_POINT('Ctrl Pts',(6.14886317552407,9.50380240819464,15.8));
#6464=CARTESIAN_POINT('Ctrl Pts',(6.14036836438808,9.49219562909685,15.8));
#6465=CARTESIAN_POINT('Ctrl Pts',(6.1321927653584,9.48034431974644,15.8));
#6466=CARTESIAN_POINT('Ctrl Pts',(6.12434992714535,9.46823784355998,15.8));
#6467=CARTESIAN_POINT('',(10.0172582119562,11.1648788707474,0.));
#6468=CARTESIAN_POINT('Origin',(-1.33928886725726E-12,-1.33928886725726E-12,
0.));
#6469=CARTESIAN_POINT('',(11.1648788707474,10.0172582119562,0.));
#6470=CARTESIAN_POINT('Origin',(-1.33928886725726E-12,-1.33928886725726E-12,
0.));
#6471=CARTESIAN_POINT('',(11.1648788707474,10.0172582119562,15.8));
#6472=CARTESIAN_POINT('Origin',(-1.33928886725726E-12,-1.33928886725726E-12,
15.8));
#6473=CARTESIAN_POINT('',(11.1648788707474,10.0172582119562,0.));
#6474=CARTESIAN_POINT('Ctrl Pts',(9.46823784355998,6.12434992714535,0.));
#6475=CARTESIAN_POINT('Ctrl Pts',(9.46823784355998,6.12434992714535,24.5));
#6476=CARTESIAN_POINT('Ctrl Pts',(9.47768802759303,6.13047196160965,0.));
#6477=CARTESIAN_POINT('Ctrl Pts',(9.47768802759303,6.13047196160965,24.5));
#6478=CARTESIAN_POINT('Ctrl Pts',(9.49633101146905,6.14305173527551,0.));
#6479=CARTESIAN_POINT('Ctrl Pts',(9.49633101146905,6.14305173527551,24.5));
#6480=CARTESIAN_POINT('Ctrl Pts',(9.52352335259073,6.16292848758565,0.));
#6481=CARTESIAN_POINT('Ctrl Pts',(9.52352335259073,6.16292848758565,24.5));
#6482=CARTESIAN_POINT('Ctrl Pts',(9.55831498554002,6.19134387883907,0.));
#6483=CARTESIAN_POINT('Ctrl Pts',(9.55831498554002,6.19134387883907,24.5));
#6484=CARTESIAN_POINT('Ctrl Pts',(9.59982121678811,6.22946706074655,0.));
#6485=CARTESIAN_POINT('Ctrl Pts',(9.59982121678811,6.22946706074655,24.5));
#6486=CARTESIAN_POINT('Ctrl Pts',(9.63991976501199,6.26945712769042,0.));
#6487=CARTESIAN_POINT('Ctrl Pts',(9.63991976501199,6.26945712769042,24.5));
#6488=CARTESIAN_POINT('Ctrl Pts',(9.67917026561463,6.31059310877252,0.));
#6489=CARTESIAN_POINT('Ctrl Pts',(9.67917026561463,6.31059310877252,24.5));
#6490=CARTESIAN_POINT('Ctrl Pts',(9.71796419593371,6.35236208517566,0.));
#6491=CARTESIAN_POINT('Ctrl Pts',(9.71796419593371,6.35236208517566,24.5));
#6492=CARTESIAN_POINT('Ctrl Pts',(9.75642696291411,6.39458319460692,0.));
#6493=CARTESIAN_POINT('Ctrl Pts',(9.75642696291411,6.39458319460692,24.5));
#6494=CARTESIAN_POINT('Ctrl Pts',(9.79451658077793,6.43728531347168,0.));
#6495=CARTESIAN_POINT('Ctrl Pts',(9.79451658077793,6.43728531347168,24.5));
#6496=CARTESIAN_POINT('Ctrl Pts',(9.83209401255972,6.4806203079553,0.));
#6497=CARTESIAN_POINT('Ctrl Pts',(9.83209401255972,6.4806203079553,24.5));
#6498=CARTESIAN_POINT('Ctrl Pts',(9.86899893310246,6.52476933308364,0.));
#6499=CARTESIAN_POINT('Ctrl Pts',(9.86899893310246,6.52476933308364,24.5));
#6500=CARTESIAN_POINT('Ctrl Pts',(9.9051363735575,6.56983589259671,0.));
#6501=CARTESIAN_POINT('Ctrl Pts',(9.9051363735575,6.56983589259671,24.5));
#6502=CARTESIAN_POINT('Ctrl Pts',(9.94051156970512,6.61580248173051,0.));
#6503=CARTESIAN_POINT('Ctrl Pts',(9.94051156970512,6.61580248173051,24.5));
#6504=CARTESIAN_POINT('Ctrl Pts',(9.97518561269166,6.66258456777074,0.));
#6505=CARTESIAN_POINT('Ctrl Pts',(9.97518561269166,6.66258456777074,24.5));
#6506=CARTESIAN_POINT('Ctrl Pts',(10.0092491987884,6.71006230561941,0.));
#6507=CARTESIAN_POINT('Ctrl Pts',(10.0092491987884,6.71006230561941,24.5));
#6508=CARTESIAN_POINT('Ctrl Pts',(10.042791720822,6.75811802889227,0.));
#6509=CARTESIAN_POINT('Ctrl Pts',(10.042791720822,6.75811802889227,24.5));
#6510=CARTESIAN_POINT('Ctrl Pts',(10.0758659450876,6.80667904888557,0.));
#6511=CARTESIAN_POINT('Ctrl Pts',(10.0758659450876,6.80667904888557,24.5));
#6512=CARTESIAN_POINT('Ctrl Pts',(10.1084821462605,6.85572471943736,0.));
#6513=CARTESIAN_POINT('Ctrl Pts',(10.1084821462605,6.85572471943736,24.5));
#6514=CARTESIAN_POINT('Ctrl Pts',(10.1406263579588,6.90526422142108,0.));
#6515=CARTESIAN_POINT('Ctrl Pts',(10.1406263579588,6.90526422142108,24.5));
#6516=CARTESIAN_POINT('Ctrl Pts',(10.1722720120414,6.95532237576042,0.));
#6517=CARTESIAN_POINT('Ctrl Pts',(10.1722720120414,6.95532237576042,24.5));
#6518=CARTESIAN_POINT('Ctrl Pts',(10.2033932259489,7.00592345797743,0.));
#6519=CARTESIAN_POINT('Ctrl Pts',(10.2033932259489,7.00592345797743,24.5));
#6520=CARTESIAN_POINT('Ctrl Pts',(10.233980050114,7.05707262757822,0.));
#6521=CARTESIAN_POINT('Ctrl Pts',(10.233980050114,7.05707262757822,24.5));
#6522=CARTESIAN_POINT('Ctrl Pts',(10.2640385897913,7.10875575414653,0.));
#6523=CARTESIAN_POINT('Ctrl Pts',(10.2640385897913,7.10875575414653,24.5));
#6524=CARTESIAN_POINT('Ctrl Pts',(10.2935838527183,7.16094809046765,0.));
#6525=CARTESIAN_POINT('Ctrl Pts',(10.2935838527183,7.16094809046765,24.5));
#6526=CARTESIAN_POINT('Ctrl Pts',(10.3226347826877,7.21362028785989,0.));
#6527=CARTESIAN_POINT('Ctrl Pts',(10.3226347826877,7.21362028785989,24.5));
#6528=CARTESIAN_POINT('Ctrl Pts',(10.3512087764739,7.26674504131101,0.));
#6529=CARTESIAN_POINT('Ctrl Pts',(10.3512087764739,7.26674504131101,24.5));
#6530=CARTESIAN_POINT('Ctrl Pts',(10.3793154434462,7.32030465448374,0.));
#6531=CARTESIAN_POINT('Ctrl Pts',(10.3793154434462,7.32030465448374,24.5));
#6532=CARTESIAN_POINT('Ctrl Pts',(10.4069573311669,7.37429014571276,0.));
#6533=CARTESIAN_POINT('Ctrl Pts',(10.4069573311669,7.37429014571276,24.5));
#6534=CARTESIAN_POINT('Ctrl Pts',(10.4341328138951,7.42869772793219,0.));
#6535=CARTESIAN_POINT('Ctrl Pts',(10.4341328138951,7.42869772793219,24.5));
#6536=CARTESIAN_POINT('Ctrl Pts',(10.4608383083978,7.4835261063746,0.));
#6537=CARTESIAN_POINT('Ctrl Pts',(10.4608383083978,7.4835261063746,24.5));
#6538=CARTESIAN_POINT('Ctrl Pts',(10.4870706306614,7.53877360623659,0.));
#6539=CARTESIAN_POINT('Ctrl Pts',(10.4870706306614,7.53877360623659,24.5));
#6540=CARTESIAN_POINT('Ctrl Pts',(10.5128296614283,7.59443492554977,0.));
#6541=CARTESIAN_POINT('Ctrl Pts',(10.5128296614283,7.59443492554977,24.5));
#6542=CARTESIAN_POINT('Ctrl Pts',(10.5381178968087,7.65050167642496,0.));
#6543=CARTESIAN_POINT('Ctrl Pts',(10.5381178968087,7.65050167642496,24.5));
#6544=CARTESIAN_POINT('Ctrl Pts',(10.5629392937921,7.70696378441396,0.));
#6545=CARTESIAN_POINT('Ctrl Pts',(10.5629392937921,7.70696378441396,24.5));
#6546=CARTESIAN_POINT('Ctrl Pts',(10.5872983415458,7.76381061453861,0.));
#6547=CARTESIAN_POINT('Ctrl Pts',(10.5872983415458,7.76381061453861,24.5));
#6548=CARTESIAN_POINT('Ctrl Pts',(10.6111990974544,7.82103214064694,0.));
#6549=CARTESIAN_POINT('Ctrl Pts',(10.6111990974544,7.82103214064694,24.5));
#6550=CARTESIAN_POINT('Ctrl Pts',(10.6346440977368,7.87862026961238,0.));
#6551=CARTESIAN_POINT('Ctrl Pts',(10.6346440977368,7.87862026961238,24.5));
#6552=CARTESIAN_POINT('Ctrl Pts',(10.6576345801824,7.93656856101569,0.));
#6553=CARTESIAN_POINT('Ctrl Pts',(10.6576345801824,7.93656856101569,24.5));
#6554=CARTESIAN_POINT('Ctrl Pts',(10.6801709741526,7.99487162105994,0.));
#6555=CARTESIAN_POINT('Ctrl Pts',(10.6801709741526,7.99487162105994,24.5));
#6556=CARTESIAN_POINT('Ctrl Pts',(10.702253310704,8.05352459502062,0.));
#6557=CARTESIAN_POINT('Ctrl Pts',(10.702253310704,8.05352459502062,24.5));
#6558=CARTESIAN_POINT('Ctrl Pts',(10.7238816431083,8.11252264865695,0.));
#6559=CARTESIAN_POINT('Ctrl Pts',(10.7238816431083,8.11252264865695,24.5));
#6560=CARTESIAN_POINT('Ctrl Pts',(10.7450565333258,8.171860368585,0.));
#6561=CARTESIAN_POINT('Ctrl Pts',(10.7450565333258,8.171860368585,24.5));
#6562=CARTESIAN_POINT('Ctrl Pts',(10.7657789753902,8.23153186261625,0.));
#6563=CARTESIAN_POINT('Ctrl Pts',(10.7657789753902,8.23153186261625,24.5));
#6564=CARTESIAN_POINT('Ctrl Pts',(10.7860501917607,8.29153101830014,0.));
#6565=CARTESIAN_POINT('Ctrl Pts',(10.7860501917607,8.29153101830014,24.5));
#6566=CARTESIAN_POINT('Ctrl Pts',(10.8058714720225,8.35185171142566,0.));
#6567=CARTESIAN_POINT('Ctrl Pts',(10.8058714720225,8.35185171142566,24.5));
#6568=CARTESIAN_POINT('Ctrl Pts',(10.8252440086756,8.41248801655545,0.));
#6569=CARTESIAN_POINT('Ctrl Pts',(10.8252440086756,8.41248801655545,24.5));
#6570=CARTESIAN_POINT('Ctrl Pts',(10.8441687082253,8.47343445672274,0.));
#6571=CARTESIAN_POINT('Ctrl Pts',(10.8441687082253,8.47343445672274,24.5));
#6572=CARTESIAN_POINT('Ctrl Pts',(10.8626462085727,8.53468595666125,0.));
#6573=CARTESIAN_POINT('Ctrl Pts',(10.8626462085727,8.53468595666125,24.5));
#6574=CARTESIAN_POINT('Ctrl Pts',(10.8806769629814,8.59623770324955,0.));
#6575=CARTESIAN_POINT('Ctrl Pts',(10.8806769629814,8.59623770324955,24.5));
#6576=CARTESIAN_POINT('Ctrl Pts',(10.8982613069501,8.6580850298246,0.));
#6577=CARTESIAN_POINT('Ctrl Pts',(10.8982613069501,8.6580850298246,24.5));
#6578=CARTESIAN_POINT('Ctrl Pts',(10.9153995299087,8.72022330092875,0.));
#6579=CARTESIAN_POINT('Ctrl Pts',(10.9153995299087,8.72022330092875,24.5));
#6580=CARTESIAN_POINT('Ctrl Pts',(10.9320919618144,8.78264776348025,0.));
#6581=CARTESIAN_POINT('Ctrl Pts',(10.9320919618144,8.78264776348025,24.5));
#6582=CARTESIAN_POINT('Ctrl Pts',(10.9483389843117,8.84535357316641,0.));
#6583=CARTESIAN_POINT('Ctrl Pts',(10.9483389843117,8.84535357316641,24.5));
#6584=CARTESIAN_POINT('Ctrl Pts',(10.9641410051248,8.90833590256639,0.));
#6585=CARTESIAN_POINT('Ctrl Pts',(10.9641410051248,8.90833590256639,24.5));
#6586=CARTESIAN_POINT('Ctrl Pts',(10.9794984477945,8.97159002738931,0.));
#6587=CARTESIAN_POINT('Ctrl Pts',(10.9794984477945,8.97159002738931,24.5));
#6588=CARTESIAN_POINT('Ctrl Pts',(10.9944117371063,9.03511140655915,0.));
#6589=CARTESIAN_POINT('Ctrl Pts',(10.9944117371063,9.03511140655915,24.5));
#6590=CARTESIAN_POINT('Ctrl Pts',(11.0088812927272,9.09889579600696,0.));
#6591=CARTESIAN_POINT('Ctrl Pts',(11.0088812927272,9.09889579600696,24.5));
#6592=CARTESIAN_POINT('Ctrl Pts',(11.0229075100097,9.16293920839226,0.));
#6593=CARTESIAN_POINT('Ctrl Pts',(11.0229075100097,9.16293920839226,24.5));
#6594=CARTESIAN_POINT('Ctrl Pts',(11.0364907333604,9.22723775163201,0.));
#6595=CARTESIAN_POINT('Ctrl Pts',(11.0364907333604,9.22723775163201,24.5));
#6596=CARTESIAN_POINT('Ctrl Pts',(11.0496312325555,9.29178749124818,0.));
#6597=CARTESIAN_POINT('Ctrl Pts',(11.0496312325555,9.29178749124818,24.5));
#6598=CARTESIAN_POINT('Ctrl Pts',(11.0623291854577,9.35658432160457,0.));
#6599=CARTESIAN_POINT('Ctrl Pts',(11.0623291854577,9.35658432160457,24.5));
#6600=CARTESIAN_POINT('Ctrl Pts',(11.0745846504081,9.42162378152888,0.));
#6601=CARTESIAN_POINT('Ctrl Pts',(11.0745846504081,9.42162378152888,24.5));
#6602=CARTESIAN_POINT('Ctrl Pts',(11.0863975839517,9.48690106698421,0.));
#6603=CARTESIAN_POINT('Ctrl Pts',(11.0863975839517,9.48690106698421,24.5));
#6604=CARTESIAN_POINT('Ctrl Pts',(11.0977679250413,9.55241134812119,0.));
#6605=CARTESIAN_POINT('Ctrl Pts',(11.0977679250413,9.55241134812119,24.5));
#6606=CARTESIAN_POINT('Ctrl Pts',(11.1086956692985,9.61815001777042,0.));
#6607=CARTESIAN_POINT('Ctrl Pts',(11.1086956692985,9.61815001777042,24.5));
#6608=CARTESIAN_POINT('Ctrl Pts',(11.1191809441572,9.68411295474821,0.));
#6609=CARTESIAN_POINT('Ctrl Pts',(11.1191809441572,9.68411295474821,24.5));
#6610=CARTESIAN_POINT('Ctrl Pts',(11.1292241022689,9.75029680660911,0.));
#6611=CARTESIAN_POINT('Ctrl Pts',(11.1292241022689,9.75029680660911,24.5));
#6612=CARTESIAN_POINT('Ctrl Pts',(11.1388257639934,9.8166991807256,0.));
#6613=CARTESIAN_POINT('Ctrl Pts',(11.1388257639934,9.8166991807256,24.5));
#6614=CARTESIAN_POINT('Ctrl Pts',(11.1479866517222,9.88331846044396,0.));
#6615=CARTESIAN_POINT('Ctrl Pts',(11.1479866517222,9.88331846044396,24.5));
#6616=CARTESIAN_POINT('Ctrl Pts',(11.1549632975166,9.93678663514549,0.));
#6617=CARTESIAN_POINT('Ctrl Pts',(11.1549632975166,9.93678663514549,24.5));
#6618=CARTESIAN_POINT('Ctrl Pts',(11.1599979810773,9.97698472846438,0.));
#6619=CARTESIAN_POINT('Ctrl Pts',(11.1599979810773,9.97698472846438,24.5));
#6620=CARTESIAN_POINT('Ctrl Pts',(11.1632665545625,10.0038265374445,0.));
#6621=CARTESIAN_POINT('Ctrl Pts',(11.1632665545625,10.0038265374445,24.5));
#6622=CARTESIAN_POINT('Ctrl Pts',(11.1648788707474,10.0172582119562,0.));
#6623=CARTESIAN_POINT('Ctrl Pts',(11.1648788707474,10.0172582119562,24.5));
#6624=CARTESIAN_POINT('Ctrl Pts',(9.46823784355998,6.12434992714535,0.));
#6625=CARTESIAN_POINT('Ctrl Pts',(9.47768802759303,6.13047196160965,0.));
#6626=CARTESIAN_POINT('Ctrl Pts',(9.49633101146905,6.14305173527551,0.));
#6627=CARTESIAN_POINT('Ctrl Pts',(9.52352335259073,6.16292848758565,0.));
#6628=CARTESIAN_POINT('Ctrl Pts',(9.55831498554002,6.19134387883907,0.));
#6629=CARTESIAN_POINT('Ctrl Pts',(9.59982121678811,6.22946706074655,0.));
#6630=CARTESIAN_POINT('Ctrl Pts',(9.63991976501199,6.26945712769042,0.));
#6631=CARTESIAN_POINT('Ctrl Pts',(9.67917026561463,6.31059310877252,0.));
#6632=CARTESIAN_POINT('Ctrl Pts',(9.71796419593371,6.35236208517566,0.));
#6633=CARTESIAN_POINT('Ctrl Pts',(9.75642696291411,6.39458319460692,0.));
#6634=CARTESIAN_POINT('Ctrl Pts',(9.79451658077793,6.43728531347168,0.));
#6635=CARTESIAN_POINT('Ctrl Pts',(9.83209401255972,6.4806203079553,0.));
#6636=CARTESIAN_POINT('Ctrl Pts',(9.86899893310246,6.52476933308364,0.));
#6637=CARTESIAN_POINT('Ctrl Pts',(9.9051363735575,6.56983589259671,0.));
#6638=CARTESIAN_POINT('Ctrl Pts',(9.94051156970512,6.61580248173051,0.));
#6639=CARTESIAN_POINT('Ctrl Pts',(9.97518561269166,6.66258456777074,0.));
#6640=CARTESIAN_POINT('Ctrl Pts',(10.0092491987884,6.71006230561941,0.));
#6641=CARTESIAN_POINT('Ctrl Pts',(10.042791720822,6.75811802889227,0.));
#6642=CARTESIAN_POINT('Ctrl Pts',(10.0758659450876,6.80667904888557,0.));
#6643=CARTESIAN_POINT('Ctrl Pts',(10.1084821462605,6.85572471943736,0.));
#6644=CARTESIAN_POINT('Ctrl Pts',(10.1406263579588,6.90526422142108,0.));
#6645=CARTESIAN_POINT('Ctrl Pts',(10.1722720120414,6.95532237576042,0.));
#6646=CARTESIAN_POINT('Ctrl Pts',(10.2033932259489,7.00592345797743,0.));
#6647=CARTESIAN_POINT('Ctrl Pts',(10.233980050114,7.05707262757822,0.));
#6648=CARTESIAN_POINT('Ctrl Pts',(10.2640385897913,7.10875575414653,0.));
#6649=CARTESIAN_POINT('Ctrl Pts',(10.2935838527183,7.16094809046765,0.));
#6650=CARTESIAN_POINT('Ctrl Pts',(10.3226347826877,7.21362028785989,0.));
#6651=CARTESIAN_POINT('Ctrl Pts',(10.3512087764739,7.26674504131101,0.));
#6652=CARTESIAN_POINT('Ctrl Pts',(10.3793154434462,7.32030465448374,0.));
#6653=CARTESIAN_POINT('Ctrl Pts',(10.4069573311669,7.37429014571276,0.));
#6654=CARTESIAN_POINT('Ctrl Pts',(10.4341328138951,7.42869772793219,0.));
#6655=CARTESIAN_POINT('Ctrl Pts',(10.4608383083978,7.4835261063746,0.));
#6656=CARTESIAN_POINT('Ctrl Pts',(10.4870706306614,7.53877360623659,0.));
#6657=CARTESIAN_POINT('Ctrl Pts',(10.5128296614283,7.59443492554977,0.));
#6658=CARTESIAN_POINT('Ctrl Pts',(10.5381178968087,7.65050167642496,0.));
#6659=CARTESIAN_POINT('Ctrl Pts',(10.5629392937921,7.70696378441396,0.));
#6660=CARTESIAN_POINT('Ctrl Pts',(10.5872983415458,7.76381061453861,0.));
#6661=CARTESIAN_POINT('Ctrl Pts',(10.6111990974544,7.82103214064694,0.));
#6662=CARTESIAN_POINT('Ctrl Pts',(10.6346440977368,7.87862026961238,0.));
#6663=CARTESIAN_POINT('Ctrl Pts',(10.6576345801824,7.93656856101569,0.));
#6664=CARTESIAN_POINT('Ctrl Pts',(10.6801709741526,7.99487162105994,0.));
#6665=CARTESIAN_POINT('Ctrl Pts',(10.702253310704,8.05352459502062,0.));
#6666=CARTESIAN_POINT('Ctrl Pts',(10.7238816431083,8.11252264865695,0.));
#6667=CARTESIAN_POINT('Ctrl Pts',(10.7450565333258,8.171860368585,0.));
#6668=CARTESIAN_POINT('Ctrl Pts',(10.7657789753902,8.23153186261625,0.));
#6669=CARTESIAN_POINT('Ctrl Pts',(10.7860501917607,8.29153101830014,0.));
#6670=CARTESIAN_POINT('Ctrl Pts',(10.8058714720225,8.35185171142566,0.));
#6671=CARTESIAN_POINT('Ctrl Pts',(10.8252440086756,8.41248801655545,0.));
#6672=CARTESIAN_POINT('Ctrl Pts',(10.8441687082253,8.47343445672274,0.));
#6673=CARTESIAN_POINT('Ctrl Pts',(10.8626462085727,8.53468595666125,0.));
#6674=CARTESIAN_POINT('Ctrl Pts',(10.8806769629814,8.59623770324955,0.));
#6675=CARTESIAN_POINT('Ctrl Pts',(10.8982613069501,8.6580850298246,0.));
#6676=CARTESIAN_POINT('Ctrl Pts',(10.9153995299087,8.72022330092875,0.));
#6677=CARTESIAN_POINT('Ctrl Pts',(10.9320919618144,8.78264776348025,0.));
#6678=CARTESIAN_POINT('Ctrl Pts',(10.9483389843117,8.84535357316641,0.));
#6679=CARTESIAN_POINT('Ctrl Pts',(10.9641410051248,8.90833590256639,0.));
#6680=CARTESIAN_POINT('Ctrl Pts',(10.9794984477945,8.97159002738931,0.));
#6681=CARTESIAN_POINT('Ctrl Pts',(10.9944117371063,9.03511140655915,0.));
#6682=CARTESIAN_POINT('Ctrl Pts',(11.0088812927272,9.09889579600696,0.));
#6683=CARTESIAN_POINT('Ctrl Pts',(11.0229075100097,9.16293920839226,0.));
#6684=CARTESIAN_POINT('Ctrl Pts',(11.0364907333604,9.22723775163201,0.));
#6685=CARTESIAN_POINT('Ctrl Pts',(11.0496312325555,9.29178749124818,0.));
#6686=CARTESIAN_POINT('Ctrl Pts',(11.0623291854577,9.35658432160457,0.));
#6687=CARTESIAN_POINT('Ctrl Pts',(11.0745846504081,9.42162378152888,0.));
#6688=CARTESIAN_POINT('Ctrl Pts',(11.0863975839517,9.48690106698421,0.));
#6689=CARTESIAN_POINT('Ctrl Pts',(11.0977679250413,9.55241134812119,0.));
#6690=CARTESIAN_POINT('Ctrl Pts',(11.1086956692985,9.61815001777042,0.));
#6691=CARTESIAN_POINT('Ctrl Pts',(11.1191809441572,9.68411295474821,0.));
#6692=CARTESIAN_POINT('Ctrl Pts',(11.1292241022689,9.75029680660911,0.));
#6693=CARTESIAN_POINT('Ctrl Pts',(11.1388257639934,9.8166991807256,0.));
#6694=CARTESIAN_POINT('Ctrl Pts',(11.1479866517222,9.88331846044396,0.));
#6695=CARTESIAN_POINT('Ctrl Pts',(11.1549632975166,9.93678663514549,0.));
#6696=CARTESIAN_POINT('Ctrl Pts',(11.1599979810773,9.97698472846438,0.));
#6697=CARTESIAN_POINT('Ctrl Pts',(11.1632665545625,10.0038265374445,0.));
#6698=CARTESIAN_POINT('Ctrl Pts',(11.1648788707474,10.0172582119562,0.));
#6699=CARTESIAN_POINT('Ctrl Pts',(9.46823784355998,6.12434992714535,15.8));
#6700=CARTESIAN_POINT('Ctrl Pts',(9.48209922737487,6.13332963263477,15.8));
#6701=CARTESIAN_POINT('Ctrl Pts',(9.49562545699265,6.14274639088029,15.8));
#6702=CARTESIAN_POINT('Ctrl Pts',(9.50883457902259,6.15257721177851,15.8));
#6703=CARTESIAN_POINT('Ctrl Pts',(9.52374214024804,6.16367208728232,15.8));
#6704=CARTESIAN_POINT('Ctrl Pts',(9.53824627014951,6.17529377466988,15.8));
#6705=CARTESIAN_POINT('Ctrl Pts',(9.55241433251656,6.18735630009624,15.8));
#6706=CARTESIAN_POINT('Ctrl Pts',(9.57826828502415,6.20936805804981,15.8));
#6707=CARTESIAN_POINT('Ctrl Pts',(9.6030062333178,6.2328443230912,15.8));
#6708=CARTESIAN_POINT('Ctrl Pts',(9.62718057493464,6.25707630805144,15.8));
#6709=CARTESIAN_POINT('Ctrl Pts',(9.6410007901016,6.27092947730756,15.8));
#6710=CARTESIAN_POINT('Ctrl Pts',(9.65463896960175,6.28502676623446,15.8));
#6711=CARTESIAN_POINT('Ctrl Pts',(9.66817604597007,6.2992627708052,15.8));
#6712=CARTESIAN_POINT('Ctrl Pts',(9.6805920461463,6.3123198172789,15.8));
#6713=CARTESIAN_POINT('Ctrl Pts',(9.69292315323697,6.32549334094708,15.8));
#6714=CARTESIAN_POINT('Ctrl Pts',(9.70519938849577,6.33874239646238,15.8));
#6715=CARTESIAN_POINT('Ctrl Pts',(9.71895868651461,6.35359203883727,15.8));
#6716=CARTESIAN_POINT('Ctrl Pts',(9.73264858532767,6.36853713647721,15.8));
#6717=CARTESIAN_POINT('Ctrl Pts',(9.74627129148997,6.3835701586571,15.8));
#6718=CARTESIAN_POINT('Ctrl Pts',(9.76328318226171,6.40234323709296,15.8));
#6719=CARTESIAN_POINT('Ctrl Pts',(9.78018955328708,6.42125428941113,15.8));
#6720=CARTESIAN_POINT('Ctrl Pts',(9.79694329958054,6.44035358005734,15.8));
#6721=CARTESIAN_POINT('Ctrl Pts',(9.81414103685282,6.45995902094603,15.8));
#6722=CARTESIAN_POINT('Ctrl Pts',(9.83117385434908,6.47976786465073,15.8));
#6723=CARTESIAN_POINT('Ctrl Pts',(9.84798344064782,6.49984530519187,15.8));
#6724=CARTESIAN_POINT('Ctrl Pts',(9.8634536728396,6.51832301555715,15.8));
#6725=CARTESIAN_POINT('Ctrl Pts',(9.87873378677533,6.53702954314996,15.8));
#6726=CARTESIAN_POINT('Ctrl Pts',(9.89381072053456,6.5559769619146,15.8));
#6727=CARTESIAN_POINT('Ctrl Pts',(9.9121322411219,6.57900190375734,15.8));
#6728=CARTESIAN_POINT('Ctrl Pts',(9.93015461815275,6.60238146722377,15.8));
#6729=CARTESIAN_POINT('Ctrl Pts',(9.94791003623404,6.62607039092376,15.8));
#6730=CARTESIAN_POINT('Ctrl Pts',(9.96890581329281,6.65408253676511,15.8));
#6731=CARTESIAN_POINT('Ctrl Pts',(9.98953251356635,6.68252213296409,15.8));
#6732=CARTESIAN_POINT('Ctrl Pts',(10.00987537608,6.71127649803923,15.8));
#6733=CARTESIAN_POINT('Ctrl Pts',(10.0267726849702,6.73516061898304,15.8));
#6734=CARTESIAN_POINT('Ctrl Pts',(10.0434757305108,6.75926003274919,15.8));
#6735=CARTESIAN_POINT('Ctrl Pts',(10.0600075048723,6.78354204086615,15.8));
#6736=CARTESIAN_POINT('Ctrl Pts',(10.0802338448789,6.81325065782879,15.8));
#6737=CARTESIAN_POINT('Ctrl Pts',(10.1002030043392,6.84323356505628,15.8));
#6738=CARTESIAN_POINT('Ctrl Pts',(10.1199042953887,6.87349569515101,15.8));
#6739=CARTESIAN_POINT('Ctrl Pts',(10.1420170972909,6.90746202183692,15.8));
#6740=CARTESIAN_POINT('Ctrl Pts',(10.1637881741289,6.94178529412229,15.8));
#6741=CARTESIAN_POINT('Ctrl Pts',(10.1851836779232,6.97649613369943,15.8));
#6742=CARTESIAN_POINT('Ctrl Pts',(10.2061369227483,7.0104894776624,15.8));
#6743=CARTESIAN_POINT('Ctrl Pts',(10.2267289951393,7.04485571873946,15.8));
#6744=CARTESIAN_POINT('Ctrl Pts',(10.2469648001031,7.0795796887712,15.8));
#6745=CARTESIAN_POINT('Ctrl Pts',(10.2774154991405,7.1318320781727,15.8));
#6746=CARTESIAN_POINT('Ctrl Pts',(10.3070651439551,7.18488751728242,15.8));
#6747=CARTESIAN_POINT('Ctrl Pts',(10.3359925435302,7.23862106700559,15.8));
#6748=CARTESIAN_POINT('Ctrl Pts',(10.3601195276176,7.28343769477629,15.8));
#6749=CARTESIAN_POINT('Ctrl Pts',(10.3837447320137,7.32872531838888,15.8));
#6750=CARTESIAN_POINT('Ctrl Pts',(10.4068738382395,7.37446118943549,15.8));
#6751=CARTESIAN_POINT('Ctrl Pts',(10.4365695383682,7.43318195012842,15.8));
#6752=CARTESIAN_POINT('Ctrl Pts',(10.4654417169905,7.49264854574036,15.8));
#6753=CARTESIAN_POINT('Ctrl Pts',(10.4934785493024,7.55284367016254,15.8));
#6754=CARTESIAN_POINT('Ctrl Pts',(10.5363353096592,7.64485720412043,15.8));
#6755=CARTESIAN_POINT('Ctrl Pts',(10.5772455684195,7.73856612779354,15.8));
#6756=CARTESIAN_POINT('Ctrl Pts',(10.6162862346305,7.83377147711295,15.8));
#6757=CARTESIAN_POINT('Ctrl Pts',(10.6645819881326,7.95154646737439,15.8));
#6758=CARTESIAN_POINT('Ctrl Pts',(10.7100121252484,8.07161704579594,15.8));
#6759=CARTESIAN_POINT('Ctrl Pts',(10.7525923485036,8.19377896443464,15.8));
#6760=CARTESIAN_POINT('Ctrl Pts',(10.7913824393711,8.30506705928873,15.8));
#6761=CARTESIAN_POINT('Ctrl Pts',(10.8278127696903,8.41808389900101,15.8));
#6762=CARTESIAN_POINT('Ctrl Pts',(10.8619114143546,8.53266613490163,15.8));
#6763=CARTESIAN_POINT('Ctrl Pts',(10.908675728252,8.68980902722091,15.8));
#6764=CARTESIAN_POINT('Ctrl Pts',(10.9510482471092,8.84990491712236,15.8));
#6765=CARTESIAN_POINT('Ctrl Pts',(10.9890573542084,9.01259703784177,15.8));
#6766=CARTESIAN_POINT('Ctrl Pts',(11.022150748473,9.15424820793253,15.8));
#6767=CARTESIAN_POINT('Ctrl Pts',(11.0519391499459,9.29787234046115,15.8));
#6768=CARTESIAN_POINT('Ctrl Pts',(11.0784328417101,9.4432621441368,15.8));
#6769=CARTESIAN_POINT('Ctrl Pts',(11.0969277043708,9.54475666121605,15.8));
#6770=CARTESIAN_POINT('Ctrl Pts',(11.1138147965192,9.64710533897371,15.8));
#6771=CARTESIAN_POINT('Ctrl Pts',(11.1290976658867,9.75024303597576,15.8));
#6772=CARTESIAN_POINT('Ctrl Pts',(11.1422006042116,9.83866928959908,15.8));
#6773=CARTESIAN_POINT('Ctrl Pts',(11.1541257018503,9.92767710748579,15.8));
#6774=CARTESIAN_POINT('Ctrl Pts',(11.1648788707474,10.0172582119562,15.8));
#6775=CARTESIAN_POINT('Origin',(0.,0.,0.));
#6776=CARTESIAN_POINT('Origin',(0.,0.,0.));
#6777=CARTESIAN_POINT('Origin',(0.,0.,0.));
#6778=CARTESIAN_POINT('Origin',(0.,0.,0.));
#6779=CARTESIAN_POINT('Origin',(0.,0.,0.));
#6780=CARTESIAN_POINT('Origin',(0.,0.,0.));
#6781=CARTESIAN_POINT('',(7.7787180288781,3.03326242598652,0.));
#6782=CARTESIAN_POINT('Origin',(0.,0.,0.));
#6783=CARTESIAN_POINT('',(9.58954074440999,2.05756091547317,0.));
#6784=CARTESIAN_POINT('Origin',(9.25774779939168,3.6100008311015,0.));
#6785=CARTESIAN_POINT('',(11.0256245489122,2.36448582122454,0.));
#6786=CARTESIAN_POINT('',(8.15380886065688,1.75071122346796,0.));
#6787=CARTESIAN_POINT('',(14.9780327712028,0.811490350061002,0.));
#6788=CARTESIAN_POINT('Ctrl Pts',(11.0256245489122,2.36448582122454,0.));
#6789=CARTESIAN_POINT('Ctrl Pts',(11.0366357702098,2.36683917835341,0.));
#6790=CARTESIAN_POINT('Ctrl Pts',(11.058713593795,2.37112651540877,0.));
#6791=CARTESIAN_POINT('Ctrl Pts',(11.0919964689449,2.37629941786578,0.));
#6792=CARTESIAN_POINT('Ctrl Pts',(11.1366905843773,2.38080810160742,0.));
#6793=CARTESIAN_POINT('Ctrl Pts',(11.1929970824015,2.38320027873725,0.));
#6794=CARTESIAN_POINT('Ctrl Pts',(11.2496282852824,2.38327698658598,0.));
#6795=CARTESIAN_POINT('Ctrl Pts',(11.3064701115974,2.38194375055316,0.));
#6796=CARTESIAN_POINT('Ctrl Pts',(11.3634366892528,2.37984007529277,0.));
#6797=CARTESIAN_POINT('Ctrl Pts',(11.4204888053959,2.37718252585975,0.));
#6798=CARTESIAN_POINT('Ctrl Pts',(11.4776171903005,2.37392099512376,0.));
#6799=CARTESIAN_POINT('Ctrl Pts',(11.5348309155951,2.36984978349418,0.));
#6800=CARTESIAN_POINT('Ctrl Pts',(11.592144710221,2.36472742801808,0.));
#6801=CARTESIAN_POINT('Ctrl Pts',(11.6495646092579,2.35841358738213,0.));
#6802=CARTESIAN_POINT('Ctrl Pts',(11.7070819372243,2.35092434157939,0.));
#6803=CARTESIAN_POINT('Ctrl Pts',(11.7646801184283,2.34236266222922,0.));
#6804=CARTESIAN_POINT('Ctrl Pts',(11.822338541537,2.33287742456155,0.));
#6805=CARTESIAN_POINT('Ctrl Pts',(11.8800372141261,2.32261504154857,0.));
#6806=CARTESIAN_POINT('Ctrl Pts',(11.9377620489254,2.31166422327066,0.));
#6807=CARTESIAN_POINT('Ctrl Pts',(11.9955057121863,2.30004683406155,0.));
#6808=CARTESIAN_POINT('Ctrl Pts',(12.0532648200434,2.28774650634,0.));
#6809=CARTESIAN_POINT('Ctrl Pts',(12.1110381370273,2.27472690254991,0.));
#6810=CARTESIAN_POINT('Ctrl Pts',(12.1688245267911,2.2609525555716,0.));
#6811=CARTESIAN_POINT('Ctrl Pts',(12.22662060225,2.24641278167692,0.));
#6812=CARTESIAN_POINT('Ctrl Pts',(12.2844206887577,2.23112188964595,0.));
#6813=CARTESIAN_POINT('Ctrl Pts',(12.342217899464,2.2151079904749,0.));
#6814=CARTESIAN_POINT('Ctrl Pts',(12.4000048770012,2.19840523210003,0.));
#6815=CARTESIAN_POINT('Ctrl Pts',(12.4577746151872,2.18104522345769,0.));
#6816=CARTESIAN_POINT('Ctrl Pts',(12.5155213956719,2.16304727259815,0.));
#6817=CARTESIAN_POINT('Ctrl Pts',(12.5732406688578,2.14441953191655,0.));
#6818=CARTESIAN_POINT('Ctrl Pts',(12.6309286073123,2.12516352970038,0.));
#6819=CARTESIAN_POINT('Ctrl Pts',(12.6885817617681,2.10527764776005,0.));
#6820=CARTESIAN_POINT('Ctrl Pts',(12.746196696523,2.08476081892288,0.));
#6821=CARTESIAN_POINT('Ctrl Pts',(12.8037695781912,2.06361670791883,0.));
#6822=CARTESIAN_POINT('Ctrl Pts',(12.8612962406559,2.04185301089758,0.));
#6823=CARTESIAN_POINT('Ctrl Pts',(12.9187723582205,2.01947964958398,0.));
#6824=CARTESIAN_POINT('Ctrl Pts',(12.9761935851404,1.99650731836375,0.));
#6825=CARTESIAN_POINT('Ctrl Pts',(13.03355570086,1.9729459758012,0.));
#6826=CARTESIAN_POINT('Ctrl Pts',(13.0908547760519,1.9488031379785,0.));
#6827=CARTESIAN_POINT('Ctrl Pts',(13.1480871319014,1.92408423420907,0.));
#6828=CARTESIAN_POINT('Ctrl Pts',(13.2052492580224,1.89879338208767,0.));
#6829=CARTESIAN_POINT('Ctrl Pts',(13.2623377435667,1.87293403638325,0.));
#6830=CARTESIAN_POINT('Ctrl Pts',(13.3193492078786,1.84650965308903,0.));
#6831=CARTESIAN_POINT('Ctrl Pts',(13.3762802204836,1.81952445741145,0.));
#6832=CARTESIAN_POINT('Ctrl Pts',(13.4331273178631,1.7919833186449,0.));
#6833=CARTESIAN_POINT('Ctrl Pts',(13.4898870422711,1.76389142335385,0.));
#6834=CARTESIAN_POINT('Ctrl Pts',(13.5465559751109,1.73525401388383,0.));
#6835=CARTESIAN_POINT('Ctrl Pts',(13.6031307696905,1.70607612337662,0.));
#6836=CARTESIAN_POINT('Ctrl Pts',(13.6596081942055,1.67636226562867,0.));
#6837=CARTESIAN_POINT('Ctrl Pts',(13.7159851109649,1.64611648045935,0.));
#6838=CARTESIAN_POINT('Ctrl Pts',(13.7722584370836,1.61534249176515,0.));
#6839=CARTESIAN_POINT('Ctrl Pts',(13.8284251099661,1.58404383660869,0.));
#6840=CARTESIAN_POINT('Ctrl Pts',(13.8844820565066,1.55222399741124,0.));
#6841=CARTESIAN_POINT('Ctrl Pts',(13.9404261490837,1.51988656842417,0.));
#6842=CARTESIAN_POINT('Ctrl Pts',(13.9962542321145,1.4870352449572,0.));
#6843=CARTESIAN_POINT('Ctrl Pts',(14.0519631804015,1.45367372881695,0.));
#6844=CARTESIAN_POINT('Ctrl Pts',(14.1075499528552,1.41980566007008,0.));
#6845=CARTESIAN_POINT('Ctrl Pts',(14.1630116388187,1.38543455011093,0.));
#6846=CARTESIAN_POINT('Ctrl Pts',(14.2183455340314,1.35056369669882,0.));
#6847=CARTESIAN_POINT('Ctrl Pts',(14.2735490985742,1.3151961988657,0.));
#6848=CARTESIAN_POINT('Ctrl Pts',(14.3286198238612,1.27933505226214,0.));
#6849=CARTESIAN_POINT('Ctrl Pts',(14.3835551185566,1.24298322974472,0.));
#6850=CARTESIAN_POINT('Ctrl Pts',(14.4383522053053,1.20614376020469,0.));
#6851=CARTESIAN_POINT('Ctrl Pts',(14.4930079708355,1.16881983942048,0.));
#6852=CARTESIAN_POINT('Ctrl Pts',(14.5475189874528,1.13101483363195,0.));
#6853=CARTESIAN_POINT('Ctrl Pts',(14.6018817967711,1.09273211489143,0.));
#6854=CARTESIAN_POINT('Ctrl Pts',(14.6560931379336,1.05397493786361,0.));
#6855=CARTESIAN_POINT('Ctrl Pts',(14.7101501869328,1.01474630677485,0.));
#6856=CARTESIAN_POINT('Ctrl Pts',(14.7640508225939,0.975048841524253,0.));
#6857=CARTESIAN_POINT('Ctrl Pts',(14.8177937917346,0.934884672615641,0.));
#6858=CARTESIAN_POINT('Ctrl Pts',(14.871378462016,0.894255454003791,0.));
#6859=CARTESIAN_POINT('Ctrl Pts',(14.9141194044763,0.861380978645834,0.));
#6860=CARTESIAN_POINT('Ctrl Pts',(14.9461038077397,0.836516693156123,0.));
#6861=CARTESIAN_POINT('Ctrl Pts',(14.9673950633651,0.819847898483225,0.));
#6862=CARTESIAN_POINT('Ctrl Pts',(14.9780327712028,0.811490350061013,0.));
#6863=CARTESIAN_POINT('',(14.9780327712028,-0.811490350061013,0.));
#6864=CARTESIAN_POINT('Origin',(-1.89404048001052E-12,0.,0.));
#6865=CARTESIAN_POINT('',(11.0256245489122,-2.36448582122454,0.));
#6866=CARTESIAN_POINT('Ctrl Pts',(11.0256245489122,-2.36448582122454,0.));
#6867=CARTESIAN_POINT('Ctrl Pts',(11.0366357702098,-2.36683917835341,0.));
#6868=CARTESIAN_POINT('Ctrl Pts',(11.058713593795,-2.37112651540877,0.));
#6869=CARTESIAN_POINT('Ctrl Pts',(11.0919964689449,-2.37629941786578,0.));
#6870=CARTESIAN_POINT('Ctrl Pts',(11.1366905843773,-2.38080810160742,0.));
#6871=CARTESIAN_POINT('Ctrl Pts',(11.1929970824015,-2.38320027873725,0.));
#6872=CARTESIAN_POINT('Ctrl Pts',(11.2496282852824,-2.38327698658598,0.));
#6873=CARTESIAN_POINT('Ctrl Pts',(11.3064701115974,-2.38194375055316,0.));
#6874=CARTESIAN_POINT('Ctrl Pts',(11.3634366892528,-2.37984007529277,0.));
#6875=CARTESIAN_POINT('Ctrl Pts',(11.4204888053959,-2.37718252585975,0.));
#6876=CARTESIAN_POINT('Ctrl Pts',(11.4776171903005,-2.37392099512376,0.));
#6877=CARTESIAN_POINT('Ctrl Pts',(11.5348309155951,-2.36984978349418,0.));
#6878=CARTESIAN_POINT('Ctrl Pts',(11.592144710221,-2.36472742801808,0.));
#6879=CARTESIAN_POINT('Ctrl Pts',(11.6495646092579,-2.35841358738213,0.));
#6880=CARTESIAN_POINT('Ctrl Pts',(11.7070819372243,-2.35092434157939,0.));
#6881=CARTESIAN_POINT('Ctrl Pts',(11.7646801184283,-2.34236266222922,0.));
#6882=CARTESIAN_POINT('Ctrl Pts',(11.822338541537,-2.33287742456155,0.));
#6883=CARTESIAN_POINT('Ctrl Pts',(11.8800372141261,-2.32261504154857,0.));
#6884=CARTESIAN_POINT('Ctrl Pts',(11.9377620489254,-2.31166422327066,0.));
#6885=CARTESIAN_POINT('Ctrl Pts',(11.9955057121863,-2.30004683406155,0.));
#6886=CARTESIAN_POINT('Ctrl Pts',(12.0532648200434,-2.28774650634,0.));
#6887=CARTESIAN_POINT('Ctrl Pts',(12.1110381370273,-2.27472690254991,0.));
#6888=CARTESIAN_POINT('Ctrl Pts',(12.1688245267911,-2.2609525555716,0.));
#6889=CARTESIAN_POINT('Ctrl Pts',(12.22662060225,-2.24641278167692,0.));
#6890=CARTESIAN_POINT('Ctrl Pts',(12.2844206887577,-2.23112188964595,0.));
#6891=CARTESIAN_POINT('Ctrl Pts',(12.342217899464,-2.2151079904749,0.));
#6892=CARTESIAN_POINT('Ctrl Pts',(12.4000048770012,-2.19840523210003,0.));
#6893=CARTESIAN_POINT('Ctrl Pts',(12.4577746151872,-2.18104522345769,0.));
#6894=CARTESIAN_POINT('Ctrl Pts',(12.5155213956719,-2.16304727259815,0.));
#6895=CARTESIAN_POINT('Ctrl Pts',(12.5732406688578,-2.14441953191655,0.));
#6896=CARTESIAN_POINT('Ctrl Pts',(12.6309286073123,-2.12516352970038,0.));
#6897=CARTESIAN_POINT('Ctrl Pts',(12.6885817617681,-2.10527764776005,0.));
#6898=CARTESIAN_POINT('Ctrl Pts',(12.746196696523,-2.08476081892288,0.));
#6899=CARTESIAN_POINT('Ctrl Pts',(12.8037695781912,-2.06361670791883,0.));
#6900=CARTESIAN_POINT('Ctrl Pts',(12.8612962406559,-2.04185301089758,0.));
#6901=CARTESIAN_POINT('Ctrl Pts',(12.9187723582205,-2.01947964958398,0.));
#6902=CARTESIAN_POINT('Ctrl Pts',(12.9761935851404,-1.99650731836375,0.));
#6903=CARTESIAN_POINT('Ctrl Pts',(13.03355570086,-1.9729459758012,0.));
#6904=CARTESIAN_POINT('Ctrl Pts',(13.0908547760519,-1.9488031379785,0.));
#6905=CARTESIAN_POINT('Ctrl Pts',(13.1480871319014,-1.92408423420907,0.));
#6906=CARTESIAN_POINT('Ctrl Pts',(13.2052492580224,-1.89879338208767,0.));
#6907=CARTESIAN_POINT('Ctrl Pts',(13.2623377435667,-1.87293403638325,0.));
#6908=CARTESIAN_POINT('Ctrl Pts',(13.3193492078786,-1.84650965308903,0.));
#6909=CARTESIAN_POINT('Ctrl Pts',(13.3762802204836,-1.81952445741145,0.));
#6910=CARTESIAN_POINT('Ctrl Pts',(13.4331273178631,-1.7919833186449,0.));
#6911=CARTESIAN_POINT('Ctrl Pts',(13.4898870422711,-1.76389142335385,0.));
#6912=CARTESIAN_POINT('Ctrl Pts',(13.5465559751109,-1.73525401388383,0.));
#6913=CARTESIAN_POINT('Ctrl Pts',(13.6031307696905,-1.70607612337662,0.));
#6914=CARTESIAN_POINT('Ctrl Pts',(13.6596081942055,-1.67636226562867,0.));
#6915=CARTESIAN_POINT('Ctrl Pts',(13.7159851109649,-1.64611648045935,0.));
#6916=CARTESIAN_POINT('Ctrl Pts',(13.7722584370836,-1.61534249176515,0.));
#6917=CARTESIAN_POINT('Ctrl Pts',(13.8284251099661,-1.58404383660869,0.));
#6918=CARTESIAN_POINT('Ctrl Pts',(13.8844820565066,-1.55222399741124,0.));
#6919=CARTESIAN_POINT('Ctrl Pts',(13.9404261490837,-1.51988656842417,0.));
#6920=CARTESIAN_POINT('Ctrl Pts',(13.9962542321145,-1.4870352449572,0.));
#6921=CARTESIAN_POINT('Ctrl Pts',(14.0519631804015,-1.45367372881695,0.));
#6922=CARTESIAN_POINT('Ctrl Pts',(14.1075499528552,-1.41980566007008,0.));
#6923=CARTESIAN_POINT('Ctrl Pts',(14.1630116388187,-1.38543455011093,0.));
#6924=CARTESIAN_POINT('Ctrl Pts',(14.2183455340314,-1.35056369669882,0.));
#6925=CARTESIAN_POINT('Ctrl Pts',(14.2735490985742,-1.3151961988657,0.));
#6926=CARTESIAN_POINT('Ctrl Pts',(14.3286198238612,-1.27933505226214,0.));
#6927=CARTESIAN_POINT('Ctrl Pts',(14.3835551185566,-1.24298322974472,0.));
#6928=CARTESIAN_POINT('Ctrl Pts',(14.4383522053053,-1.20614376020469,0.));
#6929=CARTESIAN_POINT('Ctrl Pts',(14.4930079708355,-1.16881983942048,0.));
#6930=CARTESIAN_POINT('Ctrl Pts',(14.5475189874528,-1.13101483363195,0.));
#6931=CARTESIAN_POINT('Ctrl Pts',(14.6018817967711,-1.09273211489143,0.));
#6932=CARTESIAN_POINT('Ctrl Pts',(14.6560931379336,-1.05397493786361,0.));
#6933=CARTESIAN_POINT('Ctrl Pts',(14.7101501869328,-1.01474630677485,0.));
#6934=CARTESIAN_POINT('Ctrl Pts',(14.7640508225939,-0.975048841524253,0.));
#6935=CARTESIAN_POINT('Ctrl Pts',(14.8177937917346,-0.934884672615641,0.));
#6936=CARTESIAN_POINT('Ctrl Pts',(14.871378462016,-0.894255454003791,0.));
#6937=CARTESIAN_POINT('Ctrl Pts',(14.9141194044763,-0.861380978645834,0.));
#6938=CARTESIAN_POINT('Ctrl Pts',(14.9461038077397,-0.836516693156123,0.));
#6939=CARTESIAN_POINT('Ctrl Pts',(14.9673950633651,-0.819847898483225,0.));
#6940=CARTESIAN_POINT('Ctrl Pts',(14.9780327712028,-0.811490350061013,0.));
#6941=CARTESIAN_POINT('',(9.58954074440999,-2.05756091547317,0.));
#6942=CARTESIAN_POINT('',(8.15380886065688,-1.75071122346796,0.));
#6943=CARTESIAN_POINT('',(7.7787180288781,-3.03326242598652,0.));
#6944=CARTESIAN_POINT('Origin',(9.25774779939168,-3.6100008311015,0.));
#6945=CARTESIAN_POINT('Origin',(0.,0.,0.));
#6946=CARTESIAN_POINT('Origin',(0.,0.,0.));
#6947=CARTESIAN_POINT('',(-6.,-7.34788079488412E-16,0.));
#6948=CARTESIAN_POINT('Origin',(0.,0.,0.));
#6949=CARTESIAN_POINT('Origin',(0.,0.,0.));
#6950=CARTESIAN_POINT('',(7.7787180288781,3.03326242598652,15.8));
#6951=CARTESIAN_POINT('Origin',(0.,0.,15.8));
#6952=CARTESIAN_POINT('',(7.7787180288781,3.03326242598652,0.));
#6953=CARTESIAN_POINT('Origin',(0.,0.,0.));
#6954=CARTESIAN_POINT('Origin',(0.,0.,15.8));
#6955=CARTESIAN_POINT('Origin',(0.,0.,0.));
#6956=CARTESIAN_POINT('Origin',(0.,0.,15.8));
#6957=CARTESIAN_POINT('Origin',(0.,0.,0.));
#6958=CARTESIAN_POINT('Origin',(0.,0.,15.8));
#6959=CARTESIAN_POINT('Origin',(0.,0.,0.));
#6960=CARTESIAN_POINT('Origin',(0.,0.,15.8));
#6961=CARTESIAN_POINT('Origin',(0.,0.,0.));
#6962=CARTESIAN_POINT('Origin',(0.,0.,15.8));
#6963=CARTESIAN_POINT('Origin',(0.,0.,0.));
#6964=CARTESIAN_POINT('Origin',(0.,0.,15.8));
#6965=CARTESIAN_POINT('Origin',(9.25774779939168,3.6100008311015,0.));
#6966=CARTESIAN_POINT('',(9.58954074440999,2.05756091547317,15.8));
#6967=CARTESIAN_POINT('Origin',(9.25774779939168,3.6100008311015,15.8));
#6968=CARTESIAN_POINT('',(9.58954074440999,2.05756091547317,0.));
#6969=CARTESIAN_POINT('Origin',(11.0256245489122,2.36448582122454,0.));
#6970=CARTESIAN_POINT('',(11.0256245489122,2.36448582122454,15.8));
#6971=CARTESIAN_POINT('',(5.51198957579809,1.18609226984184,15.8));
#6972=CARTESIAN_POINT('',(11.0256245489122,2.36448582122454,0.));
#6973=CARTESIAN_POINT('Origin',(9.25774779939168,-3.6100008311015,0.));
#6974=CARTESIAN_POINT('',(9.58954074440999,-2.05756091547317,15.8));
#6975=CARTESIAN_POINT('',(9.58954074440999,-2.05756091547317,0.));
#6976=CARTESIAN_POINT('',(7.7787180288781,-3.03326242598652,15.8));
#6977=CARTESIAN_POINT('Origin',(9.25774779939168,-3.6100008311015,15.8));
#6978=CARTESIAN_POINT('',(7.7787180288781,-3.03326242598652,0.));
#6979=CARTESIAN_POINT('Origin',(8.15380886065688,-1.75071122346796,0.));
#6980=CARTESIAN_POINT('',(11.0256245489122,-2.36448582122454,15.8));
#6981=CARTESIAN_POINT('',(11.0256245489122,-2.36448582122454,0.));
#6982=CARTESIAN_POINT('',(4.07608173167044,-0.879204970963553,15.8));
#6983=CARTESIAN_POINT('Ctrl Pts',(14.9780327712028,0.811490350061013,0.));
#6984=CARTESIAN_POINT('Ctrl Pts',(14.9780327712028,0.811490350061013,24.5));
#6985=CARTESIAN_POINT('Ctrl Pts',(14.9673950633651,0.819847898483225,0.));
#6986=CARTESIAN_POINT('Ctrl Pts',(14.9673950633651,0.819847898483225,24.5));
#6987=CARTESIAN_POINT('Ctrl Pts',(14.9461038077397,0.836516693156123,0.));
#6988=CARTESIAN_POINT('Ctrl Pts',(14.9461038077397,0.836516693156123,24.5));
#6989=CARTESIAN_POINT('Ctrl Pts',(14.9141194044763,0.861380978645834,0.));
#6990=CARTESIAN_POINT('Ctrl Pts',(14.9141194044763,0.861380978645834,24.5));
#6991=CARTESIAN_POINT('Ctrl Pts',(14.871378462016,0.894255454003791,0.));
#6992=CARTESIAN_POINT('Ctrl Pts',(14.871378462016,0.894255454003791,24.5));
#6993=CARTESIAN_POINT('Ctrl Pts',(14.8177937917346,0.934884672615641,0.));
#6994=CARTESIAN_POINT('Ctrl Pts',(14.8177937917346,0.934884672615641,24.5));
#6995=CARTESIAN_POINT('Ctrl Pts',(14.7640508225939,0.975048841524253,0.));
#6996=CARTESIAN_POINT('Ctrl Pts',(14.7640508225939,0.975048841524253,24.5));
#6997=CARTESIAN_POINT('Ctrl Pts',(14.7101501869328,1.01474630677485,0.));
#6998=CARTESIAN_POINT('Ctrl Pts',(14.7101501869328,1.01474630677485,24.5));
#6999=CARTESIAN_POINT('Ctrl Pts',(14.6560931379336,1.05397493786361,0.));
#7000=CARTESIAN_POINT('Ctrl Pts',(14.6560931379336,1.05397493786361,24.5));
#7001=CARTESIAN_POINT('Ctrl Pts',(14.6018817967711,1.09273211489143,0.));
#7002=CARTESIAN_POINT('Ctrl Pts',(14.6018817967711,1.09273211489143,24.5));
#7003=CARTESIAN_POINT('Ctrl Pts',(14.5475189874528,1.13101483363195,0.));
#7004=CARTESIAN_POINT('Ctrl Pts',(14.5475189874528,1.13101483363195,24.5));
#7005=CARTESIAN_POINT('Ctrl Pts',(14.4930079708355,1.16881983942048,0.));
#7006=CARTESIAN_POINT('Ctrl Pts',(14.4930079708355,1.16881983942048,24.5));
#7007=CARTESIAN_POINT('Ctrl Pts',(14.4383522053053,1.20614376020469,0.));
#7008=CARTESIAN_POINT('Ctrl Pts',(14.4383522053053,1.20614376020469,24.5));
#7009=CARTESIAN_POINT('Ctrl Pts',(14.3835551185566,1.24298322974472,0.));
#7010=CARTESIAN_POINT('Ctrl Pts',(14.3835551185566,1.24298322974472,24.5));
#7011=CARTESIAN_POINT('Ctrl Pts',(14.3286198238612,1.27933505226214,0.));
#7012=CARTESIAN_POINT('Ctrl Pts',(14.3286198238612,1.27933505226214,24.5));
#7013=CARTESIAN_POINT('Ctrl Pts',(14.2735490985742,1.3151961988657,0.));
#7014=CARTESIAN_POINT('Ctrl Pts',(14.2735490985742,1.3151961988657,24.5));
#7015=CARTESIAN_POINT('Ctrl Pts',(14.2183455340314,1.35056369669882,0.));
#7016=CARTESIAN_POINT('Ctrl Pts',(14.2183455340314,1.35056369669882,24.5));
#7017=CARTESIAN_POINT('Ctrl Pts',(14.1630116388187,1.38543455011093,0.));
#7018=CARTESIAN_POINT('Ctrl Pts',(14.1630116388187,1.38543455011093,24.5));
#7019=CARTESIAN_POINT('Ctrl Pts',(14.1075499528552,1.41980566007008,0.));
#7020=CARTESIAN_POINT('Ctrl Pts',(14.1075499528552,1.41980566007008,24.5));
#7021=CARTESIAN_POINT('Ctrl Pts',(14.0519631804015,1.45367372881695,0.));
#7022=CARTESIAN_POINT('Ctrl Pts',(14.0519631804015,1.45367372881695,24.5));
#7023=CARTESIAN_POINT('Ctrl Pts',(13.9962542321145,1.4870352449572,0.));
#7024=CARTESIAN_POINT('Ctrl Pts',(13.9962542321145,1.4870352449572,24.5));
#7025=CARTESIAN_POINT('Ctrl Pts',(13.9404261490837,1.51988656842417,0.));
#7026=CARTESIAN_POINT('Ctrl Pts',(13.9404261490837,1.51988656842417,24.5));
#7027=CARTESIAN_POINT('Ctrl Pts',(13.8844820565066,1.55222399741124,0.));
#7028=CARTESIAN_POINT('Ctrl Pts',(13.8844820565066,1.55222399741124,24.5));
#7029=CARTESIAN_POINT('Ctrl Pts',(13.8284251099661,1.58404383660869,0.));
#7030=CARTESIAN_POINT('Ctrl Pts',(13.8284251099661,1.58404383660869,24.5));
#7031=CARTESIAN_POINT('Ctrl Pts',(13.7722584370836,1.61534249176515,0.));
#7032=CARTESIAN_POINT('Ctrl Pts',(13.7722584370836,1.61534249176515,24.5));
#7033=CARTESIAN_POINT('Ctrl Pts',(13.7159851109649,1.64611648045935,0.));
#7034=CARTESIAN_POINT('Ctrl Pts',(13.7159851109649,1.64611648045935,24.5));
#7035=CARTESIAN_POINT('Ctrl Pts',(13.6596081942055,1.67636226562867,0.));
#7036=CARTESIAN_POINT('Ctrl Pts',(13.6596081942055,1.67636226562867,24.5));
#7037=CARTESIAN_POINT('Ctrl Pts',(13.6031307696905,1.70607612337662,0.));
#7038=CARTESIAN_POINT('Ctrl Pts',(13.6031307696905,1.70607612337662,24.5));
#7039=CARTESIAN_POINT('Ctrl Pts',(13.5465559751109,1.73525401388383,0.));
#7040=CARTESIAN_POINT('Ctrl Pts',(13.5465559751109,1.73525401388383,24.5));
#7041=CARTESIAN_POINT('Ctrl Pts',(13.4898870422711,1.76389142335385,0.));
#7042=CARTESIAN_POINT('Ctrl Pts',(13.4898870422711,1.76389142335385,24.5));
#7043=CARTESIAN_POINT('Ctrl Pts',(13.4331273178631,1.7919833186449,0.));
#7044=CARTESIAN_POINT('Ctrl Pts',(13.4331273178631,1.7919833186449,24.5));
#7045=CARTESIAN_POINT('Ctrl Pts',(13.3762802204836,1.81952445741145,0.));
#7046=CARTESIAN_POINT('Ctrl Pts',(13.3762802204836,1.81952445741145,24.5));
#7047=CARTESIAN_POINT('Ctrl Pts',(13.3193492078786,1.84650965308903,0.));
#7048=CARTESIAN_POINT('Ctrl Pts',(13.3193492078786,1.84650965308903,24.5));
#7049=CARTESIAN_POINT('Ctrl Pts',(13.2623377435667,1.87293403638325,0.));
#7050=CARTESIAN_POINT('Ctrl Pts',(13.2623377435667,1.87293403638325,24.5));
#7051=CARTESIAN_POINT('Ctrl Pts',(13.2052492580224,1.89879338208767,0.));
#7052=CARTESIAN_POINT('Ctrl Pts',(13.2052492580224,1.89879338208767,24.5));
#7053=CARTESIAN_POINT('Ctrl Pts',(13.1480871319014,1.92408423420907,0.));
#7054=CARTESIAN_POINT('Ctrl Pts',(13.1480871319014,1.92408423420907,24.5));
#7055=CARTESIAN_POINT('Ctrl Pts',(13.0908547760519,1.9488031379785,0.));
#7056=CARTESIAN_POINT('Ctrl Pts',(13.0908547760519,1.9488031379785,24.5));
#7057=CARTESIAN_POINT('Ctrl Pts',(13.03355570086,1.9729459758012,0.));
#7058=CARTESIAN_POINT('Ctrl Pts',(13.03355570086,1.9729459758012,24.5));
#7059=CARTESIAN_POINT('Ctrl Pts',(12.9761935851404,1.99650731836375,0.));
#7060=CARTESIAN_POINT('Ctrl Pts',(12.9761935851404,1.99650731836375,24.5));
#7061=CARTESIAN_POINT('Ctrl Pts',(12.9187723582205,2.01947964958398,0.));
#7062=CARTESIAN_POINT('Ctrl Pts',(12.9187723582205,2.01947964958398,24.5));
#7063=CARTESIAN_POINT('Ctrl Pts',(12.8612962406559,2.04185301089758,0.));
#7064=CARTESIAN_POINT('Ctrl Pts',(12.8612962406559,2.04185301089758,24.5));
#7065=CARTESIAN_POINT('Ctrl Pts',(12.8037695781912,2.06361670791883,0.));
#7066=CARTESIAN_POINT('Ctrl Pts',(12.8037695781912,2.06361670791883,24.5));
#7067=CARTESIAN_POINT('Ctrl Pts',(12.746196696523,2.08476081892288,0.));
#7068=CARTESIAN_POINT('Ctrl Pts',(12.746196696523,2.08476081892288,24.5));
#7069=CARTESIAN_POINT('Ctrl Pts',(12.6885817617681,2.10527764776005,0.));
#7070=CARTESIAN_POINT('Ctrl Pts',(12.6885817617681,2.10527764776005,24.5));
#7071=CARTESIAN_POINT('Ctrl Pts',(12.6309286073123,2.12516352970038,0.));
#7072=CARTESIAN_POINT('Ctrl Pts',(12.6309286073123,2.12516352970038,24.5));
#7073=CARTESIAN_POINT('Ctrl Pts',(12.5732406688578,2.14441953191655,0.));
#7074=CARTESIAN_POINT('Ctrl Pts',(12.5732406688578,2.14441953191655,24.5));
#7075=CARTESIAN_POINT('Ctrl Pts',(12.5155213956719,2.16304727259815,0.));
#7076=CARTESIAN_POINT('Ctrl Pts',(12.5155213956719,2.16304727259815,24.5));
#7077=CARTESIAN_POINT('Ctrl Pts',(12.4577746151872,2.18104522345769,0.));
#7078=CARTESIAN_POINT('Ctrl Pts',(12.4577746151872,2.18104522345769,24.5));
#7079=CARTESIAN_POINT('Ctrl Pts',(12.4000048770012,2.19840523210003,0.));
#7080=CARTESIAN_POINT('Ctrl Pts',(12.4000048770012,2.19840523210003,24.5));
#7081=CARTESIAN_POINT('Ctrl Pts',(12.342217899464,2.2151079904749,0.));
#7082=CARTESIAN_POINT('Ctrl Pts',(12.342217899464,2.2151079904749,24.5));
#7083=CARTESIAN_POINT('Ctrl Pts',(12.2844206887577,2.23112188964595,0.));
#7084=CARTESIAN_POINT('Ctrl Pts',(12.2844206887577,2.23112188964595,24.5));
#7085=CARTESIAN_POINT('Ctrl Pts',(12.22662060225,2.24641278167692,0.));
#7086=CARTESIAN_POINT('Ctrl Pts',(12.22662060225,2.24641278167692,24.5));
#7087=CARTESIAN_POINT('Ctrl Pts',(12.1688245267911,2.2609525555716,0.));
#7088=CARTESIAN_POINT('Ctrl Pts',(12.1688245267911,2.2609525555716,24.5));
#7089=CARTESIAN_POINT('Ctrl Pts',(12.1110381370273,2.27472690254991,0.));
#7090=CARTESIAN_POINT('Ctrl Pts',(12.1110381370273,2.27472690254991,24.5));
#7091=CARTESIAN_POINT('Ctrl Pts',(12.0532648200434,2.28774650634,0.));
#7092=CARTESIAN_POINT('Ctrl Pts',(12.0532648200434,2.28774650634,24.5));
#7093=CARTESIAN_POINT('Ctrl Pts',(11.9955057121863,2.30004683406155,0.));
#7094=CARTESIAN_POINT('Ctrl Pts',(11.9955057121863,2.30004683406155,24.5));
#7095=CARTESIAN_POINT('Ctrl Pts',(11.9377620489254,2.31166422327066,0.));
#7096=CARTESIAN_POINT('Ctrl Pts',(11.9377620489254,2.31166422327066,24.5));
#7097=CARTESIAN_POINT('Ctrl Pts',(11.8800372141261,2.32261504154857,0.));
#7098=CARTESIAN_POINT('Ctrl Pts',(11.8800372141261,2.32261504154857,24.5));
#7099=CARTESIAN_POINT('Ctrl Pts',(11.822338541537,2.33287742456155,0.));
#7100=CARTESIAN_POINT('Ctrl Pts',(11.822338541537,2.33287742456155,24.5));
#7101=CARTESIAN_POINT('Ctrl Pts',(11.7646801184283,2.34236266222922,0.));
#7102=CARTESIAN_POINT('Ctrl Pts',(11.7646801184283,2.34236266222922,24.5));
#7103=CARTESIAN_POINT('Ctrl Pts',(11.7070819372243,2.35092434157939,0.));
#7104=CARTESIAN_POINT('Ctrl Pts',(11.7070819372243,2.35092434157939,24.5));
#7105=CARTESIAN_POINT('Ctrl Pts',(11.6495646092579,2.35841358738213,0.));
#7106=CARTESIAN_POINT('Ctrl Pts',(11.6495646092579,2.35841358738213,24.5));
#7107=CARTESIAN_POINT('Ctrl Pts',(11.592144710221,2.36472742801808,0.));
#7108=CARTESIAN_POINT('Ctrl Pts',(11.592144710221,2.36472742801808,24.5));
#7109=CARTESIAN_POINT('Ctrl Pts',(11.5348309155951,2.36984978349418,0.));
#7110=CARTESIAN_POINT('Ctrl Pts',(11.5348309155951,2.36984978349418,24.5));
#7111=CARTESIAN_POINT('Ctrl Pts',(11.4776171903005,2.37392099512376,0.));
#7112=CARTESIAN_POINT('Ctrl Pts',(11.4776171903005,2.37392099512376,24.5));
#7113=CARTESIAN_POINT('Ctrl Pts',(11.4204888053959,2.37718252585975,0.));
#7114=CARTESIAN_POINT('Ctrl Pts',(11.4204888053959,2.37718252585975,24.5));
#7115=CARTESIAN_POINT('Ctrl Pts',(11.3634366892528,2.37984007529277,0.));
#7116=CARTESIAN_POINT('Ctrl Pts',(11.3634366892528,2.37984007529277,24.5));
#7117=CARTESIAN_POINT('Ctrl Pts',(11.3064701115974,2.38194375055316,0.));
#7118=CARTESIAN_POINT('Ctrl Pts',(11.3064701115974,2.38194375055316,24.5));
#7119=CARTESIAN_POINT('Ctrl Pts',(11.2496282852824,2.38327698658598,0.));
#7120=CARTESIAN_POINT('Ctrl Pts',(11.2496282852824,2.38327698658598,24.5));
#7121=CARTESIAN_POINT('Ctrl Pts',(11.1929970824015,2.38320027873725,0.));
#7122=CARTESIAN_POINT('Ctrl Pts',(11.1929970824015,2.38320027873725,24.5));
#7123=CARTESIAN_POINT('Ctrl Pts',(11.1366905843773,2.38080810160742,0.));
#7124=CARTESIAN_POINT('Ctrl Pts',(11.1366905843773,2.38080810160742,24.5));
#7125=CARTESIAN_POINT('Ctrl Pts',(11.0919964689449,2.37629941786578,0.));
#7126=CARTESIAN_POINT('Ctrl Pts',(11.0919964689449,2.37629941786578,24.5));
#7127=CARTESIAN_POINT('Ctrl Pts',(11.058713593795,2.37112651540877,0.));
#7128=CARTESIAN_POINT('Ctrl Pts',(11.058713593795,2.37112651540877,24.5));
#7129=CARTESIAN_POINT('Ctrl Pts',(11.0366357702098,2.36683917835341,0.));
#7130=CARTESIAN_POINT('Ctrl Pts',(11.0366357702098,2.36683917835341,24.5));
#7131=CARTESIAN_POINT('Ctrl Pts',(11.0256245489122,2.36448582122454,0.));
#7132=CARTESIAN_POINT('Ctrl Pts',(11.0256245489122,2.36448582122454,24.5));
#7133=CARTESIAN_POINT('',(14.9780327712028,0.811490350061002,15.8));
#7134=CARTESIAN_POINT('Ctrl Pts',(14.9780327712028,0.811490350061013,15.8));
#7135=CARTESIAN_POINT('Ctrl Pts',(14.8951944509606,0.876572535359118,15.8));
#7136=CARTESIAN_POINT('Ctrl Pts',(14.8117784095519,0.939973165459932,15.8));
#7137=CARTESIAN_POINT('Ctrl Pts',(14.7277893323375,1.00167355473039,15.8));
#7138=CARTESIAN_POINT('Ctrl Pts',(14.6282378379714,1.07480646865881,15.8));
#7139=CARTESIAN_POINT('Ctrl Pts',(14.5278788659212,1.14554969065186,15.8));
#7140=CARTESIAN_POINT('Ctrl Pts',(14.4267980912959,1.21381471317812,15.8));
#7141=CARTESIAN_POINT('Ctrl Pts',(14.2927224937932,1.30436282895656,15.8));
#7142=CARTESIAN_POINT('Ctrl Pts',(14.1573843545516,1.39054924416022,15.8));
#7143=CARTESIAN_POINT('Ctrl Pts',(14.0209598886693,1.47216664994481,15.8));
#7144=CARTESIAN_POINT('Ctrl Pts',(13.8936248536674,1.54834620582676,15.8));
#7145=CARTESIAN_POINT('Ctrl Pts',(13.7653459508188,1.6205403302091,15.8));
#7146=CARTESIAN_POINT('Ctrl Pts',(13.6362899125423,1.68855501933436,15.8));
#7147=CARTESIAN_POINT('Ctrl Pts',(13.5025585855811,1.75903366373605,15.8));
#7148=CARTESIAN_POINT('Ctrl Pts',(13.3679904878502,1.82502712179043,15.8));
#7149=CARTESIAN_POINT('Ctrl Pts',(13.2327885233907,1.8862437241788,15.8));
#7150=CARTESIAN_POINT('Ctrl Pts',(13.1595280814047,1.91941450957226,15.8));
#7151=CARTESIAN_POINT('Ctrl Pts',(13.0860813887376,1.95118731973404,15.8));
#7152=CARTESIAN_POINT('Ctrl Pts',(13.0124820865737,1.98152040114132,15.8));
#7153=CARTESIAN_POINT('Ctrl Pts',(12.929719653689,2.01562995843799,15.8));
#7154=CARTESIAN_POINT('Ctrl Pts',(12.8467643104096,2.04791719233878,15.8));
#7155=CARTESIAN_POINT('Ctrl Pts',(12.7636736646253,2.07824972194272,15.8));
#7156=CARTESIAN_POINT('Ctrl Pts',(12.702269083569,2.10066567809668,15.8));
#7157=CARTESIAN_POINT('Ctrl Pts',(12.6407909756138,2.12201091846476,15.8));
#7158=CARTESIAN_POINT('Ctrl Pts',(12.5792590490656,2.14228077125946,15.8));
#7159=CARTESIAN_POINT('Ctrl Pts',(12.5324604022136,2.15769718572745,15.8));
#7160=CARTESIAN_POINT('Ctrl Pts',(12.4856301883587,2.17249620263566,15.8));
#7161=CARTESIAN_POINT('Ctrl Pts',(12.4387788108486,2.1866628717195,15.8));
#7162=CARTESIAN_POINT('Ctrl Pts',(12.3793982055699,2.20461806172003,15.8));
#7163=CARTESIAN_POINT('Ctrl Pts',(12.3199833926994,2.22155900564785,15.8));
#7164=CARTESIAN_POINT('Ctrl Pts',(12.2605682030517,2.23733757683996,15.8));
#7165=CARTESIAN_POINT('Ctrl Pts',(12.2226234726777,2.24741435406007,15.8));
#7166=CARTESIAN_POINT('Ctrl Pts',(12.1846790041025,2.25701305305385,15.8));
#7167=CARTESIAN_POINT('Ctrl Pts',(12.1467419446546,2.2661161114412,15.8));
#7168=CARTESIAN_POINT('Ctrl Pts',(12.0995062961234,2.27745038122389,15.8));
#7169=CARTESIAN_POINT('Ctrl Pts',(12.0522821771719,2.28801540782596,15.8));
#7170=CARTESIAN_POINT('Ctrl Pts',(12.0050736744967,2.29788569537397,15.8));
#7171=CARTESIAN_POINT('Ctrl Pts',(11.9725453000475,2.3046866822956,15.8));
#7172=CARTESIAN_POINT('Ctrl Pts',(11.9400239276678,2.31116225075687,15.8));
#7173=CARTESIAN_POINT('Ctrl Pts',(11.9075130297624,2.31731819936681,15.8));
#7174=CARTESIAN_POINT('Ctrl Pts',(11.8785197007339,2.32280809521805,15.8));
#7175=CARTESIAN_POINT('Ctrl Pts',(11.8495345815759,2.32804505326415,15.8));
#7176=CARTESIAN_POINT('Ctrl Pts',(11.8205648128565,2.33298735844004,15.8));
#7177=CARTESIAN_POINT('Ctrl Pts',(11.7869426464011,2.33872337272811,15.8));
#7178=CARTESIAN_POINT('Ctrl Pts',(11.7533414990826,2.34405876931386,15.8));
#7179=CARTESIAN_POINT('Ctrl Pts',(11.719779049784,2.34886596915572,15.8));
#7180=CARTESIAN_POINT('Ctrl Pts',(11.6904640635876,2.35306479850078,15.8));
#7181=CARTESIAN_POINT('Ctrl Pts',(11.6611790510184,2.35685604530567,15.8));
#7182=CARTESIAN_POINT('Ctrl Pts',(11.6319332796268,2.36018476070287,15.8));
#7183=CARTESIAN_POINT('Ctrl Pts',(11.608574883934,2.36284338270861,15.8));
#7184=CARTESIAN_POINT('Ctrl Pts',(11.5852415906116,2.36520631531809,15.8));
#7185=CARTESIAN_POINT('Ctrl Pts',(11.5619341253052,2.36728889790408,15.8));
#7186=CARTESIAN_POINT('Ctrl Pts',(11.5166924842178,2.3713313560887,15.8));
#7187=CARTESIAN_POINT('Ctrl Pts',(11.4715473422174,2.37431920510676,15.8));
#7188=CARTESIAN_POINT('Ctrl Pts',(11.4264743929194,2.37671638346203,15.8));
#7189=CARTESIAN_POINT('Ctrl Pts',(11.4062989919579,2.37778940032129,15.8));
#7190=CARTESIAN_POINT('Ctrl Pts',(11.3861380766612,2.37874514123424,15.8));
#7191=CARTESIAN_POINT('Ctrl Pts',(11.3659934892631,2.37959323829411,15.8));
#7192=CARTESIAN_POINT('Ctrl Pts',(11.3477498040891,2.38036130643328,15.8));
#7193=CARTESIAN_POINT('Ctrl Pts',(11.32951944301,2.38104177217037,15.8));
#7194=CARTESIAN_POINT('Ctrl Pts',(11.3113081941805,2.38160252004879,15.8));
#7195=CARTESIAN_POINT('Ctrl Pts',(11.2927025403177,2.38217541216772,15.8));
#7196=CARTESIAN_POINT('Ctrl Pts',(11.2741167874446,2.38262384868833,15.8));
#7197=CARTESIAN_POINT('Ctrl Pts',(11.2555634397736,2.38285615133532,15.8));
#7198=CARTESIAN_POINT('Ctrl Pts',(11.231949792133,2.38315181295658,15.8));
#7199=CARTESIAN_POINT('Ctrl Pts',(11.2083888392101,2.38309592722796,15.8));
#7200=CARTESIAN_POINT('Ctrl Pts',(11.1849161617315,2.38240691978062,15.8));
#7201=CARTESIAN_POINT('Ctrl Pts',(11.1627901945284,2.3817574431201,15.8));
#7202=CARTESIAN_POINT('Ctrl Pts',(11.1407433705366,2.38053924156317,15.8));
#7203=CARTESIAN_POINT('Ctrl Pts',(11.118804644748,2.37851644257895,15.8));
#7204=CARTESIAN_POINT('Ctrl Pts',(11.1018372573363,2.37695201197563,15.8));
#7205=CARTESIAN_POINT('Ctrl Pts',(11.0849345999394,2.37490555500455,15.8));
#7206=CARTESIAN_POINT('Ctrl Pts',(11.0681059780207,2.37230028190996,15.8));
#7207=CARTESIAN_POINT('Ctrl Pts',(11.0538920072108,2.3700997882571,15.8));
#7208=CARTESIAN_POINT('Ctrl Pts',(11.0397308444464,2.36750066855711,15.8));
#7209=CARTESIAN_POINT('Ctrl Pts',(11.0256245489122,2.36448582122454,15.8));
#7210=CARTESIAN_POINT('',(14.9780327712028,0.811490350061002,0.));
#7211=CARTESIAN_POINT('Origin',(-1.89404048001052E-12,0.,0.));
#7212=CARTESIAN_POINT('',(14.9780327712028,-0.811490350061013,15.8));
#7213=CARTESIAN_POINT('Origin',(-1.89404048001052E-12,0.,15.8));
#7214=CARTESIAN_POINT('',(14.9780327712028,-0.811490350061013,0.));
#7215=CARTESIAN_POINT('Ctrl Pts',(11.0256245489122,-2.36448582122454,0.));
#7216=CARTESIAN_POINT('Ctrl Pts',(11.0256245489122,-2.36448582122454,24.5));
#7217=CARTESIAN_POINT('Ctrl Pts',(11.0366357702098,-2.36683917835341,0.));
#7218=CARTESIAN_POINT('Ctrl Pts',(11.0366357702098,-2.36683917835341,24.5));
#7219=CARTESIAN_POINT('Ctrl Pts',(11.058713593795,-2.37112651540877,0.));
#7220=CARTESIAN_POINT('Ctrl Pts',(11.058713593795,-2.37112651540877,24.5));
#7221=CARTESIAN_POINT('Ctrl Pts',(11.0919964689449,-2.37629941786578,0.));
#7222=CARTESIAN_POINT('Ctrl Pts',(11.0919964689449,-2.37629941786578,24.5));
#7223=CARTESIAN_POINT('Ctrl Pts',(11.1366905843773,-2.38080810160742,0.));
#7224=CARTESIAN_POINT('Ctrl Pts',(11.1366905843773,-2.38080810160742,24.5));
#7225=CARTESIAN_POINT('Ctrl Pts',(11.1929970824015,-2.38320027873725,0.));
#7226=CARTESIAN_POINT('Ctrl Pts',(11.1929970824015,-2.38320027873725,24.5));
#7227=CARTESIAN_POINT('Ctrl Pts',(11.2496282852824,-2.38327698658598,0.));
#7228=CARTESIAN_POINT('Ctrl Pts',(11.2496282852824,-2.38327698658598,24.5));
#7229=CARTESIAN_POINT('Ctrl Pts',(11.3064701115974,-2.38194375055316,0.));
#7230=CARTESIAN_POINT('Ctrl Pts',(11.3064701115974,-2.38194375055316,24.5));
#7231=CARTESIAN_POINT('Ctrl Pts',(11.3634366892528,-2.37984007529277,0.));
#7232=CARTESIAN_POINT('Ctrl Pts',(11.3634366892528,-2.37984007529277,24.5));
#7233=CARTESIAN_POINT('Ctrl Pts',(11.4204888053959,-2.37718252585975,0.));
#7234=CARTESIAN_POINT('Ctrl Pts',(11.4204888053959,-2.37718252585975,24.5));
#7235=CARTESIAN_POINT('Ctrl Pts',(11.4776171903005,-2.37392099512376,0.));
#7236=CARTESIAN_POINT('Ctrl Pts',(11.4776171903005,-2.37392099512376,24.5));
#7237=CARTESIAN_POINT('Ctrl Pts',(11.5348309155951,-2.36984978349418,0.));
#7238=CARTESIAN_POINT('Ctrl Pts',(11.5348309155951,-2.36984978349418,24.5));
#7239=CARTESIAN_POINT('Ctrl Pts',(11.592144710221,-2.36472742801808,0.));
#7240=CARTESIAN_POINT('Ctrl Pts',(11.592144710221,-2.36472742801808,24.5));
#7241=CARTESIAN_POINT('Ctrl Pts',(11.6495646092579,-2.35841358738213,0.));
#7242=CARTESIAN_POINT('Ctrl Pts',(11.6495646092579,-2.35841358738213,24.5));
#7243=CARTESIAN_POINT('Ctrl Pts',(11.7070819372243,-2.35092434157939,0.));
#7244=CARTESIAN_POINT('Ctrl Pts',(11.7070819372243,-2.35092434157939,24.5));
#7245=CARTESIAN_POINT('Ctrl Pts',(11.7646801184283,-2.34236266222922,0.));
#7246=CARTESIAN_POINT('Ctrl Pts',(11.7646801184283,-2.34236266222922,24.5));
#7247=CARTESIAN_POINT('Ctrl Pts',(11.822338541537,-2.33287742456155,0.));
#7248=CARTESIAN_POINT('Ctrl Pts',(11.822338541537,-2.33287742456155,24.5));
#7249=CARTESIAN_POINT('Ctrl Pts',(11.8800372141261,-2.32261504154857,0.));
#7250=CARTESIAN_POINT('Ctrl Pts',(11.8800372141261,-2.32261504154857,24.5));
#7251=CARTESIAN_POINT('Ctrl Pts',(11.9377620489254,-2.31166422327066,0.));
#7252=CARTESIAN_POINT('Ctrl Pts',(11.9377620489254,-2.31166422327066,24.5));
#7253=CARTESIAN_POINT('Ctrl Pts',(11.9955057121863,-2.30004683406155,0.));
#7254=CARTESIAN_POINT('Ctrl Pts',(11.9955057121863,-2.30004683406155,24.5));
#7255=CARTESIAN_POINT('Ctrl Pts',(12.0532648200434,-2.28774650634,0.));
#7256=CARTESIAN_POINT('Ctrl Pts',(12.0532648200434,-2.28774650634,24.5));
#7257=CARTESIAN_POINT('Ctrl Pts',(12.1110381370273,-2.27472690254991,0.));
#7258=CARTESIAN_POINT('Ctrl Pts',(12.1110381370273,-2.27472690254991,24.5));
#7259=CARTESIAN_POINT('Ctrl Pts',(12.1688245267911,-2.2609525555716,0.));
#7260=CARTESIAN_POINT('Ctrl Pts',(12.1688245267911,-2.2609525555716,24.5));
#7261=CARTESIAN_POINT('Ctrl Pts',(12.22662060225,-2.24641278167692,0.));
#7262=CARTESIAN_POINT('Ctrl Pts',(12.22662060225,-2.24641278167692,24.5));
#7263=CARTESIAN_POINT('Ctrl Pts',(12.2844206887577,-2.23112188964595,0.));
#7264=CARTESIAN_POINT('Ctrl Pts',(12.2844206887577,-2.23112188964595,24.5));
#7265=CARTESIAN_POINT('Ctrl Pts',(12.342217899464,-2.2151079904749,0.));
#7266=CARTESIAN_POINT('Ctrl Pts',(12.342217899464,-2.2151079904749,24.5));
#7267=CARTESIAN_POINT('Ctrl Pts',(12.4000048770012,-2.19840523210003,0.));
#7268=CARTESIAN_POINT('Ctrl Pts',(12.4000048770012,-2.19840523210003,24.5));
#7269=CARTESIAN_POINT('Ctrl Pts',(12.4577746151872,-2.18104522345769,0.));
#7270=CARTESIAN_POINT('Ctrl Pts',(12.4577746151872,-2.18104522345769,24.5));
#7271=CARTESIAN_POINT('Ctrl Pts',(12.5155213956719,-2.16304727259815,0.));
#7272=CARTESIAN_POINT('Ctrl Pts',(12.5155213956719,-2.16304727259815,24.5));
#7273=CARTESIAN_POINT('Ctrl Pts',(12.5732406688578,-2.14441953191655,0.));
#7274=CARTESIAN_POINT('Ctrl Pts',(12.5732406688578,-2.14441953191655,24.5));
#7275=CARTESIAN_POINT('Ctrl Pts',(12.6309286073123,-2.12516352970038,0.));
#7276=CARTESIAN_POINT('Ctrl Pts',(12.6309286073123,-2.12516352970038,24.5));
#7277=CARTESIAN_POINT('Ctrl Pts',(12.6885817617681,-2.10527764776005,0.));
#7278=CARTESIAN_POINT('Ctrl Pts',(12.6885817617681,-2.10527764776005,24.5));
#7279=CARTESIAN_POINT('Ctrl Pts',(12.746196696523,-2.08476081892288,0.));
#7280=CARTESIAN_POINT('Ctrl Pts',(12.746196696523,-2.08476081892288,24.5));
#7281=CARTESIAN_POINT('Ctrl Pts',(12.8037695781912,-2.06361670791883,0.));
#7282=CARTESIAN_POINT('Ctrl Pts',(12.8037695781912,-2.06361670791883,24.5));
#7283=CARTESIAN_POINT('Ctrl Pts',(12.8612962406559,-2.04185301089758,0.));
#7284=CARTESIAN_POINT('Ctrl Pts',(12.8612962406559,-2.04185301089758,24.5));
#7285=CARTESIAN_POINT('Ctrl Pts',(12.9187723582205,-2.01947964958398,0.));
#7286=CARTESIAN_POINT('Ctrl Pts',(12.9187723582205,-2.01947964958398,24.5));
#7287=CARTESIAN_POINT('Ctrl Pts',(12.9761935851404,-1.99650731836375,0.));
#7288=CARTESIAN_POINT('Ctrl Pts',(12.9761935851404,-1.99650731836375,24.5));
#7289=CARTESIAN_POINT('Ctrl Pts',(13.03355570086,-1.9729459758012,0.));
#7290=CARTESIAN_POINT('Ctrl Pts',(13.03355570086,-1.9729459758012,24.5));
#7291=CARTESIAN_POINT('Ctrl Pts',(13.0908547760519,-1.9488031379785,0.));
#7292=CARTESIAN_POINT('Ctrl Pts',(13.0908547760519,-1.9488031379785,24.5));
#7293=CARTESIAN_POINT('Ctrl Pts',(13.1480871319014,-1.92408423420907,0.));
#7294=CARTESIAN_POINT('Ctrl Pts',(13.1480871319014,-1.92408423420907,24.5));
#7295=CARTESIAN_POINT('Ctrl Pts',(13.2052492580224,-1.89879338208767,0.));
#7296=CARTESIAN_POINT('Ctrl Pts',(13.2052492580224,-1.89879338208767,24.5));
#7297=CARTESIAN_POINT('Ctrl Pts',(13.2623377435667,-1.87293403638325,0.));
#7298=CARTESIAN_POINT('Ctrl Pts',(13.2623377435667,-1.87293403638325,24.5));
#7299=CARTESIAN_POINT('Ctrl Pts',(13.3193492078786,-1.84650965308903,0.));
#7300=CARTESIAN_POINT('Ctrl Pts',(13.3193492078786,-1.84650965308903,24.5));
#7301=CARTESIAN_POINT('Ctrl Pts',(13.3762802204836,-1.81952445741145,0.));
#7302=CARTESIAN_POINT('Ctrl Pts',(13.3762802204836,-1.81952445741145,24.5));
#7303=CARTESIAN_POINT('Ctrl Pts',(13.4331273178631,-1.7919833186449,0.));
#7304=CARTESIAN_POINT('Ctrl Pts',(13.4331273178631,-1.7919833186449,24.5));
#7305=CARTESIAN_POINT('Ctrl Pts',(13.4898870422711,-1.76389142335385,0.));
#7306=CARTESIAN_POINT('Ctrl Pts',(13.4898870422711,-1.76389142335385,24.5));
#7307=CARTESIAN_POINT('Ctrl Pts',(13.5465559751109,-1.73525401388383,0.));
#7308=CARTESIAN_POINT('Ctrl Pts',(13.5465559751109,-1.73525401388383,24.5));
#7309=CARTESIAN_POINT('Ctrl Pts',(13.6031307696905,-1.70607612337662,0.));
#7310=CARTESIAN_POINT('Ctrl Pts',(13.6031307696905,-1.70607612337662,24.5));
#7311=CARTESIAN_POINT('Ctrl Pts',(13.6596081942055,-1.67636226562867,0.));
#7312=CARTESIAN_POINT('Ctrl Pts',(13.6596081942055,-1.67636226562867,24.5));
#7313=CARTESIAN_POINT('Ctrl Pts',(13.7159851109649,-1.64611648045935,0.));
#7314=CARTESIAN_POINT('Ctrl Pts',(13.7159851109649,-1.64611648045935,24.5));
#7315=CARTESIAN_POINT('Ctrl Pts',(13.7722584370836,-1.61534249176515,0.));
#7316=CARTESIAN_POINT('Ctrl Pts',(13.7722584370836,-1.61534249176515,24.5));
#7317=CARTESIAN_POINT('Ctrl Pts',(13.8284251099661,-1.58404383660869,0.));
#7318=CARTESIAN_POINT('Ctrl Pts',(13.8284251099661,-1.58404383660869,24.5));
#7319=CARTESIAN_POINT('Ctrl Pts',(13.8844820565066,-1.55222399741124,0.));
#7320=CARTESIAN_POINT('Ctrl Pts',(13.8844820565066,-1.55222399741124,24.5));
#7321=CARTESIAN_POINT('Ctrl Pts',(13.9404261490837,-1.51988656842417,0.));
#7322=CARTESIAN_POINT('Ctrl Pts',(13.9404261490837,-1.51988656842417,24.5));
#7323=CARTESIAN_POINT('Ctrl Pts',(13.9962542321145,-1.4870352449572,0.));
#7324=CARTESIAN_POINT('Ctrl Pts',(13.9962542321145,-1.4870352449572,24.5));
#7325=CARTESIAN_POINT('Ctrl Pts',(14.0519631804015,-1.45367372881695,0.));
#7326=CARTESIAN_POINT('Ctrl Pts',(14.0519631804015,-1.45367372881695,24.5));
#7327=CARTESIAN_POINT('Ctrl Pts',(14.1075499528552,-1.41980566007008,0.));
#7328=CARTESIAN_POINT('Ctrl Pts',(14.1075499528552,-1.41980566007008,24.5));
#7329=CARTESIAN_POINT('Ctrl Pts',(14.1630116388187,-1.38543455011093,0.));
#7330=CARTESIAN_POINT('Ctrl Pts',(14.1630116388187,-1.38543455011093,24.5));
#7331=CARTESIAN_POINT('Ctrl Pts',(14.2183455340314,-1.35056369669882,0.));
#7332=CARTESIAN_POINT('Ctrl Pts',(14.2183455340314,-1.35056369669882,24.5));
#7333=CARTESIAN_POINT('Ctrl Pts',(14.2735490985742,-1.3151961988657,0.));
#7334=CARTESIAN_POINT('Ctrl Pts',(14.2735490985742,-1.3151961988657,24.5));
#7335=CARTESIAN_POINT('Ctrl Pts',(14.3286198238612,-1.27933505226214,0.));
#7336=CARTESIAN_POINT('Ctrl Pts',(14.3286198238612,-1.27933505226214,24.5));
#7337=CARTESIAN_POINT('Ctrl Pts',(14.3835551185566,-1.24298322974472,0.));
#7338=CARTESIAN_POINT('Ctrl Pts',(14.3835551185566,-1.24298322974472,24.5));
#7339=CARTESIAN_POINT('Ctrl Pts',(14.4383522053053,-1.20614376020469,0.));
#7340=CARTESIAN_POINT('Ctrl Pts',(14.4383522053053,-1.20614376020469,24.5));
#7341=CARTESIAN_POINT('Ctrl Pts',(14.4930079708355,-1.16881983942048,0.));
#7342=CARTESIAN_POINT('Ctrl Pts',(14.4930079708355,-1.16881983942048,24.5));
#7343=CARTESIAN_POINT('Ctrl Pts',(14.5475189874528,-1.13101483363195,0.));
#7344=CARTESIAN_POINT('Ctrl Pts',(14.5475189874528,-1.13101483363195,24.5));
#7345=CARTESIAN_POINT('Ctrl Pts',(14.6018817967711,-1.09273211489143,0.));
#7346=CARTESIAN_POINT('Ctrl Pts',(14.6018817967711,-1.09273211489143,24.5));
#7347=CARTESIAN_POINT('Ctrl Pts',(14.6560931379336,-1.05397493786361,0.));
#7348=CARTESIAN_POINT('Ctrl Pts',(14.6560931379336,-1.05397493786361,24.5));
#7349=CARTESIAN_POINT('Ctrl Pts',(14.7101501869328,-1.01474630677485,0.));
#7350=CARTESIAN_POINT('Ctrl Pts',(14.7101501869328,-1.01474630677485,24.5));
#7351=CARTESIAN_POINT('Ctrl Pts',(14.7640508225939,-0.975048841524253,0.));
#7352=CARTESIAN_POINT('Ctrl Pts',(14.7640508225939,-0.975048841524253,24.5));
#7353=CARTESIAN_POINT('Ctrl Pts',(14.8177937917346,-0.934884672615641,0.));
#7354=CARTESIAN_POINT('Ctrl Pts',(14.8177937917346,-0.934884672615641,24.5));
#7355=CARTESIAN_POINT('Ctrl Pts',(14.871378462016,-0.894255454003791,0.));
#7356=CARTESIAN_POINT('Ctrl Pts',(14.871378462016,-0.894255454003791,24.5));
#7357=CARTESIAN_POINT('Ctrl Pts',(14.9141194044763,-0.861380978645834,0.));
#7358=CARTESIAN_POINT('Ctrl Pts',(14.9141194044763,-0.861380978645834,24.5));
#7359=CARTESIAN_POINT('Ctrl Pts',(14.9461038077397,-0.836516693156123,0.));
#7360=CARTESIAN_POINT('Ctrl Pts',(14.9461038077397,-0.836516693156123,24.5));
#7361=CARTESIAN_POINT('Ctrl Pts',(14.9673950633651,-0.819847898483225,0.));
#7362=CARTESIAN_POINT('Ctrl Pts',(14.9673950633651,-0.819847898483225,24.5));
#7363=CARTESIAN_POINT('Ctrl Pts',(14.9780327712028,-0.811490350061013,0.));
#7364=CARTESIAN_POINT('Ctrl Pts',(14.9780327712028,-0.811490350061013,24.5));
#7365=CARTESIAN_POINT('Ctrl Pts',(11.0256245489122,-2.36448582122454,15.8));
#7366=CARTESIAN_POINT('Ctrl Pts',(11.0417756380498,-2.36793768907223,15.8));
#7367=CARTESIAN_POINT('Ctrl Pts',(11.0579987803495,-2.37084352414677,15.8));
#7368=CARTESIAN_POINT('Ctrl Pts',(11.074290480233,-2.37323234378597,15.8));
#7369=CARTESIAN_POINT('Ctrl Pts',(11.0926769795726,-2.37592831971436,15.8));
#7370=CARTESIAN_POINT('Ctrl Pts',(11.1111507221427,-2.37796651436235,15.8));
#7371=CARTESIAN_POINT('Ctrl Pts',(11.129698548647,-2.37945535381112,15.8));
#7372=CARTESIAN_POINT('Ctrl Pts',(11.1635447171184,-2.38217219563615,15.8));
#7373=CARTESIAN_POINT('Ctrl Pts',(11.1976373143354,-2.38306434041888,15.8));
#7374=CARTESIAN_POINT('Ctrl Pts',(11.2318657561287,-2.38302358041875,15.8));
#7375=CARTESIAN_POINT('Ctrl Pts',(11.2514337939124,-2.38300027835822,15.8));
#7376=CARTESIAN_POINT('Ctrl Pts',(11.2710457317163,-2.38267563896881,15.8));
#7377=CARTESIAN_POINT('Ctrl Pts',(11.2906842655825,-2.38218142209697,15.8));
#7378=CARTESIAN_POINT('Ctrl Pts',(11.3086964296072,-2.38172813391262,15.8));
#7379=CARTESIAN_POINT('Ctrl Pts',(11.3267309269695,-2.3811324554378,15.8));
#7380=CARTESIAN_POINT('Ctrl Pts',(11.3447800331687,-2.38044456763729,15.8));
#7381=CARTESIAN_POINT('Ctrl Pts',(11.3650096089276,-2.3796735777489,15.8));
#7382=CARTESIAN_POINT('Ctrl Pts',(11.3852576091028,-2.37878601814627,15.8));
#7383=CARTESIAN_POINT('Ctrl Pts',(11.4055202689373,-2.37778877412614,15.8));
#7384=CARTESIAN_POINT('Ctrl Pts',(11.4308240633454,-2.37654342638473,15.8));
#7385=CARTESIAN_POINT('Ctrl Pts',(11.456150806293,-2.37512590264704,15.8));
#7386=CARTESIAN_POINT('Ctrl Pts',(11.4815027318561,-2.37346735232773,15.8));
#7387=CARTESIAN_POINT('Ctrl Pts',(11.5075265086869,-2.3717648487737,15.8));
#7388=CARTESIAN_POINT('Ctrl Pts',(11.5335774971363,-2.36980190181736,15.8));
#7389=CARTESIAN_POINT('Ctrl Pts',(11.5596605639365,-2.36749117992337,15.8));
#7390=CARTESIAN_POINT('Ctrl Pts',(11.5836653843276,-2.36536457171186,15.8));
#7391=CARTESIAN_POINT('Ctrl Pts',(11.6076975690238,-2.36294173137894,15.8));
#7392=CARTESIAN_POINT('Ctrl Pts',(11.6317564194205,-2.36020488518426,15.8));
#7393=CARTESIAN_POINT('Ctrl Pts',(11.6609927834001,-2.35687906411698,15.8));
#7394=CARTESIAN_POINT('Ctrl Pts',(11.6902683762974,-2.35309096125696,15.8));
#7395=CARTESIAN_POINT('Ctrl Pts',(11.71957395143,-2.34889533919408,15.8));
#7396=CARTESIAN_POINT('Ctrl Pts',(11.7542277860433,-2.34393401724737,15.8));
#7397=CARTESIAN_POINT('Ctrl Pts',(11.7889228970054,-2.33840946555677,15.8));
#7398=CARTESIAN_POINT('Ctrl Pts',(11.8236398795695,-2.33246163505471,15.8));
#7399=CARTESIAN_POINT('Ctrl Pts',(11.8524767051552,-2.3275212128713,15.8));
#7400=CARTESIAN_POINT('Ctrl Pts',(11.8813284008236,-2.32229119074141,15.8));
#7401=CARTESIAN_POINT('Ctrl Pts',(11.9101881031834,-2.31681094789563,15.8));
#7402=CARTESIAN_POINT('Ctrl Pts',(11.9454974498924,-2.31010596555456,15.8));
#7403=CARTESIAN_POINT('Ctrl Pts',(11.9808188949995,-2.30302517659858,15.8));
#7404=CARTESIAN_POINT('Ctrl Pts',(12.0161483689197,-2.29555753568951,15.8));
#7405=CARTESIAN_POINT('Ctrl Pts',(12.0558023010054,-2.287175827937,15.8));
#7406=CARTESIAN_POINT('Ctrl Pts',(12.0954669956348,-2.27830008542089,15.8));
#7407=CARTESIAN_POINT('Ctrl Pts',(12.1351401714784,-2.26888472119915,15.8));
#7408=CARTESIAN_POINT('Ctrl Pts',(12.1739932770378,-2.25966397866445,15.8));
#7409=CARTESIAN_POINT('Ctrl Pts',(12.2128546731981,-2.24992417057382,15.8));
#7410=CARTESIAN_POINT('Ctrl Pts',(12.2517171028142,-2.23967949079915,15.8));
#7411=CARTESIAN_POINT('Ctrl Pts',(12.3101970174702,-2.22426336769985,15.8));
#7412=CARTESIAN_POINT('Ctrl Pts',(12.3686783431475,-2.20771297183355,15.8));
#7413=CARTESIAN_POINT('Ctrl Pts',(12.4271284609314,-2.19017237484784,15.8));
#7414=CARTESIAN_POINT('Ctrl Pts',(12.475878956423,-2.17554258748911,15.8));
#7415=CARTESIAN_POINT('Ctrl Pts',(12.5246076844458,-2.16022494395355,15.8));
#7416=CARTESIAN_POINT('Ctrl Pts',(12.5733025768884,-2.14423954723665,15.8));
#7417=CARTESIAN_POINT('Ctrl Pts',(12.6358224558988,-2.12371573008579,15.8));
#7418=CARTESIAN_POINT('Ctrl Pts',(12.6982874021964,-2.10208221036457,15.8));
#7419=CARTESIAN_POINT('Ctrl Pts',(12.7606768171154,-2.07934286394086,15.8));
#7420=CARTESIAN_POINT('Ctrl Pts',(12.856044516795,-2.04458377598555,15.8));
#7421=CARTESIAN_POINT('Ctrl Pts',(12.9512346535605,-2.00724948198812,15.8));
#7422=CARTESIAN_POINT('Ctrl Pts',(13.0461609214783,-1.96753505369969,15.8));
#7423=CARTESIAN_POINT('Ctrl Pts',(13.1635906708199,-1.9184058141178,15.8));
#7424=CARTESIAN_POINT('Ctrl Pts',(13.2806173493354,-1.86562705178539,15.8));
#7425=CARTESIAN_POINT('Ctrl Pts',(13.3971076352808,-1.80935429517149,15.8));
#7426=CARTESIAN_POINT('Ctrl Pts',(13.5032289380964,-1.75809046491791,15.8));
#7427=CARTESIAN_POINT('Ctrl Pts',(13.6089040454383,-1.70393562476776,15.8));
#7428=CARTESIAN_POINT('Ctrl Pts',(13.714037304302,-1.64702513162045,15.8));
#7429=CARTESIAN_POINT('Ctrl Pts',(13.8582214722933,-1.56897569043397,15.8));
#7430=CARTESIAN_POINT('Ctrl Pts',(14.0013882568484,-1.48573269659665,15.8));
#7431=CARTESIAN_POINT('Ctrl Pts',(14.1433054557814,-1.3975684923166,15.8));
#7432=CARTESIAN_POINT('Ctrl Pts',(14.2668685224761,-1.32080655271069,15.8));
#7433=CARTESIAN_POINT('Ctrl Pts',(14.3894897014707,-1.24031253515531,15.8));
#7434=CARTESIAN_POINT('Ctrl Pts',(14.5110296869247,-1.15624028796655,15.8));
#7435=CARTESIAN_POINT('Ctrl Pts',(14.5958749910607,-1.09755066943903,15.8));
#7436=CARTESIAN_POINT('Ctrl Pts',(14.6801874125718,-1.03712020266962,15.8));
#7437=CARTESIAN_POINT('Ctrl Pts',(14.7639233981334,-0.974997458233165,15.8));
#7438=CARTESIAN_POINT('Ctrl Pts',(14.8357153778632,-0.921735831473439,15.8));
#7439=CARTESIAN_POINT('Ctrl Pts',(14.9070857264954,-0.867230117556272,15.8));
#7440=CARTESIAN_POINT('Ctrl Pts',(14.9780327712028,-0.811490350061013,15.8));
#7441=CARTESIAN_POINT('Origin',(0.,0.,15.8));
#7442=CARTESIAN_POINT('Origin',(0.,0.,15.8));
#7443=CARTESIAN_POINT('',(-6.,7.34788079488412E-16,15.8));
#7444=CARTESIAN_POINT('Origin',(0.,0.,15.8));
#7445=CARTESIAN_POINT('Origin',(0.,0.,0.));
#7446=CARTESIAN_POINT('',(-6.,-7.34788079488412E-16,0.));
#7447=CARTESIAN_POINT('Origin',(0.,0.,0.));
#7448=CARTESIAN_POINT('Origin',(4.00000005960463,1.00000001490115,15.8));
#7449=CARTESIAN_POINT('',(4.00000005960463,1.00000001490115,15.8));
#7450=CARTESIAN_POINT('',(5.91607978058086,1.00000001490115,15.8));
#7451=CARTESIAN_POINT('',(4.00000005960463,1.00000001490115,15.8));
#7452=CARTESIAN_POINT('',(5.91607978058086,1.00000001490115,10.8));
#7453=CARTESIAN_POINT('',(5.91607978058086,1.00000001490115,15.8));
#7454=CARTESIAN_POINT('',(4.00000005960463,1.00000001490115,10.8));
#7455=CARTESIAN_POINT('',(4.00000005960463,1.00000001490115,10.8));
#7456=CARTESIAN_POINT('',(4.00000005960463,1.00000001490115,15.8));
#7457=CARTESIAN_POINT('Origin',(4.00000005960463,-6.7978233240689E-15,15.8));
#7458=CARTESIAN_POINT('',(4.00000005960463,-1.00000001490117,15.8));
#7459=CARTESIAN_POINT('Origin',(4.00000005960463,-6.7978233240689E-15,15.8));
#7460=CARTESIAN_POINT('',(4.00000005960463,-1.00000001490117,10.8));
#7461=CARTESIAN_POINT('Origin',(4.00000005960463,-6.7978233240689E-15,10.8));
#7462=CARTESIAN_POINT('',(4.00000005960463,-1.00000001490117,15.8));
#7463=CARTESIAN_POINT('Origin',(5.91607978058085,-1.00000001490117,15.8));
#7464=CARTESIAN_POINT('',(5.91607978058085,-1.00000001490117,15.8));
#7465=CARTESIAN_POINT('',(5.91607978058085,-1.00000001490117,15.8));
#7466=CARTESIAN_POINT('',(5.91607978058085,-1.00000001490117,10.8));
#7467=CARTESIAN_POINT('',(5.91607978058085,-1.00000001490117,10.8));
#7468=CARTESIAN_POINT('',(5.91607978058085,-1.00000001490117,15.8));
#7469=CARTESIAN_POINT('Origin',(-1.18329135783152E-29,-3.94430452610506E-30,
15.8));
#7470=CARTESIAN_POINT('Origin',(-1.18329135783152E-29,-3.94430452610506E-30,
15.8));
#7471=CARTESIAN_POINT('Origin',(-1.18329135783152E-29,-3.94430452610506E-30,
10.8));
#7472=CARTESIAN_POINT('Origin',(4.50000002235173,-7.07537908022519E-15,
15.8));
#7473=CARTESIAN_POINT('Origin',(4.50000002235173,-7.07537908022519E-15,
10.8));
#7474=CARTESIAN_POINT('Origin',(-4.00000005960466,-1.00000001490117,15.8));
#7475=CARTESIAN_POINT('',(-4.00000005960466,-1.00000001490117,15.8));
#7476=CARTESIAN_POINT('',(-5.91607978058085,-1.00000001490117,15.8));
#7477=CARTESIAN_POINT('',(-4.00000005960466,-1.00000001490117,15.8));
#7478=CARTESIAN_POINT('',(-5.91607978058085,-1.00000001490117,10.8));
#7479=CARTESIAN_POINT('',(-5.91607978058085,-1.00000001490117,15.8));
#7480=CARTESIAN_POINT('',(-4.00000005960466,-1.00000001490117,10.8));
#7481=CARTESIAN_POINT('',(-4.00000005960466,-1.00000001490117,10.8));
#7482=CARTESIAN_POINT('',(-4.00000005960466,-1.00000001490117,15.8));
#7483=CARTESIAN_POINT('Origin',(-4.00000005960466,-6.7978233240689E-15,
15.8));
#7484=CARTESIAN_POINT('',(-4.00000005960466,1.00000001490115,15.8));
#7485=CARTESIAN_POINT('Origin',(-4.00000005960466,-6.7978233240689E-15,
15.8));
#7486=CARTESIAN_POINT('',(-4.00000005960466,1.00000001490115,10.8));
#7487=CARTESIAN_POINT('Origin',(-4.00000005960466,-6.7978233240689E-15,
10.8));
#7488=CARTESIAN_POINT('',(-4.00000005960466,1.00000001490115,15.8));
#7489=CARTESIAN_POINT('Origin',(-5.91607978058086,1.00000001490115,15.8));
#7490=CARTESIAN_POINT('',(-5.91607978058086,1.00000001490115,15.8));
#7491=CARTESIAN_POINT('',(-5.91607978058086,1.00000001490115,15.8));
#7492=CARTESIAN_POINT('',(-5.91607978058086,1.00000001490115,10.8));
#7493=CARTESIAN_POINT('',(-5.91607978058086,1.00000001490115,10.8));
#7494=CARTESIAN_POINT('',(-5.91607978058086,1.00000001490115,15.8));
#7495=CARTESIAN_POINT('Origin',(-1.18329135783152E-29,-3.94430452610506E-30,
15.8));
#7496=CARTESIAN_POINT('Origin',(-1.18329135783152E-29,-3.94430452610506E-30,
15.8));
#7497=CARTESIAN_POINT('Origin',(-1.18329135783152E-29,-3.94430452610506E-30,
10.8));
#7498=CARTESIAN_POINT('Origin',(-4.50000002235175,-6.65904544599076E-15,
15.8));
#7499=CARTESIAN_POINT('Origin',(-4.50000002235175,-6.65904544599076E-15,
10.8));
#7500=CARTESIAN_POINT('Origin',(1.00000001490114,5.91607978058086,15.8));
#7501=CARTESIAN_POINT('',(1.00000001490114,4.00000005960464,15.8));
#7502=CARTESIAN_POINT('',(1.00000001490114,5.91607978058086,15.8));
#7503=CARTESIAN_POINT('',(1.00000001490114,4.00000005960464,15.8));
#7504=CARTESIAN_POINT('',(1.00000001490114,4.00000005960464,10.8));
#7505=CARTESIAN_POINT('',(1.00000001490114,4.00000005960464,15.8));
#7506=CARTESIAN_POINT('',(1.00000001490114,5.91607978058086,10.8));
#7507=CARTESIAN_POINT('',(1.00000001490114,4.00000005960464,10.8));
#7508=CARTESIAN_POINT('',(1.00000001490114,5.91607978058086,15.8));
#7509=CARTESIAN_POINT('Origin',(-1.18329135783152E-29,-3.94430452610506E-30,
15.8));
#7510=CARTESIAN_POINT('',(-1.00000001490118,5.91607978058085,15.8));
#7511=CARTESIAN_POINT('Origin',(-1.18329135783152E-29,-3.94430452610506E-30,
15.8));
#7512=CARTESIAN_POINT('',(-1.00000001490118,5.91607978058085,10.8));
#7513=CARTESIAN_POINT('Origin',(-1.18329135783152E-29,-3.94430452610506E-30,
10.8));
#7514=CARTESIAN_POINT('',(-1.00000001490118,5.91607978058085,15.8));
#7515=CARTESIAN_POINT('Origin',(-1.00000001490118,4.00000005960464,15.8));
#7516=CARTESIAN_POINT('',(-1.00000001490118,4.00000005960464,15.8));
#7517=CARTESIAN_POINT('',(-1.00000001490118,5.91607978058085,15.8));
#7518=CARTESIAN_POINT('',(-1.00000001490118,4.00000005960464,10.8));
#7519=CARTESIAN_POINT('',(-1.00000001490118,5.91607978058085,10.8));
#7520=CARTESIAN_POINT('',(-1.00000001490118,4.00000005960464,15.8));
#7521=CARTESIAN_POINT('Origin',(-1.64113972635833E-14,4.00000005960464,
15.8));
#7522=CARTESIAN_POINT('Origin',(-1.64113972635833E-14,4.00000005960464,
15.8));
#7523=CARTESIAN_POINT('Origin',(-1.64113972635833E-14,4.00000005960464,
10.8));
#7524=CARTESIAN_POINT('Origin',(-1.64113972635833E-14,4.50000002235174,
15.8));
#7525=CARTESIAN_POINT('Origin',(-1.64113972635833E-14,4.50000002235174,
10.8));
#7526=CARTESIAN_POINT('Origin',(1.00000001490114,-4.00000005960465,15.8));
#7527=CARTESIAN_POINT('',(1.00000001490114,-4.00000005960465,15.8));
#7528=CARTESIAN_POINT('',(1.00000001490114,-5.91607978058086,15.8));
#7529=CARTESIAN_POINT('',(1.00000001490114,-4.00000005960465,15.8));
#7530=CARTESIAN_POINT('',(1.00000001490114,-5.91607978058086,10.8));
#7531=CARTESIAN_POINT('',(1.00000001490114,-5.91607978058086,15.8));
#7532=CARTESIAN_POINT('',(1.00000001490114,-4.00000005960465,10.8));
#7533=CARTESIAN_POINT('',(1.00000001490114,-4.00000005960465,10.8));
#7534=CARTESIAN_POINT('',(1.00000001490114,-4.00000005960465,15.8));
#7535=CARTESIAN_POINT('Origin',(-1.64113972635833E-14,-4.00000005960465,
15.8));
#7536=CARTESIAN_POINT('',(-1.00000001490118,-4.00000005960465,15.8));
#7537=CARTESIAN_POINT('Origin',(-1.64113972635833E-14,-4.00000005960465,
15.8));
#7538=CARTESIAN_POINT('',(-1.00000001490118,-4.00000005960465,10.8));
#7539=CARTESIAN_POINT('Origin',(-1.64113972635833E-14,-4.00000005960465,
10.8));
#7540=CARTESIAN_POINT('',(-1.00000001490118,-4.00000005960465,15.8));
#7541=CARTESIAN_POINT('Origin',(-1.00000001490118,-5.91607978058085,15.8));
#7542=CARTESIAN_POINT('',(-1.00000001490118,-5.91607978058085,15.8));
#7543=CARTESIAN_POINT('',(-1.00000001490118,-5.91607978058085,15.8));
#7544=CARTESIAN_POINT('',(-1.00000001490118,-5.91607978058085,10.8));
#7545=CARTESIAN_POINT('',(-1.00000001490118,-5.91607978058085,10.8));
#7546=CARTESIAN_POINT('',(-1.00000001490118,-5.91607978058085,15.8));
#7547=CARTESIAN_POINT('Origin',(-1.18329135783152E-29,-3.94430452610506E-30,
15.8));
#7548=CARTESIAN_POINT('Origin',(-1.18329135783152E-29,-3.94430452610506E-30,
15.8));
#7549=CARTESIAN_POINT('Origin',(-1.18329135783152E-29,-3.94430452610506E-30,
10.8));
#7550=CARTESIAN_POINT('Origin',(-1.64113972635833E-14,-4.50000002235174,
15.8));
#7551=CARTESIAN_POINT('Origin',(-1.64113972635833E-14,-4.50000002235174,
10.8));
#7552=CARTESIAN_POINT('',(0.,0.,0.));
#7553=UNCERTAINTY_MEASURE_WITH_UNIT(LENGTH_MEASURE(0.01),#7559,
'DISTANCE_ACCURACY_VALUE',
'Maximum model space distance between geometric entities at asserted c
onnectivities');
#7554=UNCERTAINTY_MEASURE_WITH_UNIT(LENGTH_MEASURE(0.01),#7559,
'DISTANCE_ACCURACY_VALUE',
'Maximum model space distance between geometric entities at asserted c
onnectivities');
#7555=UNCERTAINTY_MEASURE_WITH_UNIT(LENGTH_MEASURE(0.01),#7559,
'DISTANCE_ACCURACY_VALUE',
'Maximum model space distance between geometric entities at asserted c
onnectivities');
#7556=(
GEOMETRIC_REPRESENTATION_CONTEXT(3)
GLOBAL_UNCERTAINTY_ASSIGNED_CONTEXT((#7553))
GLOBAL_UNIT_ASSIGNED_CONTEXT((#7559,#7561,#7562))
REPRESENTATION_CONTEXT('','3D')
);
#7557=(
GEOMETRIC_REPRESENTATION_CONTEXT(3)
GLOBAL_UNCERTAINTY_ASSIGNED_CONTEXT((#7554))
GLOBAL_UNIT_ASSIGNED_CONTEXT((#7559,#7561,#7562))
REPRESENTATION_CONTEXT('','3D')
);
#7558=(
GEOMETRIC_REPRESENTATION_CONTEXT(3)
GLOBAL_UNCERTAINTY_ASSIGNED_CONTEXT((#7555))
GLOBAL_UNIT_ASSIGNED_CONTEXT((#7559,#7561,#7562))
REPRESENTATION_CONTEXT('','3D')
);
#7559=(
LENGTH_UNIT()
NAMED_UNIT(*)
SI_UNIT(.MILLI.,.METRE.)
);
#7560=(
LENGTH_UNIT()
NAMED_UNIT(*)
SI_UNIT($,.METRE.)
);
#7561=(
NAMED_UNIT(*)
PLANE_ANGLE_UNIT()
SI_UNIT($,.RADIAN.)
);
#7562=(
NAMED_UNIT(*)
SI_UNIT($,.STERADIAN.)
SOLID_ANGLE_UNIT()
);
#7563=SHAPE_DEFINITION_REPRESENTATION(#7565,#7568);
#7564=SHAPE_DEFINITION_REPRESENTATION(#7566,#7569);
#7565=PRODUCT_DEFINITION_SHAPE('',$,#7571);
#7566=PRODUCT_DEFINITION_SHAPE('',$,#7572);
#7567=PRODUCT_DEFINITION_SHAPE($,$,#14);
#7568=SHAPE_REPRESENTATION('',(#1677,#1836),#7556);
#7569=SHAPE_REPRESENTATION('',(#1678),#7557);
#7570=PRODUCT_DEFINITION_CONTEXT('part definition',#7578,'design');
#7571=PRODUCT_DEFINITION('2025-08-04-18-25-33-671','zrot_1',#7573,#7570);
#7572=PRODUCT_DEFINITION('2025-08-04-18-25-33-670',
'Spur Gear (8 teeth)',#7574,#7570);
#7573=PRODUCT_DEFINITION_FORMATION('',$,#7580);
#7574=PRODUCT_DEFINITION_FORMATION('',$,#7581);
#7575=PRODUCT_RELATED_PRODUCT_CATEGORY('zrot_1','zrot_1',(#7580));
#7576=PRODUCT_RELATED_PRODUCT_CATEGORY('Spur Gear (8 teeth)',
'Spur Gear (8 teeth)',(#7581));
#7577=APPLICATION_PROTOCOL_DEFINITION('international standard',
'automotive_design',2009,#7578);
#7578=APPLICATION_CONTEXT(
'Core Data for Automotive Mechanical Design Process');
#7579=PRODUCT_CONTEXT('part definition',#7578,'mechanical');
#7580=PRODUCT('2025-08-04-18-25-33-671','zrot_1',$,(#7579));
#7581=PRODUCT('2025-08-04-18-25-33-670','Spur Gear (8 teeth)',
'Spur Gear; Module: 3.000000; Num Teeth: 8; Pressure Angle: 20.000000;
 Backlash: 0.00 mm',(#7579));
#7582=PRESENTATION_STYLE_ASSIGNMENT((#7584));
#7583=PRESENTATION_STYLE_ASSIGNMENT((#7585));
#7584=SURFACE_STYLE_USAGE(.BOTH.,#7586);
#7585=SURFACE_STYLE_USAGE(.BOTH.,#7587);
#7586=SURFACE_SIDE_STYLE('',(#7588));
#7587=SURFACE_SIDE_STYLE('',(#7589));
#7588=SURFACE_STYLE_FILL_AREA(#7590);
#7589=SURFACE_STYLE_FILL_AREA(#7591);
#7590=FILL_AREA_STYLE('Steel - Satin',(#7592));
#7591=FILL_AREA_STYLE('Sunflower yellow PLA',(#7593));
#7592=FILL_AREA_STYLE_COLOUR('Steel - Satin',#7594);
#7593=FILL_AREA_STYLE_COLOUR('Sunflower yellow PLA',#7595);
#7594=COLOUR_RGB('Steel - Satin',0.627450980392157,0.627450980392157,0.627450980392157);
#7595=COLOUR_RGB('Sunflower yellow PLA',1.,0.733333333333333,0.);
ENDSEC;
END-ISO-10303-21;
