ISO-10303-21;
HEADER;
/* Generated by software containing ST-Developer
 * from STEP Tools, Inc. (www.steptools.com) 
 */

FILE_DESCRIPTION(
/* description */ (''),
/* implementation_level */ '2;1');

FILE_NAME(
/* name */ 'link2_2.step',
/* time_stamp */ '2025-08-05T20:00:57+01:00',
/* author */ (''),
/* organization */ (''),
/* preprocessor_version */ 'ST-DEVELOPER v20.1',
/* originating_system */ 'Autodesk Translation Framework v14.10.0.0',
/* authorisation */ '');

FILE_SCHEMA (('AUTOMOTIVE_DESIGN { 1 0 10303 214 3 1 1 }'));
ENDSEC;

DATA;
#10=MECHANICAL_DESIGN_GEOMETRIC_PRESENTATION_REPRESENTATION('',(#13),#2978);
#11=SHAPE_REPRESENTATION_RELATIONSHIP('SRR','None',#2985,#12);
#12=ADVANCED_BREP_SHAPE_REPRESENTATION('',(#14),#2977);
#13=STYLED_ITEM('',(#2995),#14);
#14=MANIFOLD_SOLID_BREP('Body1',#1774);
#15=(
BOUNDED_SURFACE()
B_SPLINE_SURFACE(1,2,((#2649,#2650,#2651,#2652,#2653),(#2654,#2655,#2656,
#2657,#2658)),.UNSPECIFIED.,.F.,.F.,.F.)
B_SPLINE_SURFACE_WITH_KNOTS((2,2),(3,2,3),(1.90909090909091,2.09090909090909),
(1.5707963267949,3.14159265358979,4.71238898038469),.UNSPECIFIED.)
GEOMETRIC_REPRESENTATION_ITEM()
RATIONAL_B_SPLINE_SURFACE(((1.,0.707106781186548,1.,0.707106781186548,1.),
(1.,0.707106781186548,1.,0.707106781186548,1.)))
REPRESENTATION_ITEM('')
SURFACE()
);
#16=(
BOUNDED_SURFACE()
B_SPLINE_SURFACE(1,2,((#2844,#2845,#2846),(#2847,#2848,#2849)),
 .UNSPECIFIED.,.F.,.F.,.F.)
B_SPLINE_SURFACE_WITH_KNOTS((2,2),(3,3),(2.33333333333333,2.55555555555556),
(-1.5707963267949,-0.475882249660416),.UNSPECIFIED.)
GEOMETRIC_REPRESENTATION_ITEM()
RATIONAL_B_SPLINE_SURFACE(((1.,0.853850937602943,1.),(1.,0.853850937602943,
1.)))
REPRESENTATION_ITEM('')
SURFACE()
);
#17=(
BOUNDED_SURFACE()
B_SPLINE_SURFACE(1,2,((#2861,#2862,#2863),(#2864,#2865,#2866)),
 .UNSPECIFIED.,.F.,.F.,.F.)
B_SPLINE_SURFACE_WITH_KNOTS((2,2),(3,3),(2.33333333333333,2.55555555555556),
(0.475882249660416,1.5707963267949),.UNSPECIFIED.)
GEOMETRIC_REPRESENTATION_ITEM()
RATIONAL_B_SPLINE_SURFACE(((1.,0.853850937602943,1.),(1.,0.853850937602943,
1.)))
REPRESENTATION_ITEM('')
SURFACE()
);
#18=FACE_BOUND('',#262,.T.);
#19=FACE_BOUND('',#263,.T.);
#20=FACE_BOUND('',#264,.T.);
#21=FACE_BOUND('',#277,.T.);
#22=FACE_BOUND('',#282,.T.);
#23=FACE_BOUND('',#287,.T.);
#24=FACE_BOUND('',#292,.T.);
#25=FACE_BOUND('',#295,.T.);
#26=FACE_BOUND('',#296,.T.);
#27=FACE_BOUND('',#297,.T.);
#28=FACE_BOUND('',#298,.T.);
#29=FACE_BOUND('',#299,.T.);
#30=FACE_BOUND('',#300,.T.);
#31=FACE_BOUND('',#301,.T.);
#32=FACE_BOUND('',#302,.T.);
#33=FACE_BOUND('',#303,.T.);
#34=FACE_BOUND('',#304,.T.);
#35=FACE_BOUND('',#305,.T.);
#36=FACE_BOUND('',#306,.T.);
#37=FACE_BOUND('',#307,.T.);
#38=FACE_BOUND('',#308,.T.);
#39=FACE_BOUND('',#353,.T.);
#40=FACE_BOUND('',#354,.T.);
#41=FACE_BOUND('',#360,.T.);
#42=FACE_BOUND('',#361,.T.);
#43=FACE_BOUND('',#367,.T.);
#44=FACE_BOUND('',#368,.T.);
#45=FACE_BOUND('',#369,.T.);
#46=FACE_BOUND('',#370,.T.);
#47=FACE_BOUND('',#371,.T.);
#48=FACE_BOUND('',#372,.T.);
#49=FACE_BOUND('',#373,.T.);
#50=FACE_BOUND('',#374,.T.);
#51=FACE_BOUND('',#375,.T.);
#52=FACE_BOUND('',#376,.T.);
#53=FACE_BOUND('',#377,.T.);
#54=FACE_BOUND('',#378,.T.);
#55=FACE_BOUND('',#379,.T.);
#56=FACE_BOUND('',#380,.T.);
#57=FACE_BOUND('',#381,.T.);
#58=FACE_BOUND('',#382,.T.);
#59=FACE_BOUND('',#383,.T.);
#60=FACE_BOUND('',#384,.T.);
#61=FACE_BOUND('',#385,.T.);
#62=FACE_BOUND('',#386,.T.);
#63=FACE_BOUND('',#387,.T.);
#64=FACE_BOUND('',#388,.T.);
#65=FACE_BOUND('',#389,.T.);
#66=FACE_BOUND('',#390,.T.);
#67=FACE_BOUND('',#391,.T.);
#68=FACE_BOUND('',#392,.T.);
#69=CYLINDRICAL_SURFACE('',#1795,35.);
#70=CYLINDRICAL_SURFACE('',#1819,3.00000004470348);
#71=CYLINDRICAL_SURFACE('',#1827,3.00000004470348);
#72=CYLINDRICAL_SURFACE('',#1834,3.00000004470348);
#73=CYLINDRICAL_SURFACE('',#1842,3.00000004470349);
#74=CYLINDRICAL_SURFACE('',#1866,1.05);
#75=CYLINDRICAL_SURFACE('',#1868,1.05);
#76=CYLINDRICAL_SURFACE('',#1870,1.05);
#77=CYLINDRICAL_SURFACE('',#1872,3.);
#78=CYLINDRICAL_SURFACE('',#1875,3.);
#79=CYLINDRICAL_SURFACE('',#1878,1.05);
#80=CYLINDRICAL_SURFACE('',#1880,1.05);
#81=CYLINDRICAL_SURFACE('',#1882,1.05);
#82=CYLINDRICAL_SURFACE('',#1884,1.05);
#83=CYLINDRICAL_SURFACE('',#1886,1.05);
#84=CYLINDRICAL_SURFACE('',#1888,1.05);
#85=CYLINDRICAL_SURFACE('',#1890,1.05);
#86=CYLINDRICAL_SURFACE('',#1892,1.05);
#87=CYLINDRICAL_SURFACE('',#1894,1.05);
#88=CYLINDRICAL_SURFACE('',#1896,1.05);
#89=CYLINDRICAL_SURFACE('',#1898,1.05);
#90=CYLINDRICAL_SURFACE('',#1900,0.999999999999996);
#91=CYLINDRICAL_SURFACE('',#1912,0.999999999999996);
#92=CYLINDRICAL_SURFACE('',#1921,5.999998226762);
#93=CYLINDRICAL_SURFACE('',#1929,29.9999985843897);
#94=CYLINDRICAL_SURFACE('',#1937,31.999998614192);
#95=CYLINDRICAL_SURFACE('',#1942,1.95);
#96=CYLINDRICAL_SURFACE('',#1944,1.95);
#97=CYLINDRICAL_SURFACE('',#1951,1.95);
#98=CYLINDRICAL_SURFACE('',#1953,1.95);
#99=CIRCLE('',#1793,35.);
#100=CIRCLE('',#1796,35.);
#101=CIRCLE('',#1797,35.);
#102=CIRCLE('',#1798,35.);
#103=CIRCLE('',#1799,35.);
#104=CIRCLE('',#1800,35.);
#105=CIRCLE('',#1801,35.);
#106=CIRCLE('',#1802,35.);
#107=CIRCLE('',#1803,35.);
#108=CIRCLE('',#1804,35.);
#109=CIRCLE('',#1808,35.);
#110=CIRCLE('',#1820,3.00000004470348);
#111=CIRCLE('',#1821,3.00000004470348);
#112=CIRCLE('',#1825,1.05);
#113=CIRCLE('',#1828,3.00000004470348);
#114=CIRCLE('',#1829,3.00000004470348);
#115=CIRCLE('',#1832,1.05);
#116=CIRCLE('',#1835,3.00000004470348);
#117=CIRCLE('',#1836,3.00000004470348);
#118=CIRCLE('',#1840,1.05);
#119=CIRCLE('',#1843,3.00000004470349);
#120=CIRCLE('',#1844,3.00000004470349);
#121=CIRCLE('',#1847,1.05);
#122=CIRCLE('',#1851,3.);
#123=CIRCLE('',#1852,3.);
#124=CIRCLE('',#1853,0.999999999999996);
#125=CIRCLE('',#1854,0.999999999999996);
#126=CIRCLE('',#1855,5.999998226762);
#127=CIRCLE('',#1856,1.05);
#128=CIRCLE('',#1857,1.05);
#129=CIRCLE('',#1858,1.05);
#130=CIRCLE('',#1859,1.05);
#131=CIRCLE('',#1860,1.05);
#132=CIRCLE('',#1861,1.05);
#133=CIRCLE('',#1862,1.05);
#134=CIRCLE('',#1863,1.05);
#135=CIRCLE('',#1864,1.05);
#136=CIRCLE('',#1865,1.05);
#137=CIRCLE('',#1867,1.05);
#138=CIRCLE('',#1869,1.05);
#139=CIRCLE('',#1871,1.05);
#140=CIRCLE('',#1873,3.);
#141=CIRCLE('',#1876,3.);
#142=CIRCLE('',#1879,1.05);
#143=CIRCLE('',#1881,1.05);
#144=CIRCLE('',#1883,1.05);
#145=CIRCLE('',#1885,1.05);
#146=CIRCLE('',#1887,1.05);
#147=CIRCLE('',#1889,1.05);
#148=CIRCLE('',#1891,1.05);
#149=CIRCLE('',#1893,1.05);
#150=CIRCLE('',#1895,1.05);
#151=CIRCLE('',#1897,1.05);
#152=CIRCLE('',#1899,1.05);
#153=CIRCLE('',#1901,0.999999999999996);
#154=CIRCLE('',#1913,0.999999999999996);
#155=CIRCLE('',#1922,5.999998226762);
#156=CIRCLE('',#1925,31.999998614192);
#157=CIRCLE('',#1927,29.9999985843897);
#158=CIRCLE('',#1928,31.999998614192);
#159=CIRCLE('',#1930,29.9999985843897);
#160=CIRCLE('',#1931,29.9999985843897);
#161=CIRCLE('',#1932,29.9999985843897);
#162=CIRCLE('',#1933,29.9999985843897);
#163=CIRCLE('',#1934,29.9999985843897);
#164=CIRCLE('',#1939,1.95);
#165=CIRCLE('',#1940,1.95);
#166=CIRCLE('',#1943,1.95);
#167=CIRCLE('',#1945,1.95);
#168=CIRCLE('',#1948,1.95);
#169=CIRCLE('',#1949,1.95);
#170=CIRCLE('',#1952,1.95);
#171=CIRCLE('',#1954,1.95);
#172=FACE_OUTER_BOUND('',#257,.T.);
#173=FACE_OUTER_BOUND('',#258,.T.);
#174=FACE_OUTER_BOUND('',#259,.T.);
#175=FACE_OUTER_BOUND('',#260,.T.);
#176=FACE_OUTER_BOUND('',#261,.T.);
#177=FACE_OUTER_BOUND('',#265,.T.);
#178=FACE_OUTER_BOUND('',#266,.T.);
#179=FACE_OUTER_BOUND('',#267,.T.);
#180=FACE_OUTER_BOUND('',#268,.T.);
#181=FACE_OUTER_BOUND('',#269,.T.);
#182=FACE_OUTER_BOUND('',#270,.T.);
#183=FACE_OUTER_BOUND('',#271,.T.);
#184=FACE_OUTER_BOUND('',#272,.T.);
#185=FACE_OUTER_BOUND('',#273,.T.);
#186=FACE_OUTER_BOUND('',#274,.T.);
#187=FACE_OUTER_BOUND('',#275,.T.);
#188=FACE_OUTER_BOUND('',#276,.T.);
#189=FACE_OUTER_BOUND('',#278,.T.);
#190=FACE_OUTER_BOUND('',#279,.T.);
#191=FACE_OUTER_BOUND('',#280,.T.);
#192=FACE_OUTER_BOUND('',#281,.T.);
#193=FACE_OUTER_BOUND('',#283,.T.);
#194=FACE_OUTER_BOUND('',#284,.T.);
#195=FACE_OUTER_BOUND('',#285,.T.);
#196=FACE_OUTER_BOUND('',#286,.T.);
#197=FACE_OUTER_BOUND('',#288,.T.);
#198=FACE_OUTER_BOUND('',#289,.T.);
#199=FACE_OUTER_BOUND('',#290,.T.);
#200=FACE_OUTER_BOUND('',#291,.T.);
#201=FACE_OUTER_BOUND('',#293,.T.);
#202=FACE_OUTER_BOUND('',#294,.T.);
#203=FACE_OUTER_BOUND('',#309,.T.);
#204=FACE_OUTER_BOUND('',#310,.T.);
#205=FACE_OUTER_BOUND('',#311,.T.);
#206=FACE_OUTER_BOUND('',#312,.T.);
#207=FACE_OUTER_BOUND('',#313,.T.);
#208=FACE_OUTER_BOUND('',#314,.T.);
#209=FACE_OUTER_BOUND('',#315,.T.);
#210=FACE_OUTER_BOUND('',#316,.T.);
#211=FACE_OUTER_BOUND('',#317,.T.);
#212=FACE_OUTER_BOUND('',#318,.T.);
#213=FACE_OUTER_BOUND('',#319,.T.);
#214=FACE_OUTER_BOUND('',#320,.T.);
#215=FACE_OUTER_BOUND('',#321,.T.);
#216=FACE_OUTER_BOUND('',#322,.T.);
#217=FACE_OUTER_BOUND('',#323,.T.);
#218=FACE_OUTER_BOUND('',#324,.T.);
#219=FACE_OUTER_BOUND('',#325,.T.);
#220=FACE_OUTER_BOUND('',#326,.T.);
#221=FACE_OUTER_BOUND('',#327,.T.);
#222=FACE_OUTER_BOUND('',#328,.T.);
#223=FACE_OUTER_BOUND('',#329,.T.);
#224=FACE_OUTER_BOUND('',#330,.T.);
#225=FACE_OUTER_BOUND('',#331,.T.);
#226=FACE_OUTER_BOUND('',#332,.T.);
#227=FACE_OUTER_BOUND('',#333,.T.);
#228=FACE_OUTER_BOUND('',#334,.T.);
#229=FACE_OUTER_BOUND('',#335,.T.);
#230=FACE_OUTER_BOUND('',#336,.T.);
#231=FACE_OUTER_BOUND('',#337,.T.);
#232=FACE_OUTER_BOUND('',#338,.T.);
#233=FACE_OUTER_BOUND('',#339,.T.);
#234=FACE_OUTER_BOUND('',#340,.T.);
#235=FACE_OUTER_BOUND('',#341,.T.);
#236=FACE_OUTER_BOUND('',#342,.T.);
#237=FACE_OUTER_BOUND('',#343,.T.);
#238=FACE_OUTER_BOUND('',#344,.T.);
#239=FACE_OUTER_BOUND('',#345,.T.);
#240=FACE_OUTER_BOUND('',#346,.T.);
#241=FACE_OUTER_BOUND('',#347,.T.);
#242=FACE_OUTER_BOUND('',#348,.T.);
#243=FACE_OUTER_BOUND('',#349,.T.);
#244=FACE_OUTER_BOUND('',#350,.T.);
#245=FACE_OUTER_BOUND('',#351,.T.);
#246=FACE_OUTER_BOUND('',#352,.T.);
#247=FACE_OUTER_BOUND('',#355,.T.);
#248=FACE_OUTER_BOUND('',#356,.T.);
#249=FACE_OUTER_BOUND('',#357,.T.);
#250=FACE_OUTER_BOUND('',#358,.T.);
#251=FACE_OUTER_BOUND('',#359,.T.);
#252=FACE_OUTER_BOUND('',#362,.T.);
#253=FACE_OUTER_BOUND('',#363,.T.);
#254=FACE_OUTER_BOUND('',#364,.T.);
#255=FACE_OUTER_BOUND('',#365,.T.);
#256=FACE_OUTER_BOUND('',#366,.T.);
#257=EDGE_LOOP('',(#1141,#1142,#1143,#1144));
#258=EDGE_LOOP('',(#1145,#1146,#1147,#1148));
#259=EDGE_LOOP('',(#1149,#1150,#1151,#1152));
#260=EDGE_LOOP('',(#1153,#1154,#1155));
#261=EDGE_LOOP('',(#1156,#1157,#1158,#1159,#1160,#1161,#1162,#1163,#1164,
#1165,#1166,#1167,#1168,#1169));
#262=EDGE_LOOP('',(#1170,#1171,#1172));
#263=EDGE_LOOP('',(#1173,#1174,#1175));
#264=EDGE_LOOP('',(#1176,#1177,#1178));
#265=EDGE_LOOP('',(#1179,#1180,#1181,#1182));
#266=EDGE_LOOP('',(#1183,#1184,#1185,#1186));
#267=EDGE_LOOP('',(#1187,#1188,#1189));
#268=EDGE_LOOP('',(#1190,#1191,#1192,#1193));
#269=EDGE_LOOP('',(#1194,#1195,#1196,#1197));
#270=EDGE_LOOP('',(#1198,#1199,#1200,#1201));
#271=EDGE_LOOP('',(#1202,#1203,#1204));
#272=EDGE_LOOP('',(#1205,#1206,#1207,#1208));
#273=EDGE_LOOP('',(#1209,#1210,#1211,#1212));
#274=EDGE_LOOP('',(#1213,#1214,#1215,#1216));
#275=EDGE_LOOP('',(#1217,#1218,#1219,#1220));
#276=EDGE_LOOP('',(#1221,#1222,#1223,#1224,#1225));
#277=EDGE_LOOP('',(#1226));
#278=EDGE_LOOP('',(#1227,#1228,#1229,#1230));
#279=EDGE_LOOP('',(#1231,#1232,#1233,#1234));
#280=EDGE_LOOP('',(#1235,#1236,#1237,#1238));
#281=EDGE_LOOP('',(#1239,#1240,#1241,#1242));
#282=EDGE_LOOP('',(#1243));
#283=EDGE_LOOP('',(#1244,#1245,#1246,#1247));
#284=EDGE_LOOP('',(#1248,#1249,#1250,#1251));
#285=EDGE_LOOP('',(#1252,#1253,#1254,#1255));
#286=EDGE_LOOP('',(#1256,#1257,#1258,#1259,#1260));
#287=EDGE_LOOP('',(#1261));
#288=EDGE_LOOP('',(#1262,#1263,#1264,#1265));
#289=EDGE_LOOP('',(#1266,#1267,#1268,#1269));
#290=EDGE_LOOP('',(#1270,#1271,#1272,#1273));
#291=EDGE_LOOP('',(#1274,#1275,#1276,#1277));
#292=EDGE_LOOP('',(#1278));
#293=EDGE_LOOP('',(#1279,#1280,#1281,#1282,#1283,#1284,#1285,#1286));
#294=EDGE_LOOP('',(#1287,#1288,#1289,#1290,#1291,#1292,#1293,#1294,#1295,
#1296,#1297,#1298,#1299,#1300,#1301,#1302,#1303,#1304,#1305,#1306,#1307,
#1308,#1309,#1310,#1311,#1312,#1313,#1314,#1315,#1316));
#295=EDGE_LOOP('',(#1317));
#296=EDGE_LOOP('',(#1318,#1319,#1320,#1321));
#297=EDGE_LOOP('',(#1322));
#298=EDGE_LOOP('',(#1323));
#299=EDGE_LOOP('',(#1324));
#300=EDGE_LOOP('',(#1325));
#301=EDGE_LOOP('',(#1326));
#302=EDGE_LOOP('',(#1327));
#303=EDGE_LOOP('',(#1328));
#304=EDGE_LOOP('',(#1329));
#305=EDGE_LOOP('',(#1330));
#306=EDGE_LOOP('',(#1331));
#307=EDGE_LOOP('',(#1332));
#308=EDGE_LOOP('',(#1333));
#309=EDGE_LOOP('',(#1334,#1335,#1336,#1337));
#310=EDGE_LOOP('',(#1338,#1339,#1340,#1341));
#311=EDGE_LOOP('',(#1342,#1343,#1344,#1345));
#312=EDGE_LOOP('',(#1346,#1347,#1348,#1349));
#313=EDGE_LOOP('',(#1350,#1351,#1352,#1353));
#314=EDGE_LOOP('',(#1354,#1355,#1356,#1357));
#315=EDGE_LOOP('',(#1358,#1359,#1360,#1361));
#316=EDGE_LOOP('',(#1362,#1363,#1364,#1365));
#317=EDGE_LOOP('',(#1366,#1367,#1368,#1369));
#318=EDGE_LOOP('',(#1370,#1371,#1372,#1373));
#319=EDGE_LOOP('',(#1374,#1375,#1376,#1377));
#320=EDGE_LOOP('',(#1378,#1379,#1380,#1381));
#321=EDGE_LOOP('',(#1382,#1383,#1384,#1385));
#322=EDGE_LOOP('',(#1386,#1387,#1388,#1389));
#323=EDGE_LOOP('',(#1390,#1391,#1392,#1393));
#324=EDGE_LOOP('',(#1394,#1395,#1396,#1397));
#325=EDGE_LOOP('',(#1398,#1399,#1400,#1401));
#326=EDGE_LOOP('',(#1402,#1403,#1404,#1405));
#327=EDGE_LOOP('',(#1406,#1407,#1408,#1409));
#328=EDGE_LOOP('',(#1410,#1411,#1412,#1413));
#329=EDGE_LOOP('',(#1414,#1415,#1416,#1417));
#330=EDGE_LOOP('',(#1418,#1419,#1420,#1421));
#331=EDGE_LOOP('',(#1422,#1423,#1424,#1425));
#332=EDGE_LOOP('',(#1426,#1427,#1428,#1429));
#333=EDGE_LOOP('',(#1430,#1431,#1432,#1433));
#334=EDGE_LOOP('',(#1434,#1435,#1436,#1437));
#335=EDGE_LOOP('',(#1438,#1439,#1440,#1441));
#336=EDGE_LOOP('',(#1442,#1443,#1444,#1445));
#337=EDGE_LOOP('',(#1446,#1447,#1448,#1449));
#338=EDGE_LOOP('',(#1450,#1451,#1452,#1453));
#339=EDGE_LOOP('',(#1454,#1455,#1456,#1457));
#340=EDGE_LOOP('',(#1458,#1459,#1460,#1461));
#341=EDGE_LOOP('',(#1462,#1463,#1464,#1465));
#342=EDGE_LOOP('',(#1466,#1467,#1468,#1469));
#343=EDGE_LOOP('',(#1470,#1471,#1472,#1473,#1474,#1475,#1476,#1477,#1478,
#1479));
#344=EDGE_LOOP('',(#1480,#1481,#1482,#1483));
#345=EDGE_LOOP('',(#1484,#1485,#1486,#1487,#1488,#1489,#1490,#1491,#1492,
#1493));
#346=EDGE_LOOP('',(#1494,#1495,#1496,#1497));
#347=EDGE_LOOP('',(#1498,#1499,#1500,#1501));
#348=EDGE_LOOP('',(#1502,#1503,#1504,#1505,#1506,#1507,#1508,#1509,#1510,
#1511,#1512,#1513));
#349=EDGE_LOOP('',(#1514,#1515,#1516,#1517,#1518,#1519,#1520,#1521,#1522,
#1523));
#350=EDGE_LOOP('',(#1524,#1525,#1526,#1527,#1528,#1529,#1530,#1531,#1532,
#1533));
#351=EDGE_LOOP('',(#1534,#1535,#1536,#1537));
#352=EDGE_LOOP('',(#1538,#1539,#1540,#1541));
#353=EDGE_LOOP('',(#1542));
#354=EDGE_LOOP('',(#1543));
#355=EDGE_LOOP('',(#1544,#1545,#1546,#1547));
#356=EDGE_LOOP('',(#1548,#1549,#1550,#1551));
#357=EDGE_LOOP('',(#1552,#1553,#1554,#1555));
#358=EDGE_LOOP('',(#1556,#1557,#1558,#1559));
#359=EDGE_LOOP('',(#1560,#1561,#1562,#1563));
#360=EDGE_LOOP('',(#1564));
#361=EDGE_LOOP('',(#1565));
#362=EDGE_LOOP('',(#1566,#1567,#1568,#1569,#1570,#1571,#1572,#1573));
#363=EDGE_LOOP('',(#1574,#1575,#1576,#1577));
#364=EDGE_LOOP('',(#1578,#1579,#1580,#1581));
#365=EDGE_LOOP('',(#1582,#1583,#1584,#1585));
#366=EDGE_LOOP('',(#1586,#1587,#1588,#1589,#1590,#1591));
#367=EDGE_LOOP('',(#1592));
#368=EDGE_LOOP('',(#1593));
#369=EDGE_LOOP('',(#1594));
#370=EDGE_LOOP('',(#1595));
#371=EDGE_LOOP('',(#1596));
#372=EDGE_LOOP('',(#1597));
#373=EDGE_LOOP('',(#1598));
#374=EDGE_LOOP('',(#1599));
#375=EDGE_LOOP('',(#1600));
#376=EDGE_LOOP('',(#1601));
#377=EDGE_LOOP('',(#1602));
#378=EDGE_LOOP('',(#1603));
#379=EDGE_LOOP('',(#1604));
#380=EDGE_LOOP('',(#1605));
#381=EDGE_LOOP('',(#1606));
#382=EDGE_LOOP('',(#1607,#1608,#1609,#1610,#1611,#1612));
#383=EDGE_LOOP('',(#1613,#1614,#1615,#1616));
#384=EDGE_LOOP('',(#1617,#1618,#1619,#1620,#1621,#1622));
#385=EDGE_LOOP('',(#1623));
#386=EDGE_LOOP('',(#1624));
#387=EDGE_LOOP('',(#1625,#1626,#1627,#1628,#1629,#1630));
#388=EDGE_LOOP('',(#1631));
#389=EDGE_LOOP('',(#1632));
#390=EDGE_LOOP('',(#1633,#1634));
#391=EDGE_LOOP('',(#1635));
#392=EDGE_LOOP('',(#1636));
#393=LINE('',#2464,#554);
#394=LINE('',#2466,#555);
#395=LINE('',#2467,#556);
#396=LINE('',#2472,#557);
#397=LINE('',#2473,#558);
#398=LINE('',#2476,#559);
#399=LINE('',#2485,#560);
#400=LINE('',#2489,#561);
#401=LINE('',#2493,#562);
#402=LINE('',#2497,#563);
#403=LINE('',#2503,#564);
#404=LINE('',#2506,#565);
#405=LINE('',#2521,#566);
#406=LINE('',#2523,#567);
#407=LINE('',#2524,#568);
#408=LINE('',#2527,#569);
#409=LINE('',#2528,#570);
#410=LINE('',#2530,#571);
#411=LINE('',#2534,#572);
#412=LINE('',#2536,#573);
#413=LINE('',#2537,#574);
#414=LINE('',#2540,#575);
#415=LINE('',#2541,#576);
#416=LINE('',#2543,#577);
#417=LINE('',#2548,#578);
#418=LINE('',#2550,#579);
#419=LINE('',#2552,#580);
#420=LINE('',#2553,#581);
#421=LINE('',#2558,#582);
#422=LINE('',#2562,#583);
#423=LINE('',#2564,#584);
#424=LINE('',#2565,#585);
#425=LINE('',#2569,#586);
#426=LINE('',#2575,#587);
#427=LINE('',#2577,#588);
#428=LINE('',#2579,#589);
#429=LINE('',#2580,#590);
#430=LINE('',#2585,#591);
#431=LINE('',#2589,#592);
#432=LINE('',#2591,#593);
#433=LINE('',#2592,#594);
#434=LINE('',#2594,#595);
#435=LINE('',#2600,#596);
#436=LINE('',#2602,#597);
#437=LINE('',#2604,#598);
#438=LINE('',#2605,#599);
#439=LINE('',#2610,#600);
#440=LINE('',#2614,#601);
#441=LINE('',#2616,#602);
#442=LINE('',#2617,#603);
#443=LINE('',#2620,#604);
#444=LINE('',#2627,#605);
#445=LINE('',#2629,#606);
#446=LINE('',#2631,#607);
#447=LINE('',#2632,#608);
#448=LINE('',#2637,#609);
#449=LINE('',#2641,#610);
#450=LINE('',#2643,#611);
#451=LINE('',#2644,#612);
#452=LINE('',#2646,#613);
#453=LINE('',#2661,#614);
#454=LINE('',#2664,#615);
#455=LINE('',#2666,#616);
#456=LINE('',#2667,#617);
#457=LINE('',#2669,#618);
#458=LINE('',#2671,#619);
#459=LINE('',#2675,#620);
#460=LINE('',#2676,#621);
#461=LINE('',#2678,#622);
#462=LINE('',#2680,#623);
#463=LINE('',#2684,#624);
#464=LINE('',#2685,#625);
#465=LINE('',#2686,#626);
#466=LINE('',#2687,#627);
#467=LINE('',#2692,#628);
#468=LINE('',#2694,#629);
#469=LINE('',#2696,#630);
#470=LINE('',#2697,#631);
#471=LINE('',#2724,#632);
#472=LINE('',#2728,#633);
#473=LINE('',#2732,#634);
#474=LINE('',#2738,#635);
#475=LINE('',#2739,#636);
#476=LINE('',#2742,#637);
#477=LINE('',#2743,#638);
#478=LINE('',#2748,#639);
#479=LINE('',#2749,#640);
#480=LINE('',#2752,#641);
#481=LINE('',#2753,#642);
#482=LINE('',#2756,#643);
#483=LINE('',#2760,#644);
#484=LINE('',#2764,#645);
#485=LINE('',#2768,#646);
#486=LINE('',#2773,#647);
#487=LINE('',#2777,#648);
#488=LINE('',#2781,#649);
#489=LINE('',#2785,#650);
#490=LINE('',#2788,#651);
#491=LINE('',#2792,#652);
#492=LINE('',#2796,#653);
#493=LINE('',#2801,#654);
#494=LINE('',#2803,#655);
#495=LINE('',#2806,#656);
#496=LINE('',#2807,#657);
#497=LINE('',#2809,#658);
#498=LINE('',#2813,#659);
#499=LINE('',#2814,#660);
#500=LINE('',#2815,#661);
#501=LINE('',#2818,#662);
#502=LINE('',#2819,#663);
#503=LINE('',#2822,#664);
#504=LINE('',#2823,#665);
#505=LINE('',#2825,#666);
#506=LINE('',#2828,#667);
#507=LINE('',#2829,#668);
#508=LINE('',#2831,#669);
#509=LINE('',#2833,#670);
#510=LINE('',#2837,#671);
#511=LINE('',#2842,#672);
#512=LINE('',#2843,#673);
#513=LINE('',#2851,#674);
#514=LINE('',#2854,#675);
#515=LINE('',#2859,#676);
#516=LINE('',#2860,#677);
#517=LINE('',#2868,#678);
#518=LINE('',#2871,#679);
#519=LINE('',#2873,#680);
#520=LINE('',#2877,#681);
#521=LINE('',#2879,#682);
#522=LINE('',#2882,#683);
#523=LINE('',#2885,#684);
#524=LINE('',#2889,#685);
#525=LINE('',#2893,#686);
#526=LINE('',#2898,#687);
#527=LINE('',#2902,#688);
#528=LINE('',#2906,#689);
#529=LINE('',#2909,#690);
#530=LINE('',#2911,#691);
#531=LINE('',#2915,#692);
#532=LINE('',#2918,#693);
#533=LINE('',#2920,#694);
#534=LINE('',#2922,#695);
#535=LINE('',#2924,#696);
#536=LINE('',#2925,#697);
#537=LINE('',#2928,#698);
#538=LINE('',#2930,#699);
#539=LINE('',#2932,#700);
#540=LINE('',#2933,#701);
#541=LINE('',#2934,#702);
#542=LINE('',#2937,#703);
#543=LINE('',#2938,#704);
#544=LINE('',#2944,#705);
#545=LINE('',#2948,#706);
#546=LINE('',#2952,#707);
#547=LINE('',#2954,#708);
#548=LINE('',#2956,#709);
#549=LINE('',#2957,#710);
#550=LINE('',#2963,#711);
#551=LINE('',#2967,#712);
#552=LINE('',#2971,#713);
#553=LINE('',#2973,#714);
#554=VECTOR('',#1963,10.);
#555=VECTOR('',#1964,10.);
#556=VECTOR('',#1965,10.);
#557=VECTOR('',#1970,10.);
#558=VECTOR('',#1971,10.);
#559=VECTOR('',#1976,10.);
#560=VECTOR('',#1985,10.);
#561=VECTOR('',#1988,10.);
#562=VECTOR('',#1991,10.);
#563=VECTOR('',#1994,10.);
#564=VECTOR('',#1999,10.);
#565=VECTOR('',#2002,10.);
#566=VECTOR('',#2017,10.);
#567=VECTOR('',#2018,10.);
#568=VECTOR('',#2019,10.);
#569=VECTOR('',#2022,10.);
#570=VECTOR('',#2023,10.);
#571=VECTOR('',#2026,10.);
#572=VECTOR('',#2031,10.);
#573=VECTOR('',#2032,10.);
#574=VECTOR('',#2033,10.);
#575=VECTOR('',#2036,10.);
#576=VECTOR('',#2037,10.);
#577=VECTOR('',#2040,10.);
#578=VECTOR('',#2045,10.);
#579=VECTOR('',#2046,10.);
#580=VECTOR('',#2047,10.);
#581=VECTOR('',#2048,10.);
#582=VECTOR('',#2053,10.);
#583=VECTOR('',#2058,10.);
#584=VECTOR('',#2059,10.);
#585=VECTOR('',#2060,10.);
#586=VECTOR('',#2065,10.);
#587=VECTOR('',#2070,10.);
#588=VECTOR('',#2071,10.);
#589=VECTOR('',#2072,10.);
#590=VECTOR('',#2073,10.);
#591=VECTOR('',#2078,10.);
#592=VECTOR('',#2083,10.);
#593=VECTOR('',#2084,10.);
#594=VECTOR('',#2085,10.);
#595=VECTOR('',#2088,10.);
#596=VECTOR('',#2093,10.);
#597=VECTOR('',#2094,10.);
#598=VECTOR('',#2095,10.);
#599=VECTOR('',#2096,10.);
#600=VECTOR('',#2101,10.);
#601=VECTOR('',#2106,10.);
#602=VECTOR('',#2107,10.);
#603=VECTOR('',#2108,10.);
#604=VECTOR('',#2111,10.);
#605=VECTOR('',#2118,10.);
#606=VECTOR('',#2119,10.);
#607=VECTOR('',#2120,10.);
#608=VECTOR('',#2121,10.);
#609=VECTOR('',#2126,10.);
#610=VECTOR('',#2131,10.);
#611=VECTOR('',#2132,10.);
#612=VECTOR('',#2133,10.);
#613=VECTOR('',#2136,10.);
#614=VECTOR('',#2141,10.);
#615=VECTOR('',#2144,10.);
#616=VECTOR('',#2147,10.);
#617=VECTOR('',#2148,10.);
#618=VECTOR('',#2149,10.);
#619=VECTOR('',#2150,10.);
#620=VECTOR('',#2153,10.);
#621=VECTOR('',#2154,10.);
#622=VECTOR('',#2155,10.);
#623=VECTOR('',#2156,10.);
#624=VECTOR('',#2159,10.);
#625=VECTOR('',#2160,10.);
#626=VECTOR('',#2161,10.);
#627=VECTOR('',#2162,10.);
#628=VECTOR('',#2165,10.);
#629=VECTOR('',#2166,10.);
#630=VECTOR('',#2167,10.);
#631=VECTOR('',#2168,10.);
#632=VECTOR('',#2195,1.05);
#633=VECTOR('',#2200,1.05);
#634=VECTOR('',#2205,1.05);
#635=VECTOR('',#2212,10.);
#636=VECTOR('',#2213,10.);
#637=VECTOR('',#2216,10.);
#638=VECTOR('',#2217,10.);
#639=VECTOR('',#2222,10.);
#640=VECTOR('',#2223,10.);
#641=VECTOR('',#2226,10.);
#642=VECTOR('',#2227,10.);
#643=VECTOR('',#2230,1.05);
#644=VECTOR('',#2235,1.05);
#645=VECTOR('',#2240,1.05);
#646=VECTOR('',#2245,1.05);
#647=VECTOR('',#2252,1.05);
#648=VECTOR('',#2257,1.05);
#649=VECTOR('',#2262,1.05);
#650=VECTOR('',#2267,1.05);
#651=VECTOR('',#2270,1.05);
#652=VECTOR('',#2275,1.05);
#653=VECTOR('',#2280,1.05);
#654=VECTOR('',#2287,0.999999999999996);
#655=VECTOR('',#2290,10.);
#656=VECTOR('',#2293,10.);
#657=VECTOR('',#2294,10.);
#658=VECTOR('',#2297,10.);
#659=VECTOR('',#2300,10.);
#660=VECTOR('',#2301,10.);
#661=VECTOR('',#2302,10.);
#662=VECTOR('',#2305,10.);
#663=VECTOR('',#2306,10.);
#664=VECTOR('',#2309,10.);
#665=VECTOR('',#2310,10.);
#666=VECTOR('',#2313,10.);
#667=VECTOR('',#2316,10.);
#668=VECTOR('',#2317,10.);
#669=VECTOR('',#2320,10.);
#670=VECTOR('',#2323,10.);
#671=VECTOR('',#2328,0.999999999999996);
#672=VECTOR('',#2333,10.);
#673=VECTOR('',#2334,10.);
#674=VECTOR('',#2335,10.);
#675=VECTOR('',#2338,10.);
#676=VECTOR('',#2343,10.);
#677=VECTOR('',#2344,10.);
#678=VECTOR('',#2345,10.);
#679=VECTOR('',#2348,10.);
#680=VECTOR('',#2351,10.);
#681=VECTOR('',#2356,5.999998226762);
#682=VECTOR('',#2359,10.);
#683=VECTOR('',#2362,10.);
#684=VECTOR('',#2365,10.);
#685=VECTOR('',#2368,10.);
#686=VECTOR('',#2371,10.);
#687=VECTOR('',#2376,10.);
#688=VECTOR('',#2379,10.);
#689=VECTOR('',#2382,10.);
#690=VECTOR('',#2385,10.);
#691=VECTOR('',#2386,10.);
#692=VECTOR('',#2389,10.);
#693=VECTOR('',#2394,10.);
#694=VECTOR('',#2395,10.);
#695=VECTOR('',#2396,10.);
#696=VECTOR('',#2397,10.);
#697=VECTOR('',#2398,10.);
#698=VECTOR('',#2401,10.);
#699=VECTOR('',#2402,10.);
#700=VECTOR('',#2403,10.);
#701=VECTOR('',#2404,10.);
#702=VECTOR('',#2405,10.);
#703=VECTOR('',#2410,10.);
#704=VECTOR('',#2411,10.);
#705=VECTOR('',#2418,10.);
#706=VECTOR('',#2423,1.95);
#707=VECTOR('',#2428,1.95);
#708=VECTOR('',#2431,10.);
#709=VECTOR('',#2434,10.);
#710=VECTOR('',#2435,10.);
#711=VECTOR('',#2442,10.);
#712=VECTOR('',#2447,1.95);
#713=VECTOR('',#2452,1.95);
#714=VECTOR('',#2455,10.);
#715=ELLIPSE('',#1789,110.679718105893,35.);
#716=ELLIPSE('',#1791,110.679718105893,35.);
#717=ELLIPSE('',#1805,110.679718105893,35.);
#718=ELLIPSE('',#1806,110.679718105893,35.);
#719=ELLIPSE('',#1807,110.679718105893,35.);
#720=ELLIPSE('',#1809,110.679718105893,35.);
#721=ELLIPSE('',#1824,55.,35.);
#722=ELLIPSE('',#1839,55.,35.);
#723=ELLIPSE('',#1848,55.,35.);
#724=ELLIPSE('',#1849,55.,35.);
#725=ELLIPSE('',#1915,45.,35.);
#726=ELLIPSE('',#1916,45.,35.);
#727=ELLIPSE('',#1918,45.,35.);
#728=ELLIPSE('',#1919,45.,35.);
#729=VERTEX_POINT('',#2460);
#730=VERTEX_POINT('',#2461);
#731=VERTEX_POINT('',#2463);
#732=VERTEX_POINT('',#2465);
#733=VERTEX_POINT('',#2469);
#734=VERTEX_POINT('',#2471);
#735=VERTEX_POINT('',#2479);
#736=VERTEX_POINT('',#2480);
#737=VERTEX_POINT('',#2482);
#738=VERTEX_POINT('',#2484);
#739=VERTEX_POINT('',#2486);
#740=VERTEX_POINT('',#2488);
#741=VERTEX_POINT('',#2490);
#742=VERTEX_POINT('',#2492);
#743=VERTEX_POINT('',#2494);
#744=VERTEX_POINT('',#2496);
#745=VERTEX_POINT('',#2498);
#746=VERTEX_POINT('',#2500);
#747=VERTEX_POINT('',#2502);
#748=VERTEX_POINT('',#2504);
#749=VERTEX_POINT('',#2507);
#750=VERTEX_POINT('',#2508);
#751=VERTEX_POINT('',#2510);
#752=VERTEX_POINT('',#2513);
#753=VERTEX_POINT('',#2514);
#754=VERTEX_POINT('',#2516);
#755=VERTEX_POINT('',#2520);
#756=VERTEX_POINT('',#2522);
#757=VERTEX_POINT('',#2526);
#758=VERTEX_POINT('',#2533);
#759=VERTEX_POINT('',#2535);
#760=VERTEX_POINT('',#2539);
#761=VERTEX_POINT('',#2546);
#762=VERTEX_POINT('',#2547);
#763=VERTEX_POINT('',#2549);
#764=VERTEX_POINT('',#2551);
#765=VERTEX_POINT('',#2555);
#766=VERTEX_POINT('',#2557);
#767=VERTEX_POINT('',#2561);
#768=VERTEX_POINT('',#2563);
#769=VERTEX_POINT('',#2567);
#770=VERTEX_POINT('',#2570);
#771=VERTEX_POINT('',#2573);
#772=VERTEX_POINT('',#2574);
#773=VERTEX_POINT('',#2576);
#774=VERTEX_POINT('',#2578);
#775=VERTEX_POINT('',#2582);
#776=VERTEX_POINT('',#2584);
#777=VERTEX_POINT('',#2588);
#778=VERTEX_POINT('',#2590);
#779=VERTEX_POINT('',#2595);
#780=VERTEX_POINT('',#2598);
#781=VERTEX_POINT('',#2599);
#782=VERTEX_POINT('',#2601);
#783=VERTEX_POINT('',#2603);
#784=VERTEX_POINT('',#2607);
#785=VERTEX_POINT('',#2609);
#786=VERTEX_POINT('',#2613);
#787=VERTEX_POINT('',#2615);
#788=VERTEX_POINT('',#2619);
#789=VERTEX_POINT('',#2622);
#790=VERTEX_POINT('',#2625);
#791=VERTEX_POINT('',#2626);
#792=VERTEX_POINT('',#2628);
#793=VERTEX_POINT('',#2630);
#794=VERTEX_POINT('',#2634);
#795=VERTEX_POINT('',#2636);
#796=VERTEX_POINT('',#2640);
#797=VERTEX_POINT('',#2642);
#798=VERTEX_POINT('',#2647);
#799=VERTEX_POINT('',#2660);
#800=VERTEX_POINT('',#2662);
#801=VERTEX_POINT('',#2668);
#802=VERTEX_POINT('',#2670);
#803=VERTEX_POINT('',#2672);
#804=VERTEX_POINT('',#2674);
#805=VERTEX_POINT('',#2677);
#806=VERTEX_POINT('',#2679);
#807=VERTEX_POINT('',#2681);
#808=VERTEX_POINT('',#2683);
#809=VERTEX_POINT('',#2688);
#810=VERTEX_POINT('',#2690);
#811=VERTEX_POINT('',#2691);
#812=VERTEX_POINT('',#2693);
#813=VERTEX_POINT('',#2695);
#814=VERTEX_POINT('',#2698);
#815=VERTEX_POINT('',#2700);
#816=VERTEX_POINT('',#2702);
#817=VERTEX_POINT('',#2704);
#818=VERTEX_POINT('',#2706);
#819=VERTEX_POINT('',#2708);
#820=VERTEX_POINT('',#2710);
#821=VERTEX_POINT('',#2712);
#822=VERTEX_POINT('',#2714);
#823=VERTEX_POINT('',#2716);
#824=VERTEX_POINT('',#2718);
#825=VERTEX_POINT('',#2720);
#826=VERTEX_POINT('',#2723);
#827=VERTEX_POINT('',#2727);
#828=VERTEX_POINT('',#2731);
#829=VERTEX_POINT('',#2735);
#830=VERTEX_POINT('',#2736);
#831=VERTEX_POINT('',#2741);
#832=VERTEX_POINT('',#2745);
#833=VERTEX_POINT('',#2746);
#834=VERTEX_POINT('',#2751);
#835=VERTEX_POINT('',#2755);
#836=VERTEX_POINT('',#2759);
#837=VERTEX_POINT('',#2763);
#838=VERTEX_POINT('',#2767);
#839=VERTEX_POINT('',#2771);
#840=VERTEX_POINT('',#2775);
#841=VERTEX_POINT('',#2779);
#842=VERTEX_POINT('',#2783);
#843=VERTEX_POINT('',#2787);
#844=VERTEX_POINT('',#2791);
#845=VERTEX_POINT('',#2795);
#846=VERTEX_POINT('',#2799);
#847=VERTEX_POINT('',#2805);
#848=VERTEX_POINT('',#2811);
#849=VERTEX_POINT('',#2812);
#850=VERTEX_POINT('',#2817);
#851=VERTEX_POINT('',#2821);
#852=VERTEX_POINT('',#2827);
#853=VERTEX_POINT('',#2835);
#854=VERTEX_POINT('',#2839);
#855=VERTEX_POINT('',#2841);
#856=VERTEX_POINT('',#2850);
#857=VERTEX_POINT('',#2852);
#858=VERTEX_POINT('',#2856);
#859=VERTEX_POINT('',#2858);
#860=VERTEX_POINT('',#2867);
#861=VERTEX_POINT('',#2869);
#862=VERTEX_POINT('',#2875);
#863=VERTEX_POINT('',#2881);
#864=VERTEX_POINT('',#2883);
#865=VERTEX_POINT('',#2887);
#866=VERTEX_POINT('',#2888);
#867=VERTEX_POINT('',#2890);
#868=VERTEX_POINT('',#2892);
#869=VERTEX_POINT('',#2896);
#870=VERTEX_POINT('',#2897);
#871=VERTEX_POINT('',#2899);
#872=VERTEX_POINT('',#2901);
#873=VERTEX_POINT('',#2903);
#874=VERTEX_POINT('',#2905);
#875=VERTEX_POINT('',#2907);
#876=VERTEX_POINT('',#2910);
#877=VERTEX_POINT('',#2912);
#878=VERTEX_POINT('',#2914);
#879=VERTEX_POINT('',#2919);
#880=VERTEX_POINT('',#2921);
#881=VERTEX_POINT('',#2923);
#882=VERTEX_POINT('',#2927);
#883=VERTEX_POINT('',#2929);
#884=VERTEX_POINT('',#2931);
#885=VERTEX_POINT('',#2939);
#886=VERTEX_POINT('',#2941);
#887=VERTEX_POINT('',#2946);
#888=VERTEX_POINT('',#2950);
#889=VERTEX_POINT('',#2958);
#890=VERTEX_POINT('',#2960);
#891=VERTEX_POINT('',#2965);
#892=VERTEX_POINT('',#2969);
#893=EDGE_CURVE('',#729,#730,#715,.T.);
#894=EDGE_CURVE('',#729,#731,#393,.T.);
#895=EDGE_CURVE('',#731,#732,#394,.T.);
#896=EDGE_CURVE('',#730,#732,#395,.T.);
#897=EDGE_CURVE('',#730,#733,#716,.T.);
#898=EDGE_CURVE('',#732,#734,#396,.T.);
#899=EDGE_CURVE('',#733,#734,#397,.T.);
#900=EDGE_CURVE('',#733,#729,#99,.T.);
#901=EDGE_CURVE('',#734,#731,#398,.T.);
#902=EDGE_CURVE('',#735,#736,#100,.T.);
#903=EDGE_CURVE('',#736,#737,#101,.T.);
#904=EDGE_CURVE('',#738,#737,#399,.T.);
#905=EDGE_CURVE('',#739,#738,#102,.T.);
#906=EDGE_CURVE('',#739,#740,#400,.T.);
#907=EDGE_CURVE('',#740,#741,#103,.T.);
#908=EDGE_CURVE('',#742,#741,#401,.T.);
#909=EDGE_CURVE('',#743,#742,#104,.T.);
#910=EDGE_CURVE('',#743,#744,#402,.T.);
#911=EDGE_CURVE('',#744,#745,#105,.T.);
#912=EDGE_CURVE('',#745,#746,#106,.T.);
#913=EDGE_CURVE('',#747,#746,#403,.T.);
#914=EDGE_CURVE('',#747,#748,#107,.T.);
#915=EDGE_CURVE('',#748,#735,#404,.T.);
#916=EDGE_CURVE('',#749,#750,#108,.T.);
#917=EDGE_CURVE('',#750,#751,#717,.T.);
#918=EDGE_CURVE('',#751,#749,#718,.T.);
#919=EDGE_CURVE('',#752,#753,#719,.T.);
#920=EDGE_CURVE('',#753,#754,#109,.T.);
#921=EDGE_CURVE('',#754,#752,#720,.T.);
#922=EDGE_CURVE('',#755,#750,#405,.T.);
#923=EDGE_CURVE('',#756,#755,#406,.T.);
#924=EDGE_CURVE('',#756,#751,#407,.T.);
#925=EDGE_CURVE('',#757,#756,#408,.T.);
#926=EDGE_CURVE('',#757,#749,#409,.T.);
#927=EDGE_CURVE('',#755,#757,#410,.T.);
#928=EDGE_CURVE('',#758,#753,#411,.T.);
#929=EDGE_CURVE('',#759,#758,#412,.T.);
#930=EDGE_CURVE('',#759,#754,#413,.T.);
#931=EDGE_CURVE('',#760,#759,#414,.T.);
#932=EDGE_CURVE('',#760,#752,#415,.T.);
#933=EDGE_CURVE('',#758,#760,#416,.T.);
#934=EDGE_CURVE('',#761,#762,#417,.T.);
#935=EDGE_CURVE('',#761,#763,#418,.T.);
#936=EDGE_CURVE('',#763,#764,#419,.T.);
#937=EDGE_CURVE('',#762,#764,#420,.T.);
#938=EDGE_CURVE('',#765,#761,#110,.T.);
#939=EDGE_CURVE('',#765,#766,#421,.T.);
#940=EDGE_CURVE('',#766,#763,#111,.T.);
#941=EDGE_CURVE('',#767,#765,#422,.T.);
#942=EDGE_CURVE('',#768,#767,#423,.T.);
#943=EDGE_CURVE('',#768,#766,#424,.T.);
#944=EDGE_CURVE('',#769,#768,#721,.T.);
#945=EDGE_CURVE('',#764,#769,#425,.T.);
#946=EDGE_CURVE('',#770,#770,#112,.T.);
#947=EDGE_CURVE('',#771,#772,#426,.T.);
#948=EDGE_CURVE('',#771,#773,#427,.T.);
#949=EDGE_CURVE('',#773,#774,#428,.T.);
#950=EDGE_CURVE('',#772,#774,#429,.T.);
#951=EDGE_CURVE('',#775,#771,#113,.T.);
#952=EDGE_CURVE('',#775,#776,#430,.T.);
#953=EDGE_CURVE('',#776,#773,#114,.T.);
#954=EDGE_CURVE('',#777,#775,#431,.T.);
#955=EDGE_CURVE('',#778,#777,#432,.T.);
#956=EDGE_CURVE('',#778,#776,#433,.T.);
#957=EDGE_CURVE('',#774,#778,#434,.T.);
#958=EDGE_CURVE('',#779,#779,#115,.T.);
#959=EDGE_CURVE('',#780,#781,#435,.T.);
#960=EDGE_CURVE('',#780,#782,#436,.T.);
#961=EDGE_CURVE('',#782,#783,#437,.T.);
#962=EDGE_CURVE('',#781,#783,#438,.T.);
#963=EDGE_CURVE('',#784,#780,#116,.T.);
#964=EDGE_CURVE('',#784,#785,#439,.T.);
#965=EDGE_CURVE('',#785,#782,#117,.T.);
#966=EDGE_CURVE('',#786,#784,#440,.T.);
#967=EDGE_CURVE('',#787,#786,#441,.T.);
#968=EDGE_CURVE('',#787,#785,#442,.T.);
#969=EDGE_CURVE('',#788,#787,#443,.T.);
#970=EDGE_CURVE('',#783,#788,#722,.T.);
#971=EDGE_CURVE('',#789,#789,#118,.T.);
#972=EDGE_CURVE('',#790,#791,#444,.T.);
#973=EDGE_CURVE('',#790,#792,#445,.T.);
#974=EDGE_CURVE('',#792,#793,#446,.T.);
#975=EDGE_CURVE('',#791,#793,#447,.T.);
#976=EDGE_CURVE('',#794,#790,#119,.T.);
#977=EDGE_CURVE('',#794,#795,#448,.T.);
#978=EDGE_CURVE('',#795,#792,#120,.T.);
#979=EDGE_CURVE('',#796,#794,#449,.T.);
#980=EDGE_CURVE('',#797,#796,#450,.T.);
#981=EDGE_CURVE('',#797,#795,#451,.T.);
#982=EDGE_CURVE('',#793,#797,#452,.T.);
#983=EDGE_CURVE('',#798,#798,#121,.T.);
#984=EDGE_CURVE('',#767,#781,#723,.T.);
#985=EDGE_CURVE('',#788,#799,#453,.T.);
#986=EDGE_CURVE('',#800,#799,#724,.T.);
#987=EDGE_CURVE('',#769,#800,#454,.T.);
#988=EDGE_CURVE('',#796,#762,#455,.T.);
#989=EDGE_CURVE('',#745,#791,#456,.T.);
#990=EDGE_CURVE('',#744,#801,#457,.T.);
#991=EDGE_CURVE('',#801,#802,#458,.T.);
#992=EDGE_CURVE('',#803,#802,#122,.T.);
#993=EDGE_CURVE('',#803,#804,#459,.T.);
#994=EDGE_CURVE('',#804,#741,#460,.T.);
#995=EDGE_CURVE('',#740,#805,#461,.T.);
#996=EDGE_CURVE('',#805,#806,#462,.T.);
#997=EDGE_CURVE('',#807,#806,#123,.T.);
#998=EDGE_CURVE('',#807,#808,#463,.T.);
#999=EDGE_CURVE('',#808,#737,#464,.T.);
#1000=EDGE_CURVE('',#777,#736,#465,.T.);
#1001=EDGE_CURVE('',#786,#772,#466,.T.);
#1002=EDGE_CURVE('',#809,#809,#124,.T.);
#1003=EDGE_CURVE('',#810,#811,#467,.T.);
#1004=EDGE_CURVE('',#811,#812,#468,.T.);
#1005=EDGE_CURVE('',#812,#813,#469,.T.);
#1006=EDGE_CURVE('',#813,#810,#470,.T.);
#1007=EDGE_CURVE('',#814,#814,#125,.T.);
#1008=EDGE_CURVE('',#815,#815,#126,.T.);
#1009=EDGE_CURVE('',#816,#816,#127,.T.);
#1010=EDGE_CURVE('',#817,#817,#128,.T.);
#1011=EDGE_CURVE('',#818,#818,#129,.T.);
#1012=EDGE_CURVE('',#819,#819,#130,.T.);
#1013=EDGE_CURVE('',#820,#820,#131,.T.);
#1014=EDGE_CURVE('',#821,#821,#132,.T.);
#1015=EDGE_CURVE('',#822,#822,#133,.T.);
#1016=EDGE_CURVE('',#823,#823,#134,.T.);
#1017=EDGE_CURVE('',#824,#824,#135,.T.);
#1018=EDGE_CURVE('',#825,#825,#136,.T.);
#1019=EDGE_CURVE('',#825,#826,#471,.T.);
#1020=EDGE_CURVE('',#826,#826,#137,.T.);
#1021=EDGE_CURVE('',#824,#827,#472,.T.);
#1022=EDGE_CURVE('',#827,#827,#138,.T.);
#1023=EDGE_CURVE('',#823,#828,#473,.T.);
#1024=EDGE_CURVE('',#828,#828,#139,.T.);
#1025=EDGE_CURVE('',#829,#830,#140,.T.);
#1026=EDGE_CURVE('',#830,#807,#474,.T.);
#1027=EDGE_CURVE('',#806,#829,#475,.T.);
#1028=EDGE_CURVE('',#831,#830,#476,.T.);
#1029=EDGE_CURVE('',#831,#808,#477,.T.);
#1030=EDGE_CURVE('',#832,#833,#141,.T.);
#1031=EDGE_CURVE('',#833,#803,#478,.T.);
#1032=EDGE_CURVE('',#802,#832,#479,.T.);
#1033=EDGE_CURVE('',#834,#833,#480,.T.);
#1034=EDGE_CURVE('',#834,#804,#481,.T.);
#1035=EDGE_CURVE('',#770,#835,#482,.T.);
#1036=EDGE_CURVE('',#835,#835,#142,.T.);
#1037=EDGE_CURVE('',#779,#836,#483,.T.);
#1038=EDGE_CURVE('',#836,#836,#143,.T.);
#1039=EDGE_CURVE('',#789,#837,#484,.T.);
#1040=EDGE_CURVE('',#837,#837,#144,.T.);
#1041=EDGE_CURVE('',#798,#838,#485,.T.);
#1042=EDGE_CURVE('',#838,#838,#145,.T.);
#1043=EDGE_CURVE('',#839,#839,#146,.T.);
#1044=EDGE_CURVE('',#839,#822,#486,.T.);
#1045=EDGE_CURVE('',#840,#840,#147,.T.);
#1046=EDGE_CURVE('',#840,#821,#487,.T.);
#1047=EDGE_CURVE('',#841,#841,#148,.T.);
#1048=EDGE_CURVE('',#841,#820,#488,.T.);
#1049=EDGE_CURVE('',#842,#842,#149,.T.);
#1050=EDGE_CURVE('',#842,#819,#489,.T.);
#1051=EDGE_CURVE('',#818,#843,#490,.T.);
#1052=EDGE_CURVE('',#843,#843,#150,.T.);
#1053=EDGE_CURVE('',#817,#844,#491,.T.);
#1054=EDGE_CURVE('',#844,#844,#151,.T.);
#1055=EDGE_CURVE('',#816,#845,#492,.T.);
#1056=EDGE_CURVE('',#845,#845,#152,.T.);
#1057=EDGE_CURVE('',#846,#846,#153,.T.);
#1058=EDGE_CURVE('',#846,#809,#493,.T.);
#1059=EDGE_CURVE('',#738,#831,#494,.T.);
#1060=EDGE_CURVE('',#847,#739,#495,.T.);
#1061=EDGE_CURVE('',#847,#805,#496,.T.);
#1062=EDGE_CURVE('',#829,#847,#497,.T.);
#1063=EDGE_CURVE('',#848,#849,#498,.T.);
#1064=EDGE_CURVE('',#848,#811,#499,.T.);
#1065=EDGE_CURVE('',#849,#810,#500,.T.);
#1066=EDGE_CURVE('',#850,#848,#501,.T.);
#1067=EDGE_CURVE('',#850,#812,#502,.T.);
#1068=EDGE_CURVE('',#851,#850,#503,.T.);
#1069=EDGE_CURVE('',#851,#813,#504,.T.);
#1070=EDGE_CURVE('',#849,#851,#505,.T.);
#1071=EDGE_CURVE('',#852,#801,#506,.T.);
#1072=EDGE_CURVE('',#832,#852,#507,.T.);
#1073=EDGE_CURVE('',#742,#834,#508,.T.);
#1074=EDGE_CURVE('',#852,#743,#509,.T.);
#1075=EDGE_CURVE('',#853,#853,#154,.T.);
#1076=EDGE_CURVE('',#853,#814,#510,.T.);
#1077=EDGE_CURVE('',#736,#854,#725,.T.);
#1078=EDGE_CURVE('',#855,#735,#511,.T.);
#1079=EDGE_CURVE('',#854,#855,#512,.T.);
#1080=EDGE_CURVE('',#854,#856,#513,.T.);
#1081=EDGE_CURVE('',#857,#856,#726,.T.);
#1082=EDGE_CURVE('',#736,#857,#514,.T.);
#1083=EDGE_CURVE('',#858,#745,#727,.T.);
#1084=EDGE_CURVE('',#859,#858,#515,.T.);
#1085=EDGE_CURVE('',#746,#859,#516,.T.);
#1086=EDGE_CURVE('',#745,#860,#517,.T.);
#1087=EDGE_CURVE('',#861,#860,#728,.T.);
#1088=EDGE_CURVE('',#858,#861,#518,.T.);
#1089=EDGE_CURVE('',#799,#857,#519,.T.);
#1090=EDGE_CURVE('',#862,#862,#155,.T.);
#1091=EDGE_CURVE('',#862,#815,#520,.T.);
#1092=EDGE_CURVE('',#860,#800,#521,.T.);
#1093=EDGE_CURVE('',#863,#747,#522,.T.);
#1094=EDGE_CURVE('',#864,#863,#156,.T.);
#1095=EDGE_CURVE('',#748,#864,#523,.T.);
#1096=EDGE_CURVE('',#865,#866,#524,.T.);
#1097=EDGE_CURVE('',#867,#865,#157,.T.);
#1098=EDGE_CURVE('',#868,#867,#525,.T.);
#1099=EDGE_CURVE('',#866,#868,#158,.T.);
#1100=EDGE_CURVE('',#869,#870,#526,.T.);
#1101=EDGE_CURVE('',#871,#870,#159,.T.);
#1102=EDGE_CURVE('',#872,#871,#527,.T.);
#1103=EDGE_CURVE('',#872,#873,#160,.T.);
#1104=EDGE_CURVE('',#873,#874,#528,.T.);
#1105=EDGE_CURVE('',#875,#874,#161,.T.);
#1106=EDGE_CURVE('',#867,#875,#529,.T.);
#1107=EDGE_CURVE('',#865,#876,#530,.T.);
#1108=EDGE_CURVE('',#877,#876,#162,.T.);
#1109=EDGE_CURVE('',#878,#877,#531,.T.);
#1110=EDGE_CURVE('',#878,#869,#163,.T.);
#1111=EDGE_CURVE('',#866,#863,#532,.T.);
#1112=EDGE_CURVE('',#859,#879,#533,.T.);
#1113=EDGE_CURVE('',#879,#880,#534,.T.);
#1114=EDGE_CURVE('',#880,#881,#535,.T.);
#1115=EDGE_CURVE('',#876,#881,#536,.T.);
#1116=EDGE_CURVE('',#882,#875,#537,.T.);
#1117=EDGE_CURVE('',#883,#882,#538,.T.);
#1118=EDGE_CURVE('',#883,#884,#539,.T.);
#1119=EDGE_CURVE('',#855,#884,#540,.T.);
#1120=EDGE_CURVE('',#868,#864,#541,.T.);
#1121=EDGE_CURVE('',#873,#878,#542,.T.);
#1122=EDGE_CURVE('',#869,#872,#543,.T.);
#1123=EDGE_CURVE('',#885,#885,#164,.T.);
#1124=EDGE_CURVE('',#886,#886,#165,.T.);
#1125=EDGE_CURVE('',#874,#877,#544,.T.);
#1126=EDGE_CURVE('',#887,#887,#166,.T.);
#1127=EDGE_CURVE('',#887,#886,#545,.T.);
#1128=EDGE_CURVE('',#888,#888,#167,.T.);
#1129=EDGE_CURVE('',#888,#885,#546,.T.);
#1130=EDGE_CURVE('',#870,#871,#547,.T.);
#1131=EDGE_CURVE('',#884,#879,#548,.T.);
#1132=EDGE_CURVE('',#880,#883,#549,.T.);
#1133=EDGE_CURVE('',#889,#889,#168,.T.);
#1134=EDGE_CURVE('',#890,#890,#169,.T.);
#1135=EDGE_CURVE('',#856,#861,#550,.T.);
#1136=EDGE_CURVE('',#891,#891,#170,.T.);
#1137=EDGE_CURVE('',#891,#890,#551,.T.);
#1138=EDGE_CURVE('',#892,#892,#171,.T.);
#1139=EDGE_CURVE('',#892,#889,#552,.T.);
#1140=EDGE_CURVE('',#881,#882,#553,.T.);
#1141=ORIENTED_EDGE('',*,*,#893,.F.);
#1142=ORIENTED_EDGE('',*,*,#894,.T.);
#1143=ORIENTED_EDGE('',*,*,#895,.T.);
#1144=ORIENTED_EDGE('',*,*,#896,.F.);
#1145=ORIENTED_EDGE('',*,*,#897,.F.);
#1146=ORIENTED_EDGE('',*,*,#896,.T.);
#1147=ORIENTED_EDGE('',*,*,#898,.T.);
#1148=ORIENTED_EDGE('',*,*,#899,.F.);
#1149=ORIENTED_EDGE('',*,*,#900,.F.);
#1150=ORIENTED_EDGE('',*,*,#899,.T.);
#1151=ORIENTED_EDGE('',*,*,#901,.T.);
#1152=ORIENTED_EDGE('',*,*,#894,.F.);
#1153=ORIENTED_EDGE('',*,*,#901,.F.);
#1154=ORIENTED_EDGE('',*,*,#898,.F.);
#1155=ORIENTED_EDGE('',*,*,#895,.F.);
#1156=ORIENTED_EDGE('',*,*,#902,.T.);
#1157=ORIENTED_EDGE('',*,*,#903,.T.);
#1158=ORIENTED_EDGE('',*,*,#904,.F.);
#1159=ORIENTED_EDGE('',*,*,#905,.F.);
#1160=ORIENTED_EDGE('',*,*,#906,.T.);
#1161=ORIENTED_EDGE('',*,*,#907,.T.);
#1162=ORIENTED_EDGE('',*,*,#908,.F.);
#1163=ORIENTED_EDGE('',*,*,#909,.F.);
#1164=ORIENTED_EDGE('',*,*,#910,.T.);
#1165=ORIENTED_EDGE('',*,*,#911,.T.);
#1166=ORIENTED_EDGE('',*,*,#912,.T.);
#1167=ORIENTED_EDGE('',*,*,#913,.F.);
#1168=ORIENTED_EDGE('',*,*,#914,.T.);
#1169=ORIENTED_EDGE('',*,*,#915,.T.);
#1170=ORIENTED_EDGE('',*,*,#900,.T.);
#1171=ORIENTED_EDGE('',*,*,#893,.T.);
#1172=ORIENTED_EDGE('',*,*,#897,.T.);
#1173=ORIENTED_EDGE('',*,*,#916,.T.);
#1174=ORIENTED_EDGE('',*,*,#917,.T.);
#1175=ORIENTED_EDGE('',*,*,#918,.T.);
#1176=ORIENTED_EDGE('',*,*,#919,.T.);
#1177=ORIENTED_EDGE('',*,*,#920,.T.);
#1178=ORIENTED_EDGE('',*,*,#921,.T.);
#1179=ORIENTED_EDGE('',*,*,#917,.F.);
#1180=ORIENTED_EDGE('',*,*,#922,.F.);
#1181=ORIENTED_EDGE('',*,*,#923,.F.);
#1182=ORIENTED_EDGE('',*,*,#924,.T.);
#1183=ORIENTED_EDGE('',*,*,#918,.F.);
#1184=ORIENTED_EDGE('',*,*,#924,.F.);
#1185=ORIENTED_EDGE('',*,*,#925,.F.);
#1186=ORIENTED_EDGE('',*,*,#926,.T.);
#1187=ORIENTED_EDGE('',*,*,#927,.T.);
#1188=ORIENTED_EDGE('',*,*,#925,.T.);
#1189=ORIENTED_EDGE('',*,*,#923,.T.);
#1190=ORIENTED_EDGE('',*,*,#916,.F.);
#1191=ORIENTED_EDGE('',*,*,#926,.F.);
#1192=ORIENTED_EDGE('',*,*,#927,.F.);
#1193=ORIENTED_EDGE('',*,*,#922,.T.);
#1194=ORIENTED_EDGE('',*,*,#920,.F.);
#1195=ORIENTED_EDGE('',*,*,#928,.F.);
#1196=ORIENTED_EDGE('',*,*,#929,.F.);
#1197=ORIENTED_EDGE('',*,*,#930,.T.);
#1198=ORIENTED_EDGE('',*,*,#921,.F.);
#1199=ORIENTED_EDGE('',*,*,#930,.F.);
#1200=ORIENTED_EDGE('',*,*,#931,.F.);
#1201=ORIENTED_EDGE('',*,*,#932,.T.);
#1202=ORIENTED_EDGE('',*,*,#931,.T.);
#1203=ORIENTED_EDGE('',*,*,#929,.T.);
#1204=ORIENTED_EDGE('',*,*,#933,.T.);
#1205=ORIENTED_EDGE('',*,*,#919,.F.);
#1206=ORIENTED_EDGE('',*,*,#932,.F.);
#1207=ORIENTED_EDGE('',*,*,#933,.F.);
#1208=ORIENTED_EDGE('',*,*,#928,.T.);
#1209=ORIENTED_EDGE('',*,*,#934,.F.);
#1210=ORIENTED_EDGE('',*,*,#935,.T.);
#1211=ORIENTED_EDGE('',*,*,#936,.T.);
#1212=ORIENTED_EDGE('',*,*,#937,.F.);
#1213=ORIENTED_EDGE('',*,*,#938,.F.);
#1214=ORIENTED_EDGE('',*,*,#939,.T.);
#1215=ORIENTED_EDGE('',*,*,#940,.T.);
#1216=ORIENTED_EDGE('',*,*,#935,.F.);
#1217=ORIENTED_EDGE('',*,*,#941,.F.);
#1218=ORIENTED_EDGE('',*,*,#942,.F.);
#1219=ORIENTED_EDGE('',*,*,#943,.T.);
#1220=ORIENTED_EDGE('',*,*,#939,.F.);
#1221=ORIENTED_EDGE('',*,*,#944,.F.);
#1222=ORIENTED_EDGE('',*,*,#945,.F.);
#1223=ORIENTED_EDGE('',*,*,#936,.F.);
#1224=ORIENTED_EDGE('',*,*,#940,.F.);
#1225=ORIENTED_EDGE('',*,*,#943,.F.);
#1226=ORIENTED_EDGE('',*,*,#946,.F.);
#1227=ORIENTED_EDGE('',*,*,#947,.F.);
#1228=ORIENTED_EDGE('',*,*,#948,.T.);
#1229=ORIENTED_EDGE('',*,*,#949,.T.);
#1230=ORIENTED_EDGE('',*,*,#950,.F.);
#1231=ORIENTED_EDGE('',*,*,#951,.F.);
#1232=ORIENTED_EDGE('',*,*,#952,.T.);
#1233=ORIENTED_EDGE('',*,*,#953,.T.);
#1234=ORIENTED_EDGE('',*,*,#948,.F.);
#1235=ORIENTED_EDGE('',*,*,#954,.F.);
#1236=ORIENTED_EDGE('',*,*,#955,.F.);
#1237=ORIENTED_EDGE('',*,*,#956,.T.);
#1238=ORIENTED_EDGE('',*,*,#952,.F.);
#1239=ORIENTED_EDGE('',*,*,#957,.F.);
#1240=ORIENTED_EDGE('',*,*,#949,.F.);
#1241=ORIENTED_EDGE('',*,*,#953,.F.);
#1242=ORIENTED_EDGE('',*,*,#956,.F.);
#1243=ORIENTED_EDGE('',*,*,#958,.F.);
#1244=ORIENTED_EDGE('',*,*,#959,.F.);
#1245=ORIENTED_EDGE('',*,*,#960,.T.);
#1246=ORIENTED_EDGE('',*,*,#961,.T.);
#1247=ORIENTED_EDGE('',*,*,#962,.F.);
#1248=ORIENTED_EDGE('',*,*,#963,.F.);
#1249=ORIENTED_EDGE('',*,*,#964,.T.);
#1250=ORIENTED_EDGE('',*,*,#965,.T.);
#1251=ORIENTED_EDGE('',*,*,#960,.F.);
#1252=ORIENTED_EDGE('',*,*,#966,.F.);
#1253=ORIENTED_EDGE('',*,*,#967,.F.);
#1254=ORIENTED_EDGE('',*,*,#968,.T.);
#1255=ORIENTED_EDGE('',*,*,#964,.F.);
#1256=ORIENTED_EDGE('',*,*,#969,.F.);
#1257=ORIENTED_EDGE('',*,*,#970,.F.);
#1258=ORIENTED_EDGE('',*,*,#961,.F.);
#1259=ORIENTED_EDGE('',*,*,#965,.F.);
#1260=ORIENTED_EDGE('',*,*,#968,.F.);
#1261=ORIENTED_EDGE('',*,*,#971,.F.);
#1262=ORIENTED_EDGE('',*,*,#972,.F.);
#1263=ORIENTED_EDGE('',*,*,#973,.T.);
#1264=ORIENTED_EDGE('',*,*,#974,.T.);
#1265=ORIENTED_EDGE('',*,*,#975,.F.);
#1266=ORIENTED_EDGE('',*,*,#976,.F.);
#1267=ORIENTED_EDGE('',*,*,#977,.T.);
#1268=ORIENTED_EDGE('',*,*,#978,.T.);
#1269=ORIENTED_EDGE('',*,*,#973,.F.);
#1270=ORIENTED_EDGE('',*,*,#979,.F.);
#1271=ORIENTED_EDGE('',*,*,#980,.F.);
#1272=ORIENTED_EDGE('',*,*,#981,.T.);
#1273=ORIENTED_EDGE('',*,*,#977,.F.);
#1274=ORIENTED_EDGE('',*,*,#982,.F.);
#1275=ORIENTED_EDGE('',*,*,#974,.F.);
#1276=ORIENTED_EDGE('',*,*,#978,.F.);
#1277=ORIENTED_EDGE('',*,*,#981,.F.);
#1278=ORIENTED_EDGE('',*,*,#983,.F.);
#1279=ORIENTED_EDGE('',*,*,#944,.T.);
#1280=ORIENTED_EDGE('',*,*,#942,.T.);
#1281=ORIENTED_EDGE('',*,*,#984,.T.);
#1282=ORIENTED_EDGE('',*,*,#962,.T.);
#1283=ORIENTED_EDGE('',*,*,#970,.T.);
#1284=ORIENTED_EDGE('',*,*,#985,.T.);
#1285=ORIENTED_EDGE('',*,*,#986,.F.);
#1286=ORIENTED_EDGE('',*,*,#987,.F.);
#1287=ORIENTED_EDGE('',*,*,#941,.T.);
#1288=ORIENTED_EDGE('',*,*,#938,.T.);
#1289=ORIENTED_EDGE('',*,*,#934,.T.);
#1290=ORIENTED_EDGE('',*,*,#988,.F.);
#1291=ORIENTED_EDGE('',*,*,#979,.T.);
#1292=ORIENTED_EDGE('',*,*,#976,.T.);
#1293=ORIENTED_EDGE('',*,*,#972,.T.);
#1294=ORIENTED_EDGE('',*,*,#989,.F.);
#1295=ORIENTED_EDGE('',*,*,#911,.F.);
#1296=ORIENTED_EDGE('',*,*,#990,.T.);
#1297=ORIENTED_EDGE('',*,*,#991,.T.);
#1298=ORIENTED_EDGE('',*,*,#992,.F.);
#1299=ORIENTED_EDGE('',*,*,#993,.T.);
#1300=ORIENTED_EDGE('',*,*,#994,.T.);
#1301=ORIENTED_EDGE('',*,*,#907,.F.);
#1302=ORIENTED_EDGE('',*,*,#995,.T.);
#1303=ORIENTED_EDGE('',*,*,#996,.T.);
#1304=ORIENTED_EDGE('',*,*,#997,.F.);
#1305=ORIENTED_EDGE('',*,*,#998,.T.);
#1306=ORIENTED_EDGE('',*,*,#999,.T.);
#1307=ORIENTED_EDGE('',*,*,#903,.F.);
#1308=ORIENTED_EDGE('',*,*,#1000,.F.);
#1309=ORIENTED_EDGE('',*,*,#954,.T.);
#1310=ORIENTED_EDGE('',*,*,#951,.T.);
#1311=ORIENTED_EDGE('',*,*,#947,.T.);
#1312=ORIENTED_EDGE('',*,*,#1001,.F.);
#1313=ORIENTED_EDGE('',*,*,#966,.T.);
#1314=ORIENTED_EDGE('',*,*,#963,.T.);
#1315=ORIENTED_EDGE('',*,*,#959,.T.);
#1316=ORIENTED_EDGE('',*,*,#984,.F.);
#1317=ORIENTED_EDGE('',*,*,#1002,.T.);
#1318=ORIENTED_EDGE('',*,*,#1003,.T.);
#1319=ORIENTED_EDGE('',*,*,#1004,.T.);
#1320=ORIENTED_EDGE('',*,*,#1005,.T.);
#1321=ORIENTED_EDGE('',*,*,#1006,.T.);
#1322=ORIENTED_EDGE('',*,*,#1007,.T.);
#1323=ORIENTED_EDGE('',*,*,#1008,.F.);
#1324=ORIENTED_EDGE('',*,*,#1009,.T.);
#1325=ORIENTED_EDGE('',*,*,#1010,.T.);
#1326=ORIENTED_EDGE('',*,*,#1011,.T.);
#1327=ORIENTED_EDGE('',*,*,#1012,.T.);
#1328=ORIENTED_EDGE('',*,*,#1013,.T.);
#1329=ORIENTED_EDGE('',*,*,#1014,.T.);
#1330=ORIENTED_EDGE('',*,*,#1015,.T.);
#1331=ORIENTED_EDGE('',*,*,#1016,.T.);
#1332=ORIENTED_EDGE('',*,*,#1017,.T.);
#1333=ORIENTED_EDGE('',*,*,#1018,.T.);
#1334=ORIENTED_EDGE('',*,*,#1018,.F.);
#1335=ORIENTED_EDGE('',*,*,#1019,.T.);
#1336=ORIENTED_EDGE('',*,*,#1020,.F.);
#1337=ORIENTED_EDGE('',*,*,#1019,.F.);
#1338=ORIENTED_EDGE('',*,*,#1017,.F.);
#1339=ORIENTED_EDGE('',*,*,#1021,.T.);
#1340=ORIENTED_EDGE('',*,*,#1022,.F.);
#1341=ORIENTED_EDGE('',*,*,#1021,.F.);
#1342=ORIENTED_EDGE('',*,*,#1016,.F.);
#1343=ORIENTED_EDGE('',*,*,#1023,.T.);
#1344=ORIENTED_EDGE('',*,*,#1024,.F.);
#1345=ORIENTED_EDGE('',*,*,#1023,.F.);
#1346=ORIENTED_EDGE('',*,*,#1025,.T.);
#1347=ORIENTED_EDGE('',*,*,#1026,.T.);
#1348=ORIENTED_EDGE('',*,*,#997,.T.);
#1349=ORIENTED_EDGE('',*,*,#1027,.T.);
#1350=ORIENTED_EDGE('',*,*,#1026,.F.);
#1351=ORIENTED_EDGE('',*,*,#1028,.F.);
#1352=ORIENTED_EDGE('',*,*,#1029,.T.);
#1353=ORIENTED_EDGE('',*,*,#998,.F.);
#1354=ORIENTED_EDGE('',*,*,#1030,.T.);
#1355=ORIENTED_EDGE('',*,*,#1031,.T.);
#1356=ORIENTED_EDGE('',*,*,#992,.T.);
#1357=ORIENTED_EDGE('',*,*,#1032,.T.);
#1358=ORIENTED_EDGE('',*,*,#1031,.F.);
#1359=ORIENTED_EDGE('',*,*,#1033,.F.);
#1360=ORIENTED_EDGE('',*,*,#1034,.T.);
#1361=ORIENTED_EDGE('',*,*,#993,.F.);
#1362=ORIENTED_EDGE('',*,*,#946,.T.);
#1363=ORIENTED_EDGE('',*,*,#1035,.T.);
#1364=ORIENTED_EDGE('',*,*,#1036,.F.);
#1365=ORIENTED_EDGE('',*,*,#1035,.F.);
#1366=ORIENTED_EDGE('',*,*,#958,.T.);
#1367=ORIENTED_EDGE('',*,*,#1037,.T.);
#1368=ORIENTED_EDGE('',*,*,#1038,.F.);
#1369=ORIENTED_EDGE('',*,*,#1037,.F.);
#1370=ORIENTED_EDGE('',*,*,#971,.T.);
#1371=ORIENTED_EDGE('',*,*,#1039,.T.);
#1372=ORIENTED_EDGE('',*,*,#1040,.F.);
#1373=ORIENTED_EDGE('',*,*,#1039,.F.);
#1374=ORIENTED_EDGE('',*,*,#983,.T.);
#1375=ORIENTED_EDGE('',*,*,#1041,.T.);
#1376=ORIENTED_EDGE('',*,*,#1042,.F.);
#1377=ORIENTED_EDGE('',*,*,#1041,.F.);
#1378=ORIENTED_EDGE('',*,*,#1043,.F.);
#1379=ORIENTED_EDGE('',*,*,#1044,.T.);
#1380=ORIENTED_EDGE('',*,*,#1015,.F.);
#1381=ORIENTED_EDGE('',*,*,#1044,.F.);
#1382=ORIENTED_EDGE('',*,*,#1045,.F.);
#1383=ORIENTED_EDGE('',*,*,#1046,.T.);
#1384=ORIENTED_EDGE('',*,*,#1014,.F.);
#1385=ORIENTED_EDGE('',*,*,#1046,.F.);
#1386=ORIENTED_EDGE('',*,*,#1047,.F.);
#1387=ORIENTED_EDGE('',*,*,#1048,.T.);
#1388=ORIENTED_EDGE('',*,*,#1013,.F.);
#1389=ORIENTED_EDGE('',*,*,#1048,.F.);
#1390=ORIENTED_EDGE('',*,*,#1049,.F.);
#1391=ORIENTED_EDGE('',*,*,#1050,.T.);
#1392=ORIENTED_EDGE('',*,*,#1012,.F.);
#1393=ORIENTED_EDGE('',*,*,#1050,.F.);
#1394=ORIENTED_EDGE('',*,*,#1011,.F.);
#1395=ORIENTED_EDGE('',*,*,#1051,.T.);
#1396=ORIENTED_EDGE('',*,*,#1052,.F.);
#1397=ORIENTED_EDGE('',*,*,#1051,.F.);
#1398=ORIENTED_EDGE('',*,*,#1010,.F.);
#1399=ORIENTED_EDGE('',*,*,#1053,.T.);
#1400=ORIENTED_EDGE('',*,*,#1054,.F.);
#1401=ORIENTED_EDGE('',*,*,#1053,.F.);
#1402=ORIENTED_EDGE('',*,*,#1009,.F.);
#1403=ORIENTED_EDGE('',*,*,#1055,.T.);
#1404=ORIENTED_EDGE('',*,*,#1056,.F.);
#1405=ORIENTED_EDGE('',*,*,#1055,.F.);
#1406=ORIENTED_EDGE('',*,*,#1057,.F.);
#1407=ORIENTED_EDGE('',*,*,#1058,.T.);
#1408=ORIENTED_EDGE('',*,*,#1002,.F.);
#1409=ORIENTED_EDGE('',*,*,#1058,.F.);
#1410=ORIENTED_EDGE('',*,*,#1059,.F.);
#1411=ORIENTED_EDGE('',*,*,#904,.T.);
#1412=ORIENTED_EDGE('',*,*,#999,.F.);
#1413=ORIENTED_EDGE('',*,*,#1029,.F.);
#1414=ORIENTED_EDGE('',*,*,#1060,.F.);
#1415=ORIENTED_EDGE('',*,*,#1061,.T.);
#1416=ORIENTED_EDGE('',*,*,#995,.F.);
#1417=ORIENTED_EDGE('',*,*,#906,.F.);
#1418=ORIENTED_EDGE('',*,*,#1027,.F.);
#1419=ORIENTED_EDGE('',*,*,#996,.F.);
#1420=ORIENTED_EDGE('',*,*,#1061,.F.);
#1421=ORIENTED_EDGE('',*,*,#1062,.F.);
#1422=ORIENTED_EDGE('',*,*,#1063,.F.);
#1423=ORIENTED_EDGE('',*,*,#1064,.T.);
#1424=ORIENTED_EDGE('',*,*,#1003,.F.);
#1425=ORIENTED_EDGE('',*,*,#1065,.F.);
#1426=ORIENTED_EDGE('',*,*,#1066,.F.);
#1427=ORIENTED_EDGE('',*,*,#1067,.T.);
#1428=ORIENTED_EDGE('',*,*,#1004,.F.);
#1429=ORIENTED_EDGE('',*,*,#1064,.F.);
#1430=ORIENTED_EDGE('',*,*,#1068,.F.);
#1431=ORIENTED_EDGE('',*,*,#1069,.T.);
#1432=ORIENTED_EDGE('',*,*,#1005,.F.);
#1433=ORIENTED_EDGE('',*,*,#1067,.F.);
#1434=ORIENTED_EDGE('',*,*,#1070,.F.);
#1435=ORIENTED_EDGE('',*,*,#1065,.T.);
#1436=ORIENTED_EDGE('',*,*,#1006,.F.);
#1437=ORIENTED_EDGE('',*,*,#1069,.F.);
#1438=ORIENTED_EDGE('',*,*,#1032,.F.);
#1439=ORIENTED_EDGE('',*,*,#991,.F.);
#1440=ORIENTED_EDGE('',*,*,#1071,.F.);
#1441=ORIENTED_EDGE('',*,*,#1072,.F.);
#1442=ORIENTED_EDGE('',*,*,#1073,.F.);
#1443=ORIENTED_EDGE('',*,*,#908,.T.);
#1444=ORIENTED_EDGE('',*,*,#994,.F.);
#1445=ORIENTED_EDGE('',*,*,#1034,.F.);
#1446=ORIENTED_EDGE('',*,*,#1074,.F.);
#1447=ORIENTED_EDGE('',*,*,#1071,.T.);
#1448=ORIENTED_EDGE('',*,*,#990,.F.);
#1449=ORIENTED_EDGE('',*,*,#910,.F.);
#1450=ORIENTED_EDGE('',*,*,#1075,.F.);
#1451=ORIENTED_EDGE('',*,*,#1076,.T.);
#1452=ORIENTED_EDGE('',*,*,#1007,.F.);
#1453=ORIENTED_EDGE('',*,*,#1076,.F.);
#1454=ORIENTED_EDGE('',*,*,#1077,.F.);
#1455=ORIENTED_EDGE('',*,*,#902,.F.);
#1456=ORIENTED_EDGE('',*,*,#1078,.F.);
#1457=ORIENTED_EDGE('',*,*,#1079,.F.);
#1458=ORIENTED_EDGE('',*,*,#1077,.T.);
#1459=ORIENTED_EDGE('',*,*,#1080,.T.);
#1460=ORIENTED_EDGE('',*,*,#1081,.F.);
#1461=ORIENTED_EDGE('',*,*,#1082,.F.);
#1462=ORIENTED_EDGE('',*,*,#1083,.F.);
#1463=ORIENTED_EDGE('',*,*,#1084,.F.);
#1464=ORIENTED_EDGE('',*,*,#1085,.F.);
#1465=ORIENTED_EDGE('',*,*,#912,.F.);
#1466=ORIENTED_EDGE('',*,*,#1083,.T.);
#1467=ORIENTED_EDGE('',*,*,#1086,.T.);
#1468=ORIENTED_EDGE('',*,*,#1087,.F.);
#1469=ORIENTED_EDGE('',*,*,#1088,.F.);
#1470=ORIENTED_EDGE('',*,*,#955,.T.);
#1471=ORIENTED_EDGE('',*,*,#1000,.T.);
#1472=ORIENTED_EDGE('',*,*,#1082,.T.);
#1473=ORIENTED_EDGE('',*,*,#1089,.F.);
#1474=ORIENTED_EDGE('',*,*,#985,.F.);
#1475=ORIENTED_EDGE('',*,*,#969,.T.);
#1476=ORIENTED_EDGE('',*,*,#967,.T.);
#1477=ORIENTED_EDGE('',*,*,#1001,.T.);
#1478=ORIENTED_EDGE('',*,*,#950,.T.);
#1479=ORIENTED_EDGE('',*,*,#957,.T.);
#1480=ORIENTED_EDGE('',*,*,#1090,.F.);
#1481=ORIENTED_EDGE('',*,*,#1091,.T.);
#1482=ORIENTED_EDGE('',*,*,#1008,.T.);
#1483=ORIENTED_EDGE('',*,*,#1091,.F.);
#1484=ORIENTED_EDGE('',*,*,#945,.T.);
#1485=ORIENTED_EDGE('',*,*,#987,.T.);
#1486=ORIENTED_EDGE('',*,*,#1092,.F.);
#1487=ORIENTED_EDGE('',*,*,#1086,.F.);
#1488=ORIENTED_EDGE('',*,*,#989,.T.);
#1489=ORIENTED_EDGE('',*,*,#975,.T.);
#1490=ORIENTED_EDGE('',*,*,#982,.T.);
#1491=ORIENTED_EDGE('',*,*,#980,.T.);
#1492=ORIENTED_EDGE('',*,*,#988,.T.);
#1493=ORIENTED_EDGE('',*,*,#937,.T.);
#1494=ORIENTED_EDGE('',*,*,#1093,.F.);
#1495=ORIENTED_EDGE('',*,*,#1094,.F.);
#1496=ORIENTED_EDGE('',*,*,#1095,.F.);
#1497=ORIENTED_EDGE('',*,*,#914,.F.);
#1498=ORIENTED_EDGE('',*,*,#1096,.F.);
#1499=ORIENTED_EDGE('',*,*,#1097,.F.);
#1500=ORIENTED_EDGE('',*,*,#1098,.F.);
#1501=ORIENTED_EDGE('',*,*,#1099,.F.);
#1502=ORIENTED_EDGE('',*,*,#1100,.T.);
#1503=ORIENTED_EDGE('',*,*,#1101,.F.);
#1504=ORIENTED_EDGE('',*,*,#1102,.F.);
#1505=ORIENTED_EDGE('',*,*,#1103,.T.);
#1506=ORIENTED_EDGE('',*,*,#1104,.T.);
#1507=ORIENTED_EDGE('',*,*,#1105,.F.);
#1508=ORIENTED_EDGE('',*,*,#1106,.F.);
#1509=ORIENTED_EDGE('',*,*,#1097,.T.);
#1510=ORIENTED_EDGE('',*,*,#1107,.T.);
#1511=ORIENTED_EDGE('',*,*,#1108,.F.);
#1512=ORIENTED_EDGE('',*,*,#1109,.F.);
#1513=ORIENTED_EDGE('',*,*,#1110,.T.);
#1514=ORIENTED_EDGE('',*,*,#1096,.T.);
#1515=ORIENTED_EDGE('',*,*,#1111,.T.);
#1516=ORIENTED_EDGE('',*,*,#1093,.T.);
#1517=ORIENTED_EDGE('',*,*,#913,.T.);
#1518=ORIENTED_EDGE('',*,*,#1085,.T.);
#1519=ORIENTED_EDGE('',*,*,#1112,.T.);
#1520=ORIENTED_EDGE('',*,*,#1113,.T.);
#1521=ORIENTED_EDGE('',*,*,#1114,.T.);
#1522=ORIENTED_EDGE('',*,*,#1115,.F.);
#1523=ORIENTED_EDGE('',*,*,#1107,.F.);
#1524=ORIENTED_EDGE('',*,*,#1098,.T.);
#1525=ORIENTED_EDGE('',*,*,#1106,.T.);
#1526=ORIENTED_EDGE('',*,*,#1116,.F.);
#1527=ORIENTED_EDGE('',*,*,#1117,.F.);
#1528=ORIENTED_EDGE('',*,*,#1118,.T.);
#1529=ORIENTED_EDGE('',*,*,#1119,.F.);
#1530=ORIENTED_EDGE('',*,*,#1078,.T.);
#1531=ORIENTED_EDGE('',*,*,#915,.F.);
#1532=ORIENTED_EDGE('',*,*,#1095,.T.);
#1533=ORIENTED_EDGE('',*,*,#1120,.F.);
#1534=ORIENTED_EDGE('',*,*,#1094,.T.);
#1535=ORIENTED_EDGE('',*,*,#1111,.F.);
#1536=ORIENTED_EDGE('',*,*,#1099,.T.);
#1537=ORIENTED_EDGE('',*,*,#1120,.T.);
#1538=ORIENTED_EDGE('',*,*,#1121,.F.);
#1539=ORIENTED_EDGE('',*,*,#1103,.F.);
#1540=ORIENTED_EDGE('',*,*,#1122,.F.);
#1541=ORIENTED_EDGE('',*,*,#1110,.F.);
#1542=ORIENTED_EDGE('',*,*,#1123,.F.);
#1543=ORIENTED_EDGE('',*,*,#1124,.F.);
#1544=ORIENTED_EDGE('',*,*,#1121,.T.);
#1545=ORIENTED_EDGE('',*,*,#1109,.T.);
#1546=ORIENTED_EDGE('',*,*,#1125,.F.);
#1547=ORIENTED_EDGE('',*,*,#1104,.F.);
#1548=ORIENTED_EDGE('',*,*,#1126,.F.);
#1549=ORIENTED_EDGE('',*,*,#1127,.T.);
#1550=ORIENTED_EDGE('',*,*,#1124,.T.);
#1551=ORIENTED_EDGE('',*,*,#1127,.F.);
#1552=ORIENTED_EDGE('',*,*,#1128,.F.);
#1553=ORIENTED_EDGE('',*,*,#1129,.T.);
#1554=ORIENTED_EDGE('',*,*,#1123,.T.);
#1555=ORIENTED_EDGE('',*,*,#1129,.F.);
#1556=ORIENTED_EDGE('',*,*,#1122,.T.);
#1557=ORIENTED_EDGE('',*,*,#1102,.T.);
#1558=ORIENTED_EDGE('',*,*,#1130,.F.);
#1559=ORIENTED_EDGE('',*,*,#1100,.F.);
#1560=ORIENTED_EDGE('',*,*,#1113,.F.);
#1561=ORIENTED_EDGE('',*,*,#1131,.F.);
#1562=ORIENTED_EDGE('',*,*,#1118,.F.);
#1563=ORIENTED_EDGE('',*,*,#1132,.F.);
#1564=ORIENTED_EDGE('',*,*,#1133,.F.);
#1565=ORIENTED_EDGE('',*,*,#1134,.F.);
#1566=ORIENTED_EDGE('',*,*,#1131,.T.);
#1567=ORIENTED_EDGE('',*,*,#1112,.F.);
#1568=ORIENTED_EDGE('',*,*,#1084,.T.);
#1569=ORIENTED_EDGE('',*,*,#1088,.T.);
#1570=ORIENTED_EDGE('',*,*,#1135,.F.);
#1571=ORIENTED_EDGE('',*,*,#1080,.F.);
#1572=ORIENTED_EDGE('',*,*,#1079,.T.);
#1573=ORIENTED_EDGE('',*,*,#1119,.T.);
#1574=ORIENTED_EDGE('',*,*,#1136,.F.);
#1575=ORIENTED_EDGE('',*,*,#1137,.T.);
#1576=ORIENTED_EDGE('',*,*,#1134,.T.);
#1577=ORIENTED_EDGE('',*,*,#1137,.F.);
#1578=ORIENTED_EDGE('',*,*,#1138,.F.);
#1579=ORIENTED_EDGE('',*,*,#1139,.T.);
#1580=ORIENTED_EDGE('',*,*,#1133,.T.);
#1581=ORIENTED_EDGE('',*,*,#1139,.F.);
#1582=ORIENTED_EDGE('',*,*,#1132,.T.);
#1583=ORIENTED_EDGE('',*,*,#1117,.T.);
#1584=ORIENTED_EDGE('',*,*,#1140,.F.);
#1585=ORIENTED_EDGE('',*,*,#1114,.F.);
#1586=ORIENTED_EDGE('',*,*,#1135,.T.);
#1587=ORIENTED_EDGE('',*,*,#1087,.T.);
#1588=ORIENTED_EDGE('',*,*,#1092,.T.);
#1589=ORIENTED_EDGE('',*,*,#986,.T.);
#1590=ORIENTED_EDGE('',*,*,#1089,.T.);
#1591=ORIENTED_EDGE('',*,*,#1081,.T.);
#1592=ORIENTED_EDGE('',*,*,#1020,.T.);
#1593=ORIENTED_EDGE('',*,*,#1022,.T.);
#1594=ORIENTED_EDGE('',*,*,#1024,.T.);
#1595=ORIENTED_EDGE('',*,*,#1036,.T.);
#1596=ORIENTED_EDGE('',*,*,#1038,.T.);
#1597=ORIENTED_EDGE('',*,*,#1040,.T.);
#1598=ORIENTED_EDGE('',*,*,#1042,.T.);
#1599=ORIENTED_EDGE('',*,*,#1043,.T.);
#1600=ORIENTED_EDGE('',*,*,#1045,.T.);
#1601=ORIENTED_EDGE('',*,*,#1047,.T.);
#1602=ORIENTED_EDGE('',*,*,#1049,.T.);
#1603=ORIENTED_EDGE('',*,*,#1052,.T.);
#1604=ORIENTED_EDGE('',*,*,#1054,.T.);
#1605=ORIENTED_EDGE('',*,*,#1056,.T.);
#1606=ORIENTED_EDGE('',*,*,#1057,.T.);
#1607=ORIENTED_EDGE('',*,*,#1028,.T.);
#1608=ORIENTED_EDGE('',*,*,#1025,.F.);
#1609=ORIENTED_EDGE('',*,*,#1062,.T.);
#1610=ORIENTED_EDGE('',*,*,#1060,.T.);
#1611=ORIENTED_EDGE('',*,*,#905,.T.);
#1612=ORIENTED_EDGE('',*,*,#1059,.T.);
#1613=ORIENTED_EDGE('',*,*,#1063,.T.);
#1614=ORIENTED_EDGE('',*,*,#1070,.T.);
#1615=ORIENTED_EDGE('',*,*,#1068,.T.);
#1616=ORIENTED_EDGE('',*,*,#1066,.T.);
#1617=ORIENTED_EDGE('',*,*,#1072,.T.);
#1618=ORIENTED_EDGE('',*,*,#1074,.T.);
#1619=ORIENTED_EDGE('',*,*,#909,.T.);
#1620=ORIENTED_EDGE('',*,*,#1073,.T.);
#1621=ORIENTED_EDGE('',*,*,#1033,.T.);
#1622=ORIENTED_EDGE('',*,*,#1030,.F.);
#1623=ORIENTED_EDGE('',*,*,#1075,.T.);
#1624=ORIENTED_EDGE('',*,*,#1090,.T.);
#1625=ORIENTED_EDGE('',*,*,#1140,.T.);
#1626=ORIENTED_EDGE('',*,*,#1116,.T.);
#1627=ORIENTED_EDGE('',*,*,#1105,.T.);
#1628=ORIENTED_EDGE('',*,*,#1125,.T.);
#1629=ORIENTED_EDGE('',*,*,#1108,.T.);
#1630=ORIENTED_EDGE('',*,*,#1115,.T.);
#1631=ORIENTED_EDGE('',*,*,#1126,.T.);
#1632=ORIENTED_EDGE('',*,*,#1128,.T.);
#1633=ORIENTED_EDGE('',*,*,#1130,.T.);
#1634=ORIENTED_EDGE('',*,*,#1101,.T.);
#1635=ORIENTED_EDGE('',*,*,#1138,.T.);
#1636=ORIENTED_EDGE('',*,*,#1136,.T.);
#1637=PLANE('',#1788);
#1638=PLANE('',#1790);
#1639=PLANE('',#1792);
#1640=PLANE('',#1794);
#1641=PLANE('',#1810);
#1642=PLANE('',#1811);
#1643=PLANE('',#1812);
#1644=PLANE('',#1813);
#1645=PLANE('',#1814);
#1646=PLANE('',#1815);
#1647=PLANE('',#1816);
#1648=PLANE('',#1817);
#1649=PLANE('',#1818);
#1650=PLANE('',#1822);
#1651=PLANE('',#1823);
#1652=PLANE('',#1826);
#1653=PLANE('',#1830);
#1654=PLANE('',#1831);
#1655=PLANE('',#1833);
#1656=PLANE('',#1837);
#1657=PLANE('',#1838);
#1658=PLANE('',#1841);
#1659=PLANE('',#1845);
#1660=PLANE('',#1846);
#1661=PLANE('',#1850);
#1662=PLANE('',#1874);
#1663=PLANE('',#1877);
#1664=PLANE('',#1902);
#1665=PLANE('',#1903);
#1666=PLANE('',#1904);
#1667=PLANE('',#1905);
#1668=PLANE('',#1906);
#1669=PLANE('',#1907);
#1670=PLANE('',#1908);
#1671=PLANE('',#1909);
#1672=PLANE('',#1910);
#1673=PLANE('',#1911);
#1674=PLANE('',#1914);
#1675=PLANE('',#1917);
#1676=PLANE('',#1920);
#1677=PLANE('',#1923);
#1678=PLANE('',#1924);
#1679=PLANE('',#1926);
#1680=PLANE('',#1935);
#1681=PLANE('',#1936);
#1682=PLANE('',#1938);
#1683=PLANE('',#1941);
#1684=PLANE('',#1946);
#1685=PLANE('',#1947);
#1686=PLANE('',#1950);
#1687=PLANE('',#1955);
#1688=PLANE('',#1956);
#1689=ADVANCED_FACE('',(#172),#1637,.F.);
#1690=ADVANCED_FACE('',(#173),#1638,.F.);
#1691=ADVANCED_FACE('',(#174),#1639,.F.);
#1692=ADVANCED_FACE('',(#175),#1640,.F.);
#1693=ADVANCED_FACE('',(#176,#18,#19,#20),#69,.T.);
#1694=ADVANCED_FACE('',(#177),#1641,.F.);
#1695=ADVANCED_FACE('',(#178),#1642,.F.);
#1696=ADVANCED_FACE('',(#179),#1643,.T.);
#1697=ADVANCED_FACE('',(#180),#1644,.F.);
#1698=ADVANCED_FACE('',(#181),#1645,.F.);
#1699=ADVANCED_FACE('',(#182),#1646,.F.);
#1700=ADVANCED_FACE('',(#183),#1647,.T.);
#1701=ADVANCED_FACE('',(#184),#1648,.F.);
#1702=ADVANCED_FACE('',(#185),#1649,.F.);
#1703=ADVANCED_FACE('',(#186),#70,.F.);
#1704=ADVANCED_FACE('',(#187),#1650,.F.);
#1705=ADVANCED_FACE('',(#188,#21),#1651,.T.);
#1706=ADVANCED_FACE('',(#189),#1652,.F.);
#1707=ADVANCED_FACE('',(#190),#71,.F.);
#1708=ADVANCED_FACE('',(#191),#1653,.F.);
#1709=ADVANCED_FACE('',(#192,#22),#1654,.T.);
#1710=ADVANCED_FACE('',(#193),#1655,.F.);
#1711=ADVANCED_FACE('',(#194),#72,.F.);
#1712=ADVANCED_FACE('',(#195),#1656,.F.);
#1713=ADVANCED_FACE('',(#196,#23),#1657,.T.);
#1714=ADVANCED_FACE('',(#197),#1658,.F.);
#1715=ADVANCED_FACE('',(#198),#73,.F.);
#1716=ADVANCED_FACE('',(#199),#1659,.F.);
#1717=ADVANCED_FACE('',(#200,#24),#1660,.T.);
#1718=ADVANCED_FACE('',(#201),#15,.F.);
#1719=ADVANCED_FACE('',(#202,#25,#26,#27,#28,#29,#30,#31,#32,#33,#34,#35,
#36,#37,#38),#1661,.F.);
#1720=ADVANCED_FACE('',(#203),#74,.F.);
#1721=ADVANCED_FACE('',(#204),#75,.F.);
#1722=ADVANCED_FACE('',(#205),#76,.F.);
#1723=ADVANCED_FACE('',(#206),#77,.F.);
#1724=ADVANCED_FACE('',(#207),#1662,.F.);
#1725=ADVANCED_FACE('',(#208),#78,.F.);
#1726=ADVANCED_FACE('',(#209),#1663,.F.);
#1727=ADVANCED_FACE('',(#210),#79,.F.);
#1728=ADVANCED_FACE('',(#211),#80,.F.);
#1729=ADVANCED_FACE('',(#212),#81,.F.);
#1730=ADVANCED_FACE('',(#213),#82,.F.);
#1731=ADVANCED_FACE('',(#214),#83,.F.);
#1732=ADVANCED_FACE('',(#215),#84,.F.);
#1733=ADVANCED_FACE('',(#216),#85,.F.);
#1734=ADVANCED_FACE('',(#217),#86,.F.);
#1735=ADVANCED_FACE('',(#218),#87,.F.);
#1736=ADVANCED_FACE('',(#219),#88,.F.);
#1737=ADVANCED_FACE('',(#220),#89,.F.);
#1738=ADVANCED_FACE('',(#221),#90,.F.);
#1739=ADVANCED_FACE('',(#222),#1664,.F.);
#1740=ADVANCED_FACE('',(#223),#1665,.F.);
#1741=ADVANCED_FACE('',(#224),#1666,.F.);
#1742=ADVANCED_FACE('',(#225),#1667,.F.);
#1743=ADVANCED_FACE('',(#226),#1668,.F.);
#1744=ADVANCED_FACE('',(#227),#1669,.F.);
#1745=ADVANCED_FACE('',(#228),#1670,.F.);
#1746=ADVANCED_FACE('',(#229),#1671,.F.);
#1747=ADVANCED_FACE('',(#230),#1672,.F.);
#1748=ADVANCED_FACE('',(#231),#1673,.F.);
#1749=ADVANCED_FACE('',(#232),#91,.F.);
#1750=ADVANCED_FACE('',(#233),#1674,.F.);
#1751=ADVANCED_FACE('',(#234),#16,.F.);
#1752=ADVANCED_FACE('',(#235),#1675,.F.);
#1753=ADVANCED_FACE('',(#236),#17,.F.);
#1754=ADVANCED_FACE('',(#237),#1676,.T.);
#1755=ADVANCED_FACE('',(#238),#92,.F.);
#1756=ADVANCED_FACE('',(#239),#1677,.T.);
#1757=ADVANCED_FACE('',(#240),#1678,.F.);
#1758=ADVANCED_FACE('',(#241),#1679,.F.);
#1759=ADVANCED_FACE('',(#242),#93,.F.);
#1760=ADVANCED_FACE('',(#243),#1680,.T.);
#1761=ADVANCED_FACE('',(#244),#1681,.T.);
#1762=ADVANCED_FACE('',(#245),#94,.T.);
#1763=ADVANCED_FACE('',(#246,#39,#40),#1682,.F.);
#1764=ADVANCED_FACE('',(#247),#1683,.T.);
#1765=ADVANCED_FACE('',(#248),#95,.F.);
#1766=ADVANCED_FACE('',(#249),#96,.F.);
#1767=ADVANCED_FACE('',(#250),#1684,.T.);
#1768=ADVANCED_FACE('',(#251,#41,#42),#1685,.F.);
#1769=ADVANCED_FACE('',(#252),#1686,.T.);
#1770=ADVANCED_FACE('',(#253),#97,.F.);
#1771=ADVANCED_FACE('',(#254),#98,.F.);
#1772=ADVANCED_FACE('',(#255),#1687,.T.);
#1773=ADVANCED_FACE('',(#256,#43,#44,#45,#46,#47,#48,#49,#50,#51,#52,#53,
#54,#55,#56,#57,#58,#59,#60,#61,#62,#63,#64,#65,#66,#67,#68),#1688,.T.);
#1774=CLOSED_SHELL('',(#1689,#1690,#1691,#1692,#1693,#1694,#1695,#1696,
#1697,#1698,#1699,#1700,#1701,#1702,#1703,#1704,#1705,#1706,#1707,#1708,
#1709,#1710,#1711,#1712,#1713,#1714,#1715,#1716,#1717,#1718,#1719,#1720,
#1721,#1722,#1723,#1724,#1725,#1726,#1727,#1728,#1729,#1730,#1731,#1732,
#1733,#1734,#1735,#1736,#1737,#1738,#1739,#1740,#1741,#1742,#1743,#1744,
#1745,#1746,#1747,#1748,#1749,#1750,#1751,#1752,#1753,#1754,#1755,#1756,
#1757,#1758,#1759,#1760,#1761,#1762,#1763,#1764,#1765,#1766,#1767,#1768,
#1769,#1770,#1771,#1772,#1773));
#1775=DERIVED_UNIT_ELEMENT(#1777,1.);
#1776=DERIVED_UNIT_ELEMENT(#2980,-3.);
#1777=(
MASS_UNIT()
NAMED_UNIT(*)
SI_UNIT(.KILO.,.GRAM.)
);
#1778=DERIVED_UNIT((#1775,#1776));
#1779=MEASURE_REPRESENTATION_ITEM('density measure',
POSITIVE_RATIO_MEASURE(7850.),#1778);
#1780=PROPERTY_DEFINITION_REPRESENTATION(#1785,#1782);
#1781=PROPERTY_DEFINITION_REPRESENTATION(#1786,#1783);
#1782=REPRESENTATION('material name',(#1784),#2977);
#1783=REPRESENTATION('density',(#1779),#2977);
#1784=DESCRIPTIVE_REPRESENTATION_ITEM('Steel','Steel');
#1785=PROPERTY_DEFINITION('material property','material name',#2987);
#1786=PROPERTY_DEFINITION('material property','density of part',#2987);
#1787=AXIS2_PLACEMENT_3D('',#2458,#1957,#1958);
#1788=AXIS2_PLACEMENT_3D('',#2459,#1959,#1960);
#1789=AXIS2_PLACEMENT_3D('',#2462,#1961,#1962);
#1790=AXIS2_PLACEMENT_3D('',#2468,#1966,#1967);
#1791=AXIS2_PLACEMENT_3D('',#2470,#1968,#1969);
#1792=AXIS2_PLACEMENT_3D('',#2474,#1972,#1973);
#1793=AXIS2_PLACEMENT_3D('',#2475,#1974,#1975);
#1794=AXIS2_PLACEMENT_3D('',#2477,#1977,#1978);
#1795=AXIS2_PLACEMENT_3D('',#2478,#1979,#1980);
#1796=AXIS2_PLACEMENT_3D('',#2481,#1981,#1982);
#1797=AXIS2_PLACEMENT_3D('',#2483,#1983,#1984);
#1798=AXIS2_PLACEMENT_3D('',#2487,#1986,#1987);
#1799=AXIS2_PLACEMENT_3D('',#2491,#1989,#1990);
#1800=AXIS2_PLACEMENT_3D('',#2495,#1992,#1993);
#1801=AXIS2_PLACEMENT_3D('',#2499,#1995,#1996);
#1802=AXIS2_PLACEMENT_3D('',#2501,#1997,#1998);
#1803=AXIS2_PLACEMENT_3D('',#2505,#2000,#2001);
#1804=AXIS2_PLACEMENT_3D('',#2509,#2003,#2004);
#1805=AXIS2_PLACEMENT_3D('',#2511,#2005,#2006);
#1806=AXIS2_PLACEMENT_3D('',#2512,#2007,#2008);
#1807=AXIS2_PLACEMENT_3D('',#2515,#2009,#2010);
#1808=AXIS2_PLACEMENT_3D('',#2517,#2011,#2012);
#1809=AXIS2_PLACEMENT_3D('',#2518,#2013,#2014);
#1810=AXIS2_PLACEMENT_3D('',#2519,#2015,#2016);
#1811=AXIS2_PLACEMENT_3D('',#2525,#2020,#2021);
#1812=AXIS2_PLACEMENT_3D('',#2529,#2024,#2025);
#1813=AXIS2_PLACEMENT_3D('',#2531,#2027,#2028);
#1814=AXIS2_PLACEMENT_3D('',#2532,#2029,#2030);
#1815=AXIS2_PLACEMENT_3D('',#2538,#2034,#2035);
#1816=AXIS2_PLACEMENT_3D('',#2542,#2038,#2039);
#1817=AXIS2_PLACEMENT_3D('',#2544,#2041,#2042);
#1818=AXIS2_PLACEMENT_3D('',#2545,#2043,#2044);
#1819=AXIS2_PLACEMENT_3D('',#2554,#2049,#2050);
#1820=AXIS2_PLACEMENT_3D('',#2556,#2051,#2052);
#1821=AXIS2_PLACEMENT_3D('',#2559,#2054,#2055);
#1822=AXIS2_PLACEMENT_3D('',#2560,#2056,#2057);
#1823=AXIS2_PLACEMENT_3D('',#2566,#2061,#2062);
#1824=AXIS2_PLACEMENT_3D('',#2568,#2063,#2064);
#1825=AXIS2_PLACEMENT_3D('',#2571,#2066,#2067);
#1826=AXIS2_PLACEMENT_3D('',#2572,#2068,#2069);
#1827=AXIS2_PLACEMENT_3D('',#2581,#2074,#2075);
#1828=AXIS2_PLACEMENT_3D('',#2583,#2076,#2077);
#1829=AXIS2_PLACEMENT_3D('',#2586,#2079,#2080);
#1830=AXIS2_PLACEMENT_3D('',#2587,#2081,#2082);
#1831=AXIS2_PLACEMENT_3D('',#2593,#2086,#2087);
#1832=AXIS2_PLACEMENT_3D('',#2596,#2089,#2090);
#1833=AXIS2_PLACEMENT_3D('',#2597,#2091,#2092);
#1834=AXIS2_PLACEMENT_3D('',#2606,#2097,#2098);
#1835=AXIS2_PLACEMENT_3D('',#2608,#2099,#2100);
#1836=AXIS2_PLACEMENT_3D('',#2611,#2102,#2103);
#1837=AXIS2_PLACEMENT_3D('',#2612,#2104,#2105);
#1838=AXIS2_PLACEMENT_3D('',#2618,#2109,#2110);
#1839=AXIS2_PLACEMENT_3D('',#2621,#2112,#2113);
#1840=AXIS2_PLACEMENT_3D('',#2623,#2114,#2115);
#1841=AXIS2_PLACEMENT_3D('',#2624,#2116,#2117);
#1842=AXIS2_PLACEMENT_3D('',#2633,#2122,#2123);
#1843=AXIS2_PLACEMENT_3D('',#2635,#2124,#2125);
#1844=AXIS2_PLACEMENT_3D('',#2638,#2127,#2128);
#1845=AXIS2_PLACEMENT_3D('',#2639,#2129,#2130);
#1846=AXIS2_PLACEMENT_3D('',#2645,#2134,#2135);
#1847=AXIS2_PLACEMENT_3D('',#2648,#2137,#2138);
#1848=AXIS2_PLACEMENT_3D('',#2659,#2139,#2140);
#1849=AXIS2_PLACEMENT_3D('',#2663,#2142,#2143);
#1850=AXIS2_PLACEMENT_3D('',#2665,#2145,#2146);
#1851=AXIS2_PLACEMENT_3D('',#2673,#2151,#2152);
#1852=AXIS2_PLACEMENT_3D('',#2682,#2157,#2158);
#1853=AXIS2_PLACEMENT_3D('',#2689,#2163,#2164);
#1854=AXIS2_PLACEMENT_3D('',#2699,#2169,#2170);
#1855=AXIS2_PLACEMENT_3D('',#2701,#2171,#2172);
#1856=AXIS2_PLACEMENT_3D('',#2703,#2173,#2174);
#1857=AXIS2_PLACEMENT_3D('',#2705,#2175,#2176);
#1858=AXIS2_PLACEMENT_3D('',#2707,#2177,#2178);
#1859=AXIS2_PLACEMENT_3D('',#2709,#2179,#2180);
#1860=AXIS2_PLACEMENT_3D('',#2711,#2181,#2182);
#1861=AXIS2_PLACEMENT_3D('',#2713,#2183,#2184);
#1862=AXIS2_PLACEMENT_3D('',#2715,#2185,#2186);
#1863=AXIS2_PLACEMENT_3D('',#2717,#2187,#2188);
#1864=AXIS2_PLACEMENT_3D('',#2719,#2189,#2190);
#1865=AXIS2_PLACEMENT_3D('',#2721,#2191,#2192);
#1866=AXIS2_PLACEMENT_3D('',#2722,#2193,#2194);
#1867=AXIS2_PLACEMENT_3D('',#2725,#2196,#2197);
#1868=AXIS2_PLACEMENT_3D('',#2726,#2198,#2199);
#1869=AXIS2_PLACEMENT_3D('',#2729,#2201,#2202);
#1870=AXIS2_PLACEMENT_3D('',#2730,#2203,#2204);
#1871=AXIS2_PLACEMENT_3D('',#2733,#2206,#2207);
#1872=AXIS2_PLACEMENT_3D('',#2734,#2208,#2209);
#1873=AXIS2_PLACEMENT_3D('',#2737,#2210,#2211);
#1874=AXIS2_PLACEMENT_3D('',#2740,#2214,#2215);
#1875=AXIS2_PLACEMENT_3D('',#2744,#2218,#2219);
#1876=AXIS2_PLACEMENT_3D('',#2747,#2220,#2221);
#1877=AXIS2_PLACEMENT_3D('',#2750,#2224,#2225);
#1878=AXIS2_PLACEMENT_3D('',#2754,#2228,#2229);
#1879=AXIS2_PLACEMENT_3D('',#2757,#2231,#2232);
#1880=AXIS2_PLACEMENT_3D('',#2758,#2233,#2234);
#1881=AXIS2_PLACEMENT_3D('',#2761,#2236,#2237);
#1882=AXIS2_PLACEMENT_3D('',#2762,#2238,#2239);
#1883=AXIS2_PLACEMENT_3D('',#2765,#2241,#2242);
#1884=AXIS2_PLACEMENT_3D('',#2766,#2243,#2244);
#1885=AXIS2_PLACEMENT_3D('',#2769,#2246,#2247);
#1886=AXIS2_PLACEMENT_3D('',#2770,#2248,#2249);
#1887=AXIS2_PLACEMENT_3D('',#2772,#2250,#2251);
#1888=AXIS2_PLACEMENT_3D('',#2774,#2253,#2254);
#1889=AXIS2_PLACEMENT_3D('',#2776,#2255,#2256);
#1890=AXIS2_PLACEMENT_3D('',#2778,#2258,#2259);
#1891=AXIS2_PLACEMENT_3D('',#2780,#2260,#2261);
#1892=AXIS2_PLACEMENT_3D('',#2782,#2263,#2264);
#1893=AXIS2_PLACEMENT_3D('',#2784,#2265,#2266);
#1894=AXIS2_PLACEMENT_3D('',#2786,#2268,#2269);
#1895=AXIS2_PLACEMENT_3D('',#2789,#2271,#2272);
#1896=AXIS2_PLACEMENT_3D('',#2790,#2273,#2274);
#1897=AXIS2_PLACEMENT_3D('',#2793,#2276,#2277);
#1898=AXIS2_PLACEMENT_3D('',#2794,#2278,#2279);
#1899=AXIS2_PLACEMENT_3D('',#2797,#2281,#2282);
#1900=AXIS2_PLACEMENT_3D('',#2798,#2283,#2284);
#1901=AXIS2_PLACEMENT_3D('',#2800,#2285,#2286);
#1902=AXIS2_PLACEMENT_3D('',#2802,#2288,#2289);
#1903=AXIS2_PLACEMENT_3D('',#2804,#2291,#2292);
#1904=AXIS2_PLACEMENT_3D('',#2808,#2295,#2296);
#1905=AXIS2_PLACEMENT_3D('',#2810,#2298,#2299);
#1906=AXIS2_PLACEMENT_3D('',#2816,#2303,#2304);
#1907=AXIS2_PLACEMENT_3D('',#2820,#2307,#2308);
#1908=AXIS2_PLACEMENT_3D('',#2824,#2311,#2312);
#1909=AXIS2_PLACEMENT_3D('',#2826,#2314,#2315);
#1910=AXIS2_PLACEMENT_3D('',#2830,#2318,#2319);
#1911=AXIS2_PLACEMENT_3D('',#2832,#2321,#2322);
#1912=AXIS2_PLACEMENT_3D('',#2834,#2324,#2325);
#1913=AXIS2_PLACEMENT_3D('',#2836,#2326,#2327);
#1914=AXIS2_PLACEMENT_3D('',#2838,#2329,#2330);
#1915=AXIS2_PLACEMENT_3D('',#2840,#2331,#2332);
#1916=AXIS2_PLACEMENT_3D('',#2853,#2336,#2337);
#1917=AXIS2_PLACEMENT_3D('',#2855,#2339,#2340);
#1918=AXIS2_PLACEMENT_3D('',#2857,#2341,#2342);
#1919=AXIS2_PLACEMENT_3D('',#2870,#2346,#2347);
#1920=AXIS2_PLACEMENT_3D('',#2872,#2349,#2350);
#1921=AXIS2_PLACEMENT_3D('',#2874,#2352,#2353);
#1922=AXIS2_PLACEMENT_3D('',#2876,#2354,#2355);
#1923=AXIS2_PLACEMENT_3D('',#2878,#2357,#2358);
#1924=AXIS2_PLACEMENT_3D('',#2880,#2360,#2361);
#1925=AXIS2_PLACEMENT_3D('',#2884,#2363,#2364);
#1926=AXIS2_PLACEMENT_3D('',#2886,#2366,#2367);
#1927=AXIS2_PLACEMENT_3D('',#2891,#2369,#2370);
#1928=AXIS2_PLACEMENT_3D('',#2894,#2372,#2373);
#1929=AXIS2_PLACEMENT_3D('',#2895,#2374,#2375);
#1930=AXIS2_PLACEMENT_3D('',#2900,#2377,#2378);
#1931=AXIS2_PLACEMENT_3D('',#2904,#2380,#2381);
#1932=AXIS2_PLACEMENT_3D('',#2908,#2383,#2384);
#1933=AXIS2_PLACEMENT_3D('',#2913,#2387,#2388);
#1934=AXIS2_PLACEMENT_3D('',#2916,#2390,#2391);
#1935=AXIS2_PLACEMENT_3D('',#2917,#2392,#2393);
#1936=AXIS2_PLACEMENT_3D('',#2926,#2399,#2400);
#1937=AXIS2_PLACEMENT_3D('',#2935,#2406,#2407);
#1938=AXIS2_PLACEMENT_3D('',#2936,#2408,#2409);
#1939=AXIS2_PLACEMENT_3D('',#2940,#2412,#2413);
#1940=AXIS2_PLACEMENT_3D('',#2942,#2414,#2415);
#1941=AXIS2_PLACEMENT_3D('',#2943,#2416,#2417);
#1942=AXIS2_PLACEMENT_3D('',#2945,#2419,#2420);
#1943=AXIS2_PLACEMENT_3D('',#2947,#2421,#2422);
#1944=AXIS2_PLACEMENT_3D('',#2949,#2424,#2425);
#1945=AXIS2_PLACEMENT_3D('',#2951,#2426,#2427);
#1946=AXIS2_PLACEMENT_3D('',#2953,#2429,#2430);
#1947=AXIS2_PLACEMENT_3D('',#2955,#2432,#2433);
#1948=AXIS2_PLACEMENT_3D('',#2959,#2436,#2437);
#1949=AXIS2_PLACEMENT_3D('',#2961,#2438,#2439);
#1950=AXIS2_PLACEMENT_3D('',#2962,#2440,#2441);
#1951=AXIS2_PLACEMENT_3D('',#2964,#2443,#2444);
#1952=AXIS2_PLACEMENT_3D('',#2966,#2445,#2446);
#1953=AXIS2_PLACEMENT_3D('',#2968,#2448,#2449);
#1954=AXIS2_PLACEMENT_3D('',#2970,#2450,#2451);
#1955=AXIS2_PLACEMENT_3D('',#2972,#2453,#2454);
#1956=AXIS2_PLACEMENT_3D('',#2974,#2456,#2457);
#1957=DIRECTION('axis',(0.,0.,1.));
#1958=DIRECTION('refdir',(1.,0.,0.));
#1959=DIRECTION('center_axis',(-0.948683298050514,0.,-0.316227766016838));
#1960=DIRECTION('ref_axis',(0.316227766016838,0.,-0.948683298050514));
#1961=DIRECTION('center_axis',(-0.948683298050514,0.,-0.316227766016838));
#1962=DIRECTION('ref_axis',(0.316227766016838,0.,-0.948683298050514));
#1963=DIRECTION('',(0.,-1.,0.));
#1964=DIRECTION('',(0.316227766016838,0.,-0.948683298050514));
#1965=DIRECTION('',(0.,-1.,0.));
#1966=DIRECTION('center_axis',(0.948683298050514,0.,-0.316227766016838));
#1967=DIRECTION('ref_axis',(0.316227766016838,0.,0.948683298050514));
#1968=DIRECTION('center_axis',(0.948683298050514,0.,-0.316227766016838));
#1969=DIRECTION('ref_axis',(0.316227766016838,0.,0.948683298050514));
#1970=DIRECTION('',(0.316227766016838,0.,0.948683298050514));
#1971=DIRECTION('',(0.,-1.,0.));
#1972=DIRECTION('center_axis',(0.,0.,1.));
#1973=DIRECTION('ref_axis',(-1.,0.,0.));
#1974=DIRECTION('center_axis',(0.,0.,1.));
#1975=DIRECTION('ref_axis',(0.903507902905251,0.428571428571428,0.));
#1976=DIRECTION('',(-1.,0.,0.));
#1977=DIRECTION('center_axis',(0.,-1.,0.));
#1978=DIRECTION('ref_axis',(0.,0.,-1.));
#1979=DIRECTION('center_axis',(0.,0.,1.));
#1980=DIRECTION('ref_axis',(-1.,5.07530525542929E-16,0.));
#1981=DIRECTION('center_axis',(0.,0.,-1.));
#1982=DIRECTION('ref_axis',(0.903507902905251,0.428571428571428,0.));
#1983=DIRECTION('center_axis',(0.,0.,-1.));
#1984=DIRECTION('ref_axis',(0.903507902905251,0.428571428571428,0.));
#1985=DIRECTION('',(0.,0.,-1.));
#1986=DIRECTION('center_axis',(0.,0.,1.));
#1987=DIRECTION('ref_axis',(-0.820651806648289,-0.571428571428572,0.));
#1988=DIRECTION('',(0.,0.,-1.));
#1989=DIRECTION('center_axis',(0.,0.,-1.));
#1990=DIRECTION('ref_axis',(0.903507902905251,0.428571428571428,0.));
#1991=DIRECTION('',(0.,0.,-1.));
#1992=DIRECTION('center_axis',(0.,0.,1.));
#1993=DIRECTION('ref_axis',(-0.714285714285714,0.699854212223765,0.));
#1994=DIRECTION('',(0.,0.,-1.));
#1995=DIRECTION('center_axis',(0.,0.,-1.));
#1996=DIRECTION('ref_axis',(0.903507902905251,0.428571428571428,0.));
#1997=DIRECTION('center_axis',(0.,0.,-1.));
#1998=DIRECTION('ref_axis',(0.903507902905251,0.428571428571428,0.));
#1999=DIRECTION('',(0.,0.,1.));
#2000=DIRECTION('center_axis',(0.,0.,1.));
#2001=DIRECTION('ref_axis',(0.903507902905251,0.428571428571428,0.));
#2002=DIRECTION('',(0.,0.,1.));
#2003=DIRECTION('center_axis',(0.,0.,1.));
#2004=DIRECTION('ref_axis',(0.903507902905251,0.428571428571428,0.));
#2005=DIRECTION('center_axis',(0.948683298050514,0.,-0.316227766016838));
#2006=DIRECTION('ref_axis',(0.316227766016838,0.,0.948683298050514));
#2007=DIRECTION('center_axis',(-0.948683298050514,0.,-0.316227766016838));
#2008=DIRECTION('ref_axis',(0.316227766016838,0.,-0.948683298050514));
#2009=DIRECTION('center_axis',(0.,0.948683298050514,-0.316227766016838));
#2010=DIRECTION('ref_axis',(0.,0.316227766016838,0.948683298050514));
#2011=DIRECTION('center_axis',(0.,0.,1.));
#2012=DIRECTION('ref_axis',(0.903507902905251,0.428571428571428,0.));
#2013=DIRECTION('center_axis',(0.,-0.948683298050514,-0.316227766016838));
#2014=DIRECTION('ref_axis',(0.,0.316227766016838,-0.948683298050514));
#2015=DIRECTION('center_axis',(0.948683298050514,0.,-0.316227766016838));
#2016=DIRECTION('ref_axis',(0.316227766016838,0.,0.948683298050514));
#2017=DIRECTION('',(0.,-1.,0.));
#2018=DIRECTION('',(0.316227766016838,0.,0.948683298050514));
#2019=DIRECTION('',(0.,-1.,0.));
#2020=DIRECTION('center_axis',(-0.948683298050514,0.,-0.316227766016838));
#2021=DIRECTION('ref_axis',(0.316227766016838,0.,-0.948683298050514));
#2022=DIRECTION('',(0.316227766016838,0.,-0.948683298050514));
#2023=DIRECTION('',(0.,-1.,0.));
#2024=DIRECTION('center_axis',(0.,-1.,0.));
#2025=DIRECTION('ref_axis',(0.,0.,-1.));
#2026=DIRECTION('',(-1.,0.,0.));
#2027=DIRECTION('center_axis',(0.,0.,1.));
#2028=DIRECTION('ref_axis',(-1.,0.,0.));
#2029=DIRECTION('center_axis',(0.,0.,1.));
#2030=DIRECTION('ref_axis',(0.,1.,0.));
#2031=DIRECTION('',(-1.,0.,0.));
#2032=DIRECTION('',(0.,1.,0.));
#2033=DIRECTION('',(-1.,0.,0.));
#2034=DIRECTION('center_axis',(0.,-0.948683298050514,-0.316227766016838));
#2035=DIRECTION('ref_axis',(0.,-0.316227766016838,0.948683298050514));
#2036=DIRECTION('',(0.,-0.316227766016838,0.948683298050514));
#2037=DIRECTION('',(-1.,0.,0.));
#2038=DIRECTION('center_axis',(-1.,0.,0.));
#2039=DIRECTION('ref_axis',(0.,0.,1.));
#2040=DIRECTION('',(0.,-0.316227766016838,-0.948683298050514));
#2041=DIRECTION('center_axis',(0.,0.948683298050514,-0.316227766016838));
#2042=DIRECTION('ref_axis',(0.,-0.316227766016838,-0.948683298050514));
#2043=DIRECTION('center_axis',(1.,0.,0.));
#2044=DIRECTION('ref_axis',(0.,1.,0.));
#2045=DIRECTION('',(0.,1.,0.));
#2046=DIRECTION('',(0.,0.,1.));
#2047=DIRECTION('',(0.,1.,0.));
#2048=DIRECTION('',(0.,0.,1.));
#2049=DIRECTION('center_axis',(0.,0.,1.));
#2050=DIRECTION('ref_axis',(1.,0.,0.));
#2051=DIRECTION('center_axis',(0.,0.,1.));
#2052=DIRECTION('ref_axis',(1.,0.,0.));
#2053=DIRECTION('',(0.,0.,1.));
#2054=DIRECTION('center_axis',(0.,0.,1.));
#2055=DIRECTION('ref_axis',(1.,0.,0.));
#2056=DIRECTION('center_axis',(-1.,0.,0.));
#2057=DIRECTION('ref_axis',(0.,-1.,0.));
#2058=DIRECTION('',(0.,-1.,0.));
#2059=DIRECTION('',(0.,0.,-1.));
#2060=DIRECTION('',(0.,-1.,0.));
#2061=DIRECTION('center_axis',(0.,0.,-1.));
#2062=DIRECTION('ref_axis',(1.,0.,0.));
#2063=DIRECTION('center_axis',(0.,0.,1.));
#2064=DIRECTION('ref_axis',(1.,0.,0.));
#2065=DIRECTION('',(-1.,0.,0.));
#2066=DIRECTION('center_axis',(0.,0.,-1.));
#2067=DIRECTION('ref_axis',(1.,0.,0.));
#2068=DIRECTION('center_axis',(-1.,0.,0.));
#2069=DIRECTION('ref_axis',(0.,-1.,0.));
#2070=DIRECTION('',(0.,-1.,0.));
#2071=DIRECTION('',(0.,0.,1.));
#2072=DIRECTION('',(0.,-1.,0.));
#2073=DIRECTION('',(0.,0.,1.));
#2074=DIRECTION('center_axis',(0.,0.,1.));
#2075=DIRECTION('ref_axis',(-1.,0.,0.));
#2076=DIRECTION('center_axis',(0.,0.,1.));
#2077=DIRECTION('ref_axis',(-1.,0.,0.));
#2078=DIRECTION('',(0.,0.,1.));
#2079=DIRECTION('center_axis',(0.,0.,1.));
#2080=DIRECTION('ref_axis',(-1.,0.,0.));
#2081=DIRECTION('center_axis',(1.,-1.11022433157206E-15,0.));
#2082=DIRECTION('ref_axis',(1.11022433157206E-15,1.,0.));
#2083=DIRECTION('',(1.11022433157206E-15,1.,0.));
#2084=DIRECTION('',(0.,0.,-1.));
#2085=DIRECTION('',(1.11022433157206E-15,1.,0.));
#2086=DIRECTION('center_axis',(0.,0.,-1.));
#2087=DIRECTION('ref_axis',(1.,0.,0.));
#2088=DIRECTION('',(1.,0.,0.));
#2089=DIRECTION('center_axis',(0.,0.,-1.));
#2090=DIRECTION('ref_axis',(1.,0.,0.));
#2091=DIRECTION('center_axis',(-1.,0.,0.));
#2092=DIRECTION('ref_axis',(0.,-1.,0.));
#2093=DIRECTION('',(0.,-1.,0.));
#2094=DIRECTION('',(0.,0.,1.));
#2095=DIRECTION('',(0.,-1.,0.));
#2096=DIRECTION('',(0.,0.,1.));
#2097=DIRECTION('center_axis',(0.,0.,1.));
#2098=DIRECTION('ref_axis',(-1.,0.,0.));
#2099=DIRECTION('center_axis',(0.,0.,1.));
#2100=DIRECTION('ref_axis',(-1.,0.,0.));
#2101=DIRECTION('',(0.,0.,1.));
#2102=DIRECTION('center_axis',(0.,0.,1.));
#2103=DIRECTION('ref_axis',(-1.,0.,0.));
#2104=DIRECTION('center_axis',(1.,0.,0.));
#2105=DIRECTION('ref_axis',(0.,1.,0.));
#2106=DIRECTION('',(0.,1.,0.));
#2107=DIRECTION('',(0.,0.,-1.));
#2108=DIRECTION('',(0.,1.,0.));
#2109=DIRECTION('center_axis',(0.,0.,-1.));
#2110=DIRECTION('ref_axis',(1.,0.,0.));
#2111=DIRECTION('',(1.,0.,0.));
#2112=DIRECTION('center_axis',(0.,0.,1.));
#2113=DIRECTION('ref_axis',(1.,0.,0.));
#2114=DIRECTION('center_axis',(0.,0.,-1.));
#2115=DIRECTION('ref_axis',(1.,0.,0.));
#2116=DIRECTION('center_axis',(1.,1.11022226361951E-15,0.));
#2117=DIRECTION('ref_axis',(-1.11022226361951E-15,1.,0.));
#2118=DIRECTION('',(-1.11022226361951E-15,1.,0.));
#2119=DIRECTION('',(0.,0.,1.));
#2120=DIRECTION('',(-1.11022226361951E-15,1.,0.));
#2121=DIRECTION('',(0.,0.,1.));
#2122=DIRECTION('center_axis',(0.,0.,1.));
#2123=DIRECTION('ref_axis',(1.,0.,0.));
#2124=DIRECTION('center_axis',(0.,0.,1.));
#2125=DIRECTION('ref_axis',(1.,0.,0.));
#2126=DIRECTION('',(0.,0.,1.));
#2127=DIRECTION('center_axis',(0.,0.,1.));
#2128=DIRECTION('ref_axis',(1.,0.,0.));
#2129=DIRECTION('center_axis',(-1.,0.,0.));
#2130=DIRECTION('ref_axis',(0.,-1.,0.));
#2131=DIRECTION('',(0.,-1.,0.));
#2132=DIRECTION('',(0.,0.,-1.));
#2133=DIRECTION('',(0.,-1.,0.));
#2134=DIRECTION('center_axis',(0.,0.,-1.));
#2135=DIRECTION('ref_axis',(1.,0.,0.));
#2136=DIRECTION('',(-1.,0.,0.));
#2137=DIRECTION('center_axis',(0.,0.,-1.));
#2138=DIRECTION('ref_axis',(1.,0.,0.));
#2139=DIRECTION('center_axis',(0.,0.,1.));
#2140=DIRECTION('ref_axis',(1.,0.,0.));
#2141=DIRECTION('',(0.,0.,1.));
#2142=DIRECTION('center_axis',(0.,0.,1.));
#2143=DIRECTION('ref_axis',(1.,0.,0.));
#2144=DIRECTION('',(0.,0.,1.));
#2145=DIRECTION('center_axis',(0.,0.,1.));
#2146=DIRECTION('ref_axis',(1.,0.,0.));
#2147=DIRECTION('',(-1.,0.,0.));
#2148=DIRECTION('',(-1.,0.,0.));
#2149=DIRECTION('',(0.,1.,0.));
#2150=DIRECTION('',(-1.,0.,0.));
#2151=DIRECTION('center_axis',(0.,0.,-1.));
#2152=DIRECTION('ref_axis',(-0.707106781186546,0.707106781186549,0.));
#2153=DIRECTION('',(0.,-1.,0.));
#2154=DIRECTION('',(1.,0.,0.));
#2155=DIRECTION('',(-1.,0.,0.));
#2156=DIRECTION('',(0.,-1.,0.));
#2157=DIRECTION('center_axis',(0.,0.,-1.));
#2158=DIRECTION('ref_axis',(-0.707106781186546,-0.707106781186549,0.));
#2159=DIRECTION('',(1.,0.,0.));
#2160=DIRECTION('',(0.,1.,0.));
#2161=DIRECTION('',(1.,0.,0.));
#2162=DIRECTION('',(1.,0.,0.));
#2163=DIRECTION('center_axis',(0.,0.,1.));
#2164=DIRECTION('ref_axis',(-1.,0.,0.));
#2165=DIRECTION('',(1.,0.,0.));
#2166=DIRECTION('',(0.,1.,0.));
#2167=DIRECTION('',(-1.,0.,0.));
#2168=DIRECTION('',(0.,-1.,0.));
#2169=DIRECTION('center_axis',(0.,0.,1.));
#2170=DIRECTION('ref_axis',(-1.,0.,0.));
#2171=DIRECTION('center_axis',(0.,0.,-1.));
#2172=DIRECTION('ref_axis',(1.,0.,0.));
#2173=DIRECTION('center_axis',(0.,0.,1.));
#2174=DIRECTION('ref_axis',(1.,0.,0.));
#2175=DIRECTION('center_axis',(0.,0.,1.));
#2176=DIRECTION('ref_axis',(1.,0.,0.));
#2177=DIRECTION('center_axis',(0.,0.,1.));
#2178=DIRECTION('ref_axis',(1.,0.,0.));
#2179=DIRECTION('center_axis',(0.,0.,1.));
#2180=DIRECTION('ref_axis',(-1.,0.,0.));
#2181=DIRECTION('center_axis',(0.,0.,1.));
#2182=DIRECTION('ref_axis',(-1.,0.,0.));
#2183=DIRECTION('center_axis',(0.,0.,1.));
#2184=DIRECTION('ref_axis',(-1.,0.,0.));
#2185=DIRECTION('center_axis',(0.,0.,1.));
#2186=DIRECTION('ref_axis',(-1.,0.,0.));
#2187=DIRECTION('center_axis',(0.,0.,1.));
#2188=DIRECTION('ref_axis',(1.,0.,0.));
#2189=DIRECTION('center_axis',(0.,0.,1.));
#2190=DIRECTION('ref_axis',(1.,0.,0.));
#2191=DIRECTION('center_axis',(0.,0.,1.));
#2192=DIRECTION('ref_axis',(1.,0.,0.));
#2193=DIRECTION('center_axis',(0.,0.,1.));
#2194=DIRECTION('ref_axis',(1.,0.,0.));
#2195=DIRECTION('',(0.,0.,1.));
#2196=DIRECTION('center_axis',(0.,0.,-1.));
#2197=DIRECTION('ref_axis',(1.,0.,0.));
#2198=DIRECTION('center_axis',(0.,0.,1.));
#2199=DIRECTION('ref_axis',(1.,0.,0.));
#2200=DIRECTION('',(0.,0.,1.));
#2201=DIRECTION('center_axis',(0.,0.,-1.));
#2202=DIRECTION('ref_axis',(1.,0.,0.));
#2203=DIRECTION('center_axis',(0.,0.,1.));
#2204=DIRECTION('ref_axis',(1.,0.,0.));
#2205=DIRECTION('',(0.,0.,1.));
#2206=DIRECTION('center_axis',(0.,0.,-1.));
#2207=DIRECTION('ref_axis',(1.,0.,0.));
#2208=DIRECTION('center_axis',(0.,0.,-1.));
#2209=DIRECTION('ref_axis',(-0.707106781186546,-0.707106781186549,0.));
#2210=DIRECTION('center_axis',(0.,0.,1.));
#2211=DIRECTION('ref_axis',(-0.707106781186546,-0.707106781186549,0.));
#2212=DIRECTION('',(0.,0.,-1.));
#2213=DIRECTION('',(0.,0.,1.));
#2214=DIRECTION('center_axis',(0.,-1.,0.));
#2215=DIRECTION('ref_axis',(-1.,0.,0.));
#2216=DIRECTION('',(-1.,0.,0.));
#2217=DIRECTION('',(0.,0.,-1.));
#2218=DIRECTION('center_axis',(0.,0.,-1.));
#2219=DIRECTION('ref_axis',(-0.707106781186546,0.707106781186549,0.));
#2220=DIRECTION('center_axis',(0.,0.,1.));
#2221=DIRECTION('ref_axis',(-0.707106781186546,0.707106781186549,0.));
#2222=DIRECTION('',(0.,0.,-1.));
#2223=DIRECTION('',(0.,0.,1.));
#2224=DIRECTION('center_axis',(-1.,0.,0.));
#2225=DIRECTION('ref_axis',(0.,1.,0.));
#2226=DIRECTION('',(0.,1.,0.));
#2227=DIRECTION('',(0.,0.,-1.));
#2228=DIRECTION('center_axis',(0.,0.,1.));
#2229=DIRECTION('ref_axis',(1.,0.,0.));
#2230=DIRECTION('',(0.,0.,1.));
#2231=DIRECTION('center_axis',(0.,0.,-1.));
#2232=DIRECTION('ref_axis',(1.,0.,0.));
#2233=DIRECTION('center_axis',(0.,0.,1.));
#2234=DIRECTION('ref_axis',(1.,0.,0.));
#2235=DIRECTION('',(0.,0.,1.));
#2236=DIRECTION('center_axis',(0.,0.,-1.));
#2237=DIRECTION('ref_axis',(1.,0.,0.));
#2238=DIRECTION('center_axis',(0.,0.,1.));
#2239=DIRECTION('ref_axis',(1.,0.,0.));
#2240=DIRECTION('',(0.,0.,1.));
#2241=DIRECTION('center_axis',(0.,0.,-1.));
#2242=DIRECTION('ref_axis',(1.,0.,0.));
#2243=DIRECTION('center_axis',(0.,0.,1.));
#2244=DIRECTION('ref_axis',(1.,0.,0.));
#2245=DIRECTION('',(0.,0.,1.));
#2246=DIRECTION('center_axis',(0.,0.,-1.));
#2247=DIRECTION('ref_axis',(1.,0.,0.));
#2248=DIRECTION('center_axis',(0.,0.,-1.));
#2249=DIRECTION('ref_axis',(-1.,0.,0.));
#2250=DIRECTION('center_axis',(0.,0.,-1.));
#2251=DIRECTION('ref_axis',(-1.,0.,0.));
#2252=DIRECTION('',(0.,0.,-1.));
#2253=DIRECTION('center_axis',(0.,0.,-1.));
#2254=DIRECTION('ref_axis',(-1.,0.,0.));
#2255=DIRECTION('center_axis',(0.,0.,-1.));
#2256=DIRECTION('ref_axis',(-1.,0.,0.));
#2257=DIRECTION('',(0.,0.,-1.));
#2258=DIRECTION('center_axis',(0.,0.,-1.));
#2259=DIRECTION('ref_axis',(-1.,0.,0.));
#2260=DIRECTION('center_axis',(0.,0.,-1.));
#2261=DIRECTION('ref_axis',(-1.,0.,0.));
#2262=DIRECTION('',(0.,0.,-1.));
#2263=DIRECTION('center_axis',(0.,0.,-1.));
#2264=DIRECTION('ref_axis',(-1.,0.,0.));
#2265=DIRECTION('center_axis',(0.,0.,-1.));
#2266=DIRECTION('ref_axis',(-1.,0.,0.));
#2267=DIRECTION('',(0.,0.,-1.));
#2268=DIRECTION('center_axis',(0.,0.,1.));
#2269=DIRECTION('ref_axis',(1.,0.,0.));
#2270=DIRECTION('',(0.,0.,1.));
#2271=DIRECTION('center_axis',(0.,0.,-1.));
#2272=DIRECTION('ref_axis',(1.,0.,0.));
#2273=DIRECTION('center_axis',(0.,0.,1.));
#2274=DIRECTION('ref_axis',(1.,0.,0.));
#2275=DIRECTION('',(0.,0.,1.));
#2276=DIRECTION('center_axis',(0.,0.,-1.));
#2277=DIRECTION('ref_axis',(1.,0.,0.));
#2278=DIRECTION('center_axis',(0.,0.,1.));
#2279=DIRECTION('ref_axis',(1.,0.,0.));
#2280=DIRECTION('',(0.,0.,1.));
#2281=DIRECTION('center_axis',(0.,0.,-1.));
#2282=DIRECTION('ref_axis',(1.,0.,0.));
#2283=DIRECTION('center_axis',(0.,0.,-1.));
#2284=DIRECTION('ref_axis',(-1.,0.,0.));
#2285=DIRECTION('center_axis',(0.,0.,-1.));
#2286=DIRECTION('ref_axis',(-1.,0.,0.));
#2287=DIRECTION('',(0.,0.,-1.));
#2288=DIRECTION('center_axis',(1.,0.,0.));
#2289=DIRECTION('ref_axis',(0.,-1.,0.));
#2290=DIRECTION('',(0.,-1.,0.));
#2291=DIRECTION('center_axis',(0.,1.,0.));
#2292=DIRECTION('ref_axis',(1.,0.,0.));
#2293=DIRECTION('',(1.,0.,0.));
#2294=DIRECTION('',(0.,0.,-1.));
#2295=DIRECTION('center_axis',(-1.,0.,0.));
#2296=DIRECTION('ref_axis',(0.,1.,0.));
#2297=DIRECTION('',(0.,1.,0.));
#2298=DIRECTION('center_axis',(0.,-1.,0.));
#2299=DIRECTION('ref_axis',(-1.,0.,0.));
#2300=DIRECTION('',(-1.,0.,0.));
#2301=DIRECTION('',(0.,0.,-1.));
#2302=DIRECTION('',(0.,0.,-1.));
#2303=DIRECTION('center_axis',(1.,0.,0.));
#2304=DIRECTION('ref_axis',(0.,-1.,0.));
#2305=DIRECTION('',(0.,-1.,0.));
#2306=DIRECTION('',(0.,0.,-1.));
#2307=DIRECTION('center_axis',(0.,1.,0.));
#2308=DIRECTION('ref_axis',(1.,0.,0.));
#2309=DIRECTION('',(1.,0.,0.));
#2310=DIRECTION('',(0.,0.,-1.));
#2311=DIRECTION('center_axis',(-1.,0.,0.));
#2312=DIRECTION('ref_axis',(0.,1.,0.));
#2313=DIRECTION('',(0.,1.,0.));
#2314=DIRECTION('center_axis',(0.,1.,0.));
#2315=DIRECTION('ref_axis',(1.,0.,0.));
#2316=DIRECTION('',(0.,0.,-1.));
#2317=DIRECTION('',(1.,0.,0.));
#2318=DIRECTION('center_axis',(0.,-1.,0.));
#2319=DIRECTION('ref_axis',(-1.,0.,0.));
#2320=DIRECTION('',(-1.,0.,0.));
#2321=DIRECTION('center_axis',(1.,0.,0.));
#2322=DIRECTION('ref_axis',(0.,-1.,0.));
#2323=DIRECTION('',(0.,-1.,0.));
#2324=DIRECTION('center_axis',(0.,0.,-1.));
#2325=DIRECTION('ref_axis',(-1.,0.,0.));
#2326=DIRECTION('center_axis',(0.,0.,-1.));
#2327=DIRECTION('ref_axis',(-1.,0.,0.));
#2328=DIRECTION('',(0.,0.,-1.));
#2329=DIRECTION('center_axis',(0.,0.,1.));
#2330=DIRECTION('ref_axis',(1.,0.,0.));
#2331=DIRECTION('center_axis',(0.,0.,1.));
#2332=DIRECTION('ref_axis',(1.,0.,0.));
#2333=DIRECTION('',(-1.,0.,0.));
#2334=DIRECTION('',(0.,1.,0.));
#2335=DIRECTION('',(0.,0.,1.));
#2336=DIRECTION('center_axis',(0.,0.,1.));
#2337=DIRECTION('ref_axis',(1.,0.,0.));
#2338=DIRECTION('',(0.,0.,1.));
#2339=DIRECTION('center_axis',(0.,0.,1.));
#2340=DIRECTION('ref_axis',(1.,0.,0.));
#2341=DIRECTION('center_axis',(0.,0.,1.));
#2342=DIRECTION('ref_axis',(1.,0.,0.));
#2343=DIRECTION('',(0.,1.,0.));
#2344=DIRECTION('',(1.,0.,0.));
#2345=DIRECTION('',(0.,0.,1.));
#2346=DIRECTION('center_axis',(0.,0.,1.));
#2347=DIRECTION('ref_axis',(1.,0.,0.));
#2348=DIRECTION('',(0.,0.,1.));
#2349=DIRECTION('center_axis',(0.,-1.,0.));
#2350=DIRECTION('ref_axis',(1.,0.,0.));
#2351=DIRECTION('',(1.,0.,0.));
#2352=DIRECTION('center_axis',(0.,0.,1.));
#2353=DIRECTION('ref_axis',(1.,0.,0.));
#2354=DIRECTION('center_axis',(0.,0.,-1.));
#2355=DIRECTION('ref_axis',(1.,0.,0.));
#2356=DIRECTION('',(0.,0.,-1.));
#2357=DIRECTION('center_axis',(0.,1.,0.));
#2358=DIRECTION('ref_axis',(-1.,0.,0.));
#2359=DIRECTION('',(-1.,0.,0.));
#2360=DIRECTION('center_axis',(0.,0.,1.));
#2361=DIRECTION('ref_axis',(1.,0.,0.));
#2362=DIRECTION('',(1.,0.,0.));
#2363=DIRECTION('center_axis',(0.,0.,-1.));
#2364=DIRECTION('ref_axis',(0.883330865796516,0.468750020299923,0.));
#2365=DIRECTION('',(-1.,0.,0.));
#2366=DIRECTION('center_axis',(0.,0.,1.));
#2367=DIRECTION('ref_axis',(1.,0.,0.));
#2368=DIRECTION('',(1.,0.,0.));
#2369=DIRECTION('center_axis',(0.,0.,-1.));
#2370=DIRECTION('ref_axis',(0.866025390162721,0.500000023593506,0.));
#2371=DIRECTION('',(-1.,0.,0.));
#2372=DIRECTION('center_axis',(0.,0.,1.));
#2373=DIRECTION('ref_axis',(0.883330865796516,0.468750020299923,0.));
#2374=DIRECTION('center_axis',(0.,0.,1.));
#2375=DIRECTION('ref_axis',(-1.,-7.40148718008843E-17,0.));
#2376=DIRECTION('',(0.,0.,1.));
#2377=DIRECTION('center_axis',(0.,0.,-1.));
#2378=DIRECTION('ref_axis',(0.866025390162721,0.500000023593506,0.));
#2379=DIRECTION('',(0.,0.,1.));
#2380=DIRECTION('center_axis',(0.,0.,1.));
#2381=DIRECTION('ref_axis',(0.866025390162721,0.500000023593506,0.));
#2382=DIRECTION('',(0.,0.,1.));
#2383=DIRECTION('center_axis',(0.,0.,-1.));
#2384=DIRECTION('ref_axis',(0.866025390162721,0.500000023593506,0.));
#2385=DIRECTION('',(0.,0.,1.));
#2386=DIRECTION('',(0.,0.,1.));
#2387=DIRECTION('center_axis',(0.,0.,-1.));
#2388=DIRECTION('ref_axis',(0.866025390162721,0.500000023593506,0.));
#2389=DIRECTION('',(0.,0.,1.));
#2390=DIRECTION('center_axis',(0.,0.,1.));
#2391=DIRECTION('ref_axis',(0.866025390162721,0.500000023593506,0.));
#2392=DIRECTION('center_axis',(0.,-1.,0.));
#2393=DIRECTION('ref_axis',(1.,0.,0.));
#2394=DIRECTION('',(0.,0.,1.));
#2395=DIRECTION('',(0.,0.,1.));
#2396=DIRECTION('',(-1.,0.,0.));
#2397=DIRECTION('',(0.,0.,1.));
#2398=DIRECTION('',(1.,0.,0.));
#2399=DIRECTION('center_axis',(0.,1.,0.));
#2400=DIRECTION('ref_axis',(-1.,0.,0.));
#2401=DIRECTION('',(-1.,0.,0.));
#2402=DIRECTION('',(0.,0.,1.));
#2403=DIRECTION('',(1.,0.,0.));
#2404=DIRECTION('',(0.,0.,1.));
#2405=DIRECTION('',(0.,0.,1.));
#2406=DIRECTION('center_axis',(0.,0.,1.));
#2407=DIRECTION('ref_axis',(-1.,6.93889420440645E-17,0.));
#2408=DIRECTION('center_axis',(0.,0.,1.));
#2409=DIRECTION('ref_axis',(1.,0.,0.));
#2410=DIRECTION('',(0.,1.,0.));
#2411=DIRECTION('',(1.8503718596456E-16,-1.,0.));
#2412=DIRECTION('center_axis',(0.,0.,-1.));
#2413=DIRECTION('ref_axis',(1.,0.,0.));
#2414=DIRECTION('center_axis',(0.,0.,-1.));
#2415=DIRECTION('ref_axis',(1.,0.,0.));
#2416=DIRECTION('center_axis',(1.,0.,0.));
#2417=DIRECTION('ref_axis',(0.,1.,0.));
#2418=DIRECTION('',(0.,1.,0.));
#2419=DIRECTION('center_axis',(0.,0.,1.));
#2420=DIRECTION('ref_axis',(1.,0.,0.));
#2421=DIRECTION('center_axis',(0.,0.,-1.));
#2422=DIRECTION('ref_axis',(1.,0.,0.));
#2423=DIRECTION('',(0.,0.,-1.));
#2424=DIRECTION('center_axis',(0.,0.,1.));
#2425=DIRECTION('ref_axis',(1.,0.,0.));
#2426=DIRECTION('center_axis',(0.,0.,-1.));
#2427=DIRECTION('ref_axis',(1.,0.,0.));
#2428=DIRECTION('',(0.,0.,-1.));
#2429=DIRECTION('center_axis',(-1.,-1.8503718596456E-16,0.));
#2430=DIRECTION('ref_axis',(1.8503718596456E-16,-1.,0.));
#2431=DIRECTION('',(1.8503718596456E-16,-1.,0.));
#2432=DIRECTION('center_axis',(0.,0.,1.));
#2433=DIRECTION('ref_axis',(1.,0.,0.));
#2434=DIRECTION('',(0.,1.,0.));
#2435=DIRECTION('',(0.,-1.,0.));
#2436=DIRECTION('center_axis',(0.,0.,-1.));
#2437=DIRECTION('ref_axis',(1.,0.,0.));
#2438=DIRECTION('center_axis',(0.,0.,-1.));
#2439=DIRECTION('ref_axis',(1.,0.,0.));
#2440=DIRECTION('center_axis',(1.,0.,0.));
#2441=DIRECTION('ref_axis',(0.,1.,0.));
#2442=DIRECTION('',(0.,1.,0.));
#2443=DIRECTION('center_axis',(0.,0.,1.));
#2444=DIRECTION('ref_axis',(1.,0.,0.));
#2445=DIRECTION('center_axis',(0.,0.,-1.));
#2446=DIRECTION('ref_axis',(1.,0.,0.));
#2447=DIRECTION('',(0.,0.,-1.));
#2448=DIRECTION('center_axis',(0.,0.,1.));
#2449=DIRECTION('ref_axis',(1.,0.,0.));
#2450=DIRECTION('center_axis',(0.,0.,-1.));
#2451=DIRECTION('ref_axis',(1.,0.,0.));
#2452=DIRECTION('',(0.,0.,-1.));
#2453=DIRECTION('center_axis',(-1.,0.,0.));
#2454=DIRECTION('ref_axis',(0.,-1.,0.));
#2455=DIRECTION('',(0.,-1.,0.));
#2456=DIRECTION('center_axis',(0.,0.,1.));
#2457=DIRECTION('ref_axis',(1.,0.,0.));
#2458=CARTESIAN_POINT('',(0.,0.,0.));
#2459=CARTESIAN_POINT('Origin',(-1.00000001490116,0.,99.0000014901161));
#2460=CARTESIAN_POINT('',(-1.00000001490116,-90.0142886313541,99.0000014901161));
#2461=CARTESIAN_POINT('',(0.,-90.,96.0000014454126));
#2462=CARTESIAN_POINT('Origin',(0.,-125.,96.0000014454126));
#2463=CARTESIAN_POINT('',(-1.00000001490116,-90.5,99.0000014901161));
#2464=CARTESIAN_POINT('',(-1.00000001490116,0.,99.0000014901161));
#2465=CARTESIAN_POINT('',(0.,-90.5,96.0000014454126));
#2466=CARTESIAN_POINT('',(-1.00000001490116,-90.5,99.0000014901161));
#2467=CARTESIAN_POINT('',(0.,0.,96.0000014454126));
#2468=CARTESIAN_POINT('Origin',(0.,0.,96.0000014454126));
#2469=CARTESIAN_POINT('',(1.00000001490116,-90.0142886313541,99.0000014901161));
#2470=CARTESIAN_POINT('Origin',(0.,-125.,96.0000014454126));
#2471=CARTESIAN_POINT('',(1.00000001490116,-90.5,99.0000014901161));
#2472=CARTESIAN_POINT('',(1.00000001490116,-90.5,99.0000014901161));
#2473=CARTESIAN_POINT('',(1.00000001490116,0.,99.0000014901161));
#2474=CARTESIAN_POINT('Origin',(1.00000001490116,0.,99.0000014901161));
#2475=CARTESIAN_POINT('Origin',(0.,-125.,99.0000014901161));
#2476=CARTESIAN_POINT('',(-1.00000001490116,-90.5,99.0000014901161));
#2477=CARTESIAN_POINT('Origin',(0.,-90.5,97.5000014677644));
#2478=CARTESIAN_POINT('Origin',(0.,-125.,0.));
#2479=CARTESIAN_POINT('',(31.6227766016838,-140.,105.));
#2480=CARTESIAN_POINT('',(0.,-160.,105.));
#2481=CARTESIAN_POINT('Origin',(0.,-125.,105.));
#2482=CARTESIAN_POINT('',(-25.,-149.494897427832,105.));
#2483=CARTESIAN_POINT('Origin',(0.,-125.,105.));
#2484=CARTESIAN_POINT('',(-25.,-149.494897427832,115.));
#2485=CARTESIAN_POINT('',(-25.,-149.494897427832,115.));
#2486=CARTESIAN_POINT('',(-28.7228132326901,-145.,115.));
#2487=CARTESIAN_POINT('Origin',(-6.66133814775094E-15,-125.,115.));
#2488=CARTESIAN_POINT('',(-28.7228132326901,-145.,105.));
#2489=CARTESIAN_POINT('',(-28.7228132326901,-145.,115.));
#2490=CARTESIAN_POINT('',(-28.7228132326902,-105.,105.));
#2491=CARTESIAN_POINT('Origin',(0.,-125.,105.));
#2492=CARTESIAN_POINT('',(-28.7228132326902,-105.,115.));
#2493=CARTESIAN_POINT('',(-28.7228132326902,-105.,115.));
#2494=CARTESIAN_POINT('',(-25.,-100.505102572168,115.));
#2495=CARTESIAN_POINT('Origin',(-6.66133814775094E-15,-125.,115.));
#2496=CARTESIAN_POINT('',(-25.,-100.505102572168,105.));
#2497=CARTESIAN_POINT('',(-25.,-100.505102572168,115.));
#2498=CARTESIAN_POINT('',(0.,-90.,105.));
#2499=CARTESIAN_POINT('Origin',(0.,-125.,105.));
#2500=CARTESIAN_POINT('',(31.6227766016838,-110.,105.));
#2501=CARTESIAN_POINT('Origin',(0.,-125.,105.));
#2502=CARTESIAN_POINT('',(31.6227766016838,-110.,95.));
#2503=CARTESIAN_POINT('',(31.6227766016838,-110.,0.));
#2504=CARTESIAN_POINT('',(31.6227766016838,-140.,95.));
#2505=CARTESIAN_POINT('Origin',(0.,-125.,95.));
#2506=CARTESIAN_POINT('',(31.6227766016838,-140.,0.));
#2507=CARTESIAN_POINT('',(-1.00000001490116,-159.985711368646,99.0000014901161));
#2508=CARTESIAN_POINT('',(1.00000001490116,-159.985711368646,99.0000014901161));
#2509=CARTESIAN_POINT('Origin',(0.,-125.,99.0000014901161));
#2510=CARTESIAN_POINT('',(0.,-160.,96.0000014454126));
#2511=CARTESIAN_POINT('Origin',(0.,-125.,96.0000014454126));
#2512=CARTESIAN_POINT('Origin',(0.,-125.,96.0000014454126));
#2513=CARTESIAN_POINT('',(-35.,-125.000001862645,96.0000014454126));
#2514=CARTESIAN_POINT('',(-34.985711421886,-124.000001847744,99.0000014901161));
#2515=CARTESIAN_POINT('Origin',(0.,-125.,96.0000070333481));
#2516=CARTESIAN_POINT('',(-34.9857113154057,-126.000001877546,99.0000014901161));
#2517=CARTESIAN_POINT('Origin',(0.,-125.,99.0000014901161));
#2518=CARTESIAN_POINT('Origin',(0.,-125.,95.9999958574772));
#2519=CARTESIAN_POINT('Origin',(0.,0.,96.0000014454126));
#2520=CARTESIAN_POINT('',(1.00000001490116,-159.5,99.0000014901161));
#2521=CARTESIAN_POINT('',(1.00000001490116,0.,99.0000014901161));
#2522=CARTESIAN_POINT('',(0.,-159.5,96.0000014454126));
#2523=CARTESIAN_POINT('',(0.225000003352761,-159.5,96.6750014554709));
#2524=CARTESIAN_POINT('',(0.,0.,96.0000014454126));
#2525=CARTESIAN_POINT('Origin',(-1.00000001490116,0.,99.0000014901161));
#2526=CARTESIAN_POINT('',(-1.00000001490116,-159.5,99.0000014901161));
#2527=CARTESIAN_POINT('',(-0.725000010803342,-159.5,98.1750014778227));
#2528=CARTESIAN_POINT('',(-1.00000001490116,0.,99.0000014901161));
#2529=CARTESIAN_POINT('Origin',(0.,-159.5,97.5000014677644));
#2530=CARTESIAN_POINT('',(0.500000007450581,-159.5,99.0000014901161));
#2531=CARTESIAN_POINT('Origin',(1.00000001490116,0.,99.0000014901161));
#2532=CARTESIAN_POINT('Origin',(0.,-126.000001877546,99.0000014901161));
#2533=CARTESIAN_POINT('',(-34.5,-124.000001847744,99.0000014901161));
#2534=CARTESIAN_POINT('',(0.,-124.000001847744,99.0000014901161));
#2535=CARTESIAN_POINT('',(-34.5,-126.000001877546,99.0000014901161));
#2536=CARTESIAN_POINT('',(-34.5,-125.500001870096,99.0000014901161));
#2537=CARTESIAN_POINT('',(0.,-126.000001877546,99.0000014901161));
#2538=CARTESIAN_POINT('Origin',(0.,-125.000001862645,96.0000014454126));
#2539=CARTESIAN_POINT('',(-34.5,-125.000001862645,96.0000014454126));
#2540=CARTESIAN_POINT('',(-34.5,-125.225001865998,96.6750014554709));
#2541=CARTESIAN_POINT('',(0.,-125.000001862645,96.0000014454126));
#2542=CARTESIAN_POINT('Origin',(-34.5,-125.000001862645,97.5000014677644));
#2543=CARTESIAN_POINT('',(-34.5,-124.275001851842,98.1750014778227));
#2544=CARTESIAN_POINT('Origin',(0.,-124.000001847744,99.0000014901161));
#2545=CARTESIAN_POINT('Origin',(-62.000000923872,-92.0000013709068,105.));
#2546=CARTESIAN_POINT('',(-62.000000923872,-92.0000013709068,105.));
#2547=CARTESIAN_POINT('',(-62.000000923872,-90.,105.));
#2548=CARTESIAN_POINT('',(-62.000000923872,-108.500000685453,105.));
#2549=CARTESIAN_POINT('',(-62.000000923872,-92.0000013709068,112.));
#2550=CARTESIAN_POINT('',(-62.000000923872,-92.0000013709068,105.));
#2551=CARTESIAN_POINT('',(-62.000000923872,-90.,112.));
#2552=CARTESIAN_POINT('',(-62.000000923872,-92.0000013709068,112.));
#2553=CARTESIAN_POINT('',(-62.000000923872,-90.,52.5));
#2554=CARTESIAN_POINT('Origin',(-65.0000009685755,-92.0000013709068,105.));
#2555=CARTESIAN_POINT('',(-68.000001013279,-92.0000013709068,105.));
#2556=CARTESIAN_POINT('Origin',(-65.0000009685755,-92.0000013709068,105.));
#2557=CARTESIAN_POINT('',(-68.000001013279,-92.0000013709068,112.));
#2558=CARTESIAN_POINT('',(-68.000001013279,-92.0000013709068,105.));
#2559=CARTESIAN_POINT('Origin',(-65.0000009685755,-92.0000013709068,112.));
#2560=CARTESIAN_POINT('Origin',(-68.000001013279,-90.0521049355071,105.));
#2561=CARTESIAN_POINT('',(-68.000001013279,-90.0521049355071,105.));
#2562=CARTESIAN_POINT('',(-68.000001013279,-107.526052467754,105.));
#2563=CARTESIAN_POINT('',(-68.000001013279,-90.0521049355071,112.));
#2564=CARTESIAN_POINT('',(-68.000001013279,-90.0521049355071,0.));
#2565=CARTESIAN_POINT('',(-68.000001013279,-90.0521049355071,112.));
#2566=CARTESIAN_POINT('Origin',(-65.0000009685755,-92.5000007078052,112.));
#2567=CARTESIAN_POINT('',(-65.,-90.,112.));
#2568=CARTESIAN_POINT('Origin',(-65.,-125.,112.));
#2569=CARTESIAN_POINT('',(-32.5000004842877,-90.,112.));
#2570=CARTESIAN_POINT('',(-66.0500009685755,-92.0000013709068,112.));
#2571=CARTESIAN_POINT('Origin',(-65.0000009685755,-92.0000013709068,112.));
#2572=CARTESIAN_POINT('Origin',(-23.0000003427267,-158.000002354383,105.));
#2573=CARTESIAN_POINT('',(-23.0000003427267,-158.000002354383,105.));
#2574=CARTESIAN_POINT('',(-23.0000003427267,-160.,105.));
#2575=CARTESIAN_POINT('',(-23.0000003427267,-141.500001177192,105.));
#2576=CARTESIAN_POINT('',(-23.0000003427267,-158.000002354383,112.));
#2577=CARTESIAN_POINT('',(-23.0000003427267,-158.000002354383,105.));
#2578=CARTESIAN_POINT('',(-23.0000003427267,-160.,112.));
#2579=CARTESIAN_POINT('',(-23.0000003427267,-158.000002354383,112.));
#2580=CARTESIAN_POINT('',(-23.0000003427267,-160.,52.5));
#2581=CARTESIAN_POINT('Origin',(-20.0000002980232,-158.000002354383,105.));
#2582=CARTESIAN_POINT('',(-17.0000002533197,-158.000002354383,105.));
#2583=CARTESIAN_POINT('Origin',(-20.0000002980232,-158.000002354383,105.));
#2584=CARTESIAN_POINT('',(-17.0000002533197,-158.000002354383,112.));
#2585=CARTESIAN_POINT('',(-17.0000002533197,-158.000002354383,105.));
#2586=CARTESIAN_POINT('Origin',(-20.0000002980232,-158.000002354383,112.));
#2587=CARTESIAN_POINT('Origin',(-17.0000002533197,-160.,105.));
#2588=CARTESIAN_POINT('',(-17.0000002533197,-160.,105.));
#2589=CARTESIAN_POINT('',(-17.0000002533197,-142.5,105.));
#2590=CARTESIAN_POINT('',(-17.0000002533197,-160.,112.));
#2591=CARTESIAN_POINT('',(-17.0000002533197,-160.,52.5));
#2592=CARTESIAN_POINT('',(-17.0000002533197,-160.,112.));
#2593=CARTESIAN_POINT('Origin',(-20.0000002980232,-157.50000115484,112.));
#2594=CARTESIAN_POINT('',(-42.5000001490116,-160.,112.));
#2595=CARTESIAN_POINT('',(-21.0500002980232,-158.000002354383,112.));
#2596=CARTESIAN_POINT('Origin',(-20.0000002980232,-158.000002354383,112.));
#2597=CARTESIAN_POINT('Origin',(-68.000001013279,-158.000002354383,105.));
#2598=CARTESIAN_POINT('',(-68.000001013279,-158.000002354383,105.));
#2599=CARTESIAN_POINT('',(-68.000001013279,-159.947895064493,105.));
#2600=CARTESIAN_POINT('',(-68.000001013279,-141.500001177192,105.));
#2601=CARTESIAN_POINT('',(-68.000001013279,-158.000002354383,112.));
#2602=CARTESIAN_POINT('',(-68.000001013279,-158.000002354383,105.));
#2603=CARTESIAN_POINT('',(-68.000001013279,-159.947895064493,112.));
#2604=CARTESIAN_POINT('',(-68.000001013279,-158.000002354383,112.));
#2605=CARTESIAN_POINT('',(-68.000001013279,-159.947895064493,0.));
#2606=CARTESIAN_POINT('Origin',(-65.0000009685755,-158.000002354383,105.));
#2607=CARTESIAN_POINT('',(-62.000000923872,-158.000002354383,105.));
#2608=CARTESIAN_POINT('Origin',(-65.0000009685755,-158.000002354383,105.));
#2609=CARTESIAN_POINT('',(-62.000000923872,-158.000002354383,112.));
#2610=CARTESIAN_POINT('',(-62.000000923872,-158.000002354383,105.));
#2611=CARTESIAN_POINT('Origin',(-65.0000009685755,-158.000002354383,112.));
#2612=CARTESIAN_POINT('Origin',(-62.000000923872,-160.,105.));
#2613=CARTESIAN_POINT('',(-62.000000923872,-160.,105.));
#2614=CARTESIAN_POINT('',(-62.000000923872,-142.5,105.));
#2615=CARTESIAN_POINT('',(-62.000000923872,-160.,112.));
#2616=CARTESIAN_POINT('',(-62.000000923872,-160.,52.5));
#2617=CARTESIAN_POINT('',(-62.000000923872,-160.,112.));
#2618=CARTESIAN_POINT('Origin',(-65.0000009685755,-157.50000115484,112.));
#2619=CARTESIAN_POINT('',(-65.,-160.,112.));
#2620=CARTESIAN_POINT('',(-65.0000004842877,-160.,112.));
#2621=CARTESIAN_POINT('Origin',(-65.,-125.,112.));
#2622=CARTESIAN_POINT('',(-66.0500009685755,-158.000002354383,112.));
#2623=CARTESIAN_POINT('Origin',(-65.0000009685755,-158.000002354383,112.));
#2624=CARTESIAN_POINT('Origin',(-17.0000002533197,-92.0000013709068,105.));
#2625=CARTESIAN_POINT('',(-17.0000002533197,-92.0000013709068,105.));
#2626=CARTESIAN_POINT('',(-17.0000002533197,-90.,105.));
#2627=CARTESIAN_POINT('',(-17.0000002533197,-108.500000685453,105.));
#2628=CARTESIAN_POINT('',(-17.0000002533197,-92.0000013709068,112.));
#2629=CARTESIAN_POINT('',(-17.0000002533197,-92.0000013709068,105.));
#2630=CARTESIAN_POINT('',(-17.0000002533197,-90.,112.));
#2631=CARTESIAN_POINT('',(-17.0000002533197,-92.0000013709068,112.));
#2632=CARTESIAN_POINT('',(-17.0000002533197,-90.,52.5));
#2633=CARTESIAN_POINT('Origin',(-20.0000002980232,-92.0000013709068,105.));
#2634=CARTESIAN_POINT('',(-23.0000003427267,-92.0000013709068,105.));
#2635=CARTESIAN_POINT('Origin',(-20.0000002980232,-92.0000013709068,105.));
#2636=CARTESIAN_POINT('',(-23.0000003427267,-92.0000013709068,112.));
#2637=CARTESIAN_POINT('',(-23.0000003427267,-92.0000013709068,105.));
#2638=CARTESIAN_POINT('Origin',(-20.0000002980232,-92.0000013709068,112.));
#2639=CARTESIAN_POINT('Origin',(-23.0000003427267,-90.,105.));
#2640=CARTESIAN_POINT('',(-23.0000003427267,-90.,105.));
#2641=CARTESIAN_POINT('',(-23.0000003427267,-107.5,105.));
#2642=CARTESIAN_POINT('',(-23.0000003427267,-90.,112.));
#2643=CARTESIAN_POINT('',(-23.0000003427267,-90.,52.5));
#2644=CARTESIAN_POINT('',(-23.0000003427267,-90.,112.));
#2645=CARTESIAN_POINT('Origin',(-20.0000002980232,-92.5000007078052,112.));
#2646=CARTESIAN_POINT('',(-10.0000001490116,-90.,112.));
#2647=CARTESIAN_POINT('',(-21.0500002980232,-92.0000013709068,112.));
#2648=CARTESIAN_POINT('Origin',(-20.0000002980232,-92.0000013709068,112.));
#2649=CARTESIAN_POINT('Ctrl Pts',(-65.,-90.,105.));
#2650=CARTESIAN_POINT('Ctrl Pts',(-120.,-90.,105.));
#2651=CARTESIAN_POINT('Ctrl Pts',(-120.,-125.,105.));
#2652=CARTESIAN_POINT('Ctrl Pts',(-120.,-160.,105.));
#2653=CARTESIAN_POINT('Ctrl Pts',(-65.,-160.,105.));
#2654=CARTESIAN_POINT('Ctrl Pts',(-65.,-90.,115.));
#2655=CARTESIAN_POINT('Ctrl Pts',(-120.,-90.,115.));
#2656=CARTESIAN_POINT('Ctrl Pts',(-120.,-125.,115.));
#2657=CARTESIAN_POINT('Ctrl Pts',(-120.,-160.,115.));
#2658=CARTESIAN_POINT('Ctrl Pts',(-65.,-160.,115.));
#2659=CARTESIAN_POINT('Origin',(-65.,-125.,105.));
#2660=CARTESIAN_POINT('',(-65.,-160.,115.));
#2661=CARTESIAN_POINT('',(-65.,-160.,0.));
#2662=CARTESIAN_POINT('',(-65.,-90.,115.));
#2663=CARTESIAN_POINT('Origin',(-65.,-125.,115.));
#2664=CARTESIAN_POINT('',(-65.,-90.,0.));
#2665=CARTESIAN_POINT('Origin',(-60.,-125.,105.));
#2666=CARTESIAN_POINT('',(-30.,-90.,105.));
#2667=CARTESIAN_POINT('',(-30.,-90.,105.));
#2668=CARTESIAN_POINT('',(-25.,-95.,105.));
#2669=CARTESIAN_POINT('',(-25.,-110.,105.));
#2670=CARTESIAN_POINT('',(-37.,-95.,105.));
#2671=CARTESIAN_POINT('',(-50.,-95.,105.));
#2672=CARTESIAN_POINT('',(-40.,-98.,105.));
#2673=CARTESIAN_POINT('Origin',(-37.,-98.,105.));
#2674=CARTESIAN_POINT('',(-40.,-105.,105.));
#2675=CARTESIAN_POINT('',(-40.,-115.,105.));
#2676=CARTESIAN_POINT('',(-44.3614066163451,-105.,105.));
#2677=CARTESIAN_POINT('',(-40.,-145.,105.));
#2678=CARTESIAN_POINT('',(-50.,-145.,105.));
#2679=CARTESIAN_POINT('',(-40.,-152.,105.));
#2680=CARTESIAN_POINT('',(-40.,-140.,105.));
#2681=CARTESIAN_POINT('',(-37.,-155.,105.));
#2682=CARTESIAN_POINT('Origin',(-37.,-152.,105.));
#2683=CARTESIAN_POINT('',(-25.,-155.,105.));
#2684=CARTESIAN_POINT('',(-42.5,-155.,105.));
#2685=CARTESIAN_POINT('',(-25.,-137.247448713916,105.));
#2686=CARTESIAN_POINT('',(-62.5,-160.,105.));
#2687=CARTESIAN_POINT('',(-62.5,-160.,105.));
#2688=CARTESIAN_POINT('',(-82.4999981336296,-124.999997206032,105.));
#2689=CARTESIAN_POINT('Origin',(-83.4999981336296,-124.999997206032,105.));
#2690=CARTESIAN_POINT('',(-81.5000012144446,-131.500001959503,105.));
#2691=CARTESIAN_POINT('',(-57.5000008568168,-131.500001959503,105.));
#2692=CARTESIAN_POINT('',(-58.7500004284084,-131.500001959503,105.));
#2693=CARTESIAN_POINT('',(-57.5000008568168,-118.500001765788,105.));
#2694=CARTESIAN_POINT('',(-57.5000008568168,-121.750000882894,105.));
#2695=CARTESIAN_POINT('',(-81.5000012144446,-118.500001765788,105.));
#2696=CARTESIAN_POINT('',(-70.7500006072223,-118.500001765788,105.));
#2697=CARTESIAN_POINT('',(-81.5000012144446,-128.250000979751,105.));
#2698=CARTESIAN_POINT('',(-54.4999987594783,-124.999997206032,105.));
#2699=CARTESIAN_POINT('Origin',(-55.4999987594783,-124.999997206032,105.));
#2700=CARTESIAN_POINT('',(-105.999998226762,-125.,105.));
#2701=CARTESIAN_POINT('Origin',(-100.,-125.,105.));
#2702=CARTESIAN_POINT('',(-101.050001490116,-143.000002130866,105.));
#2703=CARTESIAN_POINT('Origin',(-100.000001490116,-143.000002130866,105.));
#2704=CARTESIAN_POINT('',(-101.050001490116,-107.000001594424,105.));
#2705=CARTESIAN_POINT('Origin',(-100.000001490116,-107.000001594424,105.));
#2706=CARTESIAN_POINT('',(-119.050001758337,-125.000001862645,105.));
#2707=CARTESIAN_POINT('Origin',(-118.000001758337,-125.000001862645,105.));
#2708=CARTESIAN_POINT('',(-86.9500013113022,-102.000001519918,105.));
#2709=CARTESIAN_POINT('Origin',(-88.0000013113022,-102.000001519918,105.));
#2710=CARTESIAN_POINT('',(-86.9500013113022,-148.000002205372,105.));
#2711=CARTESIAN_POINT('Origin',(-88.0000013113022,-148.000002205372,105.));
#2712=CARTESIAN_POINT('',(-45.9500007003546,-98.0000014603138,105.));
#2713=CARTESIAN_POINT('Origin',(-47.0000007003546,-98.0000014603138,105.));
#2714=CARTESIAN_POINT('',(-45.9500007003546,-152.000002264977,105.));
#2715=CARTESIAN_POINT('Origin',(-47.0000007003546,-152.000002264977,105.));
#2716=CARTESIAN_POINT('',(-56.0500008195639,-110.000001639128,105.));
#2717=CARTESIAN_POINT('Origin',(-55.0000008195639,-110.000001639128,105.));
#2718=CARTESIAN_POINT('',(-56.0500008195639,-140.000002086163,105.));
#2719=CARTESIAN_POINT('Origin',(-55.0000008195639,-140.000002086163,105.));
#2720=CARTESIAN_POINT('',(-89.0500013113022,-125.000001862645,105.));
#2721=CARTESIAN_POINT('Origin',(-88.0000013113022,-125.000001862645,105.));
#2722=CARTESIAN_POINT('Origin',(-88.0000013113022,-125.000001862645,0.));
#2723=CARTESIAN_POINT('',(-89.0500013113022,-125.000001862645,115.));
#2724=CARTESIAN_POINT('',(-89.0500013113022,-125.000001862645,0.));
#2725=CARTESIAN_POINT('Origin',(-88.0000013113022,-125.000001862645,115.));
#2726=CARTESIAN_POINT('Origin',(-55.0000008195639,-140.000002086163,0.));
#2727=CARTESIAN_POINT('',(-56.0500008195639,-140.000002086163,115.));
#2728=CARTESIAN_POINT('',(-56.0500008195639,-140.000002086163,0.));
#2729=CARTESIAN_POINT('Origin',(-55.0000008195639,-140.000002086163,115.));
#2730=CARTESIAN_POINT('Origin',(-55.0000008195639,-110.000001639128,0.));
#2731=CARTESIAN_POINT('',(-56.0500008195639,-110.000001639128,115.));
#2732=CARTESIAN_POINT('',(-56.0500008195639,-110.000001639128,0.));
#2733=CARTESIAN_POINT('Origin',(-55.0000008195639,-110.000001639128,115.));
#2734=CARTESIAN_POINT('Origin',(-37.,-152.,115.));
#2735=CARTESIAN_POINT('',(-40.,-152.,115.));
#2736=CARTESIAN_POINT('',(-37.,-155.,115.));
#2737=CARTESIAN_POINT('Origin',(-37.,-152.,115.));
#2738=CARTESIAN_POINT('',(-37.,-155.,115.));
#2739=CARTESIAN_POINT('',(-40.,-152.,115.));
#2740=CARTESIAN_POINT('Origin',(-25.,-155.,115.));
#2741=CARTESIAN_POINT('',(-25.,-155.,115.));
#2742=CARTESIAN_POINT('',(5.250000115484,-155.,115.));
#2743=CARTESIAN_POINT('',(-25.,-155.,115.));
#2744=CARTESIAN_POINT('Origin',(-37.,-98.,115.));
#2745=CARTESIAN_POINT('',(-37.,-95.,115.));
#2746=CARTESIAN_POINT('',(-40.,-98.,115.));
#2747=CARTESIAN_POINT('Origin',(-37.,-98.,115.));
#2748=CARTESIAN_POINT('',(-40.,-98.,115.));
#2749=CARTESIAN_POINT('',(-37.,-95.,115.));
#2750=CARTESIAN_POINT('Origin',(-40.,-105.,115.));
#2751=CARTESIAN_POINT('',(-40.,-105.,115.));
#2752=CARTESIAN_POINT('',(-40.,-115.,115.));
#2753=CARTESIAN_POINT('',(-40.,-105.,115.));
#2754=CARTESIAN_POINT('Origin',(-65.0000009685755,-92.0000013709068,0.));
#2755=CARTESIAN_POINT('',(-66.0500009685755,-92.0000013709068,115.));
#2756=CARTESIAN_POINT('',(-66.0500009685755,-92.0000013709068,0.));
#2757=CARTESIAN_POINT('Origin',(-65.0000009685755,-92.0000013709068,115.));
#2758=CARTESIAN_POINT('Origin',(-20.0000002980232,-158.000002354383,0.));
#2759=CARTESIAN_POINT('',(-21.0500002980232,-158.000002354383,115.));
#2760=CARTESIAN_POINT('',(-21.0500002980232,-158.000002354383,0.));
#2761=CARTESIAN_POINT('Origin',(-20.0000002980232,-158.000002354383,115.));
#2762=CARTESIAN_POINT('Origin',(-65.0000009685755,-158.000002354383,0.));
#2763=CARTESIAN_POINT('',(-66.0500009685755,-158.000002354383,115.));
#2764=CARTESIAN_POINT('',(-66.0500009685755,-158.000002354383,0.));
#2765=CARTESIAN_POINT('Origin',(-65.0000009685755,-158.000002354383,115.));
#2766=CARTESIAN_POINT('Origin',(-20.0000002980232,-92.0000013709068,0.));
#2767=CARTESIAN_POINT('',(-21.0500002980232,-92.0000013709068,115.));
#2768=CARTESIAN_POINT('',(-21.0500002980232,-92.0000013709068,0.));
#2769=CARTESIAN_POINT('Origin',(-20.0000002980232,-92.0000013709068,115.));
#2770=CARTESIAN_POINT('Origin',(-47.0000007003546,-152.000002264977,115.));
#2771=CARTESIAN_POINT('',(-45.9500007003546,-152.000002264977,115.));
#2772=CARTESIAN_POINT('Origin',(-47.0000007003546,-152.000002264977,115.));
#2773=CARTESIAN_POINT('',(-45.9500007003546,-152.000002264977,115.));
#2774=CARTESIAN_POINT('Origin',(-47.0000007003546,-98.0000014603138,115.));
#2775=CARTESIAN_POINT('',(-45.9500007003546,-98.0000014603138,115.));
#2776=CARTESIAN_POINT('Origin',(-47.0000007003546,-98.0000014603138,115.));
#2777=CARTESIAN_POINT('',(-45.9500007003546,-98.0000014603138,115.));
#2778=CARTESIAN_POINT('Origin',(-88.0000013113022,-148.000002205372,115.));
#2779=CARTESIAN_POINT('',(-86.9500013113022,-148.000002205372,115.));
#2780=CARTESIAN_POINT('Origin',(-88.0000013113022,-148.000002205372,115.));
#2781=CARTESIAN_POINT('',(-86.9500013113022,-148.000002205372,115.));
#2782=CARTESIAN_POINT('Origin',(-88.0000013113022,-102.000001519918,115.));
#2783=CARTESIAN_POINT('',(-86.9500013113022,-102.000001519918,115.));
#2784=CARTESIAN_POINT('Origin',(-88.0000013113022,-102.000001519918,115.));
#2785=CARTESIAN_POINT('',(-86.9500013113022,-102.000001519918,115.));
#2786=CARTESIAN_POINT('Origin',(-118.000001758337,-125.000001862645,0.));
#2787=CARTESIAN_POINT('',(-119.050001758337,-125.000001862645,115.));
#2788=CARTESIAN_POINT('',(-119.050001758337,-125.000001862645,0.));
#2789=CARTESIAN_POINT('Origin',(-118.000001758337,-125.000001862645,115.));
#2790=CARTESIAN_POINT('Origin',(-100.000001490116,-107.000001594424,0.));
#2791=CARTESIAN_POINT('',(-101.050001490116,-107.000001594424,115.));
#2792=CARTESIAN_POINT('',(-101.050001490116,-107.000001594424,0.));
#2793=CARTESIAN_POINT('Origin',(-100.000001490116,-107.000001594424,115.));
#2794=CARTESIAN_POINT('Origin',(-100.000001490116,-143.000002130866,0.));
#2795=CARTESIAN_POINT('',(-101.050001490116,-143.000002130866,115.));
#2796=CARTESIAN_POINT('',(-101.050001490116,-143.000002130866,0.));
#2797=CARTESIAN_POINT('Origin',(-100.000001490116,-143.000002130866,115.));
#2798=CARTESIAN_POINT('Origin',(-83.4999981336296,-124.999997206032,115.));
#2799=CARTESIAN_POINT('',(-82.4999981336296,-124.999997206032,115.));
#2800=CARTESIAN_POINT('Origin',(-83.4999981336296,-124.999997206032,115.));
#2801=CARTESIAN_POINT('',(-82.4999981336296,-124.999997206032,115.));
#2802=CARTESIAN_POINT('Origin',(-25.,-149.494897427832,115.));
#2803=CARTESIAN_POINT('',(-25.,-137.247448713916,115.));
#2804=CARTESIAN_POINT('Origin',(-40.,-145.,115.));
#2805=CARTESIAN_POINT('',(-40.,-145.,115.));
#2806=CARTESIAN_POINT('',(-2.249999884516,-145.,115.));
#2807=CARTESIAN_POINT('',(-40.,-145.,115.));
#2808=CARTESIAN_POINT('Origin',(-40.,-155.,115.));
#2809=CARTESIAN_POINT('',(-40.,-140.,115.));
#2810=CARTESIAN_POINT('Origin',(-57.5000008568168,-131.500001959503,115.));
#2811=CARTESIAN_POINT('',(-57.5000008568168,-131.500001959503,115.));
#2812=CARTESIAN_POINT('',(-81.5000012144446,-131.500001959503,115.));
#2813=CARTESIAN_POINT('',(-11.0000003129244,-131.500001959503,115.));
#2814=CARTESIAN_POINT('',(-57.5000008568168,-131.500001959503,115.));
#2815=CARTESIAN_POINT('',(-81.5000012144446,-131.500001959503,115.));
#2816=CARTESIAN_POINT('Origin',(-57.5000008568168,-118.500001765788,115.));
#2817=CARTESIAN_POINT('',(-57.5000008568168,-118.500001765788,115.));
#2818=CARTESIAN_POINT('',(-57.5000008568168,-121.750000882894,115.));
#2819=CARTESIAN_POINT('',(-57.5000008568168,-118.500001765788,115.));
#2820=CARTESIAN_POINT('Origin',(-81.5000012144446,-118.500001765788,115.));
#2821=CARTESIAN_POINT('',(-81.5000012144446,-118.500001765788,115.));
#2822=CARTESIAN_POINT('',(-23.0000004917383,-118.500001765788,115.));
#2823=CARTESIAN_POINT('',(-81.5000012144446,-118.500001765788,115.));
#2824=CARTESIAN_POINT('Origin',(-81.5000012144446,-131.500001959503,115.));
#2825=CARTESIAN_POINT('',(-81.5000012144446,-128.250000979751,115.));
#2826=CARTESIAN_POINT('Origin',(-40.,-95.,115.));
#2827=CARTESIAN_POINT('',(-25.,-95.,115.));
#2828=CARTESIAN_POINT('',(-25.,-95.,115.));
#2829=CARTESIAN_POINT('',(-2.249999884516,-95.,115.));
#2830=CARTESIAN_POINT('Origin',(-28.7228132326902,-105.,115.));
#2831=CARTESIAN_POINT('',(3.38859349913892,-105.,115.));
#2832=CARTESIAN_POINT('Origin',(-25.,-95.,115.));
#2833=CARTESIAN_POINT('',(-25.,-110.,115.));
#2834=CARTESIAN_POINT('Origin',(-55.4999987594783,-124.999997206032,115.));
#2835=CARTESIAN_POINT('',(-54.4999987594783,-124.999997206032,115.));
#2836=CARTESIAN_POINT('Origin',(-55.4999987594783,-124.999997206032,115.));
#2837=CARTESIAN_POINT('',(-54.4999987594783,-124.999997206032,115.));
#2838=CARTESIAN_POINT('Origin',(20.,-150.,105.));
#2839=CARTESIAN_POINT('',(40.,-141.03429965518,105.));
#2840=CARTESIAN_POINT('Origin',(0.,-125.,105.));
#2841=CARTESIAN_POINT('',(40.,-140.,105.));
#2842=CARTESIAN_POINT('',(30.,-140.,105.));
#2843=CARTESIAN_POINT('',(40.,-145.51714982759,105.));
#2844=CARTESIAN_POINT('Ctrl Pts',(0.,-160.,105.));
#2845=CARTESIAN_POINT('Ctrl Pts',(27.4325308559007,-160.,105.));
#2846=CARTESIAN_POINT('Ctrl Pts',(40.,-141.03429965518,105.));
#2847=CARTESIAN_POINT('Ctrl Pts',(0.,-160.,115.));
#2848=CARTESIAN_POINT('Ctrl Pts',(27.4325308559007,-160.,115.));
#2849=CARTESIAN_POINT('Ctrl Pts',(40.,-141.03429965518,115.));
#2850=CARTESIAN_POINT('',(40.,-141.03429965518,115.));
#2851=CARTESIAN_POINT('',(40.,-141.03429965518,0.));
#2852=CARTESIAN_POINT('',(0.,-160.,115.));
#2853=CARTESIAN_POINT('Origin',(0.,-125.,115.));
#2854=CARTESIAN_POINT('',(0.,-160.,0.));
#2855=CARTESIAN_POINT('Origin',(20.,-100.,105.));
#2856=CARTESIAN_POINT('',(40.,-108.96570034482,105.));
#2857=CARTESIAN_POINT('Origin',(0.,-125.,105.));
#2858=CARTESIAN_POINT('',(40.,-110.,105.));
#2859=CARTESIAN_POINT('',(40.,-105.,105.));
#2860=CARTESIAN_POINT('',(25.8113883008419,-110.,105.));
#2861=CARTESIAN_POINT('Ctrl Pts',(40.,-108.96570034482,105.));
#2862=CARTESIAN_POINT('Ctrl Pts',(27.4325308559007,-90.,105.));
#2863=CARTESIAN_POINT('Ctrl Pts',(0.,-90.,105.));
#2864=CARTESIAN_POINT('Ctrl Pts',(40.,-108.96570034482,115.));
#2865=CARTESIAN_POINT('Ctrl Pts',(27.4325308559007,-90.,115.));
#2866=CARTESIAN_POINT('Ctrl Pts',(0.,-90.,115.));
#2867=CARTESIAN_POINT('',(0.,-90.,115.));
#2868=CARTESIAN_POINT('',(0.,-90.,0.));
#2869=CARTESIAN_POINT('',(40.,-108.96570034482,115.));
#2870=CARTESIAN_POINT('Origin',(0.,-125.,115.));
#2871=CARTESIAN_POINT('',(40.,-108.96570034482,0.));
#2872=CARTESIAN_POINT('Origin',(-65.,-160.,0.));
#2873=CARTESIAN_POINT('',(0.,-160.,115.));
#2874=CARTESIAN_POINT('Origin',(-100.,-125.,0.));
#2875=CARTESIAN_POINT('',(-105.999998226762,-125.,115.));
#2876=CARTESIAN_POINT('Origin',(-100.,-125.,115.));
#2877=CARTESIAN_POINT('',(-105.999998226762,-125.,0.));
#2878=CARTESIAN_POINT('Origin',(0.,-90.,0.));
#2879=CARTESIAN_POINT('',(-65.,-90.,115.));
#2880=CARTESIAN_POINT('Origin',(-1.6886116991581,-125.,95.));
#2881=CARTESIAN_POINT('',(28.2665864813615,-110.,95.));
#2882=CARTESIAN_POINT('',(13.2889873911017,-110.,95.));
#2883=CARTESIAN_POINT('',(28.2665864813615,-140.,95.));
#2884=CARTESIAN_POINT('Origin',(0.,-125.,95.));
#2885=CARTESIAN_POINT('',(14.9670824512628,-140.,95.));
#2886=CARTESIAN_POINT('Origin',(-1.86670606641524,-125.,90.));
#2887=CARTESIAN_POINT('',(25.9807604789272,-110.,90.));
#2888=CARTESIAN_POINT('',(28.2665864813615,-110.,90.));
#2889=CARTESIAN_POINT('',(12.057027206256,-110.,90.));
#2890=CARTESIAN_POINT('',(25.9807604789272,-140.,90.));
#2891=CARTESIAN_POINT('Origin',(0.,-125.,90.));
#2892=CARTESIAN_POINT('',(28.2665864813615,-140.,90.));
#2893=CARTESIAN_POINT('',(13.1999402074731,-140.,90.));
#2894=CARTESIAN_POINT('Origin',(0.,-125.,90.));
#2895=CARTESIAN_POINT('Origin',(0.,-125.,0.));
#2896=CARTESIAN_POINT('',(-18.0000002682209,-101.000001970679,110.));
#2897=CARTESIAN_POINT('',(-18.0000002682209,-101.000001970679,115.));
#2898=CARTESIAN_POINT('',(-18.0000002682209,-101.000001970679,0.));
#2899=CARTESIAN_POINT('',(-18.0000002682209,-148.999998029321,115.));
#2900=CARTESIAN_POINT('Origin',(0.,-125.,115.));
#2901=CARTESIAN_POINT('',(-18.0000002682209,-148.999998029321,110.));
#2902=CARTESIAN_POINT('',(-18.0000002682209,-148.999998029321,0.));
#2903=CARTESIAN_POINT('',(-11.0000001639128,-152.91056988772,110.));
#2904=CARTESIAN_POINT('Origin',(0.,-125.,110.));
#2905=CARTESIAN_POINT('',(-11.0000001639128,-152.91056988772,115.));
#2906=CARTESIAN_POINT('',(-11.0000001639128,-152.91056988772,0.));
#2907=CARTESIAN_POINT('',(25.9807604789272,-140.,115.));
#2908=CARTESIAN_POINT('Origin',(0.,-125.,115.));
#2909=CARTESIAN_POINT('',(25.9807604789272,-140.,0.));
#2910=CARTESIAN_POINT('',(25.9807604789272,-110.,115.));
#2911=CARTESIAN_POINT('',(25.9807604789272,-110.,0.));
#2912=CARTESIAN_POINT('',(-11.0000001639128,-97.08943011228,115.));
#2913=CARTESIAN_POINT('Origin',(0.,-125.,115.));
#2914=CARTESIAN_POINT('',(-11.0000001639128,-97.08943011228,110.));
#2915=CARTESIAN_POINT('',(-11.0000001639128,-97.08943011228,0.));
#2916=CARTESIAN_POINT('Origin',(0.,-125.,110.));
#2917=CARTESIAN_POINT('Origin',(25.9807604789272,-110.,0.));
#2918=CARTESIAN_POINT('',(28.2665864813615,-110.,0.));
#2919=CARTESIAN_POINT('',(40.,-110.,110.));
#2920=CARTESIAN_POINT('',(40.,-110.,0.));
#2921=CARTESIAN_POINT('',(31.000000461936,-110.,110.));
#2922=CARTESIAN_POINT('',(37.750000115484,-110.,110.));
#2923=CARTESIAN_POINT('',(31.000000461936,-110.,115.));
#2924=CARTESIAN_POINT('',(31.000000461936,-110.,0.));
#2925=CARTESIAN_POINT('',(40.,-110.,115.));
#2926=CARTESIAN_POINT('Origin',(28.2665864813615,-140.,0.));
#2927=CARTESIAN_POINT('',(31.000000461936,-140.,115.));
#2928=CARTESIAN_POINT('',(25.9807604789272,-140.,115.));
#2929=CARTESIAN_POINT('',(31.000000461936,-140.,110.));
#2930=CARTESIAN_POINT('',(31.000000461936,-140.,0.));
#2931=CARTESIAN_POINT('',(40.,-140.,110.));
#2932=CARTESIAN_POINT('',(33.250000346452,-140.,110.));
#2933=CARTESIAN_POINT('',(40.,-140.,0.));
#2934=CARTESIAN_POINT('',(28.2665864813615,-140.,0.));
#2935=CARTESIAN_POINT('Origin',(0.,-125.,0.));
#2936=CARTESIAN_POINT('Origin',(-14.5000002160668,-125.,110.));
#2937=CARTESIAN_POINT('',(-11.0000001639128,-138.95528494386,110.));
#2938=CARTESIAN_POINT('',(-18.0000002682209,-113.000000985339,110.));
#2939=CARTESIAN_POINT('',(-16.1499996826053,-119.999997317791,110.));
#2940=CARTESIAN_POINT('Origin',(-14.1999996826053,-119.999997317791,110.));
#2941=CARTESIAN_POINT('',(-16.1499996826053,-129.999997094274,110.));
#2942=CARTESIAN_POINT('Origin',(-14.1999996826053,-129.999997094274,110.));
#2943=CARTESIAN_POINT('Origin',(-11.0000001639128,-152.91056988772,0.));
#2944=CARTESIAN_POINT('',(-11.0000001639128,-152.91056988772,115.));
#2945=CARTESIAN_POINT('Origin',(-14.1999996826053,-129.999997094274,0.));
#2946=CARTESIAN_POINT('',(-16.1499996826053,-129.999997094274,115.));
#2947=CARTESIAN_POINT('Origin',(-14.1999996826053,-129.999997094274,115.));
#2948=CARTESIAN_POINT('',(-16.1499996826053,-129.999997094274,0.));
#2949=CARTESIAN_POINT('Origin',(-14.1999996826053,-119.999997317791,0.));
#2950=CARTESIAN_POINT('',(-16.1499996826053,-119.999997317791,115.));
#2951=CARTESIAN_POINT('Origin',(-14.1999996826053,-119.999997317791,115.));
#2952=CARTESIAN_POINT('',(-16.1499996826053,-119.999997317791,0.));
#2953=CARTESIAN_POINT('Origin',(-18.0000002682209,-101.000001970679,0.));
#2954=CARTESIAN_POINT('',(-18.0000002682209,-101.000001970679,115.));
#2955=CARTESIAN_POINT('Origin',(35.500000230968,-125.,110.));
#2956=CARTESIAN_POINT('',(40.,-132.5,110.));
#2957=CARTESIAN_POINT('',(31.000000461936,-117.5,110.));
#2958=CARTESIAN_POINT('',(31.8499992445111,-119.999997317791,110.));
#2959=CARTESIAN_POINT('Origin',(33.7999992445111,-119.999997317791,110.));
#2960=CARTESIAN_POINT('',(31.8499992445111,-129.999997094274,110.));
#2961=CARTESIAN_POINT('Origin',(33.7999992445111,-129.999997094274,110.));
#2962=CARTESIAN_POINT('Origin',(40.,-140.,0.));
#2963=CARTESIAN_POINT('',(40.,-108.96570034482,115.));
#2964=CARTESIAN_POINT('Origin',(33.7999992445111,-129.999997094274,0.));
#2965=CARTESIAN_POINT('',(31.8499992445111,-129.999997094274,115.));
#2966=CARTESIAN_POINT('Origin',(33.7999992445111,-129.999997094274,115.));
#2967=CARTESIAN_POINT('',(31.8499992445111,-129.999997094274,0.));
#2968=CARTESIAN_POINT('Origin',(33.7999992445111,-119.999997317791,0.));
#2969=CARTESIAN_POINT('',(31.8499992445111,-119.999997317791,115.));
#2970=CARTESIAN_POINT('Origin',(33.7999992445111,-119.999997317791,115.));
#2971=CARTESIAN_POINT('',(31.8499992445111,-119.999997317791,0.));
#2972=CARTESIAN_POINT('Origin',(31.000000461936,-110.,0.));
#2973=CARTESIAN_POINT('',(31.000000461936,-140.,115.));
#2974=CARTESIAN_POINT('Origin',(35.500000230968,-125.,115.));
#2975=UNCERTAINTY_MEASURE_WITH_UNIT(LENGTH_MEASURE(0.01),#2979,
'DISTANCE_ACCURACY_VALUE',
'Maximum model space distance between geometric entities at asserted c
onnectivities');
#2976=UNCERTAINTY_MEASURE_WITH_UNIT(LENGTH_MEASURE(0.01),#2979,
'DISTANCE_ACCURACY_VALUE',
'Maximum model space distance between geometric entities at asserted c
onnectivities');
#2977=(
GEOMETRIC_REPRESENTATION_CONTEXT(3)
GLOBAL_UNCERTAINTY_ASSIGNED_CONTEXT((#2975))
GLOBAL_UNIT_ASSIGNED_CONTEXT((#2979,#2981,#2982))
REPRESENTATION_CONTEXT('','3D')
);
#2978=(
GEOMETRIC_REPRESENTATION_CONTEXT(3)
GLOBAL_UNCERTAINTY_ASSIGNED_CONTEXT((#2976))
GLOBAL_UNIT_ASSIGNED_CONTEXT((#2979,#2981,#2982))
REPRESENTATION_CONTEXT('','3D')
);
#2979=(
LENGTH_UNIT()
NAMED_UNIT(*)
SI_UNIT(.MILLI.,.METRE.)
);
#2980=(
LENGTH_UNIT()
NAMED_UNIT(*)
SI_UNIT($,.METRE.)
);
#2981=(
NAMED_UNIT(*)
PLANE_ANGLE_UNIT()
SI_UNIT($,.RADIAN.)
);
#2982=(
NAMED_UNIT(*)
SI_UNIT($,.STERADIAN.)
SOLID_ANGLE_UNIT()
);
#2983=SHAPE_DEFINITION_REPRESENTATION(#2984,#2985);
#2984=PRODUCT_DEFINITION_SHAPE('',$,#2987);
#2985=SHAPE_REPRESENTATION('',(#1787),#2977);
#2986=PRODUCT_DEFINITION_CONTEXT('part definition',#2991,'design');
#2987=PRODUCT_DEFINITION('2025-08-05-20-00-57-808','link2_2',#2988,#2986);
#2988=PRODUCT_DEFINITION_FORMATION('',$,#2993);
#2989=PRODUCT_RELATED_PRODUCT_CATEGORY('link2_2','link2_2',(#2993));
#2990=APPLICATION_PROTOCOL_DEFINITION('international standard',
'automotive_design',2009,#2991);
#2991=APPLICATION_CONTEXT(
'Core Data for Automotive Mechanical Design Process');
#2992=PRODUCT_CONTEXT('part definition',#2991,'mechanical');
#2993=PRODUCT('2025-08-05-20-00-57-808','link2_2',$,(#2992));
#2994=PRESENTATION_STYLE_ASSIGNMENT((#2996));
#2995=PRESENTATION_STYLE_ASSIGNMENT((#2997));
#2996=SURFACE_STYLE_USAGE(.BOTH.,#2998);
#2997=SURFACE_STYLE_USAGE(.BOTH.,#2999);
#2998=SURFACE_SIDE_STYLE('',(#3000));
#2999=SURFACE_SIDE_STYLE('',(#3001));
#3000=SURFACE_STYLE_FILL_AREA(#3002);
#3001=SURFACE_STYLE_FILL_AREA(#3003);
#3002=FILL_AREA_STYLE('Steel - Satin',(#3004));
#3003=FILL_AREA_STYLE('Powder Coat - Rough (Black)',(#3005));
#3004=FILL_AREA_STYLE_COLOUR('Steel - Satin',#3006);
#3005=FILL_AREA_STYLE_COLOUR('Powder Coat - Rough (Black)',#3007);
#3006=COLOUR_RGB('Steel - Satin',0.627450980392157,0.627450980392157,0.627450980392157);
#3007=COLOUR_RGB('Powder Coat - Rough (Black)',0.0980392156862745,0.0980392156862745,
0.0980392156862745);
ENDSEC;
END-ISO-10303-21;
