ISO-10303-21;
HEADER;
/* Generated by software containing ST-Developer
 * from STEP Tools, Inc. (www.steptools.com) 
 */

FILE_DESCRIPTION(
/* description */ (''),
/* implementation_level */ '2;1');

FILE_NAME(
/* name */ 'shell_0.step',
/* time_stamp */ '2025-08-01T08:27:48+01:00',
/* author */ (''),
/* organization */ (''),
/* preprocessor_version */ 'ST-DEVELOPER v20.1',
/* originating_system */ 'Autodesk Translation Framework v14.10.0.0',
/* authorisation */ '');

FILE_SCHEMA (('AUTOMOTIVE_DESIGN { 1 0 10303 214 3 1 1 }'));
ENDSEC;

DATA;
#10=MECHANICAL_DESIGN_GEOMETRIC_PRESENTATION_REPRESENTATION('',(#13),#3737);
#11=SHAPE_REPRESENTATION_RELATIONSHIP('SRR','None',#3744,#12);
#12=ADVANCED_BREP_SHAPE_REPRESENTATION('',(#14),#3736);
#13=STYLED_ITEM('',(#3754),#14);
#14=MANIFOLD_SOLID_BREP('Body1',#986);
#15=FACE_BOUND('',#128,.T.);
#16=FACE_BOUND('',#129,.T.);
#17=FACE_BOUND('',#130,.T.);
#18=FACE_BOUND('',#131,.T.);
#19=FACE_BOUND('',#132,.T.);
#20=FACE_BOUND('',#139,.T.);
#21=FACE_BOUND('',#144,.T.);
#22=FACE_BOUND('',#165,.T.);
#23=FACE_BOUND('',#168,.T.);
#24=FACE_BOUND('',#172,.T.);
#25=FACE_BOUND('',#175,.T.);
#26=PLANE('',#1014);
#27=PLANE('',#1030);
#28=PLANE('',#1031);
#29=PLANE('',#1032);
#30=PLANE('',#1033);
#31=PLANE('',#1037);
#32=PLANE('',#1038);
#33=PLANE('',#1050);
#34=PLANE('',#1051);
#35=PLANE('',#1056);
#36=PLANE('',#1057);
#37=B_SPLINE_SURFACE_WITH_KNOTS('',3,3,((#1406,#1407,#1408,#1409,#1410,
#1411,#1412,#1413,#1414,#1415,#1416,#1417,#1418,#1419,#1420,#1421,#1422,
#1423,#1424,#1425,#1426,#1427,#1428,#1429,#1430,#1431,#1432,#1433,#1434,
#1435,#1436,#1437,#1438,#1439,#1440,#1441,#1442),(#1443,#1444,#1445,#1446,
#1447,#1448,#1449,#1450,#1451,#1452,#1453,#1454,#1455,#1456,#1457,#1458,
#1459,#1460,#1461,#1462,#1463,#1464,#1465,#1466,#1467,#1468,#1469,#1470,
#1471,#1472,#1473,#1474,#1475,#1476,#1477,#1478,#1479),(#1480,#1481,#1482,
#1483,#1484,#1485,#1486,#1487,#1488,#1489,#1490,#1491,#1492,#1493,#1494,
#1495,#1496,#1497,#1498,#1499,#1500,#1501,#1502,#1503,#1504,#1505,#1506,
#1507,#1508,#1509,#1510,#1511,#1512,#1513,#1514,#1515,#1516),(#1517,#1518,
#1519,#1520,#1521,#1522,#1523,#1524,#1525,#1526,#1527,#1528,#1529,#1530,
#1531,#1532,#1533,#1534,#1535,#1536,#1537,#1538,#1539,#1540,#1541,#1542,
#1543,#1544,#1545,#1546,#1547,#1548,#1549,#1550,#1551,#1552,#1553),(#1554,
#1555,#1556,#1557,#1558,#1559,#1560,#1561,#1562,#1563,#1564,#1565,#1566,
#1567,#1568,#1569,#1570,#1571,#1572,#1573,#1574,#1575,#1576,#1577,#1578,
#1579,#1580,#1581,#1582,#1583,#1584,#1585,#1586,#1587,#1588,#1589,#1590),
(#1591,#1592,#1593,#1594,#1595,#1596,#1597,#1598,#1599,#1600,#1601,#1602,
#1603,#1604,#1605,#1606,#1607,#1608,#1609,#1610,#1611,#1612,#1613,#1614,
#1615,#1616,#1617,#1618,#1619,#1620,#1621,#1622,#1623,#1624,#1625,#1626,
#1627),(#1628,#1629,#1630,#1631,#1632,#1633,#1634,#1635,#1636,#1637,#1638,
#1639,#1640,#1641,#1642,#1643,#1644,#1645,#1646,#1647,#1648,#1649,#1650,
#1651,#1652,#1653,#1654,#1655,#1656,#1657,#1658,#1659,#1660,#1661,#1662,
#1663,#1664)),.UNSPECIFIED.,.F.,.F.,.F.,(4,1,1,1,4),(4,1,1,1,1,1,1,1,1,
1,1,1,1,1,1,1,1,1,1,1,1,1,1,1,1,1,1,1,1,1,1,1,2,4),(0.,0.285714285714286,
0.571428571428571,0.714285714285714,1.),(0.0429919765706855,0.297895223704718,
0.552798470838751,0.807701717972783,1.06260496510682,1.31750821224085,1.57241145937488,
1.82731470650891,2.08221795364295,2.20966957720996,2.33712120077698,2.46457282434399,
2.59202444791101,2.71947607147803,2.84692769504504,2.97437931861206,3.10183094217908,
3.27176644026843,3.44170193835779,3.61163743644714,3.7815729345365,3.89486326659607,
4.12144393071521,4.37634717784924,4.50379880141625,4.63125042498327,4.75870204855029,
4.8861536721173,5.01360529568432,5.07733110746783,5.10919401335958,5.12512546630546,
5.14105691925134,5.14226504339261),.UNSPECIFIED.);
#38=B_SPLINE_SURFACE_WITH_KNOTS('',3,3,((#1876,#1877,#1878,#1879),(#1880,
#1881,#1882,#1883),(#1884,#1885,#1886,#1887),(#1888,#1889,#1890,#1891),
(#1892,#1893,#1894,#1895),(#1896,#1897,#1898,#1899),(#1900,#1901,#1902,
#1903)),.UNSPECIFIED.,.F.,.F.,.F.,(4,1,1,1,4),(4,4),(0.,0.285714285714286,
0.571428571428571,0.714285714285714,1.),(0.,2.24510458559547),
 .UNSPECIFIED.);
#39=B_SPLINE_SURFACE_WITH_KNOTS('',1,3,((#1928,#1929,#1930,#1931),(#1932,
#1933,#1934,#1935)),.UNSPECIFIED.,.F.,.F.,.F.,(2,2),(4,4),(1.7916288338891,
1.81250000000022),(1.5707963267949,1.58737413128731),.UNSPECIFIED.);
#40=B_SPLINE_SURFACE_WITH_KNOTS('',1,3,((#1937,#1938,#1939,#1940),(#1941,
#1942,#1943,#1944)),.UNSPECIFIED.,.F.,.F.,.F.,(2,2),(4,4),(1.31249999999978,
1.3333711661109),(1.5707963267949,1.58737413128731),.UNSPECIFIED.);
#41=B_SPLINE_SURFACE_WITH_KNOTS('',3,3,((#1951,#1952,#1953,#1954,#1955,
#1956,#1957,#1958,#1959,#1960,#1961,#1962,#1963,#1964,#1965,#1966,#1967,
#1968,#1969,#1970,#1971,#1972,#1973,#1974,#1975,#1976,#1977,#1978,#1979,
#1980),(#1981,#1982,#1983,#1984,#1985,#1986,#1987,#1988,#1989,#1990,#1991,
#1992,#1993,#1994,#1995,#1996,#1997,#1998,#1999,#2000,#2001,#2002,#2003,
#2004,#2005,#2006,#2007,#2008,#2009,#2010),(#2011,#2012,#2013,#2014,#2015,
#2016,#2017,#2018,#2019,#2020,#2021,#2022,#2023,#2024,#2025,#2026,#2027,
#2028,#2029,#2030,#2031,#2032,#2033,#2034,#2035,#2036,#2037,#2038,#2039,
#2040),(#2041,#2042,#2043,#2044,#2045,#2046,#2047,#2048,#2049,#2050,#2051,
#2052,#2053,#2054,#2055,#2056,#2057,#2058,#2059,#2060,#2061,#2062,#2063,
#2064,#2065,#2066,#2067,#2068,#2069,#2070),(#2071,#2072,#2073,#2074,#2075,
#2076,#2077,#2078,#2079,#2080,#2081,#2082,#2083,#2084,#2085,#2086,#2087,
#2088,#2089,#2090,#2091,#2092,#2093,#2094,#2095,#2096,#2097,#2098,#2099,
#2100),(#2101,#2102,#2103,#2104,#2105,#2106,#2107,#2108,#2109,#2110,#2111,
#2112,#2113,#2114,#2115,#2116,#2117,#2118,#2119,#2120,#2121,#2122,#2123,
#2124,#2125,#2126,#2127,#2128,#2129,#2130),(#2131,#2132,#2133,#2134,#2135,
#2136,#2137,#2138,#2139,#2140,#2141,#2142,#2143,#2144,#2145,#2146,#2147,
#2148,#2149,#2150,#2151,#2152,#2153,#2154,#2155,#2156,#2157,#2158,#2159,
#2160)),.UNSPECIFIED.,.F.,.F.,.F.,(4,1,1,1,4),(4,2,1,1,1,1,1,1,1,1,1,1,
1,1,1,1,1,1,1,1,1,1,1,1,1,1,4),(0.,0.285714285714286,0.571428571428571,
0.714285714285714,1.),(-0.00120812414127478,0.,0.00803290143633015,0.0160658028726603,
0.0321316057453206,0.0642632114906412,0.128526422981282,0.257052845962565,
0.51410569192513,0.771158537887695,1.02821138385026,1.28526422981282,1.54231707577539,
1.79936992173795,2.05642276770052,2.31347561366308,2.57052845962565,2.82758130558821,
3.08463415155078,3.34168699751334,3.59873984347591,3.85579268943847,4.11284553540104,
4.3698983813636,4.62695122732617,4.88400407328873,5.1410569192513),
 .UNSPECIFIED.);
#42=B_SPLINE_SURFACE_WITH_KNOTS('',3,3,((#2206,#2207,#2208,#2209),(#2210,
#2211,#2212,#2213),(#2214,#2215,#2216,#2217),(#2218,#2219,#2220,#2221),
(#2222,#2223,#2224,#2225),(#2226,#2227,#2228,#2229),(#2230,#2231,#2232,
#2233)),.UNSPECIFIED.,.F.,.F.,.F.,(4,1,1,1,4),(4,4),(0.,0.285714285714286,
0.571428571428571,0.714285714285714,1.),(0.,2.50999625841228),
 .UNSPECIFIED.);
#43=B_SPLINE_SURFACE_WITH_KNOTS('',1,3,((#2365,#2366,#2367,#2368,#2369,
#2370),(#2371,#2372,#2373,#2374,#2375,#2376)),.UNSPECIFIED.,.F.,.F.,.F.,
(2,2),(4,1,1,4),(2.55555555555556,3.22222222222222),(1.5707963267949,2.0343041262506,
2.34330932588773,2.65231452552486),.UNSPECIFIED.);
#44=B_SPLINE_SURFACE_WITH_KNOTS('',1,3,((#2397,#2398,#2399,#2400),(#2401,
#2402,#2403,#2404)),.UNSPECIFIED.,.F.,.F.,.F.,(2,2),(4,4),(1.52617881443501,
1.59882118562417),(2.87290496172786,3.14159265358979),.UNSPECIFIED.);
#45=B_SPLINE_SURFACE_WITH_KNOTS('',1,3,((#2511,#2512,#2513,#2514,#2515,
#2516),(#2517,#2518,#2519,#2520,#2521,#2522)),.UNSPECIFIED.,.F.,.F.,.F.,
(2,2),(4,1,1,4),(2.55555555555556,3.22222222222222),(-2.65231452552486,
-2.18880672606916,-1.87980152643203,-1.5707963267949),.UNSPECIFIED.);
#46=B_SPLINE_SURFACE_WITH_KNOTS('',1,3,((#2544,#2545,#2546,#2547,#2548,
#2549,#2550,#2551,#2552,#2553,#2554,#2555),(#2556,#2557,#2558,#2559,#2560,
#2561,#2562,#2563,#2564,#2565,#2566,#2567)),.UNSPECIFIED.,.F.,.F.,.F.,(2,
2),(4,1,1,1,1,1,1,1,1,4),(2.09090909090909,2.59466066018692),(-1.52213929458589,
-1.08724235463234,-0.652345414678797,-0.217448474725252,0.217448465228293,
0.434896935205065,0.652345405181838,0.86979387515861,1.08724234513538,1.52213928508893),
 .UNSPECIFIED.);
#47=B_SPLINE_SURFACE_WITH_KNOTS('',3,3,((#2665,#2666,#2667,#2668,#2669,
#2670,#2671,#2672),(#2673,#2674,#2675,#2676,#2677,#2678,#2679,#2680),(#2681,
#2682,#2683,#2684,#2685,#2686,#2687,#2688),(#2689,#2690,#2691,#2692,#2693,
#2694,#2695,#2696),(#2697,#2698,#2699,#2700,#2701,#2702,#2703,#2704),(#2705,
#2706,#2707,#2708,#2709,#2710,#2711,#2712),(#2713,#2714,#2715,#2716,#2717,
#2718,#2719,#2720)),.UNSPECIFIED.,.F.,.F.,.F.,(4,1,1,1,4),(4,1,1,1,1,4),
(0.,0.285714285714286,0.571428571428571,0.714285714285714,1.),(15.806687820049,
16.6918568972704,17.5770259744917,18.0196105131024,18.4621950517131,18.9047795903238),
 .UNSPECIFIED.);
#48=B_SPLINE_SURFACE_WITH_KNOTS('',3,3,((#2758,#2759,#2760,#2761,#2762,
#2763,#2764,#2765,#2766,#2767,#2768,#2769,#2770,#2771,#2772,#2773,#2774,
#2775,#2776,#2777,#2778,#2779,#2780,#2781,#2782,#2783,#2784,#2785,#2786,
#2787,#2788,#2789,#2790,#2791,#2792,#2793),(#2794,#2795,#2796,#2797,#2798,
#2799,#2800,#2801,#2802,#2803,#2804,#2805,#2806,#2807,#2808,#2809,#2810,
#2811,#2812,#2813,#2814,#2815,#2816,#2817,#2818,#2819,#2820,#2821,#2822,
#2823,#2824,#2825,#2826,#2827,#2828,#2829),(#2830,#2831,#2832,#2833,#2834,
#2835,#2836,#2837,#2838,#2839,#2840,#2841,#2842,#2843,#2844,#2845,#2846,
#2847,#2848,#2849,#2850,#2851,#2852,#2853,#2854,#2855,#2856,#2857,#2858,
#2859,#2860,#2861,#2862,#2863,#2864,#2865),(#2866,#2867,#2868,#2869,#2870,
#2871,#2872,#2873,#2874,#2875,#2876,#2877,#2878,#2879,#2880,#2881,#2882,
#2883,#2884,#2885,#2886,#2887,#2888,#2889,#2890,#2891,#2892,#2893,#2894,
#2895,#2896,#2897,#2898,#2899,#2900,#2901),(#2902,#2903,#2904,#2905,#2906,
#2907,#2908,#2909,#2910,#2911,#2912,#2913,#2914,#2915,#2916,#2917,#2918,
#2919,#2920,#2921,#2922,#2923,#2924,#2925,#2926,#2927,#2928,#2929,#2930,
#2931,#2932,#2933,#2934,#2935,#2936,#2937),(#2938,#2939,#2940,#2941,#2942,
#2943,#2944,#2945,#2946,#2947,#2948,#2949,#2950,#2951,#2952,#2953,#2954,
#2955,#2956,#2957,#2958,#2959,#2960,#2961,#2962,#2963,#2964,#2965,#2966,
#2967,#2968,#2969,#2970,#2971,#2972,#2973)),.UNSPECIFIED.,.F.,.F.,.F.,(4,
1,1,4),(4,2,1,1,1,1,1,1,1,1,1,1,1,1,1,1,1,1,1,1,1,1,1,1,1,1,1,1,1,1,1,1,
4),(0.,0.285714285714286,0.571428571428571,1.),(-0.00120812414127478,0.,
0.015931451830306,0.0318629036606119,0.0637258073212239,0.127451614642448,
0.254903229284896,0.509806458569791,0.764709687854687,0.892161302497134,
1.01961291713958,1.27451614642448,1.40196776106693,1.52941937570937,1.65687099035182,
1.78432260499427,1.91177421963672,2.03922583427916,2.29412906356406,2.54903229284896,
2.80393552213385,3.05883875141875,3.18629036606119,3.31374198070364,3.44119359534609,
3.56864520998854,3.69609682463099,3.82354843927343,4.07845166855833,4.33335489784322,
4.58825812712812,4.84316135641302,5.09806458569791),.UNSPECIFIED.);
#49=B_SPLINE_SURFACE_WITH_KNOTS('',3,3,((#2974,#2975,#2976,#2977),(#2978,
#2979,#2980,#2981),(#2982,#2983,#2984,#2985),(#2986,#2987,#2988,#2989),
(#2990,#2991,#2992,#2993),(#2994,#2995,#2996,#2997),(#2998,#2999,#3000,
#3001)),.UNSPECIFIED.,.F.,.F.,.F.,(4,1,1,1,4),(4,4),(0.,0.285714285714286,
0.571428571428571,0.714285714285714,1.),(0.264891615375032,2.50999625841228),
 .UNSPECIFIED.);
#50=B_SPLINE_SURFACE_WITH_KNOTS('',3,3,((#3011,#3012,#3013,#3014,#3015,
#3016,#3017),(#3018,#3019,#3020,#3021,#3022,#3023,#3024),(#3025,#3026,#3027,
#3028,#3029,#3030,#3031),(#3032,#3033,#3034,#3035,#3036,#3037,#3038),(#3039,
#3040,#3041,#3042,#3043,#3044,#3045),(#3046,#3047,#3048,#3049,#3050,#3051,
#3052),(#3053,#3054,#3055,#3056,#3057,#3058,#3059)),.UNSPECIFIED.,.F.,.F.,
 .F.,(4,1,1,1,4),(4,1,1,1,4),(0.,0.285714285714286,0.571428571428571,0.714285714285714,
1.),(12.7085960497742,13.1511805883849,14.0363496656063,14.9215187428276,
15.806687820049),.UNSPECIFIED.);
#51=B_SPLINE_SURFACE_WITH_KNOTS('',3,3,((#3060,#3061,#3062,#3063),(#3064,
#3065,#3066,#3067),(#3068,#3069,#3070,#3071),(#3072,#3073,#3074,#3075),
(#3076,#3077,#3078,#3079),(#3080,#3081,#3082,#3083),(#3084,#3085,#3086,
#3087)),.UNSPECIFIED.,.F.,.F.,.F.,(4,1,1,1,4),(4,4),(0.,0.285714285714286,
0.571428571428571,0.714285714285714,1.),(0.,2.50999625841228),
 .UNSPECIFIED.);
#52=B_SPLINE_SURFACE_WITH_KNOTS('',3,3,((#3140,#3141,#3142,#3143,#3144,
#3145,#3146,#3147),(#3148,#3149,#3150,#3151,#3152,#3153,#3154,#3155),(#3156,
#3157,#3158,#3159,#3160,#3161,#3162,#3163),(#3164,#3165,#3166,#3167,#3168,
#3169,#3170,#3171),(#3172,#3173,#3174,#3175,#3176,#3177,#3178,#3179),(#3180,
#3181,#3182,#3183,#3184,#3185,#3186,#3187),(#3188,#3189,#3190,#3191,#3192,
#3193,#3194,#3195)),.UNSPECIFIED.,.F.,.F.,.F.,(4,1,1,1,4),(4,1,1,1,1,4),
(0.,0.285714285714286,0.571428571428571,0.714285714285714,1.),(12.6811698414276,
13.1276724098021,13.5741749781766,14.0206775465511,14.9136826833,15.806687820049),
 .UNSPECIFIED.);
#53=B_SPLINE_SURFACE_WITH_KNOTS('',3,3,((#3295,#3296,#3297,#3298,#3299,
#3300,#3301,#3302,#3303,#3304,#3305,#3306,#3307,#3308,#3309,#3310,#3311,
#3312,#3313,#3314,#3315,#3316,#3317,#3318,#3319,#3320,#3321,#3322,#3323,
#3324,#3325,#3326,#3327,#3328,#3329,#3330),(#3331,#3332,#3333,#3334,#3335,
#3336,#3337,#3338,#3339,#3340,#3341,#3342,#3343,#3344,#3345,#3346,#3347,
#3348,#3349,#3350,#3351,#3352,#3353,#3354,#3355,#3356,#3357,#3358,#3359,
#3360,#3361,#3362,#3363,#3364,#3365,#3366),(#3367,#3368,#3369,#3370,#3371,
#3372,#3373,#3374,#3375,#3376,#3377,#3378,#3379,#3380,#3381,#3382,#3383,
#3384,#3385,#3386,#3387,#3388,#3389,#3390,#3391,#3392,#3393,#3394,#3395,
#3396,#3397,#3398,#3399,#3400,#3401,#3402),(#3403,#3404,#3405,#3406,#3407,
#3408,#3409,#3410,#3411,#3412,#3413,#3414,#3415,#3416,#3417,#3418,#3419,
#3420,#3421,#3422,#3423,#3424,#3425,#3426,#3427,#3428,#3429,#3430,#3431,
#3432,#3433,#3434,#3435,#3436,#3437,#3438),(#3439,#3440,#3441,#3442,#3443,
#3444,#3445,#3446,#3447,#3448,#3449,#3450,#3451,#3452,#3453,#3454,#3455,
#3456,#3457,#3458,#3459,#3460,#3461,#3462,#3463,#3464,#3465,#3466,#3467,
#3468,#3469,#3470,#3471,#3472,#3473,#3474),(#3475,#3476,#3477,#3478,#3479,
#3480,#3481,#3482,#3483,#3484,#3485,#3486,#3487,#3488,#3489,#3490,#3491,
#3492,#3493,#3494,#3495,#3496,#3497,#3498,#3499,#3500,#3501,#3502,#3503,
#3504,#3505,#3506,#3507,#3508,#3509,#3510),(#3511,#3512,#3513,#3514,#3515,
#3516,#3517,#3518,#3519,#3520,#3521,#3522,#3523,#3524,#3525,#3526,#3527,
#3528,#3529,#3530,#3531,#3532,#3533,#3534,#3535,#3536,#3537,#3538,#3539,
#3540,#3541,#3542,#3543,#3544,#3545,#3546)),.UNSPECIFIED.,.F.,.F.,.F.,(4,
1,1,1,4),(4,1,1,1,1,1,1,1,1,1,1,1,1,1,1,1,1,1,1,1,1,1,1,1,1,1,1,1,1,1,1,
2,4),(0.,0.285714285714286,0.571428571428571,0.714285714285714,1.),(0.,
0.257052845962567,0.514105691925134,0.771158537887701,1.02821138385027,
1.28526422981283,1.5423170757754,1.79936992173797,2.05642276770053,2.18494919068182,
2.3134756136631,2.44200203664438,2.57052845962567,2.69905488260695,2.82758130558824,
2.95610772856952,3.0846341515508,3.25600271552585,3.42737127950089,3.59873984347594,
3.77010840745098,3.99859982608437,4.11284553540107,4.36989838136364,4.6269512273262,
4.75547765030749,4.88400407328877,5.01253049627005,5.07679370776069,5.10892531350602,
5.12499111637868,5.14105691925134,5.14226504339261),.UNSPECIFIED.);
#54=B_SPLINE_SURFACE_WITH_KNOTS('',3,3,((#3631,#3632,#3633,#3634,#3635,
#3636,#3637),(#3638,#3639,#3640,#3641,#3642,#3643,#3644),(#3645,#3646,#3647,
#3648,#3649,#3650,#3651),(#3652,#3653,#3654,#3655,#3656,#3657,#3658),(#3659,
#3660,#3661,#3662,#3663,#3664,#3665),(#3666,#3667,#3668,#3669,#3670,#3671,
#3672),(#3673,#3674,#3675,#3676,#3677,#3678,#3679)),.UNSPECIFIED.,.F.,.F.,
 .F.,(4,1,1,1,4),(4,1,1,1,4),(0.,0.285714285714286,0.571428571428571,0.714285714285714,
1.),(15.806687820049,17.1461955251724,18.0392006619214,18.4857032302959,
18.9322057986703),.UNSPECIFIED.);
#55=ELLIPSE('',#1005,51.0000017285348,31.0000023245811);
#56=ELLIPSE('',#1006,51.0000017285348,31.0000023245811);
#57=ELLIPSE('',#1015,45.,35.);
#58=ELLIPSE('',#1016,55.,35.);
#59=ELLIPSE('',#1017,45.,35.);
#60=(
BOUNDED_SURFACE()
B_SPLINE_SURFACE(1,2,((#1303,#1304,#1305,#1306,#1307),(#1308,#1309,#1310,
#1311,#1312)),.UNSPECIFIED.,.F.,.F.,.F.)
B_SPLINE_SURFACE_WITH_KNOTS((2,2),(3,2,3),(2.25490188435929,3.00772800335938),
(-4.71238898038469,-3.14159265358979,-1.5707963267949),.UNSPECIFIED.)
GEOMETRIC_REPRESENTATION_ITEM()
RATIONAL_B_SPLINE_SURFACE(((1.,0.707106781186548,1.,0.707106781186548,1.),
(1.,0.707106781186548,1.,0.707106781186548,1.)))
REPRESENTATION_ITEM('')
SURFACE()
);
#61=(
BOUNDED_SURFACE()
B_SPLINE_SURFACE(1,2,((#2289,#2290,#2291),(#2292,#2293,#2294)),
 .UNSPECIFIED.,.F.,.F.,.F.)
B_SPLINE_SURFACE_WITH_KNOTS((2,2),(3,3),(1.3125,1.3333711661109),(1.5707963267949,
1.58722904626221),.UNSPECIFIED.)
GEOMETRIC_REPRESENTATION_ITEM()
RATIONAL_B_SPLINE_SURFACE(((1.,0.999966245906255,1.),(1.,0.999966245906255,
1.)))
REPRESENTATION_ITEM('')
SURFACE()
);
#62=(
BOUNDED_SURFACE()
B_SPLINE_SURFACE(1,2,((#2296,#2297,#2298),(#2299,#2300,#2301)),
 .UNSPECIFIED.,.F.,.F.,.F.)
B_SPLINE_SURFACE_WITH_KNOTS((2,2),(3,3),(1.7916288338891,1.8125),(1.5707963267949,
1.58722904626221),.UNSPECIFIED.)
GEOMETRIC_REPRESENTATION_ITEM()
RATIONAL_B_SPLINE_SURFACE(((1.,0.999966245906255,1.),(1.,0.999966245906255,
1.)))
REPRESENTATION_ITEM('')
SURFACE()
);
#63=(
BOUNDED_SURFACE()
B_SPLINE_SURFACE(1,2,((#2308,#2309,#2310),(#2311,#2312,#2313)),
 .UNSPECIFIED.,.F.,.F.,.F.)
B_SPLINE_SURFACE_WITH_KNOTS((2,2),(3,3),(1.50896362952357,1.61603637060283),
(2.80500301452711,3.14159265358979),.UNSPECIFIED.)
GEOMETRIC_REPRESENTATION_ITEM()
RATIONAL_B_SPLINE_SURFACE(((1.,0.985871820344318,1.),(1.,0.985871820344318,
1.)))
REPRESENTATION_ITEM('')
SURFACE()
);
#64=(
BOUNDED_SURFACE()
B_SPLINE_SURFACE(1,2,((#3695,#3696,#3697,#3698,#3699),(#3700,#3701,#3702,
#3703,#3704)),.UNSPECIFIED.,.F.,.F.,.F.)
B_SPLINE_SURFACE_WITH_KNOTS((2,2),(3,2,3),(2.09090909090909,2.60138754436402),
(-1.57079632679845,6.66133814775094E-16,1.57079632679845),.UNSPECIFIED.)
GEOMETRIC_REPRESENTATION_ITEM()
RATIONAL_B_SPLINE_SURFACE(((1.,0.707106781185291,1.,0.707106781185291,1.),
(1.,0.707106781185291,1.,0.707106781185291,1.)))
REPRESENTATION_ITEM('')
SURFACE()
);
#65=(
BOUNDED_SURFACE()
B_SPLINE_SURFACE(1,2,((#3709,#3710,#3711),(#3712,#3713,#3714)),
 .UNSPECIFIED.,.F.,.F.,.F.)
B_SPLINE_SURFACE_WITH_KNOTS((2,2),(3,3),(2.55555555555556,3.22222222222222),
(-2.66571040392938,-1.5707963267949),.UNSPECIFIED.)
GEOMETRIC_REPRESENTATION_ITEM()
RATIONAL_B_SPLINE_SURFACE(((1.,0.853850937602943,1.),(1.,0.853850937602943,
1.)))
REPRESENTATION_ITEM('')
SURFACE()
);
#66=(
BOUNDED_SURFACE()
B_SPLINE_SURFACE(1,2,((#3726,#3727,#3728),(#3729,#3730,#3731)),
 .UNSPECIFIED.,.F.,.F.,.F.)
B_SPLINE_SURFACE_WITH_KNOTS((2,2),(3,3),(2.55555555555556,3.22222222222222),
(1.5707963267949,2.66571040392938),.UNSPECIFIED.)
GEOMETRIC_REPRESENTATION_ITEM()
RATIONAL_B_SPLINE_SURFACE(((1.,0.853850937602944,1.),(1.,0.853850937602944,
1.)))
REPRESENTATION_ITEM('')
SURFACE()
);
#67=FACE_OUTER_BOUND('',#121,.T.);
#68=FACE_OUTER_BOUND('',#122,.T.);
#69=FACE_OUTER_BOUND('',#123,.T.);
#70=FACE_OUTER_BOUND('',#124,.T.);
#71=FACE_OUTER_BOUND('',#125,.T.);
#72=FACE_OUTER_BOUND('',#126,.T.);
#73=FACE_OUTER_BOUND('',#127,.T.);
#74=FACE_OUTER_BOUND('',#133,.T.);
#75=FACE_OUTER_BOUND('',#134,.T.);
#76=FACE_OUTER_BOUND('',#135,.T.);
#77=FACE_OUTER_BOUND('',#136,.T.);
#78=FACE_OUTER_BOUND('',#137,.T.);
#79=FACE_OUTER_BOUND('',#138,.T.);
#80=FACE_OUTER_BOUND('',#140,.T.);
#81=FACE_OUTER_BOUND('',#141,.T.);
#82=FACE_OUTER_BOUND('',#142,.T.);
#83=FACE_OUTER_BOUND('',#143,.T.);
#84=FACE_OUTER_BOUND('',#145,.T.);
#85=FACE_OUTER_BOUND('',#146,.T.);
#86=FACE_OUTER_BOUND('',#147,.T.);
#87=FACE_OUTER_BOUND('',#148,.T.);
#88=FACE_OUTER_BOUND('',#149,.T.);
#89=FACE_OUTER_BOUND('',#150,.T.);
#90=FACE_OUTER_BOUND('',#151,.T.);
#91=FACE_OUTER_BOUND('',#152,.T.);
#92=FACE_OUTER_BOUND('',#153,.T.);
#93=FACE_OUTER_BOUND('',#154,.T.);
#94=FACE_OUTER_BOUND('',#155,.T.);
#95=FACE_OUTER_BOUND('',#156,.T.);
#96=FACE_OUTER_BOUND('',#157,.T.);
#97=FACE_OUTER_BOUND('',#158,.T.);
#98=FACE_OUTER_BOUND('',#159,.T.);
#99=FACE_OUTER_BOUND('',#160,.T.);
#100=FACE_OUTER_BOUND('',#161,.T.);
#101=FACE_OUTER_BOUND('',#162,.T.);
#102=FACE_OUTER_BOUND('',#163,.T.);
#103=FACE_OUTER_BOUND('',#164,.T.);
#104=FACE_OUTER_BOUND('',#166,.T.);
#105=FACE_OUTER_BOUND('',#167,.T.);
#106=FACE_OUTER_BOUND('',#169,.T.);
#107=FACE_OUTER_BOUND('',#170,.T.);
#108=FACE_OUTER_BOUND('',#171,.T.);
#109=FACE_OUTER_BOUND('',#173,.T.);
#110=FACE_OUTER_BOUND('',#174,.T.);
#111=FACE_OUTER_BOUND('',#176,.T.);
#112=FACE_OUTER_BOUND('',#177,.T.);
#113=FACE_OUTER_BOUND('',#178,.T.);
#114=FACE_OUTER_BOUND('',#179,.T.);
#115=FACE_OUTER_BOUND('',#180,.T.);
#116=FACE_OUTER_BOUND('',#181,.T.);
#117=FACE_OUTER_BOUND('',#182,.T.);
#118=FACE_OUTER_BOUND('',#183,.T.);
#119=FACE_OUTER_BOUND('',#184,.T.);
#120=FACE_OUTER_BOUND('',#185,.T.);
#121=EDGE_LOOP('',(#620,#621,#622,#623,#624,#625,#626,#627,#628,#629,#630,
#631,#632,#633,#634,#635));
#122=EDGE_LOOP('',(#636,#637,#638,#639,#640,#641,#642,#643,#644,#645,#646,
#647,#648,#649));
#123=EDGE_LOOP('',(#650,#651,#652,#653));
#124=EDGE_LOOP('',(#654,#655,#656,#657));
#125=EDGE_LOOP('',(#658,#659,#660,#661));
#126=EDGE_LOOP('',(#662,#663,#664,#665));
#127=EDGE_LOOP('',(#666,#667,#668,#669,#670,#671));
#128=EDGE_LOOP('',(#672));
#129=EDGE_LOOP('',(#673));
#130=EDGE_LOOP('',(#674));
#131=EDGE_LOOP('',(#675));
#132=EDGE_LOOP('',(#676,#677,#678,#679,#680,#681,#682,#683,#684,#685,#686,
#687,#688,#689,#690,#691,#692,#693));
#133=EDGE_LOOP('',(#694,#695,#696,#697,#698));
#134=EDGE_LOOP('',(#699,#700,#701,#702));
#135=EDGE_LOOP('',(#703,#704,#705));
#136=EDGE_LOOP('',(#706,#707,#708));
#137=EDGE_LOOP('',(#709,#710,#711,#712));
#138=EDGE_LOOP('',(#713,#714,#715,#716,#717,#718));
#139=EDGE_LOOP('',(#719,#720));
#140=EDGE_LOOP('',(#721,#722,#723));
#141=EDGE_LOOP('',(#724,#725,#726));
#142=EDGE_LOOP('',(#727,#728,#729));
#143=EDGE_LOOP('',(#730,#731,#732,#733,#734,#735,#736,#737));
#144=EDGE_LOOP('',(#738));
#145=EDGE_LOOP('',(#739,#740,#741,#742));
#146=EDGE_LOOP('',(#743,#744,#745,#746));
#147=EDGE_LOOP('',(#747,#748,#749,#750));
#148=EDGE_LOOP('',(#751,#752,#753,#754,#755));
#149=EDGE_LOOP('',(#756,#757,#758));
#150=EDGE_LOOP('',(#759,#760,#761,#762));
#151=EDGE_LOOP('',(#763,#764,#765,#766));
#152=EDGE_LOOP('',(#767,#768,#769,#770));
#153=EDGE_LOOP('',(#771,#772,#773,#774));
#154=EDGE_LOOP('',(#775,#776,#777,#778));
#155=EDGE_LOOP('',(#779,#780,#781,#782,#783));
#156=EDGE_LOOP('',(#784,#785,#786,#787,#788));
#157=EDGE_LOOP('',(#789,#790,#791,#792));
#158=EDGE_LOOP('',(#793,#794,#795,#796,#797,#798));
#159=EDGE_LOOP('',(#799,#800,#801,#802));
#160=EDGE_LOOP('',(#803,#804,#805,#806));
#161=EDGE_LOOP('',(#807,#808,#809,#810,#811));
#162=EDGE_LOOP('',(#812,#813,#814,#815,#816,#817));
#163=EDGE_LOOP('',(#818,#819,#820,#821));
#164=EDGE_LOOP('',(#822,#823,#824,#825,#826,#827));
#165=EDGE_LOOP('',(#828,#829));
#166=EDGE_LOOP('',(#830,#831,#832,#833));
#167=EDGE_LOOP('',(#834,#835,#836,#837));
#168=EDGE_LOOP('',(#838,#839));
#169=EDGE_LOOP('',(#840,#841,#842,#843));
#170=EDGE_LOOP('',(#844,#845,#846,#847));
#171=EDGE_LOOP('',(#848,#849,#850,#851));
#172=EDGE_LOOP('',(#852,#853));
#173=EDGE_LOOP('',(#854,#855,#856,#857));
#174=EDGE_LOOP('',(#858,#859,#860,#861,#862,#863,#864,#865));
#175=EDGE_LOOP('',(#866));
#176=EDGE_LOOP('',(#867,#868,#869,#870,#871));
#177=EDGE_LOOP('',(#872,#873,#874,#875,#876));
#178=EDGE_LOOP('',(#877,#878,#879,#880));
#179=EDGE_LOOP('',(#881,#882,#883,#884,#885));
#180=EDGE_LOOP('',(#886,#887,#888,#889,#890));
#181=EDGE_LOOP('',(#891,#892,#893,#894,#895));
#182=EDGE_LOOP('',(#896,#897,#898,#899,#900));
#183=EDGE_LOOP('',(#901,#902,#903,#904,#905));
#184=EDGE_LOOP('',(#906,#907,#908,#909));
#185=EDGE_LOOP('',(#910,#911,#912,#913));
#186=B_SPLINE_CURVE_WITH_KNOTS('',3,(#1237,#1238,#1239,#1240,#1241,#1242,
#1243,#1244),.UNSPECIFIED.,.F.,.F.,(4,2,2,4),(-3.90473736399201,-2.46597300027596,
-1.05530663341455,0.),.UNSPECIFIED.);
#187=B_SPLINE_CURVE_WITH_KNOTS('',3,(#1246,#1247,#1248,#1249),
 .UNSPECIFIED.,.F.,.F.,(4,4),(11.3011218800207,11.5066766479216),
 .UNSPECIFIED.);
#188=B_SPLINE_CURVE_WITH_KNOTS('',3,(#1253,#1254,#1255,#1256),
 .UNSPECIFIED.,.F.,.F.,(4,4),(7.35009473117779,7.55564949907869),
 .UNSPECIFIED.);
#189=B_SPLINE_CURVE_WITH_KNOTS('',3,(#1258,#1259,#1260,#1261,#1262,#1263,
#1264,#1265),.UNSPECIFIED.,.F.,.F.,(4,2,2,4),(-2.68926819377303,-1.96877516487024,
-0.755879344854297,0.),.UNSPECIFIED.);
#190=B_SPLINE_CURVE_WITH_KNOTS('',3,(#1273,#1274,#1275,#1276,#1277,#1278,
#1279,#1280),.UNSPECIFIED.,.F.,.F.,(4,2,2,4),(-3.93155612789855,-2.7628135204589,
-0.842142071715721,-0.176676033278242),.UNSPECIFIED.);
#191=B_SPLINE_CURVE_WITH_KNOTS('',3,(#1282,#1283,#1284,#1285),
 .UNSPECIFIED.,.F.,.F.,(4,4),(-0.212570781034878,0.),.UNSPECIFIED.);
#192=B_SPLINE_CURVE_WITH_KNOTS('',3,(#1289,#1290,#1291,#1292),
 .UNSPECIFIED.,.F.,.F.,(4,4),(-0.212570891623662,0.),.UNSPECIFIED.);
#193=B_SPLINE_CURVE_WITH_KNOTS('',3,(#1293,#1294,#1295,#1296,#1297,#1298,
#1299,#1300,#1301,#1302),.UNSPECIFIED.,.F.,.F.,(4,2,2,2,4),(-2.32339056305862,
-2.04090043852105,-1.41735843347873,-0.662287551221012,0.),
 .UNSPECIFIED.);
#194=B_SPLINE_CURVE_WITH_KNOTS('',3,(#1317,#1318,#1319,#1320,#1321,#1322,
#1323,#1324,#1325,#1326,#1327,#1328),.UNSPECIFIED.,.F.,.F.,(4,2,2,2,2,4),
(-7.45643321939474,-6.91654841008393,-5.96991627576637,-4.92220991247399,
-2.95113896003946,-0.0518279867713232),.UNSPECIFIED.);
#195=B_SPLINE_CURVE_WITH_KNOTS('',3,(#1330,#1331,#1332,#1333,#1334,#1335),
 .UNSPECIFIED.,.F.,.F.,(4,2,4),(-4.62034030025137,-4.00080639782806,-3.29532750498275),
 .UNSPECIFIED.);
#196=B_SPLINE_CURVE_WITH_KNOTS('',3,(#1337,#1338,#1339,#1340,#1341,#1342,
#1343,#1344,#1345,#1346,#1347,#1348),.UNSPECIFIED.,.F.,.F.,(4,2,2,2,2,4),
(-6.25180344162551,-3.96226707778492,-2.44542485346889,-1.42548272512732,
-0.740738791059873,0.),.UNSPECIFIED.);
#197=B_SPLINE_CURVE_WITH_KNOTS('',3,(#1353,#1354,#1355,#1356,#1357,#1358,
#1359),.UNSPECIFIED.,.F.,.F.,(4,3,4),(-0.162285891879486,-0.0137913414332461,
0.),.UNSPECIFIED.);
#198=B_SPLINE_CURVE_WITH_KNOTS('',3,(#1361,#1362,#1363,#1364,#1365,#1366,
#1367,#1368,#1369,#1370,#1371,#1372),.UNSPECIFIED.,.F.,.F.,(4,2,2,2,2,4),
(-7.21124647816299,-7.03100560577818,-5.95347898473169,-4.84596167289754,
-2.97866430048355,0.),.UNSPECIFIED.);
#199=B_SPLINE_CURVE_WITH_KNOTS('',3,(#1374,#1375,#1376,#1377,#1378,#1379,
#1380),.UNSPECIFIED.,.F.,.F.,(4,3,4),(-0.454896234355721,0.,0.454896232492899),
 .UNSPECIFIED.);
#200=B_SPLINE_CURVE_WITH_KNOTS('',3,(#1382,#1383,#1384,#1385,#1386,#1387,
#1388,#1389,#1390,#1391),.UNSPECIFIED.,.F.,.F.,(4,2,2,2,4),(-5.41482735418286,
-3.18352786354195,-1.66147438183582,-0.854908253502333,0.),
 .UNSPECIFIED.);
#201=B_SPLINE_CURVE_WITH_KNOTS('',3,(#1392,#1393,#1394,#1395,#1396,#1397,
#1398),.UNSPECIFIED.,.F.,.F.,(4,3,4),(-0.162284396098476,-0.0137911879489482,
0.),.UNSPECIFIED.);
#202=B_SPLINE_CURVE_WITH_KNOTS('',3,(#1666,#1667,#1668,#1669,#1670,#1671,
#1672,#1673,#1674,#1675),.UNSPECIFIED.,.F.,.F.,(4,2,2,2,4),(0.,0.497215273589315,
0.811797006330898,0.991532992005237,1.09392402050028),.UNSPECIFIED.);
#203=B_SPLINE_CURVE_WITH_KNOTS('',3,(#1677,#1678,#1679,#1680,#1681,#1682,
#1683,#1684,#1685,#1686,#1687,#1688,#1689,#1690,#1691,#1692,#1693,#1694,
#1695,#1696,#1697,#1698,#1699,#1700,#1701,#1702,#1703,#1704,#1705,#1706,
#1707,#1708,#1709,#1710,#1711,#1712,#1713,#1714,#1715,#1716,#1717,#1718,
#1719,#1720,#1721,#1722,#1723,#1724,#1725,#1726,#1727,#1728,#1729,#1730,
#1731,#1732,#1733,#1734,#1735,#1736,#1737,#1738,#1739,#1740,#1741,#1742,
#1743,#1744,#1745,#1746,#1747,#1748,#1749,#1750,#1751,#1752,#1753,#1754,
#1755,#1756,#1757,#1758,#1759,#1760,#1761,#1762,#1763,#1764,#1765,#1766,
#1767,#1768,#1769,#1770,#1771,#1772,#1773,#1774,#1775,#1776),
 .UNSPECIFIED.,.F.,.F.,(4,3,3,3,3,3,3,3,3,3,3,3,3,3,3,3,3,3,3,3,3,3,3,3,
3,3,3,3,3,3,3,3,3,4),(-5.14226504339261,-5.14105691925134,-5.12512546630546,
-5.10919401335958,-5.07733110746783,-5.01360529568432,-4.8861536721173,
-4.75870204855029,-4.63125042498327,-4.50379880141625,-4.37634717784924,
-4.12144393071521,-3.89486326659607,-3.7815729345365,-3.61163743644714,
-3.44170193835779,-3.27176644026843,-3.10183094217908,-2.97437931861206,
-2.84692769504504,-2.71947607147803,-2.59202444791101,-2.46457282434399,
-2.33712120077698,-2.20966957720996,-2.08221795364295,-1.82731470650891,
-1.57241145937488,-1.31750821224085,-1.06260496510682,-0.807701717972783,
-0.552798470838751,-0.297895223704718,-0.22371105998814),.UNSPECIFIED.);
#204=B_SPLINE_CURVE_WITH_KNOTS('',3,(#1777,#1778,#1779,#1780,#1781,#1782,
#1783,#1784,#1785,#1786,#1787),.UNSPECIFIED.,.F.,.F.,(4,1,1,1,1,1,2,4),
(4.81660120284393,4.8861536721173,5.01360529568432,5.07733110746783,5.10919401335958,
5.12512546630546,5.14105691925134,5.14226504339261),.UNSPECIFIED.);
#205=B_SPLINE_CURVE_WITH_KNOTS('',3,(#1790,#1791,#1792,#1793,#1794,#1795,
#1796,#1797,#1798,#1799),.UNSPECIFIED.,.F.,.F.,(4,2,2,2,4),(0.392364978283991,
0.406673940432639,0.514064773789284,0.676624600637394,1.0177912248275),
 .UNSPECIFIED.);
#206=B_SPLINE_CURVE_WITH_KNOTS('',3,(#1806,#1807,#1808,#1809,#1810,#1811),
 .UNSPECIFIED.,.F.,.F.,(4,2,4),(0.,1.40381574700106,2.77063362345824),
 .UNSPECIFIED.);
#207=B_SPLINE_CURVE_WITH_KNOTS('',3,(#1840,#1841,#1842,#1843,#1844,#1845),
 .UNSPECIFIED.,.F.,.F.,(4,1,1,4),(1.5707963267949,2.0343041262506,2.34330932588773,
2.65231452552486),.UNSPECIFIED.);
#208=B_SPLINE_CURVE_WITH_KNOTS('',3,(#1849,#1850,#1851,#1852,#1853,#1854),
 .UNSPECIFIED.,.F.,.F.,(4,1,1,4),(-2.65231452552486,-2.18880672606916,-1.87980152643203,
-1.5707963267949),.UNSPECIFIED.);
#209=B_SPLINE_CURVE_WITH_KNOTS('',3,(#1864,#1865,#1866,#1867,#1868,#1869,
#1870,#1871,#1872,#1873,#1874,#1875),.UNSPECIFIED.,.F.,.F.,(4,1,1,1,1,1,
1,1,1,4),(-1.52213929458589,-1.08724235463234,-0.652345414678797,-0.217448474725252,
0.217448465228293,0.434896935205065,0.652345405181838,0.86979387515861,
1.08724234513538,1.52213928508893),.UNSPECIFIED.);
#210=B_SPLINE_CURVE_WITH_KNOTS('',3,(#1905,#1906,#1907,#1908),
 .UNSPECIFIED.,.F.,.F.,(4,4),(0.,0.121738138540367),.UNSPECIFIED.);
#211=B_SPLINE_CURVE_WITH_KNOTS('',3,(#1911,#1912,#1913,#1914),
 .UNSPECIFIED.,.F.,.F.,(4,4),(-2.24510458559547,0.),.UNSPECIFIED.);
#212=B_SPLINE_CURVE_WITH_KNOTS('',3,(#1918,#1919,#1920,#1921,#1922,#1923,
#1924,#1925,#1926,#1927),.UNSPECIFIED.,.F.,.F.,(4,2,2,2,4),(0.,0.276936619995377,
0.657349755141851,0.909236919201882,0.99340595168942),.UNSPECIFIED.);
#213=B_SPLINE_CURVE_WITH_KNOTS('',3,(#1946,#1947,#1948,#1949),
 .UNSPECIFIED.,.F.,.F.,(4,4),(2.38825811987191,2.50999625841228),
 .UNSPECIFIED.);
#214=B_SPLINE_CURVE_WITH_KNOTS('',3,(#2164,#2165,#2166,#2167,#2168,#2169,
#2170,#2171,#2172,#2173,#2174,#2175,#2176,#2177,#2178,#2179,#2180,#2181,
#2182,#2183,#2184,#2185,#2186,#2187,#2188,#2189,#2190,#2191,#2192,#2193),
 .UNSPECIFIED.,.F.,.F.,(4,1,1,1,1,1,1,1,1,1,1,1,1,1,1,1,1,1,1,1,1,1,1,1,
1,2,4),(-5.1410569192513,-4.88400407328873,-4.62695122732617,-4.3698983813636,
-4.11284553540104,-3.85579268943847,-3.59873984347591,-3.34168699751334,
-3.08463415155078,-2.82758130558821,-2.57052845962565,-2.31347561366308,
-2.05642276770052,-1.79936992173795,-1.54231707577539,-1.28526422981282,
-1.02821138385026,-0.771158537887695,-0.51410569192513,-0.257052845962565,
-0.128526422981282,-0.0642632114906412,-0.0321316057453206,-0.0160658028726603,
-0.00803290143633015,0.,0.00120812414127478),.UNSPECIFIED.);
#215=B_SPLINE_CURVE_WITH_KNOTS('',3,(#2194,#2195,#2196,#2197,#2198,#2199,
#2200,#2201,#2202,#2203,#2204,#2205),.UNSPECIFIED.,.F.,.F.,(4,2,1,1,1,1,
1,1,4),(-0.00120812414127478,0.,0.00803290143633015,0.0160658028726603,
0.0321316057453206,0.0642632114906412,0.128526422981282,0.257052845962565,
0.499991947150513),.UNSPECIFIED.);
#216=B_SPLINE_CURVE_WITH_KNOTS('',3,(#2235,#2236,#2237,#2238),
 .UNSPECIFIED.,.F.,.F.,(4,4),(2.38932344928038,2.50999625841228),
 .UNSPECIFIED.);
#217=B_SPLINE_CURVE_WITH_KNOTS('',3,(#2241,#2242,#2243,#2244),
 .UNSPECIFIED.,.F.,.F.,(4,4),(-2.50999625841228,0.),.UNSPECIFIED.);
#218=B_SPLINE_CURVE_WITH_KNOTS('',3,(#2247,#2248,#2249,#2250,#2251,#2252,
#2253,#2254,#2255,#2256,#2257,#2258,#2259,#2260,#2261,#2262,#2263,#2264,
#2265,#2266,#2267,#2268,#2269,#2270,#2271,#2272,#2273,#2274,#2275,#2276,
#2277,#2278,#2279,#2280),.UNSPECIFIED.,.F.,.F.,(4,2,2,2,2,2,2,2,2,2,2,2,
2,2,2,2,4),(0.,0.03722915715103,0.0535588409790628,0.0656544507839859,0.0797579104900809,
0.106594134694201,0.177707962646656,0.277199194958491,0.353037515985355,
0.403586431023329,0.438485388824928,0.464894305383873,0.491168084624192,
0.526434387476441,0.582893733297145,0.643482333128147,0.703449710404966),
 .UNSPECIFIED.);
#219=B_SPLINE_CURVE_WITH_KNOTS('',3,(#2281,#2282,#2283,#2284,#2285,#2286,
#2287,#2288),.UNSPECIFIED.,.F.,.F.,(4,2,2,4),(0.703449710404966,0.73288501333746,
0.849935356500876,0.86593187052188),.UNSPECIFIED.);
#220=B_SPLINE_CURVE_WITH_KNOTS('',3,(#2303,#2304,#2305,#2306),
 .UNSPECIFIED.,.F.,.F.,(4,4),(0.,0.120672809131901),.UNSPECIFIED.);
#221=B_SPLINE_CURVE_WITH_KNOTS('',3,(#2314,#2315,#2316,#2317,#2318,#2319,
#2320,#2321,#2322,#2323,#2324,#2325),.UNSPECIFIED.,.F.,.F.,(4,1,1,1,1,1,
1,2,4),(4.64108187247451,4.75547765030749,4.88400407328877,5.01253049627005,
5.07679370776069,5.10892531350602,5.12499111637868,5.14105691925134,5.14226504339261),
 .UNSPECIFIED.);
#222=B_SPLINE_CURVE_WITH_KNOTS('',3,(#2330,#2331,#2332,#2333,#2334,#2335,
#2336),.UNSPECIFIED.,.F.,.F.,(4,1,1,1,4),(-15.806687820049,-14.9215187428276,
-14.0363496656063,-13.1511805883849,-13.0756379909836),.UNSPECIFIED.);
#223=B_SPLINE_CURVE_WITH_KNOTS('',3,(#2340,#2341,#2342,#2343,#2344,#2345,
#2346,#2347),.UNSPECIFIED.,.F.,.F.,(4,1,1,1,1,4),(-18.5377376491144,-18.4621950517131,
-18.0196105131024,-17.5770259744917,-16.6918568972704,-15.806687820049),
 .UNSPECIFIED.);
#224=B_SPLINE_CURVE_WITH_KNOTS('',3,(#2353,#2354,#2355,#2356,#2357,#2358),
 .UNSPECIFIED.,.F.,.F.,(4,2,4),(0.,1.5,3.),.UNSPECIFIED.);
#225=B_SPLINE_CURVE_WITH_KNOTS('',3,(#2359,#2360,#2361,#2362,#2363,#2364),
 .UNSPECIFIED.,.F.,.F.,(4,2,4),(0.,1.5,3.),.UNSPECIFIED.);
#226=B_SPLINE_CURVE_WITH_KNOTS('',3,(#2379,#2380,#2381,#2382,#2383,#2384,
#2385,#2386,#2387,#2388),.UNSPECIFIED.,.F.,.F.,(4,3,3,4),(15.806687820049,
17.134441435881,18.0196105131024,18.9047795903238),.UNSPECIFIED.);
#227=B_SPLINE_CURVE_WITH_KNOTS('',3,(#2405,#2406,#2407,#2408,#2409,#2410,
#2411,#2412,#2413,#2414,#2415,#2416,#2417,#2418,#2419,#2420,#2421,#2422,
#2423,#2424,#2425,#2426),.UNSPECIFIED.,.F.,.F.,(4,3,3,3,3,3,3,4),(-0.00120812414127458,
1.97107954957865E-16,0.0159314518303062,0.0318629036606121,0.0637258073212241,
0.127451614642448,0.254903229284896,0.324455715825603),.UNSPECIFIED.);
#228=B_SPLINE_CURVE_WITH_KNOTS('',3,(#2428,#2429,#2430,#2431,#2432,#2433,
#2434,#2435,#2436,#2437,#2438,#2439,#2440,#2441,#2442,#2443,#2444,#2445,
#2446,#2447,#2448,#2449,#2450,#2451,#2452,#2453,#2454,#2455,#2456,#2457),
 .UNSPECIFIED.,.F.,.F.,(4,2,2,2,2,2,2,2,2,2,2,2,2,2,4),(0.988108197441742,
1.25894593234947,1.5297836672572,1.62647482343082,1.72316597960444,1.81556141523666,
1.89588890506007,1.97621639488348,2.05654388470689,2.1368713745303,2.22926681016253,
2.32595796633615,2.42264912250976,2.69348685741749,2.96432459232523),
 .UNSPECIFIED.);
#229=B_SPLINE_CURVE_WITH_KNOTS('',3,(#2460,#2461,#2462,#2463,#2464,#2465,
#2466,#2467,#2468,#2469),.UNSPECIFIED.,.F.,.F.,(4,2,2,2,4),(0.0734963521431716,
0.100441979771719,0.244132658503049,0.455305289588217,0.675795828770699),
 .UNSPECIFIED.);
#230=B_SPLINE_CURVE_WITH_KNOTS('',3,(#2470,#2471,#2472,#2473,#2474,#2475),
 .UNSPECIFIED.,.F.,.F.,(4,2,4),(0.0369978629740456,1.40381574700106,2.80763149400213),
 .UNSPECIFIED.);
#231=B_SPLINE_CURVE_WITH_KNOTS('',3,(#2480,#2481,#2482,#2483,#2484,#2485,
#2486,#2487,#2488,#2489,#2490,#2491,#2492,#2493,#2494,#2495,#2496,#2497,
#2498,#2499,#2500,#2501,#2502,#2503,#2504,#2505,#2506,#2507,#2508,#2509),
 .UNSPECIFIED.,.F.,.F.,(4,2,2,2,2,2,2,2,2,2,2,2,2,2,4),(0.988108796726587,
1.25894672285098,1.52978464897537,1.62647584696461,1.72316704495385,1.81556252338735,
1.89589005842026,1.97621759345317,2.05654512848608,2.13687266351899,2.2292681419525,
2.32595933994174,2.42265053793097,2.69348846405537,2.96432639017976),
 .UNSPECIFIED.);
#232=B_SPLINE_CURVE_WITH_KNOTS('',3,(#2524,#2525,#2526,#2527,#2528,#2529,
#2530,#2531,#2532,#2533),.UNSPECIFIED.,.F.,.F.,(4,3,3,4),(12.708596049827,
14.0363496655944,14.9215187428217,15.806687820049),.UNSPECIFIED.);
#233=B_SPLINE_CURVE_WITH_KNOTS('',3,(#2540,#2541,#2542,#2543),
 .UNSPECIFIED.,.F.,.F.,(4,4),(-2.50999625841228,-0.264891615375032),
 .UNSPECIFIED.);
#234=B_SPLINE_CURVE_WITH_KNOTS('',3,(#2568,#2569,#2570,#2571,#2572,#2573,
#2574,#2575,#2576,#2577,#2578,#2579,#2580,#2581,#2582,#2583,#2584,#2585,
#2586,#2587,#2588,#2589,#2590,#2591,#2592,#2593,#2594,#2595,#2596,#2597,
#2598,#2599,#2600,#2601,#2602,#2603,#2604,#2605,#2606,#2607,#2608,#2609,
#2610,#2611,#2612,#2613,#2614,#2615,#2616,#2617,#2618,#2619,#2620,#2621,
#2622,#2623,#2624,#2625,#2626,#2627,#2628,#2629,#2630,#2631,#2632,#2633,
#2634,#2635,#2636,#2637,#2638,#2639,#2640,#2641,#2642,#2643,#2644,#2645,
#2646,#2647,#2648,#2649,#2650,#2651,#2652,#2653,#2654,#2655,#2656,#2657,
#2658,#2659,#2660,#2661,#2662,#2663,#2664),.UNSPECIFIED.,.F.,.F.,(4,3,3,
3,3,3,3,3,3,3,3,3,3,3,3,3,3,3,3,3,3,3,3,3,3,3,3,3,3,3,3,3,4),(-4.91734590287304,
-4.84316135641301,-4.58825812712812,-4.33335489784322,-4.07845166855833,
-3.82354843927343,-3.69609682463098,-3.56864520998854,-3.44119359534609,
-3.31374198070364,-3.18629036606119,-3.05883875141875,-2.80393552213385,
-2.54903229284895,-2.29412906356406,-2.03922583427916,-1.91177421963672,
-1.78432260499427,-1.65687099035182,-1.52941937570937,-1.40196776106693,
-1.27451614642448,-1.01961291713958,-0.892161302497134,-0.764709687854686,
-0.509806458569791,-0.254903229284895,-0.127451614642447,-0.0637258073212235,
-0.0318629036606116,-0.0159314518303056,3.59521440396193E-16,0.00120812414127514),
 .UNSPECIFIED.);
#235=B_SPLINE_CURVE_WITH_KNOTS('',3,(#2721,#2722,#2723,#2724,#2725,#2726,
#2727),.UNSPECIFIED.,.F.,.F.,(4,1,1,1,4),(0.,0.285714285714286,0.571428571428571,
0.714285714285714,1.),.UNSPECIFIED.);
#236=B_SPLINE_CURVE_WITH_KNOTS('',3,(#2728,#2729,#2730,#2731,#2732,#2733,
#2734,#2735,#2736,#2737,#2738,#2739,#2740,#2741),.UNSPECIFIED.,.F.,.F.,
(4,2,2,2,2,2,4),(-2.17541524863365,-2.17349789947228,-1.77244322556592,
-1.37371539033999,-0.848021809144513,-0.42266950402607,0.),
 .UNSPECIFIED.);
#237=B_SPLINE_CURVE_WITH_KNOTS('',3,(#2744,#2745,#2746,#2747,#2748,#2749,
#2750,#2751,#2752,#2753,#2754,#2755,#2756,#2757),.UNSPECIFIED.,.F.,.F.,
(4,2,2,2,2,2,4),(-0.0019216272989953,0.,0.401949468390077,0.801566915312803,
1.32843338467278,1.75473470401216,2.17834723659424),.UNSPECIFIED.);
#238=B_SPLINE_CURVE_WITH_KNOTS('',3,(#3002,#3003,#3004,#3005,#3006,#3007,
#3008),.UNSPECIFIED.,.F.,.F.,(4,1,1,1,4),(-1.,-0.714285714285714,-0.571428571428571,
-0.285714285714286,0.),.UNSPECIFIED.);
#239=B_SPLINE_CURVE_WITH_KNOTS('',3,(#3091,#3092,#3093,#3094),
 .UNSPECIFIED.,.F.,.F.,(4,4),(-2.50999625841228,0.),.UNSPECIFIED.);
#240=B_SPLINE_CURVE_WITH_KNOTS('',3,(#3098,#3099,#3100,#3101,#3102,#3103),
 .UNSPECIFIED.,.F.,.F.,(4,2,4),(0.,0.0931094738223243,0.142117858294161),
 .UNSPECIFIED.);
#241=B_SPLINE_CURVE_WITH_KNOTS('',3,(#3104,#3105,#3106,#3107,#3108,#3109,
#3110,#3111,#3112,#3113,#3114,#3115,#3116,#3117,#3118,#3119,#3120,#3121,
#3122,#3123,#3124,#3125,#3126,#3127,#3128,#3129,#3130,#3131,#3132,#3133,
#3134,#3135,#3136,#3137,#3138,#3139),.UNSPECIFIED.,.F.,.F.,(4,2,2,2,2,2,
2,2,2,2,2,2,2,2,2,2,2,4),(0.142117858294161,0.21401884781286,0.293476908891969,
0.345074940210933,0.380789315648857,0.409837351630398,0.441739812984127,
0.483756796905753,0.530238163390749,0.600189960037509,0.708942187730603,
0.819239571893035,0.858022643434884,0.876653458429152,0.890982162228097,
0.908258960533486,0.941898495958357,0.98546808619597),.UNSPECIFIED.);
#242=B_SPLINE_CURVE_WITH_KNOTS('',3,(#3198,#3199,#3200,#3201,#3202,#3203,
#3204,#3205),.UNSPECIFIED.,.F.,.F.,(4,1,1,1,1,4),(12.6811698414276,13.1276724098021,
13.5741749781766,14.0206775465511,14.9136826833,15.806687820049),
 .UNSPECIFIED.);
#243=B_SPLINE_CURVE_WITH_KNOTS('',3,(#3209,#3210,#3211,#3212,#3213,#3214,
#3215,#3216),.UNSPECIFIED.,.F.,.F.,(4,1,1,1,1,4),(-15.806687820049,-14.9136826833,
-14.0206775465511,-13.5741749781766,-13.1276724098021,-13.0756513083355),
 .UNSPECIFIED.);
#244=B_SPLINE_CURVE_WITH_KNOTS('',3,(#3217,#3218,#3219,#3220,#3221,#3222,
#3223,#3224,#3225,#3226,#3227,#3228,#3229,#3230),.UNSPECIFIED.,.F.,.F.,
(4,2,2,2,2,2,4),(-0.00188934408296629,0.,0.351536678152453,0.698260585786465,
1.29904677228344,1.87403467946349,2.4378698646692),.UNSPECIFIED.);
#245=B_SPLINE_CURVE_WITH_KNOTS('',3,(#3236,#3237,#3238,#3239,#3240,#3241,
#3242,#3243,#3244,#3245,#3246,#3247,#3248,#3249,#3250,#3251,#3252,#3253,
#3254,#3255,#3256,#3257,#3258,#3259,#3260,#3261,#3262,#3263,#3264,#3265),
 .UNSPECIFIED.,.F.,.F.,(4,2,2,2,2,2,2,2,2,2,2,2,2,2,4),(0.,0.0143347451735499,
0.0286694903470997,0.0818506934949166,0.270104184011893,0.34612483729342,
0.422145490574948,0.460431480333211,0.479574475212342,0.498717470091473,
0.517860464970604,0.537003459849735,0.575289449607998,0.651310102889526,
0.727330756171053),.UNSPECIFIED.);
#246=B_SPLINE_CURVE_WITH_KNOTS('',3,(#3266,#3267,#3268,#3269,#3270,#3271,
#3272,#3273,#3274,#3275),.UNSPECIFIED.,.F.,.F.,(4,2,2,2,4),(0.727330756171053,
0.915584246688029,0.968765449835846,0.983100195009396,0.997434940182946),
 .UNSPECIFIED.);
#247=B_SPLINE_CURVE_WITH_KNOTS('',3,(#3281,#3282,#3283,#3284,#3285,#3286,
#3287,#3288,#3289,#3290,#3291,#3292,#3293,#3294),.UNSPECIFIED.,.F.,.F.,
(4,2,2,2,2,2,4),(-2.43398060124024,-2.43209573209836,-2.08139167404213,
-1.73548898736685,-1.13612577228281,-0.56249973289046,0.),.UNSPECIFIED.);
#248=B_SPLINE_CURVE_WITH_KNOTS('',3,(#3547,#3548,#3549,#3550,#3551,#3552,
#3553,#3554,#3555,#3556,#3557,#3558,#3559,#3560,#3561,#3562,#3563,#3564,
#3565,#3566,#3567,#3568,#3569,#3570,#3571,#3572,#3573,#3574,#3575,#3576,
#3577,#3578,#3579,#3580,#3581,#3582),.UNSPECIFIED.,.F.,.F.,(4,2,1,1,1,1,
1,1,1,1,1,1,1,1,1,1,1,1,1,1,1,1,1,1,1,1,1,1,1,1,1,1,4),(-5.14226504339261,
-5.14105691925134,-5.12499111637868,-5.10892531350602,-5.07679370776069,
-5.01253049627005,-4.88400407328877,-4.75547765030749,-4.6269512273262,
-4.36989838136364,-4.11284553540107,-3.99859982608437,-3.77010840745098,
-3.59873984347594,-3.42737127950089,-3.25600271552585,-3.0846341515508,
-2.95610772856952,-2.82758130558824,-2.69905488260695,-2.57052845962567,
-2.44200203664438,-2.3134756136631,-2.18494919068182,-2.05642276770053,
-1.79936992173797,-1.5423170757754,-1.28526422981283,-1.02821138385027,
-0.771158537887701,-0.514105691925134,-0.257052845962567,0.),
 .UNSPECIFIED.);
#249=B_SPLINE_CURVE_WITH_KNOTS('',3,(#3591,#3592,#3593,#3594,#3595,#3596,
#3597,#3598,#3599,#3600),.UNSPECIFIED.,.F.,.F.,(4,2,2,2,4),(0.,0.0143347386212009,
0.0286694772424019,0.0818507227109468,0.270104448991038),.UNSPECIFIED.);
#250=B_SPLINE_CURVE_WITH_KNOTS('',3,(#3601,#3602,#3603,#3604,#3605,#3606,
#3607,#3608,#3609,#3610,#3611,#3612,#3613,#3614,#3615,#3616,#3617,#3618,
#3619,#3620,#3621,#3622,#3623,#3624,#3625,#3626,#3627,#3628,#3629,#3630),
 .UNSPECIFIED.,.F.,.F.,(4,2,2,2,2,2,2,2,2,2,2,2,2,2,4),(0.270104448991038,
0.34612516019724,0.422145871403442,0.460431860064743,0.479574854395393,
0.498717848726044,0.517860843056694,0.537003837387345,0.575289826048646,
0.651310537254847,0.727331248461049,0.915584974741141,0.968766220209686,
0.983100958830887,0.997435697452088),.UNSPECIFIED.);
#251=B_SPLINE_CURVE_WITH_KNOTS('',3,(#3680,#3681,#3682,#3683,#3684,#3685,
#3686),.UNSPECIFIED.,.F.,.F.,(4,1,1,1,4),(-18.5376916959672,-18.4857032302959,
-18.0392006619214,-17.1461955251724,-15.806687820049),.UNSPECIFIED.);
#252=B_SPLINE_CURVE_WITH_KNOTS('',3,(#3687,#3688,#3689,#3690,#3691,#3692,
#3693),.UNSPECIFIED.,.F.,.F.,(4,1,1,1,4),(15.806687820049,17.1461955251724,
18.0392006619214,18.4857032302959,18.9322057986703),.UNSPECIFIED.);
#253=CIRCLE('',#1001,31.0000023245811);
#254=CIRCLE('',#1002,31.0000023245811);
#255=CIRCLE('',#1003,31.0000023245811);
#256=CIRCLE('',#1004,31.0000023245811);
#257=CIRCLE('',#1008,9.99999828636646);
#258=CIRCLE('',#1009,9.99999828636646);
#259=CIRCLE('',#1011,2.65);
#260=CIRCLE('',#1013,2.65);
#261=CIRCLE('',#1018,1.05);
#262=CIRCLE('',#1019,1.05);
#263=CIRCLE('',#1020,1.05);
#264=CIRCLE('',#1021,1.05);
#265=CIRCLE('',#1022,2.65);
#266=CIRCLE('',#1023,2.65);
#267=CIRCLE('',#1024,2.65);
#268=CIRCLE('',#1025,2.65);
#269=CIRCLE('',#1026,13.4);
#270=CIRCLE('',#1028,15.);
#271=CIRCLE('',#1029,15.);
#272=CIRCLE('',#1042,13.4);
#273=CIRCLE('',#1043,15.);
#274=CIRCLE('',#1044,15.);
#275=CIRCLE('',#1045,15.);
#276=CIRCLE('',#1049,15.);
#277=LINE('',#1231,#328);
#278=LINE('',#1235,#329);
#279=LINE('',#1267,#330);
#280=LINE('',#1271,#331);
#281=LINE('',#1315,#332);
#282=LINE('',#1350,#333);
#283=LINE('',#1404,#334);
#284=LINE('',#1801,#335);
#285=LINE('',#1815,#336);
#286=LINE('',#1819,#337);
#287=LINE('',#1823,#338);
#288=LINE('',#1834,#339);
#289=LINE('',#1838,#340);
#290=LINE('',#1847,#341);
#291=LINE('',#1856,#342);
#292=LINE('',#1860,#343);
#293=LINE('',#1917,#344);
#294=LINE('',#1936,#345);
#295=LINE('',#1950,#346);
#296=LINE('',#2295,#347);
#297=LINE('',#2307,#348);
#298=LINE('',#2328,#349);
#299=LINE('',#2338,#350);
#300=LINE('',#2348,#351);
#301=LINE('',#2352,#352);
#302=LINE('',#2378,#353);
#303=LINE('',#2391,#354);
#304=LINE('',#2392,#355);
#305=LINE('',#2395,#356);
#306=LINE('',#2396,#357);
#307=LINE('',#2478,#358);
#308=LINE('',#2510,#359);
#309=LINE('',#2534,#360);
#310=LINE('',#2536,#361);
#311=LINE('',#2539,#362);
#312=LINE('',#3232,#363);
#313=LINE('',#3233,#364);
#314=LINE('',#3278,#365);
#315=LINE('',#3280,#366);
#316=LINE('',#3587,#367);
#317=LINE('',#3588,#368);
#318=LINE('',#3705,#369);
#319=LINE('',#3706,#370);
#320=LINE('',#3708,#371);
#321=LINE('',#3715,#372);
#322=LINE('',#3717,#373);
#323=LINE('',#3719,#374);
#324=LINE('',#3721,#375);
#325=LINE('',#3723,#376);
#326=LINE('',#3725,#377);
#327=LINE('',#3732,#378);
#328=VECTOR('',#1062,10.);
#329=VECTOR('',#1065,10.);
#330=VECTOR('',#1068,10.);
#331=VECTOR('',#1071,10.);
#332=VECTOR('',#1074,10.);
#333=VECTOR('',#1075,10.);
#334=VECTOR('',#1084,9.99999828636646);
#335=VECTOR('',#1089,10.);
#336=VECTOR('',#1098,10.);
#337=VECTOR('',#1101,10.);
#338=VECTOR('',#1104,10.);
#339=VECTOR('',#1115,10.);
#340=VECTOR('',#1118,10.);
#341=VECTOR('',#1119,10.);
#342=VECTOR('',#1120,10.);
#343=VECTOR('',#1123,10.);
#344=VECTOR('',#1132,10.);
#345=VECTOR('',#1133,10.);
#346=VECTOR('',#1134,10.);
#347=VECTOR('',#1139,10.);
#348=VECTOR('',#1140,10.);
#349=VECTOR('',#1143,10.);
#350=VECTOR('',#1144,10.);
#351=VECTOR('',#1145,10.);
#352=VECTOR('',#1148,10.);
#353=VECTOR('',#1149,10.);
#354=VECTOR('',#1152,10.);
#355=VECTOR('',#1153,10.);
#356=VECTOR('',#1156,10.);
#357=VECTOR('',#1157,10.);
#358=VECTOR('',#1164,10.);
#359=VECTOR('',#1165,10.);
#360=VECTOR('',#1166,10.);
#361=VECTOR('',#1169,10.);
#362=VECTOR('',#1172,10.);
#363=VECTOR('',#1189,10.);
#364=VECTOR('',#1190,10.);
#365=VECTOR('',#1193,10.);
#366=VECTOR('',#1194,10.);
#367=VECTOR('',#1199,10.);
#368=VECTOR('',#1200,10.);
#369=VECTOR('',#1203,10.);
#370=VECTOR('',#1204,10.);
#371=VECTOR('',#1207,10.);
#372=VECTOR('',#1208,10.);
#373=VECTOR('',#1211,1.05);
#374=VECTOR('',#1214,1.05);
#375=VECTOR('',#1217,1.05);
#376=VECTOR('',#1220,1.05);
#377=VECTOR('',#1223,10.);
#378=VECTOR('',#1224,10.);
#379=VERTEX_POINT('',#1229);
#380=VERTEX_POINT('',#1230);
#381=VERTEX_POINT('',#1232);
#382=VERTEX_POINT('',#1234);
#383=VERTEX_POINT('',#1236);
#384=VERTEX_POINT('',#1245);
#385=VERTEX_POINT('',#1250);
#386=VERTEX_POINT('',#1252);
#387=VERTEX_POINT('',#1257);
#388=VERTEX_POINT('',#1266);
#389=VERTEX_POINT('',#1268);
#390=VERTEX_POINT('',#1270);
#391=VERTEX_POINT('',#1272);
#392=VERTEX_POINT('',#1281);
#393=VERTEX_POINT('',#1286);
#394=VERTEX_POINT('',#1288);
#395=VERTEX_POINT('',#1313);
#396=VERTEX_POINT('',#1314);
#397=VERTEX_POINT('',#1316);
#398=VERTEX_POINT('',#1329);
#399=VERTEX_POINT('',#1336);
#400=VERTEX_POINT('',#1349);
#401=VERTEX_POINT('',#1352);
#402=VERTEX_POINT('',#1360);
#403=VERTEX_POINT('',#1373);
#404=VERTEX_POINT('',#1381);
#405=VERTEX_POINT('',#1401);
#406=VERTEX_POINT('',#1403);
#407=VERTEX_POINT('',#1665);
#408=VERTEX_POINT('',#1676);
#409=VERTEX_POINT('',#1789);
#410=VERTEX_POINT('',#1800);
#411=VERTEX_POINT('',#1804);
#412=VERTEX_POINT('',#1813);
#413=VERTEX_POINT('',#1814);
#414=VERTEX_POINT('',#1816);
#415=VERTEX_POINT('',#1818);
#416=VERTEX_POINT('',#1820);
#417=VERTEX_POINT('',#1822);
#418=VERTEX_POINT('',#1825);
#419=VERTEX_POINT('',#1827);
#420=VERTEX_POINT('',#1829);
#421=VERTEX_POINT('',#1831);
#422=VERTEX_POINT('',#1833);
#423=VERTEX_POINT('',#1835);
#424=VERTEX_POINT('',#1837);
#425=VERTEX_POINT('',#1839);
#426=VERTEX_POINT('',#1846);
#427=VERTEX_POINT('',#1848);
#428=VERTEX_POINT('',#1855);
#429=VERTEX_POINT('',#1857);
#430=VERTEX_POINT('',#1859);
#431=VERTEX_POINT('',#1862);
#432=VERTEX_POINT('',#1904);
#433=VERTEX_POINT('',#1909);
#434=VERTEX_POINT('',#1916);
#435=VERTEX_POINT('',#1945);
#436=VERTEX_POINT('',#2161);
#437=VERTEX_POINT('',#2163);
#438=VERTEX_POINT('',#2234);
#439=VERTEX_POINT('',#2239);
#440=VERTEX_POINT('',#2245);
#441=VERTEX_POINT('',#2246);
#442=VERTEX_POINT('',#2302);
#443=VERTEX_POINT('',#2327);
#444=VERTEX_POINT('',#2329);
#445=VERTEX_POINT('',#2337);
#446=VERTEX_POINT('',#2339);
#447=VERTEX_POINT('',#2350);
#448=VERTEX_POINT('',#2351);
#449=VERTEX_POINT('',#2377);
#450=VERTEX_POINT('',#2390);
#451=VERTEX_POINT('',#2394);
#452=VERTEX_POINT('',#2459);
#453=VERTEX_POINT('',#2477);
#454=VERTEX_POINT('',#2479);
#455=VERTEX_POINT('',#2523);
#456=VERTEX_POINT('',#2538);
#457=VERTEX_POINT('',#3088);
#458=VERTEX_POINT('',#3090);
#459=VERTEX_POINT('',#3096);
#460=VERTEX_POINT('',#3097);
#461=VERTEX_POINT('',#3196);
#462=VERTEX_POINT('',#3197);
#463=VERTEX_POINT('',#3206);
#464=VERTEX_POINT('',#3208);
#465=VERTEX_POINT('',#3234);
#466=VERTEX_POINT('',#3235);
#467=VERTEX_POINT('',#3277);
#468=VERTEX_POINT('',#3279);
#469=VERTEX_POINT('',#3584);
#470=VERTEX_POINT('',#3585);
#471=VERTEX_POINT('',#3589);
#472=VERTEX_POINT('',#3590);
#473=EDGE_CURVE('',#379,#380,#277,.T.);
#474=EDGE_CURVE('',#381,#379,#253,.T.);
#475=EDGE_CURVE('',#381,#382,#278,.T.);
#476=EDGE_CURVE('',#383,#382,#186,.T.);
#477=EDGE_CURVE('',#384,#383,#187,.T.);
#478=EDGE_CURVE('',#385,#384,#254,.T.);
#479=EDGE_CURVE('',#386,#385,#188,.T.);
#480=EDGE_CURVE('',#387,#386,#189,.T.);
#481=EDGE_CURVE('',#388,#387,#279,.T.);
#482=EDGE_CURVE('',#389,#388,#255,.T.);
#483=EDGE_CURVE('',#390,#389,#280,.T.);
#484=EDGE_CURVE('',#391,#390,#190,.T.);
#485=EDGE_CURVE('',#392,#391,#191,.T.);
#486=EDGE_CURVE('',#393,#392,#256,.T.);
#487=EDGE_CURVE('',#394,#393,#192,.T.);
#488=EDGE_CURVE('',#380,#394,#193,.T.);
#489=EDGE_CURVE('',#395,#396,#281,.T.);
#490=EDGE_CURVE('',#397,#395,#194,.T.);
#491=EDGE_CURVE('',#398,#397,#195,.T.);
#492=EDGE_CURVE('',#399,#398,#196,.T.);
#493=EDGE_CURVE('',#400,#399,#282,.T.);
#494=EDGE_CURVE('',#388,#400,#55,.T.);
#495=EDGE_CURVE('',#401,#387,#197,.T.);
#496=EDGE_CURVE('',#402,#401,#198,.T.);
#497=EDGE_CURVE('',#403,#402,#199,.T.);
#498=EDGE_CURVE('',#404,#403,#200,.T.);
#499=EDGE_CURVE('',#382,#404,#201,.T.);
#500=EDGE_CURVE('',#396,#381,#56,.T.);
#501=EDGE_CURVE('',#405,#405,#257,.T.);
#502=EDGE_CURVE('',#405,#406,#283,.T.);
#503=EDGE_CURVE('',#406,#406,#258,.T.);
#504=EDGE_CURVE('',#407,#395,#202,.T.);
#505=EDGE_CURVE('',#408,#407,#203,.T.);
#506=EDGE_CURVE('',#397,#408,#204,.T.);
#507=EDGE_CURVE('',#380,#409,#205,.T.);
#508=EDGE_CURVE('',#410,#409,#284,.T.);
#509=EDGE_CURVE('',#379,#410,#259,.T.);
#510=EDGE_CURVE('',#411,#396,#260,.T.);
#511=EDGE_CURVE('',#411,#407,#206,.T.);
#512=EDGE_CURVE('',#412,#413,#285,.T.);
#513=EDGE_CURVE('',#414,#412,#57,.T.);
#514=EDGE_CURVE('',#415,#414,#286,.T.);
#515=EDGE_CURVE('',#416,#415,#58,.T.);
#516=EDGE_CURVE('',#417,#416,#287,.T.);
#517=EDGE_CURVE('',#413,#417,#59,.T.);
#518=EDGE_CURVE('',#418,#418,#261,.T.);
#519=EDGE_CURVE('',#419,#419,#262,.T.);
#520=EDGE_CURVE('',#420,#420,#263,.T.);
#521=EDGE_CURVE('',#421,#421,#264,.T.);
#522=EDGE_CURVE('',#410,#422,#288,.T.);
#523=EDGE_CURVE('',#422,#423,#265,.T.);
#524=EDGE_CURVE('',#423,#424,#289,.T.);
#525=EDGE_CURVE('',#424,#425,#207,.T.);
#526=EDGE_CURVE('',#425,#426,#290,.T.);
#527=EDGE_CURVE('',#426,#427,#208,.T.);
#528=EDGE_CURVE('',#427,#428,#291,.T.);
#529=EDGE_CURVE('',#428,#429,#266,.T.);
#530=EDGE_CURVE('',#429,#430,#292,.T.);
#531=EDGE_CURVE('',#430,#389,#267,.T.);
#532=EDGE_CURVE('',#400,#431,#268,.T.);
#533=EDGE_CURVE('',#431,#411,#209,.T.);
#534=EDGE_CURVE('',#432,#394,#210,.T.);
#535=EDGE_CURVE('',#433,#432,#269,.T.);
#536=EDGE_CURVE('',#409,#433,#211,.T.);
#537=EDGE_CURVE('',#430,#434,#293,.T.);
#538=EDGE_CURVE('',#434,#390,#212,.T.);
#539=EDGE_CURVE('',#432,#393,#294,.T.);
#540=EDGE_CURVE('',#391,#435,#213,.T.);
#541=EDGE_CURVE('',#392,#435,#295,.T.);
#542=EDGE_CURVE('',#436,#401,#270,.T.);
#543=EDGE_CURVE('',#436,#437,#214,.T.);
#544=EDGE_CURVE('',#437,#402,#215,.T.);
#545=EDGE_CURVE('',#386,#438,#216,.T.);
#546=EDGE_CURVE('',#439,#438,#271,.T.);
#547=EDGE_CURVE('',#439,#436,#217,.T.);
#548=EDGE_CURVE('',#440,#441,#218,.T.);
#549=EDGE_CURVE('',#441,#440,#219,.T.);
#550=EDGE_CURVE('',#385,#438,#296,.T.);
#551=EDGE_CURVE('',#442,#383,#220,.T.);
#552=EDGE_CURVE('',#442,#384,#297,.T.);
#553=EDGE_CURVE('',#403,#437,#221,.T.);
#554=EDGE_CURVE('',#435,#443,#298,.T.);
#555=EDGE_CURVE('',#443,#444,#222,.T.);
#556=EDGE_CURVE('',#444,#445,#299,.T.);
#557=EDGE_CURVE('',#445,#446,#223,.T.);
#558=EDGE_CURVE('',#446,#432,#300,.T.);
#559=EDGE_CURVE('',#447,#448,#301,.T.);
#560=EDGE_CURVE('',#448,#426,#224,.T.);
#561=EDGE_CURVE('',#425,#447,#225,.T.);
#562=EDGE_CURVE('',#424,#449,#302,.T.);
#563=EDGE_CURVE('',#449,#447,#226,.T.);
#564=EDGE_CURVE('',#423,#450,#303,.T.);
#565=EDGE_CURVE('',#450,#449,#304,.T.);
#566=EDGE_CURVE('',#433,#451,#305,.T.);
#567=EDGE_CURVE('',#451,#422,#306,.T.);
#568=EDGE_CURVE('',#408,#398,#227,.T.);
#569=EDGE_CURVE('',#451,#450,#228,.T.);
#570=EDGE_CURVE('',#399,#452,#229,.T.);
#571=EDGE_CURVE('',#452,#431,#230,.T.);
#572=EDGE_CURVE('',#428,#453,#307,.T.);
#573=EDGE_CURVE('',#453,#454,#231,.T.);
#574=EDGE_CURVE('',#454,#429,#308,.T.);
#575=EDGE_CURVE('',#448,#455,#232,.T.);
#576=EDGE_CURVE('',#427,#455,#309,.T.);
#577=EDGE_CURVE('',#455,#453,#310,.T.);
#578=EDGE_CURVE('',#454,#456,#311,.T.);
#579=EDGE_CURVE('',#456,#434,#233,.T.);
#580=EDGE_CURVE('',#452,#408,#234,.T.);
#581=EDGE_CURVE('',#449,#446,#235,.T.);
#582=EDGE_CURVE('',#445,#447,#236,.T.);
#583=EDGE_CURVE('',#444,#448,#237,.T.);
#584=EDGE_CURVE('',#456,#435,#238,.T.);
#585=EDGE_CURVE('',#455,#443,#272,.T.);
#586=EDGE_CURVE('',#404,#457,#273,.T.);
#587=EDGE_CURVE('',#457,#458,#239,.T.);
#588=EDGE_CURVE('',#458,#442,#274,.T.);
#589=EDGE_CURVE('',#459,#460,#240,.T.);
#590=EDGE_CURVE('',#460,#459,#241,.T.);
#591=EDGE_CURVE('',#461,#462,#242,.T.);
#592=EDGE_CURVE('',#462,#463,#275,.T.);
#593=EDGE_CURVE('',#463,#464,#243,.T.);
#594=EDGE_CURVE('',#464,#461,#244,.T.);
#595=EDGE_CURVE('',#438,#463,#312,.T.);
#596=EDGE_CURVE('',#462,#439,#313,.T.);
#597=EDGE_CURVE('',#465,#466,#245,.T.);
#598=EDGE_CURVE('',#466,#465,#246,.T.);
#599=EDGE_CURVE('',#467,#461,#314,.T.);
#600=EDGE_CURVE('',#464,#468,#315,.T.);
#601=EDGE_CURVE('',#468,#467,#247,.T.);
#602=EDGE_CURVE('',#437,#457,#248,.T.);
#603=EDGE_CURVE('',#469,#470,#276,.T.);
#604=EDGE_CURVE('',#470,#442,#316,.T.);
#605=EDGE_CURVE('',#458,#469,#317,.T.);
#606=EDGE_CURVE('',#471,#472,#249,.T.);
#607=EDGE_CURVE('',#472,#471,#250,.T.);
#608=EDGE_CURVE('',#468,#470,#251,.T.);
#609=EDGE_CURVE('',#469,#467,#252,.T.);
#610=EDGE_CURVE('',#416,#436,#318,.T.);
#611=EDGE_CURVE('',#415,#457,#319,.T.);
#612=EDGE_CURVE('',#417,#462,#320,.T.);
#613=EDGE_CURVE('',#413,#461,#321,.T.);
#614=EDGE_CURVE('',#460,#421,#322,.T.);
#615=EDGE_CURVE('',#466,#419,#323,.T.);
#616=EDGE_CURVE('',#441,#418,#324,.T.);
#617=EDGE_CURVE('',#472,#420,#325,.T.);
#618=EDGE_CURVE('',#414,#469,#326,.T.);
#619=EDGE_CURVE('',#412,#467,#327,.T.);
#620=ORIENTED_EDGE('',*,*,#473,.F.);
#621=ORIENTED_EDGE('',*,*,#474,.F.);
#622=ORIENTED_EDGE('',*,*,#475,.T.);
#623=ORIENTED_EDGE('',*,*,#476,.F.);
#624=ORIENTED_EDGE('',*,*,#477,.F.);
#625=ORIENTED_EDGE('',*,*,#478,.F.);
#626=ORIENTED_EDGE('',*,*,#479,.F.);
#627=ORIENTED_EDGE('',*,*,#480,.F.);
#628=ORIENTED_EDGE('',*,*,#481,.F.);
#629=ORIENTED_EDGE('',*,*,#482,.F.);
#630=ORIENTED_EDGE('',*,*,#483,.F.);
#631=ORIENTED_EDGE('',*,*,#484,.F.);
#632=ORIENTED_EDGE('',*,*,#485,.F.);
#633=ORIENTED_EDGE('',*,*,#486,.F.);
#634=ORIENTED_EDGE('',*,*,#487,.F.);
#635=ORIENTED_EDGE('',*,*,#488,.F.);
#636=ORIENTED_EDGE('',*,*,#489,.F.);
#637=ORIENTED_EDGE('',*,*,#490,.F.);
#638=ORIENTED_EDGE('',*,*,#491,.F.);
#639=ORIENTED_EDGE('',*,*,#492,.F.);
#640=ORIENTED_EDGE('',*,*,#493,.F.);
#641=ORIENTED_EDGE('',*,*,#494,.F.);
#642=ORIENTED_EDGE('',*,*,#481,.T.);
#643=ORIENTED_EDGE('',*,*,#495,.F.);
#644=ORIENTED_EDGE('',*,*,#496,.F.);
#645=ORIENTED_EDGE('',*,*,#497,.F.);
#646=ORIENTED_EDGE('',*,*,#498,.F.);
#647=ORIENTED_EDGE('',*,*,#499,.F.);
#648=ORIENTED_EDGE('',*,*,#475,.F.);
#649=ORIENTED_EDGE('',*,*,#500,.F.);
#650=ORIENTED_EDGE('',*,*,#501,.F.);
#651=ORIENTED_EDGE('',*,*,#502,.T.);
#652=ORIENTED_EDGE('',*,*,#503,.F.);
#653=ORIENTED_EDGE('',*,*,#502,.F.);
#654=ORIENTED_EDGE('',*,*,#490,.T.);
#655=ORIENTED_EDGE('',*,*,#504,.F.);
#656=ORIENTED_EDGE('',*,*,#505,.F.);
#657=ORIENTED_EDGE('',*,*,#506,.F.);
#658=ORIENTED_EDGE('',*,*,#473,.T.);
#659=ORIENTED_EDGE('',*,*,#507,.T.);
#660=ORIENTED_EDGE('',*,*,#508,.F.);
#661=ORIENTED_EDGE('',*,*,#509,.F.);
#662=ORIENTED_EDGE('',*,*,#489,.T.);
#663=ORIENTED_EDGE('',*,*,#510,.F.);
#664=ORIENTED_EDGE('',*,*,#511,.T.);
#665=ORIENTED_EDGE('',*,*,#504,.T.);
#666=ORIENTED_EDGE('',*,*,#512,.F.);
#667=ORIENTED_EDGE('',*,*,#513,.F.);
#668=ORIENTED_EDGE('',*,*,#514,.F.);
#669=ORIENTED_EDGE('',*,*,#515,.F.);
#670=ORIENTED_EDGE('',*,*,#516,.F.);
#671=ORIENTED_EDGE('',*,*,#517,.F.);
#672=ORIENTED_EDGE('',*,*,#518,.F.);
#673=ORIENTED_EDGE('',*,*,#519,.F.);
#674=ORIENTED_EDGE('',*,*,#520,.F.);
#675=ORIENTED_EDGE('',*,*,#521,.F.);
#676=ORIENTED_EDGE('',*,*,#500,.T.);
#677=ORIENTED_EDGE('',*,*,#474,.T.);
#678=ORIENTED_EDGE('',*,*,#509,.T.);
#679=ORIENTED_EDGE('',*,*,#522,.T.);
#680=ORIENTED_EDGE('',*,*,#523,.T.);
#681=ORIENTED_EDGE('',*,*,#524,.T.);
#682=ORIENTED_EDGE('',*,*,#525,.T.);
#683=ORIENTED_EDGE('',*,*,#526,.T.);
#684=ORIENTED_EDGE('',*,*,#527,.T.);
#685=ORIENTED_EDGE('',*,*,#528,.T.);
#686=ORIENTED_EDGE('',*,*,#529,.T.);
#687=ORIENTED_EDGE('',*,*,#530,.T.);
#688=ORIENTED_EDGE('',*,*,#531,.T.);
#689=ORIENTED_EDGE('',*,*,#482,.T.);
#690=ORIENTED_EDGE('',*,*,#494,.T.);
#691=ORIENTED_EDGE('',*,*,#532,.T.);
#692=ORIENTED_EDGE('',*,*,#533,.T.);
#693=ORIENTED_EDGE('',*,*,#510,.T.);
#694=ORIENTED_EDGE('',*,*,#488,.T.);
#695=ORIENTED_EDGE('',*,*,#534,.F.);
#696=ORIENTED_EDGE('',*,*,#535,.F.);
#697=ORIENTED_EDGE('',*,*,#536,.F.);
#698=ORIENTED_EDGE('',*,*,#507,.F.);
#699=ORIENTED_EDGE('',*,*,#483,.T.);
#700=ORIENTED_EDGE('',*,*,#531,.F.);
#701=ORIENTED_EDGE('',*,*,#537,.T.);
#702=ORIENTED_EDGE('',*,*,#538,.T.);
#703=ORIENTED_EDGE('',*,*,#487,.T.);
#704=ORIENTED_EDGE('',*,*,#539,.F.);
#705=ORIENTED_EDGE('',*,*,#534,.T.);
#706=ORIENTED_EDGE('',*,*,#485,.T.);
#707=ORIENTED_EDGE('',*,*,#540,.T.);
#708=ORIENTED_EDGE('',*,*,#541,.F.);
#709=ORIENTED_EDGE('',*,*,#496,.T.);
#710=ORIENTED_EDGE('',*,*,#542,.F.);
#711=ORIENTED_EDGE('',*,*,#543,.T.);
#712=ORIENTED_EDGE('',*,*,#544,.T.);
#713=ORIENTED_EDGE('',*,*,#495,.T.);
#714=ORIENTED_EDGE('',*,*,#480,.T.);
#715=ORIENTED_EDGE('',*,*,#545,.T.);
#716=ORIENTED_EDGE('',*,*,#546,.F.);
#717=ORIENTED_EDGE('',*,*,#547,.T.);
#718=ORIENTED_EDGE('',*,*,#542,.T.);
#719=ORIENTED_EDGE('',*,*,#548,.T.);
#720=ORIENTED_EDGE('',*,*,#549,.T.);
#721=ORIENTED_EDGE('',*,*,#479,.T.);
#722=ORIENTED_EDGE('',*,*,#550,.T.);
#723=ORIENTED_EDGE('',*,*,#545,.F.);
#724=ORIENTED_EDGE('',*,*,#477,.T.);
#725=ORIENTED_EDGE('',*,*,#551,.F.);
#726=ORIENTED_EDGE('',*,*,#552,.T.);
#727=ORIENTED_EDGE('',*,*,#497,.T.);
#728=ORIENTED_EDGE('',*,*,#544,.F.);
#729=ORIENTED_EDGE('',*,*,#553,.F.);
#730=ORIENTED_EDGE('',*,*,#486,.T.);
#731=ORIENTED_EDGE('',*,*,#541,.T.);
#732=ORIENTED_EDGE('',*,*,#554,.T.);
#733=ORIENTED_EDGE('',*,*,#555,.T.);
#734=ORIENTED_EDGE('',*,*,#556,.T.);
#735=ORIENTED_EDGE('',*,*,#557,.T.);
#736=ORIENTED_EDGE('',*,*,#558,.T.);
#737=ORIENTED_EDGE('',*,*,#539,.T.);
#738=ORIENTED_EDGE('',*,*,#501,.T.);
#739=ORIENTED_EDGE('',*,*,#559,.T.);
#740=ORIENTED_EDGE('',*,*,#560,.T.);
#741=ORIENTED_EDGE('',*,*,#526,.F.);
#742=ORIENTED_EDGE('',*,*,#561,.T.);
#743=ORIENTED_EDGE('',*,*,#525,.F.);
#744=ORIENTED_EDGE('',*,*,#562,.T.);
#745=ORIENTED_EDGE('',*,*,#563,.T.);
#746=ORIENTED_EDGE('',*,*,#561,.F.);
#747=ORIENTED_EDGE('',*,*,#564,.T.);
#748=ORIENTED_EDGE('',*,*,#565,.T.);
#749=ORIENTED_EDGE('',*,*,#562,.F.);
#750=ORIENTED_EDGE('',*,*,#524,.F.);
#751=ORIENTED_EDGE('',*,*,#508,.T.);
#752=ORIENTED_EDGE('',*,*,#536,.T.);
#753=ORIENTED_EDGE('',*,*,#566,.T.);
#754=ORIENTED_EDGE('',*,*,#567,.T.);
#755=ORIENTED_EDGE('',*,*,#522,.F.);
#756=ORIENTED_EDGE('',*,*,#491,.T.);
#757=ORIENTED_EDGE('',*,*,#506,.T.);
#758=ORIENTED_EDGE('',*,*,#568,.T.);
#759=ORIENTED_EDGE('',*,*,#567,.F.);
#760=ORIENTED_EDGE('',*,*,#569,.T.);
#761=ORIENTED_EDGE('',*,*,#564,.F.);
#762=ORIENTED_EDGE('',*,*,#523,.F.);
#763=ORIENTED_EDGE('',*,*,#493,.T.);
#764=ORIENTED_EDGE('',*,*,#570,.T.);
#765=ORIENTED_EDGE('',*,*,#571,.T.);
#766=ORIENTED_EDGE('',*,*,#532,.F.);
#767=ORIENTED_EDGE('',*,*,#572,.T.);
#768=ORIENTED_EDGE('',*,*,#573,.T.);
#769=ORIENTED_EDGE('',*,*,#574,.T.);
#770=ORIENTED_EDGE('',*,*,#529,.F.);
#771=ORIENTED_EDGE('',*,*,#560,.F.);
#772=ORIENTED_EDGE('',*,*,#575,.T.);
#773=ORIENTED_EDGE('',*,*,#576,.F.);
#774=ORIENTED_EDGE('',*,*,#527,.F.);
#775=ORIENTED_EDGE('',*,*,#576,.T.);
#776=ORIENTED_EDGE('',*,*,#577,.T.);
#777=ORIENTED_EDGE('',*,*,#572,.F.);
#778=ORIENTED_EDGE('',*,*,#528,.F.);
#779=ORIENTED_EDGE('',*,*,#578,.T.);
#780=ORIENTED_EDGE('',*,*,#579,.T.);
#781=ORIENTED_EDGE('',*,*,#537,.F.);
#782=ORIENTED_EDGE('',*,*,#530,.F.);
#783=ORIENTED_EDGE('',*,*,#574,.F.);
#784=ORIENTED_EDGE('',*,*,#571,.F.);
#785=ORIENTED_EDGE('',*,*,#580,.T.);
#786=ORIENTED_EDGE('',*,*,#505,.T.);
#787=ORIENTED_EDGE('',*,*,#511,.F.);
#788=ORIENTED_EDGE('',*,*,#533,.F.);
#789=ORIENTED_EDGE('',*,*,#563,.F.);
#790=ORIENTED_EDGE('',*,*,#581,.T.);
#791=ORIENTED_EDGE('',*,*,#557,.F.);
#792=ORIENTED_EDGE('',*,*,#582,.T.);
#793=ORIENTED_EDGE('',*,*,#566,.F.);
#794=ORIENTED_EDGE('',*,*,#535,.T.);
#795=ORIENTED_EDGE('',*,*,#558,.F.);
#796=ORIENTED_EDGE('',*,*,#581,.F.);
#797=ORIENTED_EDGE('',*,*,#565,.F.);
#798=ORIENTED_EDGE('',*,*,#569,.F.);
#799=ORIENTED_EDGE('',*,*,#556,.F.);
#800=ORIENTED_EDGE('',*,*,#583,.T.);
#801=ORIENTED_EDGE('',*,*,#559,.F.);
#802=ORIENTED_EDGE('',*,*,#582,.F.);
#803=ORIENTED_EDGE('',*,*,#492,.T.);
#804=ORIENTED_EDGE('',*,*,#568,.F.);
#805=ORIENTED_EDGE('',*,*,#580,.F.);
#806=ORIENTED_EDGE('',*,*,#570,.F.);
#807=ORIENTED_EDGE('',*,*,#484,.T.);
#808=ORIENTED_EDGE('',*,*,#538,.F.);
#809=ORIENTED_EDGE('',*,*,#579,.F.);
#810=ORIENTED_EDGE('',*,*,#584,.T.);
#811=ORIENTED_EDGE('',*,*,#540,.F.);
#812=ORIENTED_EDGE('',*,*,#577,.F.);
#813=ORIENTED_EDGE('',*,*,#585,.T.);
#814=ORIENTED_EDGE('',*,*,#554,.F.);
#815=ORIENTED_EDGE('',*,*,#584,.F.);
#816=ORIENTED_EDGE('',*,*,#578,.F.);
#817=ORIENTED_EDGE('',*,*,#573,.F.);
#818=ORIENTED_EDGE('',*,*,#583,.F.);
#819=ORIENTED_EDGE('',*,*,#555,.F.);
#820=ORIENTED_EDGE('',*,*,#585,.F.);
#821=ORIENTED_EDGE('',*,*,#575,.F.);
#822=ORIENTED_EDGE('',*,*,#499,.T.);
#823=ORIENTED_EDGE('',*,*,#586,.T.);
#824=ORIENTED_EDGE('',*,*,#587,.T.);
#825=ORIENTED_EDGE('',*,*,#588,.T.);
#826=ORIENTED_EDGE('',*,*,#551,.T.);
#827=ORIENTED_EDGE('',*,*,#476,.T.);
#828=ORIENTED_EDGE('',*,*,#589,.T.);
#829=ORIENTED_EDGE('',*,*,#590,.T.);
#830=ORIENTED_EDGE('',*,*,#591,.T.);
#831=ORIENTED_EDGE('',*,*,#592,.T.);
#832=ORIENTED_EDGE('',*,*,#593,.T.);
#833=ORIENTED_EDGE('',*,*,#594,.T.);
#834=ORIENTED_EDGE('',*,*,#546,.T.);
#835=ORIENTED_EDGE('',*,*,#595,.T.);
#836=ORIENTED_EDGE('',*,*,#592,.F.);
#837=ORIENTED_EDGE('',*,*,#596,.T.);
#838=ORIENTED_EDGE('',*,*,#597,.T.);
#839=ORIENTED_EDGE('',*,*,#598,.T.);
#840=ORIENTED_EDGE('',*,*,#599,.T.);
#841=ORIENTED_EDGE('',*,*,#594,.F.);
#842=ORIENTED_EDGE('',*,*,#600,.T.);
#843=ORIENTED_EDGE('',*,*,#601,.T.);
#844=ORIENTED_EDGE('',*,*,#498,.T.);
#845=ORIENTED_EDGE('',*,*,#553,.T.);
#846=ORIENTED_EDGE('',*,*,#602,.T.);
#847=ORIENTED_EDGE('',*,*,#586,.F.);
#848=ORIENTED_EDGE('',*,*,#603,.T.);
#849=ORIENTED_EDGE('',*,*,#604,.T.);
#850=ORIENTED_EDGE('',*,*,#588,.F.);
#851=ORIENTED_EDGE('',*,*,#605,.T.);
#852=ORIENTED_EDGE('',*,*,#606,.T.);
#853=ORIENTED_EDGE('',*,*,#607,.T.);
#854=ORIENTED_EDGE('',*,*,#608,.T.);
#855=ORIENTED_EDGE('',*,*,#603,.F.);
#856=ORIENTED_EDGE('',*,*,#609,.T.);
#857=ORIENTED_EDGE('',*,*,#601,.F.);
#858=ORIENTED_EDGE('',*,*,#478,.T.);
#859=ORIENTED_EDGE('',*,*,#552,.F.);
#860=ORIENTED_EDGE('',*,*,#604,.F.);
#861=ORIENTED_EDGE('',*,*,#608,.F.);
#862=ORIENTED_EDGE('',*,*,#600,.F.);
#863=ORIENTED_EDGE('',*,*,#593,.F.);
#864=ORIENTED_EDGE('',*,*,#595,.F.);
#865=ORIENTED_EDGE('',*,*,#550,.F.);
#866=ORIENTED_EDGE('',*,*,#503,.T.);
#867=ORIENTED_EDGE('',*,*,#602,.F.);
#868=ORIENTED_EDGE('',*,*,#543,.F.);
#869=ORIENTED_EDGE('',*,*,#610,.F.);
#870=ORIENTED_EDGE('',*,*,#515,.T.);
#871=ORIENTED_EDGE('',*,*,#611,.T.);
#872=ORIENTED_EDGE('',*,*,#547,.F.);
#873=ORIENTED_EDGE('',*,*,#596,.F.);
#874=ORIENTED_EDGE('',*,*,#612,.F.);
#875=ORIENTED_EDGE('',*,*,#516,.T.);
#876=ORIENTED_EDGE('',*,*,#610,.T.);
#877=ORIENTED_EDGE('',*,*,#591,.F.);
#878=ORIENTED_EDGE('',*,*,#613,.F.);
#879=ORIENTED_EDGE('',*,*,#517,.T.);
#880=ORIENTED_EDGE('',*,*,#612,.T.);
#881=ORIENTED_EDGE('',*,*,#589,.F.);
#882=ORIENTED_EDGE('',*,*,#590,.F.);
#883=ORIENTED_EDGE('',*,*,#614,.T.);
#884=ORIENTED_EDGE('',*,*,#521,.T.);
#885=ORIENTED_EDGE('',*,*,#614,.F.);
#886=ORIENTED_EDGE('',*,*,#597,.F.);
#887=ORIENTED_EDGE('',*,*,#598,.F.);
#888=ORIENTED_EDGE('',*,*,#615,.T.);
#889=ORIENTED_EDGE('',*,*,#519,.T.);
#890=ORIENTED_EDGE('',*,*,#615,.F.);
#891=ORIENTED_EDGE('',*,*,#548,.F.);
#892=ORIENTED_EDGE('',*,*,#549,.F.);
#893=ORIENTED_EDGE('',*,*,#616,.T.);
#894=ORIENTED_EDGE('',*,*,#518,.T.);
#895=ORIENTED_EDGE('',*,*,#616,.F.);
#896=ORIENTED_EDGE('',*,*,#606,.F.);
#897=ORIENTED_EDGE('',*,*,#607,.F.);
#898=ORIENTED_EDGE('',*,*,#617,.T.);
#899=ORIENTED_EDGE('',*,*,#520,.T.);
#900=ORIENTED_EDGE('',*,*,#617,.F.);
#901=ORIENTED_EDGE('',*,*,#587,.F.);
#902=ORIENTED_EDGE('',*,*,#611,.F.);
#903=ORIENTED_EDGE('',*,*,#514,.T.);
#904=ORIENTED_EDGE('',*,*,#618,.T.);
#905=ORIENTED_EDGE('',*,*,#605,.F.);
#906=ORIENTED_EDGE('',*,*,#609,.F.);
#907=ORIENTED_EDGE('',*,*,#618,.F.);
#908=ORIENTED_EDGE('',*,*,#513,.T.);
#909=ORIENTED_EDGE('',*,*,#619,.T.);
#910=ORIENTED_EDGE('',*,*,#599,.F.);
#911=ORIENTED_EDGE('',*,*,#619,.F.);
#912=ORIENTED_EDGE('',*,*,#512,.T.);
#913=ORIENTED_EDGE('',*,*,#613,.T.);
#914=CYLINDRICAL_SURFACE('',#1000,31.0000023245811);
#915=CYLINDRICAL_SURFACE('',#1007,9.99999828636646);
#916=CYLINDRICAL_SURFACE('',#1010,2.65);
#917=CYLINDRICAL_SURFACE('',#1012,2.65);
#918=CYLINDRICAL_SURFACE('',#1027,2.65);
#919=CYLINDRICAL_SURFACE('',#1034,2.65);
#920=CYLINDRICAL_SURFACE('',#1035,2.65);
#921=CYLINDRICAL_SURFACE('',#1036,2.65);
#922=CYLINDRICAL_SURFACE('',#1039,13.4);
#923=CYLINDRICAL_SURFACE('',#1040,13.4);
#924=CYLINDRICAL_SURFACE('',#1041,13.4);
#925=CYLINDRICAL_SURFACE('',#1046,15.);
#926=CYLINDRICAL_SURFACE('',#1047,15.);
#927=CYLINDRICAL_SURFACE('',#1048,15.);
#928=CYLINDRICAL_SURFACE('',#1052,1.05);
#929=CYLINDRICAL_SURFACE('',#1053,1.05);
#930=CYLINDRICAL_SURFACE('',#1054,1.05);
#931=CYLINDRICAL_SURFACE('',#1055,1.05);
#932=ADVANCED_FACE('',(#67),#914,.F.);
#933=ADVANCED_FACE('',(#68),#60,.T.);
#934=ADVANCED_FACE('',(#69),#915,.F.);
#935=ADVANCED_FACE('',(#70),#37,.T.);
#936=ADVANCED_FACE('',(#71),#916,.T.);
#937=ADVANCED_FACE('',(#72),#917,.T.);
#938=ADVANCED_FACE('',(#73,#15,#16,#17,#18,#19),#26,.F.);
#939=ADVANCED_FACE('',(#74),#38,.T.);
#940=ADVANCED_FACE('',(#75),#918,.T.);
#941=ADVANCED_FACE('',(#76),#39,.T.);
#942=ADVANCED_FACE('',(#77),#40,.T.);
#943=ADVANCED_FACE('',(#78),#41,.F.);
#944=ADVANCED_FACE('',(#79,#20),#42,.F.);
#945=ADVANCED_FACE('',(#80),#61,.F.);
#946=ADVANCED_FACE('',(#81),#62,.F.);
#947=ADVANCED_FACE('',(#82),#63,.F.);
#948=ADVANCED_FACE('',(#83,#21),#27,.F.);
#949=ADVANCED_FACE('',(#84),#28,.F.);
#950=ADVANCED_FACE('',(#85),#43,.T.);
#951=ADVANCED_FACE('',(#86),#29,.F.);
#952=ADVANCED_FACE('',(#87),#30,.F.);
#953=ADVANCED_FACE('',(#88),#44,.T.);
#954=ADVANCED_FACE('',(#89),#919,.T.);
#955=ADVANCED_FACE('',(#90),#920,.T.);
#956=ADVANCED_FACE('',(#91),#921,.T.);
#957=ADVANCED_FACE('',(#92),#45,.T.);
#958=ADVANCED_FACE('',(#93),#31,.F.);
#959=ADVANCED_FACE('',(#94),#32,.F.);
#960=ADVANCED_FACE('',(#95),#46,.T.);
#961=ADVANCED_FACE('',(#96),#47,.T.);
#962=ADVANCED_FACE('',(#97),#922,.F.);
#963=ADVANCED_FACE('',(#98),#923,.F.);
#964=ADVANCED_FACE('',(#99),#48,.T.);
#965=ADVANCED_FACE('',(#100),#49,.T.);
#966=ADVANCED_FACE('',(#101),#924,.F.);
#967=ADVANCED_FACE('',(#102),#50,.T.);
#968=ADVANCED_FACE('',(#103,#22),#51,.F.);
#969=ADVANCED_FACE('',(#104),#52,.F.);
#970=ADVANCED_FACE('',(#105,#23),#925,.T.);
#971=ADVANCED_FACE('',(#106),#926,.T.);
#972=ADVANCED_FACE('',(#107),#53,.F.);
#973=ADVANCED_FACE('',(#108,#24),#927,.T.);
#974=ADVANCED_FACE('',(#109),#54,.F.);
#975=ADVANCED_FACE('',(#110,#25),#33,.T.);
#976=ADVANCED_FACE('',(#111),#64,.F.);
#977=ADVANCED_FACE('',(#112),#34,.T.);
#978=ADVANCED_FACE('',(#113),#65,.F.);
#979=ADVANCED_FACE('',(#114),#928,.F.);
#980=ADVANCED_FACE('',(#115),#929,.F.);
#981=ADVANCED_FACE('',(#116),#930,.F.);
#982=ADVANCED_FACE('',(#117),#931,.F.);
#983=ADVANCED_FACE('',(#118),#35,.T.);
#984=ADVANCED_FACE('',(#119),#66,.F.);
#985=ADVANCED_FACE('',(#120),#36,.T.);
#986=CLOSED_SHELL('',(#932,#933,#934,#935,#936,#937,#938,#939,#940,#941,
#942,#943,#944,#945,#946,#947,#948,#949,#950,#951,#952,#953,#954,#955,#956,
#957,#958,#959,#960,#961,#962,#963,#964,#965,#966,#967,#968,#969,#970,#971,
#972,#973,#974,#975,#976,#977,#978,#979,#980,#981,#982,#983,#984,#985));
#987=DERIVED_UNIT_ELEMENT(#989,1.);
#988=DERIVED_UNIT_ELEMENT(#3739,-3.);
#989=(
MASS_UNIT()
NAMED_UNIT(*)
SI_UNIT(.KILO.,.GRAM.)
);
#990=DERIVED_UNIT((#987,#988));
#991=MEASURE_REPRESENTATION_ITEM('density measure',
POSITIVE_RATIO_MEASURE(7850.),#990);
#992=PROPERTY_DEFINITION_REPRESENTATION(#997,#994);
#993=PROPERTY_DEFINITION_REPRESENTATION(#998,#995);
#994=REPRESENTATION('material name',(#996),#3736);
#995=REPRESENTATION('density',(#991),#3736);
#996=DESCRIPTIVE_REPRESENTATION_ITEM('Steel','Steel');
#997=PROPERTY_DEFINITION('material property','material name',#3746);
#998=PROPERTY_DEFINITION('material property','density of part',#3746);
#999=AXIS2_PLACEMENT_3D('',#1227,#1058,#1059);
#1000=AXIS2_PLACEMENT_3D('',#1228,#1060,#1061);
#1001=AXIS2_PLACEMENT_3D('',#1233,#1063,#1064);
#1002=AXIS2_PLACEMENT_3D('',#1251,#1066,#1067);
#1003=AXIS2_PLACEMENT_3D('',#1269,#1069,#1070);
#1004=AXIS2_PLACEMENT_3D('',#1287,#1072,#1073);
#1005=AXIS2_PLACEMENT_3D('',#1351,#1076,#1077);
#1006=AXIS2_PLACEMENT_3D('',#1399,#1078,#1079);
#1007=AXIS2_PLACEMENT_3D('',#1400,#1080,#1081);
#1008=AXIS2_PLACEMENT_3D('',#1402,#1082,#1083);
#1009=AXIS2_PLACEMENT_3D('',#1405,#1085,#1086);
#1010=AXIS2_PLACEMENT_3D('',#1788,#1087,#1088);
#1011=AXIS2_PLACEMENT_3D('',#1802,#1090,#1091);
#1012=AXIS2_PLACEMENT_3D('',#1803,#1092,#1093);
#1013=AXIS2_PLACEMENT_3D('',#1805,#1094,#1095);
#1014=AXIS2_PLACEMENT_3D('',#1812,#1096,#1097);
#1015=AXIS2_PLACEMENT_3D('',#1817,#1099,#1100);
#1016=AXIS2_PLACEMENT_3D('',#1821,#1102,#1103);
#1017=AXIS2_PLACEMENT_3D('',#1824,#1105,#1106);
#1018=AXIS2_PLACEMENT_3D('',#1826,#1107,#1108);
#1019=AXIS2_PLACEMENT_3D('',#1828,#1109,#1110);
#1020=AXIS2_PLACEMENT_3D('',#1830,#1111,#1112);
#1021=AXIS2_PLACEMENT_3D('',#1832,#1113,#1114);
#1022=AXIS2_PLACEMENT_3D('',#1836,#1116,#1117);
#1023=AXIS2_PLACEMENT_3D('',#1858,#1121,#1122);
#1024=AXIS2_PLACEMENT_3D('',#1861,#1124,#1125);
#1025=AXIS2_PLACEMENT_3D('',#1863,#1126,#1127);
#1026=AXIS2_PLACEMENT_3D('',#1910,#1128,#1129);
#1027=AXIS2_PLACEMENT_3D('',#1915,#1130,#1131);
#1028=AXIS2_PLACEMENT_3D('',#2162,#1135,#1136);
#1029=AXIS2_PLACEMENT_3D('',#2240,#1137,#1138);
#1030=AXIS2_PLACEMENT_3D('',#2326,#1141,#1142);
#1031=AXIS2_PLACEMENT_3D('',#2349,#1146,#1147);
#1032=AXIS2_PLACEMENT_3D('',#2389,#1150,#1151);
#1033=AXIS2_PLACEMENT_3D('',#2393,#1154,#1155);
#1034=AXIS2_PLACEMENT_3D('',#2427,#1158,#1159);
#1035=AXIS2_PLACEMENT_3D('',#2458,#1160,#1161);
#1036=AXIS2_PLACEMENT_3D('',#2476,#1162,#1163);
#1037=AXIS2_PLACEMENT_3D('',#2535,#1167,#1168);
#1038=AXIS2_PLACEMENT_3D('',#2537,#1170,#1171);
#1039=AXIS2_PLACEMENT_3D('',#2742,#1173,#1174);
#1040=AXIS2_PLACEMENT_3D('',#2743,#1175,#1176);
#1041=AXIS2_PLACEMENT_3D('',#3009,#1177,#1178);
#1042=AXIS2_PLACEMENT_3D('',#3010,#1179,#1180);
#1043=AXIS2_PLACEMENT_3D('',#3089,#1181,#1182);
#1044=AXIS2_PLACEMENT_3D('',#3095,#1183,#1184);
#1045=AXIS2_PLACEMENT_3D('',#3207,#1185,#1186);
#1046=AXIS2_PLACEMENT_3D('',#3231,#1187,#1188);
#1047=AXIS2_PLACEMENT_3D('',#3276,#1191,#1192);
#1048=AXIS2_PLACEMENT_3D('',#3583,#1195,#1196);
#1049=AXIS2_PLACEMENT_3D('',#3586,#1197,#1198);
#1050=AXIS2_PLACEMENT_3D('',#3694,#1201,#1202);
#1051=AXIS2_PLACEMENT_3D('',#3707,#1205,#1206);
#1052=AXIS2_PLACEMENT_3D('',#3716,#1209,#1210);
#1053=AXIS2_PLACEMENT_3D('',#3718,#1212,#1213);
#1054=AXIS2_PLACEMENT_3D('',#3720,#1215,#1216);
#1055=AXIS2_PLACEMENT_3D('',#3722,#1218,#1219);
#1056=AXIS2_PLACEMENT_3D('',#3724,#1221,#1222);
#1057=AXIS2_PLACEMENT_3D('',#3733,#1225,#1226);
#1058=DIRECTION('axis',(0.,0.,1.));
#1059=DIRECTION('refdir',(1.,0.,0.));
#1060=DIRECTION('center_axis',(0.,0.,1.));
#1061=DIRECTION('ref_axis',(0.,-1.,0.));
#1062=DIRECTION('',(0.,0.,1.));
#1063=DIRECTION('center_axis',(0.,0.,1.));
#1064=DIRECTION('ref_axis',(0.,-1.,0.));
#1065=DIRECTION('',(0.,0.,1.));
#1066=DIRECTION('center_axis',(0.,0.,-1.));
#1067=DIRECTION('ref_axis',(0.,-1.,0.));
#1068=DIRECTION('',(0.,0.,1.));
#1069=DIRECTION('center_axis',(0.,0.,1.));
#1070=DIRECTION('ref_axis',(0.,-1.,0.));
#1071=DIRECTION('',(0.,0.,-1.));
#1072=DIRECTION('center_axis',(0.,0.,1.));
#1073=DIRECTION('ref_axis',(0.,-1.,0.));
#1074=DIRECTION('',(0.,0.,-1.));
#1075=DIRECTION('',(0.,0.,1.));
#1076=DIRECTION('center_axis',(0.,0.,1.));
#1077=DIRECTION('ref_axis',(1.,0.,0.));
#1078=DIRECTION('center_axis',(0.,0.,1.));
#1079=DIRECTION('ref_axis',(1.,0.,0.));
#1080=DIRECTION('center_axis',(0.,0.,1.));
#1081=DIRECTION('ref_axis',(1.,0.,0.));
#1082=DIRECTION('center_axis',(0.,0.,1.));
#1083=DIRECTION('ref_axis',(1.,0.,0.));
#1084=DIRECTION('',(0.,0.,1.));
#1085=DIRECTION('center_axis',(0.,0.,-1.));
#1086=DIRECTION('ref_axis',(1.,0.,0.));
#1087=DIRECTION('center_axis',(0.,0.,1.));
#1088=DIRECTION('ref_axis',(1.,0.,0.));
#1089=DIRECTION('',(0.,0.,1.));
#1090=DIRECTION('center_axis',(0.,0.,-1.));
#1091=DIRECTION('ref_axis',(-1.,0.,0.));
#1092=DIRECTION('center_axis',(0.,0.,1.));
#1093=DIRECTION('ref_axis',(-0.934233742817572,0.35666134326707,0.));
#1094=DIRECTION('center_axis',(0.,0.,-1.));
#1095=DIRECTION('ref_axis',(-1.,0.,0.));
#1096=DIRECTION('center_axis',(0.,0.,1.));
#1097=DIRECTION('ref_axis',(1.,0.,0.));
#1098=DIRECTION('',(0.,1.,0.));
#1099=DIRECTION('center_axis',(0.,0.,1.));
#1100=DIRECTION('ref_axis',(-1.,0.,0.));
#1101=DIRECTION('',(1.,0.,0.));
#1102=DIRECTION('center_axis',(0.,0.,1.));
#1103=DIRECTION('ref_axis',(-1.,0.,0.));
#1104=DIRECTION('',(-1.,0.,0.));
#1105=DIRECTION('center_axis',(0.,0.,1.));
#1106=DIRECTION('ref_axis',(-1.,0.,0.));
#1107=DIRECTION('center_axis',(0.,0.,-1.));
#1108=DIRECTION('ref_axis',(1.,0.,0.));
#1109=DIRECTION('center_axis',(0.,0.,-1.));
#1110=DIRECTION('ref_axis',(1.,0.,0.));
#1111=DIRECTION('center_axis',(0.,0.,-1.));
#1112=DIRECTION('ref_axis',(1.,0.,0.));
#1113=DIRECTION('center_axis',(0.,0.,-1.));
#1114=DIRECTION('ref_axis',(1.,0.,0.));
#1115=DIRECTION('',(1.,0.,0.));
#1116=DIRECTION('center_axis',(0.,0.,-1.));
#1117=DIRECTION('ref_axis',(-1.,0.,0.));
#1118=DIRECTION('',(1.,0.,0.));
#1119=DIRECTION('',(0.,1.,0.));
#1120=DIRECTION('',(-1.,0.,0.));
#1121=DIRECTION('center_axis',(0.,0.,-1.));
#1122=DIRECTION('ref_axis',(-1.,0.,0.));
#1123=DIRECTION('',(-1.,0.,0.));
#1124=DIRECTION('center_axis',(0.,0.,-1.));
#1125=DIRECTION('ref_axis',(-1.,0.,0.));
#1126=DIRECTION('center_axis',(0.,0.,-1.));
#1127=DIRECTION('ref_axis',(-1.,0.,0.));
#1128=DIRECTION('center_axis',(-1.,0.,0.));
#1129=DIRECTION('ref_axis',(0.,-1.,0.));
#1130=DIRECTION('center_axis',(0.,0.,1.));
#1131=DIRECTION('ref_axis',(1.,0.,0.));
#1132=DIRECTION('',(0.,0.,1.));
#1133=DIRECTION('',(0.,1.,0.));
#1134=DIRECTION('',(0.,1.,0.));
#1135=DIRECTION('center_axis',(0.987561014120636,9.31103136982548E-12,0.157236266138007));
#1136=DIRECTION('ref_axis',(-9.42830998459006E-12,1.,0.));
#1137=DIRECTION('center_axis',(1.,0.,0.));
#1138=DIRECTION('ref_axis',(0.,1.,0.));
#1139=DIRECTION('',(0.,1.,0.));
#1140=DIRECTION('',(0.,1.,0.));
#1141=DIRECTION('center_axis',(0.,0.,1.));
#1142=DIRECTION('ref_axis',(1.,0.,0.));
#1143=DIRECTION('',(1.,0.,0.));
#1144=DIRECTION('',(0.,-1.,0.));
#1145=DIRECTION('',(-1.,0.,0.));
#1146=DIRECTION('center_axis',(1.,0.,0.));
#1147=DIRECTION('ref_axis',(0.,1.,0.));
#1148=DIRECTION('',(0.,1.,0.));
#1149=DIRECTION('',(0.,0.,1.));
#1150=DIRECTION('center_axis',(0.,-1.,0.));
#1151=DIRECTION('ref_axis',(1.,0.,0.));
#1152=DIRECTION('',(0.,0.,1.));
#1153=DIRECTION('',(1.,0.,0.));
#1154=DIRECTION('center_axis',(0.,-1.,0.));
#1155=DIRECTION('ref_axis',(1.,0.,0.));
#1156=DIRECTION('',(1.,0.,0.));
#1157=DIRECTION('',(0.,0.,-1.));
#1158=DIRECTION('center_axis',(0.,0.,1.));
#1159=DIRECTION('ref_axis',(-1.83697019872103E-16,1.,0.));
#1160=DIRECTION('center_axis',(0.,0.,1.));
#1161=DIRECTION('ref_axis',(-0.934234374508956,-0.356659688619082,0.));
#1162=DIRECTION('center_axis',(0.,0.,1.));
#1163=DIRECTION('ref_axis',(6.12323399573677E-17,-1.,0.));
#1164=DIRECTION('',(0.,0.,1.));
#1165=DIRECTION('',(0.,0.,-1.));
#1166=DIRECTION('',(0.,0.,1.));
#1167=DIRECTION('center_axis',(0.,1.,0.));
#1168=DIRECTION('ref_axis',(-1.,0.,0.));
#1169=DIRECTION('',(-1.,0.,0.));
#1170=DIRECTION('center_axis',(0.,1.,0.));
#1171=DIRECTION('ref_axis',(-1.,0.,0.));
#1172=DIRECTION('',(-1.,0.,0.));
#1173=DIRECTION('center_axis',(1.,0.,0.));
#1174=DIRECTION('ref_axis',(0.,-0.707106781186547,0.707106781186547));
#1175=DIRECTION('center_axis',(0.,1.,0.));
#1176=DIRECTION('ref_axis',(0.707106781186547,0.,0.707106781186547));
#1177=DIRECTION('center_axis',(-1.,0.,0.));
#1178=DIRECTION('ref_axis',(0.,0.707106781186547,0.707106781186547));
#1179=DIRECTION('center_axis',(1.,5.72971415812657E-16,7.40148683083438E-17));
#1180=DIRECTION('ref_axis',(-5.72971415812657E-16,1.,0.));
#1181=DIRECTION('center_axis',(0.987561014120636,-9.31161612341273E-12,
0.157236266138006));
#1182=DIRECTION('ref_axis',(-0.157236266138006,0.,0.987561014120636));
#1183=DIRECTION('center_axis',(-1.,0.,0.));
#1184=DIRECTION('ref_axis',(0.,-1.,0.));
#1185=DIRECTION('center_axis',(1.,5.72971415812657E-16,7.40148683083438E-17));
#1186=DIRECTION('ref_axis',(-5.72971415812657E-16,1.,0.));
#1187=DIRECTION('center_axis',(-1.,0.,0.));
#1188=DIRECTION('ref_axis',(0.,0.707106781186547,0.707106781186547));
#1189=DIRECTION('',(1.,0.,0.));
#1190=DIRECTION('',(-1.,0.,0.));
#1191=DIRECTION('center_axis',(0.,1.,0.));
#1192=DIRECTION('ref_axis',(0.707106781186547,0.,0.707106781186547));
#1193=DIRECTION('',(0.,1.,0.));
#1194=DIRECTION('',(0.,-1.,0.));
#1195=DIRECTION('center_axis',(1.,0.,0.));
#1196=DIRECTION('ref_axis',(0.,-0.707106781186547,0.707106781186547));
#1197=DIRECTION('center_axis',(-1.,1.09682151563759E-16,0.));
#1198=DIRECTION('ref_axis',(-1.09682151563759E-16,-1.,0.));
#1199=DIRECTION('',(-1.,0.,0.));
#1200=DIRECTION('',(1.,0.,0.));
#1201=DIRECTION('center_axis',(0.,0.,1.));
#1202=DIRECTION('ref_axis',(1.,0.,0.));
#1203=DIRECTION('',(0.,0.,1.));
#1204=DIRECTION('',(0.,0.,1.));
#1205=DIRECTION('center_axis',(0.,1.,0.));
#1206=DIRECTION('ref_axis',(-1.,0.,0.));
#1207=DIRECTION('',(0.,0.,1.));
#1208=DIRECTION('',(0.,0.,1.));
#1209=DIRECTION('center_axis',(0.,0.,1.));
#1210=DIRECTION('ref_axis',(1.,0.,0.));
#1211=DIRECTION('',(0.,0.,-1.));
#1212=DIRECTION('center_axis',(0.,0.,1.));
#1213=DIRECTION('ref_axis',(1.,0.,0.));
#1214=DIRECTION('',(0.,0.,-1.));
#1215=DIRECTION('center_axis',(0.,0.,1.));
#1216=DIRECTION('ref_axis',(1.,0.,0.));
#1217=DIRECTION('',(0.,0.,-1.));
#1218=DIRECTION('center_axis',(0.,0.,1.));
#1219=DIRECTION('ref_axis',(1.,0.,0.));
#1220=DIRECTION('',(0.,0.,-1.));
#1221=DIRECTION('center_axis',(0.,-1.,0.));
#1222=DIRECTION('ref_axis',(1.,0.,0.));
#1223=DIRECTION('',(0.,0.,1.));
#1224=DIRECTION('',(0.,0.,1.));
#1225=DIRECTION('center_axis',(1.,0.,0.));
#1226=DIRECTION('ref_axis',(0.,1.,0.));
#1227=CARTESIAN_POINT('',(0.,0.,0.));
#1228=CARTESIAN_POINT('Origin',(-65.,-125.,0.));
#1229=CARTESIAN_POINT('',(-63.3155957147059,-155.954206924548,115.));
#1230=CARTESIAN_POINT('',(-63.3155957146053,-155.954206924588,151.130979729688));
#1231=CARTESIAN_POINT('',(-63.3155957147059,-155.954206924548,0.));
#1232=CARTESIAN_POINT('',(-65.,-156.000002324581,115.));
#1233=CARTESIAN_POINT('Origin',(-65.,-125.,115.));
#1234=CARTESIAN_POINT('',(-65.,-156.000002324581,153.394133370291));
#1235=CARTESIAN_POINT('',(-65.,-156.000002324581,0.));
#1236=CARTESIAN_POINT('',(-41.3145583928854,-145.,159.995274506629));
#1237=CARTESIAN_POINT('Ctrl Pts',(-41.3145583928854,-145.,159.995274506629));
#1238=CARTESIAN_POINT('Ctrl Pts',(-43.1699689506362,-147.197310921142,159.981934175304));
#1239=CARTESIAN_POINT('Ctrl Pts',(-45.4042401566472,-149.229437755882,159.454708023853));
#1240=CARTESIAN_POINT('Ctrl Pts',(-50.6648730106471,-152.661788205568,157.731655407788));
#1241=CARTESIAN_POINT('Ctrl Pts',(-53.4873201755782,-153.943262151145,156.610736241719));
#1242=CARTESIAN_POINT('Ctrl Pts',(-58.5968815889115,-155.416758040902,154.858093164837));
#1243=CARTESIAN_POINT('Ctrl Pts',(-61.5204407335757,-156.000002324581,153.910661830929));
#1244=CARTESIAN_POINT('Ctrl Pts',(-65.,-156.000002324581,153.394133370291));
#1245=CARTESIAN_POINT('',(-40.,-143.330306711128,160.));
#1246=CARTESIAN_POINT('Ctrl Pts',(-40.,-143.330306711128,160.));
#1247=CARTESIAN_POINT('Ctrl Pts',(-40.4218446180107,-143.905644353671,160.));
#1248=CARTESIAN_POINT('Ctrl Pts',(-40.8609914369221,-144.462853317481,159.998535635788));
#1249=CARTESIAN_POINT('Ctrl Pts',(-41.3145583928854,-145.,159.995274506629));
#1250=CARTESIAN_POINT('',(-40.,-106.669693288872,160.));
#1251=CARTESIAN_POINT('Origin',(-65.,-125.,160.));
#1252=CARTESIAN_POINT('',(-41.3145583928854,-105.,159.995274506629));
#1253=CARTESIAN_POINT('Ctrl Pts',(-41.3145583928854,-105.,159.995274506629));
#1254=CARTESIAN_POINT('Ctrl Pts',(-40.8609952921573,-105.537142116872,159.998535608069));
#1255=CARTESIAN_POINT('Ctrl Pts',(-40.4218517997762,-106.094345851395,160.));
#1256=CARTESIAN_POINT('Ctrl Pts',(-40.,-106.669693288872,160.));
#1257=CARTESIAN_POINT('',(-65.,-93.9999976754189,153.394133370291));
#1258=CARTESIAN_POINT('Ctrl Pts',(-65.,-93.9999976754189,153.394133370291));
#1259=CARTESIAN_POINT('Ctrl Pts',(-61.8909404460925,-93.9999976754189,153.855662438328));
#1260=CARTESIAN_POINT('Ctrl Pts',(-59.2226676190419,-94.4629044352758,154.665736969521));
#1261=CARTESIAN_POINT('Ctrl Pts',(-53.4844728583159,-95.9783655810435,156.582147370206));
#1262=CARTESIAN_POINT('Ctrl Pts',(-49.9702733344846,-97.6010118967616,158.033080166037));
#1263=CARTESIAN_POINT('Ctrl Pts',(-44.7845140297425,-101.369682953444,159.583467402159));
#1264=CARTESIAN_POINT('Ctrl Pts',(-42.9400877606867,-103.074930953915,159.983587012314));
#1265=CARTESIAN_POINT('Ctrl Pts',(-41.3145583928854,-105.,159.995274506629));
#1266=CARTESIAN_POINT('',(-65.,-93.9999976754189,115.));
#1267=CARTESIAN_POINT('',(-65.,-93.9999976754189,0.));
#1268=CARTESIAN_POINT('',(-63.3155914706551,-94.0457933063968,115.));
#1269=CARTESIAN_POINT('Origin',(-65.,-125.,115.));
#1270=CARTESIAN_POINT('',(-63.3155914687158,-94.0457933056304,151.130980651265));
#1271=CARTESIAN_POINT('',(-63.3155914706551,-94.0457933063968,0.));
#1272=CARTESIAN_POINT('',(-41.3145583928854,-105.,158.395232785527));
#1273=CARTESIAN_POINT('Ctrl Pts',(-41.3145583928854,-105.,158.395232785527));
#1274=CARTESIAN_POINT('Ctrl Pts',(-42.85967302361,-103.170163881884,158.384025367704));
#1275=CARTESIAN_POINT('Ctrl Pts',(-44.7087323133033,-101.408128846366,157.974925743627));
#1276=CARTESIAN_POINT('Ctrl Pts',(-50.5123085137977,-97.2357511234549,156.00541958686));
#1277=CARTESIAN_POINT('Ctrl Pts',(-54.4179139903872,-95.6007834298262,154.098163863274));
#1278=CARTESIAN_POINT('Ctrl Pts',(-59.5567716950118,-94.4515560988371,152.17791785629));
#1279=CARTESIAN_POINT('Ctrl Pts',(-61.2814304530605,-94.1564845027446,151.573629248682));
#1280=CARTESIAN_POINT('Ctrl Pts',(-63.3155914692766,-94.0457933064719,151.130980653632));
#1281=CARTESIAN_POINT('',(-40.,-106.669693288872,158.4));
#1282=CARTESIAN_POINT('Ctrl Pts',(-40.,-106.669693288872,158.4));
#1283=CARTESIAN_POINT('Ctrl Pts',(-40.4189773493692,-106.098266203701,158.4));
#1284=CARTESIAN_POINT('Ctrl Pts',(-40.8574219679988,-105.541373904906,158.398548603535));
#1285=CARTESIAN_POINT('Ctrl Pts',(-41.3145583929003,-104.999999999982,158.395232785527));
#1286=CARTESIAN_POINT('',(-40.,-143.330306711128,158.4));
#1287=CARTESIAN_POINT('Origin',(-65.,-125.,158.4));
#1288=CARTESIAN_POINT('',(-41.3145583928854,-145.,158.395232785527));
#1289=CARTESIAN_POINT('Ctrl Pts',(-41.3145583929003,-145.000000000018,158.395232785527));
#1290=CARTESIAN_POINT('Ctrl Pts',(-40.857421967999,-144.458626095094,158.398548603535));
#1291=CARTESIAN_POINT('Ctrl Pts',(-40.4189773493694,-143.9017337963,158.4));
#1292=CARTESIAN_POINT('Ctrl Pts',(-40.,-143.330306711128,158.4));
#1293=CARTESIAN_POINT('Ctrl Pts',(-63.3155957146344,-155.954206924544,151.130979729811));
#1294=CARTESIAN_POINT('Ctrl Pts',(-62.2594145494644,-155.896733764754,151.360812449035));
#1295=CARTESIAN_POINT('Ctrl Pts',(-61.2245838237249,-155.786585301261,151.650862403973));
#1296=CARTESIAN_POINT('Ctrl Pts',(-57.9507647577157,-155.273904462202,152.712894848221));
#1297=CARTESIAN_POINT('Ctrl Pts',(-55.7632555994123,-154.677404052189,153.638250047524));
#1298=CARTESIAN_POINT('Ctrl Pts',(-51.1314814841307,-152.858435181744,155.606130568058));
#1299=CARTESIAN_POINT('Ctrl Pts',(-48.6859954065528,-151.512508848736,156.656412224211));
#1300=CARTESIAN_POINT('Ctrl Pts',(-44.4209449319319,-148.317446235467,158.038265344983));
#1301=CARTESIAN_POINT('Ctrl Pts',(-42.7388169948802,-146.686709697549,158.384901991344));
#1302=CARTESIAN_POINT('Ctrl Pts',(-41.3145583928854,-145.,158.395232785527));
#1303=CARTESIAN_POINT('Ctrl Pts',(-65.,-93.9999976754189,115.));
#1304=CARTESIAN_POINT('Ctrl Pts',(-116.000001728535,-93.9999976754189,115.));
#1305=CARTESIAN_POINT('Ctrl Pts',(-116.000001728535,-125.,115.));
#1306=CARTESIAN_POINT('Ctrl Pts',(-116.000001728535,-156.000002324581,115.));
#1307=CARTESIAN_POINT('Ctrl Pts',(-65.,-156.000002324581,115.));
#1308=CARTESIAN_POINT('Ctrl Pts',(-65.,-93.9999976754189,153.394133370291));
#1309=CARTESIAN_POINT('Ctrl Pts',(-116.000001728535,-93.9999976754189,153.394133370291));
#1310=CARTESIAN_POINT('Ctrl Pts',(-116.000001728535,-125.,153.394133370291));
#1311=CARTESIAN_POINT('Ctrl Pts',(-116.000001728535,-156.000002324581,153.394133370291));
#1312=CARTESIAN_POINT('Ctrl Pts',(-65.,-156.000002324581,153.394133370291));
#1313=CARTESIAN_POINT('',(-66.7180836362068,-155.982406764099,150.574156632497));
#1314=CARTESIAN_POINT('',(-66.7180836254538,-155.982406759589,115.));
#1315=CARTESIAN_POINT('',(-66.7180836254538,-155.982406759589,0.));
#1316=CARTESIAN_POINT('',(-115.775472024712,-127.905694849934,133.439083923296));
#1317=CARTESIAN_POINT('Ctrl Pts',(-115.775472024712,-127.905694849934,133.439083923297));
#1318=CARTESIAN_POINT('Ctrl Pts',(-115.573741150655,-129.208139892906,133.759616322497));
#1319=CARTESIAN_POINT('Ctrl Pts',(-115.240626233026,-130.474926068679,134.117165886153));
#1320=CARTESIAN_POINT('Ctrl Pts',(-114.014304038123,-133.843247591505,135.179313729675));
#1321=CARTESIAN_POINT('Ctrl Pts',(-112.898805872431,-135.828390613298,135.936953828765));
#1322=CARTESIAN_POINT('Ctrl Pts',(-110.095526333331,-139.644345184557,137.601928002843));
#1323=CARTESIAN_POINT('Ctrl Pts',(-108.349940450248,-141.449335796006,138.520235698843));
#1324=CARTESIAN_POINT('Ctrl Pts',(-102.897010338064,-146.075490946578,141.112781247216));
#1325=CARTESIAN_POINT('Ctrl Pts',(-98.4062430368167,-148.738390958667,142.934518397739));
#1326=CARTESIAN_POINT('Ctrl Pts',(-85.3441910933113,-153.98581471803,147.142890526581));
#1327=CARTESIAN_POINT('Ctrl Pts',(-76.2734053142689,-155.786631623624,149.224860150698));
#1328=CARTESIAN_POINT('Ctrl Pts',(-66.7180836380145,-155.982406759332,150.57415664599));
#1329=CARTESIAN_POINT('',(-115.775472027865,-122.094305155402,133.439083914621));
#1330=CARTESIAN_POINT('Ctrl Pts',(-115.775472025848,-122.094305157405,133.439083921491));
#1331=CARTESIAN_POINT('Ctrl Pts',(-115.928406176539,-123.081701498729,133.196085171394));
#1332=CARTESIAN_POINT('Ctrl Pts',(-115.990886330255,-123.981749652373,133.089213306894));
#1333=CARTESIAN_POINT('Ctrl Pts',(-116.008426826843,-125.762569697266,133.060025819616));
#1334=CARTESIAN_POINT('Ctrl Pts',(-115.949270540894,-126.78359087385,133.162933553999));
#1335=CARTESIAN_POINT('Ctrl Pts',(-115.775472024712,-127.905694849934,133.439083923297));
#1336=CARTESIAN_POINT('',(-66.7180878975647,-94.0175933278592,150.574156044267));
#1337=CARTESIAN_POINT('Ctrl Pts',(-66.7180878975958,-94.0175933279413,150.574156044499));
#1338=CARTESIAN_POINT('Ctrl Pts',(-74.3950834371462,-94.1748845866744,149.490095740564));
#1339=CARTESIAN_POINT('Ctrl Pts',(-82.0565552789242,-95.3792944874183,147.89757159616));
#1340=CARTESIAN_POINT('Ctrl Pts',(-93.8293174469859,-99.2240540202917,144.498342014039));
#1341=CARTESIAN_POINT('Ctrl Pts',(-98.3457314350478,-101.271080397809,142.921184710501));
#1342=CARTESIAN_POINT('Ctrl Pts',(-105.06943283469,-105.670796563725,140.112505425176));
#1343=CARTESIAN_POINT('Ctrl Pts',(-107.600269484002,-107.740768532046,138.916233828474));
#1344=CARTESIAN_POINT('Ctrl Pts',(-111.187725953063,-111.728471278476,136.978505536304));
#1345=CARTESIAN_POINT('Ctrl Pts',(-112.471589812895,-113.49167030761,136.209413285125));
#1346=CARTESIAN_POINT('Ctrl Pts',(-114.608753247523,-117.48486492609,134.723785048554));
#1347=CARTESIAN_POINT('Ctrl Pts',(-115.408248105726,-119.7233791568,134.022570037394));
#1348=CARTESIAN_POINT('Ctrl Pts',(-115.775472024712,-122.094305150066,133.439083923297));
#1349=CARTESIAN_POINT('',(-66.7180878973796,-94.0175933279369,115.));
#1350=CARTESIAN_POINT('',(-66.7180878973796,-94.0175933279369,0.));
#1351=CARTESIAN_POINT('Origin',(-65.,-125.,115.));
#1352=CARTESIAN_POINT('',(-66.606105057066,-94.0153738027744,153.163852491475));
#1353=CARTESIAN_POINT('Ctrl Pts',(-66.6059744420571,-94.0162256546364,153.16303213246));
#1354=CARTESIAN_POINT('Ctrl Pts',(-66.1157570938381,-94.006827609309,153.230869440647));
#1355=CARTESIAN_POINT('Ctrl Pts',(-65.6259399883855,-94.0017421033508,153.300956444401));
#1356=CARTESIAN_POINT('Ctrl Pts',(-65.1362950008523,-94.0009450382224,153.37335527341));
#1357=CARTESIAN_POINT('Ctrl Pts',(-65.0908195192009,-94.0008710112814,153.380079270804));
#1358=CARTESIAN_POINT('Ctrl Pts',(-65.045345521028,-94.0008339998201,153.386823181642));
#1359=CARTESIAN_POINT('Ctrl Pts',(-64.9998728229355,-94.0008339998201,153.393587038779));
#1360=CARTESIAN_POINT('',(-115.510919392246,-120.717090363668,136.559450870452));
#1361=CARTESIAN_POINT('Ctrl Pts',(-115.51091938384,-120.717090351765,136.559450887922));
#1362=CARTESIAN_POINT('Ctrl Pts',(-115.412844729391,-120.289737881584,136.682077704849));
#1363=CARTESIAN_POINT('Ctrl Pts',(-115.300804474491,-119.866739339924,136.807814035295));
#1364=CARTESIAN_POINT('Ctrl Pts',(-114.426476901349,-116.947114664599,137.705451152613));
#1365=CARTESIAN_POINT('Ctrl Pts',(-113.2143954804,-114.641641907753,138.571224972488));
#1366=CARTESIAN_POINT('Ctrl Pts',(-110.165568055587,-110.413123568034,140.401947869937));
#1367=CARTESIAN_POINT('Ctrl Pts',(-108.306192062938,-108.493257278918,141.369835637014));
#1368=CARTESIAN_POINT('Ctrl Pts',(-102.868028608535,-103.936618838674,143.89971501225));
#1369=CARTESIAN_POINT('Ctrl Pts',(-98.6406653079538,-101.416455434348,145.576034781599));
#1370=CARTESIAN_POINT('Ctrl Pts',(-85.7578772888868,-96.0919168781499,149.692210645875));
#1371=CARTESIAN_POINT('Ctrl Pts',(-76.4395207464704,-94.2037019171706,151.80328410107));
#1372=CARTESIAN_POINT('Ctrl Pts',(-66.6061050570708,-94.0153738027744,153.163852491474));
#1373=CARTESIAN_POINT('',(-115.510919383847,-129.282909648225,136.559450887908));
#1374=CARTESIAN_POINT('Ctrl Pts',(-115.510919383843,-129.282909648222,136.559450887918));
#1375=CARTESIAN_POINT('Ctrl Pts',(-115.820879067074,-127.932285095632,136.171895412512));
#1376=CARTESIAN_POINT('Ctrl Pts',(-116.000001728535,-126.516320781186,135.928744196404));
#1377=CARTESIAN_POINT('Ctrl Pts',(-116.000001728535,-125.,135.928744196404));
#1378=CARTESIAN_POINT('Ctrl Pts',(-116.000001728535,-123.483679225024,135.928744196404));
#1379=CARTESIAN_POINT('Ctrl Pts',(-115.820879068513,-122.06771491597,136.171895410534));
#1380=CARTESIAN_POINT('Ctrl Pts',(-115.510919387651,-120.717090368369,136.559450883158));
#1381=CARTESIAN_POINT('',(-66.606105057066,-155.984626197226,153.163852491475));
#1382=CARTESIAN_POINT('Ctrl Pts',(-66.6061050570708,-155.984626197226,153.163852491474));
#1383=CARTESIAN_POINT('Ctrl Pts',(-76.443966337685,-155.796212941528,151.802669001386));
#1384=CARTESIAN_POINT('Ctrl Pts',(-85.7660854067588,-153.906401264342,149.69030095466));
#1385=CARTESIAN_POINT('Ctrl Pts',(-99.0897906293866,-148.396749467592,145.432047820155));
#1386=CARTESIAN_POINT('Ctrl Pts',(-103.657228899761,-145.586061713397,143.583423395764));
#1387=CARTESIAN_POINT('Ctrl Pts',(-109.110463184545,-140.693739280398,140.957135239501));
#1388=CARTESIAN_POINT('Ctrl Pts',(-110.831881698809,-138.787971816156,140.029838869747));
#1389=CARTESIAN_POINT('Ctrl Pts',(-113.744593847144,-134.432445526185,138.210221859877));
#1390=CARTESIAN_POINT('Ctrl Pts',(-114.897058524081,-131.957759294547,137.326986635983));
#1391=CARTESIAN_POINT('Ctrl Pts',(-115.51091938384,-129.282909648235,136.559450887922));
#1392=CARTESIAN_POINT('Ctrl Pts',(-64.9998693515473,-155.999146483058,153.393565001809));
#1393=CARTESIAN_POINT('Ctrl Pts',(-65.489484432809,-155.999146483058,153.320736982574));
#1394=CARTESIAN_POINT('Ctrl Pts',(-65.9792503699722,-155.994858505765,153.250224586777));
#1395=CARTESIAN_POINT('Ctrl Pts',(-66.4693954440975,-155.986261693865,153.181969277627));
#1396=CARTESIAN_POINT('Ctrl Pts',(-66.5149172758617,-155.985463271835,153.175630120377));
#1397=CARTESIAN_POINT('Ctrl Pts',(-66.5604423766901,-155.984627658583,153.169310404317));
#1398=CARTESIAN_POINT('Ctrl Pts',(-66.6059709286423,-155.983754822139,153.163010065595));
#1399=CARTESIAN_POINT('Origin',(-65.,-125.,115.));
#1400=CARTESIAN_POINT('Origin',(0.,-125.,0.));
#1401=CARTESIAN_POINT('',(-9.99999828636646,-125.,158.4));
#1402=CARTESIAN_POINT('Origin',(0.,-125.,158.4));
#1403=CARTESIAN_POINT('',(-9.99999828636646,-125.,160.));
#1404=CARTESIAN_POINT('',(-9.99999828636646,-125.,0.));
#1405=CARTESIAN_POINT('Origin',(0.,-125.,160.));
#1406=CARTESIAN_POINT('Ctrl Pts',(-67.5716465883354,-144.998737725848,156.234927101106));
#1407=CARTESIAN_POINT('Ctrl Pts',(-68.4904003892334,-144.993747432784,156.085793749287));
#1408=CARTESIAN_POINT('Ctrl Pts',(-70.3322400818694,-144.954159982715,155.769844136494));
#1409=CARTESIAN_POINT('Ctrl Pts',(-73.1012960197804,-144.805485891805,155.241150323533));
#1410=CARTESIAN_POINT('Ctrl Pts',(-75.8701059593961,-144.567166976104,154.655982850461));
#1411=CARTESIAN_POINT('Ctrl Pts',(-78.6323316176559,-144.238946008129,154.012599498392));
#1412=CARTESIAN_POINT('Ctrl Pts',(-81.3819124150756,-143.820615509704,153.309138758367));
#1413=CARTESIAN_POINT('Ctrl Pts',(-84.1130809168067,-143.311976136668,152.543538802064));
#1414=CARTESIAN_POINT('Ctrl Pts',(-86.820489908908,-142.712744034647,151.71338200599));
#1415=CARTESIAN_POINT('Ctrl Pts',(-89.0526463367046,-142.137557806207,150.965397888292));
#1416=CARTESIAN_POINT('Ctrl Pts',(-90.8218283866307,-141.631530252396,150.33142699372));
#1417=CARTESIAN_POINT('Ctrl Pts',(-92.1397211809331,-141.229000574869,149.837666306074));
#1418=CARTESIAN_POINT('Ctrl Pts',(-93.4487239998196,-140.803151313886,149.324799900069));
#1419=CARTESIAN_POINT('Ctrl Pts',(-94.7520786057328,-140.352439294285,148.790523122945));
#1420=CARTESIAN_POINT('Ctrl Pts',(-96.0475577327709,-139.877032423504,148.234539333217));
#1421=CARTESIAN_POINT('Ctrl Pts',(-97.3346122299281,-139.376560063833,147.655798280332));
#1422=CARTESIAN_POINT('Ctrl Pts',(-98.6117726045895,-138.851014370599,147.053562837487));
#1423=CARTESIAN_POINT('Ctrl Pts',(-100.019658053031,-138.238538725522,146.35656198074));
#1424=CARTESIAN_POINT('Ctrl Pts',(-101.550617245162,-137.528861309187,145.553394852988));
#1425=CARTESIAN_POINT('Ctrl Pts',(-103.207126347822,-136.703884781175,144.62195408613));
#1426=CARTESIAN_POINT('Ctrl Pts',(-104.846402644366,-135.827042111261,143.629964261629));
#1427=CARTESIAN_POINT('Ctrl Pts',(-106.283272200089,-135.001828157523,142.689792234371));
#1428=CARTESIAN_POINT('Ctrl Pts',(-107.879411892698,-134.028874901962,141.569037057275));
#1429=CARTESIAN_POINT('Ctrl Pts',(-109.707808152444,-132.832295740532,140.166129370174));
#1430=CARTESIAN_POINT('Ctrl Pts',(-111.538433231082,-131.505392295213,138.545293785226));
#1431=CARTESIAN_POINT('Ctrl Pts',(-113.057642784513,-130.304935632727,136.986326971019));
#1432=CARTESIAN_POINT('Ctrl Pts',(-114.178477974643,-129.364785546415,135.694519715097));
#1433=CARTESIAN_POINT('Ctrl Pts',(-115.282399324504,-128.37967642594,134.236221350784));
#1434=CARTESIAN_POINT('Ctrl Pts',(-116.369596599933,-127.341648149096,132.513217483545));
#1435=CARTESIAN_POINT('Ctrl Pts',(-117.265814825943,-126.417811351711,130.691347968508));
#1436=CARTESIAN_POINT('Ctrl Pts',(-117.882582420193,-125.730195313377,128.863364087498));
#1437=CARTESIAN_POINT('Ctrl Pts',(-118.182630248631,-125.373949632109,127.515482390897));
#1438=CARTESIAN_POINT('Ctrl Pts',(-118.338908090411,-125.167795993511,126.413583558555));
#1439=CARTESIAN_POINT('Ctrl Pts',(-118.395863427328,-125.063826754371,125.579805492607));
#1440=CARTESIAN_POINT('Ctrl Pts',(-118.399859903797,-125.007886523682,125.071702923169));
#1441=CARTESIAN_POINT('Ctrl Pts',(-118.4,-125.003943302269,125.035867615799));
#1442=CARTESIAN_POINT('Ctrl Pts',(-118.4,-125.,125.));
#1443=CARTESIAN_POINT('Ctrl Pts',(-67.5832514928655,-147.002122892808,156.233043377405));
#1444=CARTESIAN_POINT('Ctrl Pts',(-68.5249066265421,-146.994554367939,156.080110146384));
#1445=CARTESIAN_POINT('Ctrl Pts',(-70.412177345401,-146.948439949268,155.755812924166));
#1446=CARTESIAN_POINT('Ctrl Pts',(-73.248134653937,-146.785858431922,155.212094965202));
#1447=CARTESIAN_POINT('Ctrl Pts',(-76.082463993216,-146.529344433365,154.609330931574));
#1448=CARTESIAN_POINT('Ctrl Pts',(-78.9086329923526,-146.178456194852,153.945639896557));
#1449=CARTESIAN_POINT('Ctrl Pts',(-81.7203349667981,-145.732730092009,153.219036611958));
#1450=CARTESIAN_POINT('Ctrl Pts',(-84.5114812850331,-145.19167378321,152.427282734167));
#1451=CARTESIAN_POINT('Ctrl Pts',(-87.2763250289836,-144.554564036068,151.567879956414));
#1452=CARTESIAN_POINT('Ctrl Pts',(-89.5537899839912,-143.9428679256,150.792803405254));
#1453=CARTESIAN_POINT('Ctrl Pts',(-91.3573510435824,-143.40438520925,150.135403150629));
#1454=CARTESIAN_POINT('Ctrl Pts',(-92.6999869037557,-142.975781444776,149.623209414876));
#1455=CARTESIAN_POINT('Ctrl Pts',(-94.0325888400128,-142.522018745531,149.091018844534));
#1456=CARTESIAN_POINT('Ctrl Pts',(-95.3583254751019,-142.041345333693,148.536456448465));
#1457=CARTESIAN_POINT('Ctrl Pts',(-96.6747751286321,-141.533820603405,147.959236054105));
#1458=CARTESIAN_POINT('Ctrl Pts',(-97.9811989187233,-140.998912056816,147.358304060146));
#1459=CARTESIAN_POINT('Ctrl Pts',(-99.275897074432,-140.436458546961,146.7329455236));
#1460=CARTESIAN_POINT('Ctrl Pts',(-100.700953242559,-139.779982502322,146.009231460748));
#1461=CARTESIAN_POINT('Ctrl Pts',(-102.247392345932,-139.01782290184,145.175496589912));
#1462=CARTESIAN_POINT('Ctrl Pts',(-103.915782143946,-138.129478148752,144.209221248353));
#1463=CARTESIAN_POINT('Ctrl Pts',(-105.560753322097,-137.182389255225,143.181104903177));
#1464=CARTESIAN_POINT('Ctrl Pts',(-106.995962480702,-136.287729555193,142.208388798891));
#1465=CARTESIAN_POINT('Ctrl Pts',(-108.582406638623,-135.229058626525,141.05111139266));
#1466=CARTESIAN_POINT('Ctrl Pts',(-110.386896657979,-133.92064184099,139.607092476572));
#1467=CARTESIAN_POINT('Ctrl Pts',(-112.16851765458,-132.456636967923,137.950378110021));
#1468=CARTESIAN_POINT('Ctrl Pts',(-113.621468630332,-131.118012957815,136.373312038625));
#1469=CARTESIAN_POINT('Ctrl Pts',(-114.677205260942,-130.060536480498,135.078768281209));
#1470=CARTESIAN_POINT('Ctrl Pts',(-115.696889955304,-128.940790533762,133.635030949293));
#1471=CARTESIAN_POINT('Ctrl Pts',(-116.675647294915,-127.745957850678,131.957917863309));
#1472=CARTESIAN_POINT('Ctrl Pts',(-117.455387545928,-126.667610021334,130.22289094125));
#1473=CARTESIAN_POINT('Ctrl Pts',(-117.974443695455,-125.859013961311,128.522936194857));
#1474=CARTESIAN_POINT('Ctrl Pts',(-118.222346750296,-125.439768822496,127.286566973314));
#1475=CARTESIAN_POINT('Ctrl Pts',(-118.350281157815,-125.197258147404,126.282564564576));
#1476=CARTESIAN_POINT('Ctrl Pts',(-118.396633401123,-125.075027023529,125.52584843879));
#1477=CARTESIAN_POINT('Ctrl Pts',(-118.399885977107,-125.009270423965,125.065029847927));
#1478=CARTESIAN_POINT('Ctrl Pts',(-118.4,-125.004635256284,125.032529499893));
#1479=CARTESIAN_POINT('Ctrl Pts',(-118.4,-125.,125.));
#1480=CARTESIAN_POINT('Ctrl Pts',(-67.4599570186391,-151.008247793957,155.326742459357));
#1481=CARTESIAN_POINT('Ctrl Pts',(-68.44237280436,-150.995505253204,155.169362996386));
#1482=CARTESIAN_POINT('Ctrl Pts',(-70.4103216574077,-150.936388654142,154.83517957064));
#1483=CARTESIAN_POINT('Ctrl Pts',(-73.3647789582497,-150.745998422984,154.273665833661));
#1484=CARTESIAN_POINT('Ctrl Pts',(-76.3148320522793,-150.453127006874,153.650029607518));
#1485=CARTESIAN_POINT('Ctrl Pts',(-79.2536703318577,-150.056931972456,152.962321880782));
#1486=CARTESIAN_POINT('Ctrl Pts',(-82.1745852161598,-149.556459177901,152.208482911657));
#1487=CARTESIAN_POINT('Ctrl Pts',(-85.0710021556281,-148.950548980379,151.386244432573));
#1488=CARTESIAN_POINT('Ctrl Pts',(-87.9364951934467,-148.237759827671,150.493039353909));
#1489=CARTESIAN_POINT('Ctrl Pts',(-90.2933077350959,-147.553139358368,149.687058451503));
#1490=CARTESIAN_POINT('Ctrl Pts',(-92.1571029720771,-146.949729096483,149.003372327583));
#1491=CARTESIAN_POINT('Ctrl Pts',(-93.5431148147745,-146.468985594991,148.470689981639));
#1492=CARTESIAN_POINT('Ctrl Pts',(-94.9171328633337,-145.959406954406,147.91726389333));
#1493=CARTESIAN_POINT('Ctrl Pts',(-96.282220420703,-145.418826626673,147.34069674255));
#1494=CARTESIAN_POINT('Ctrl Pts',(-97.6356421505042,-144.847082673518,146.740785010836));
#1495=CARTESIAN_POINT('Ctrl Pts',(-98.9763588844776,-144.243318274714,146.116552793745));
#1496=CARTESIAN_POINT('Ctrl Pts',(-100.302305379661,-143.60706353985,145.467406743088));
#1497=CARTESIAN_POINT('Ctrl Pts',(-101.758258914869,-142.862596198561,144.716870663136));
#1498=CARTESIAN_POINT('Ctrl Pts',(-103.333088648708,-141.995511610835,143.853429508642));
#1499=CARTESIAN_POINT('Ctrl Pts',(-105.024312875608,-140.980536602439,142.854897316671));
#1500=CARTESIAN_POINT('Ctrl Pts',(-106.682162373933,-139.892878716664,141.795706377431));
#1501=CARTESIAN_POINT('Ctrl Pts',(-108.118037103319,-138.859442020536,140.797547598303));
#1502=CARTESIAN_POINT('Ctrl Pts',(-109.69281243722,-137.629243482711,139.615506790355));
#1503=CARTESIAN_POINT('Ctrl Pts',(-111.463729550097,-136.097159815471,138.150161607108));
#1504=CARTESIAN_POINT('Ctrl Pts',(-113.172415530723,-134.359113993119,136.491409082294));
#1505=CARTESIAN_POINT('Ctrl Pts',(-114.524791188718,-132.744113761768,134.942086648068));
#1506=CARTESIAN_POINT('Ctrl Pts',(-115.480761017272,-131.451988798874,133.691514370199));
#1507=CARTESIAN_POINT('Ctrl Pts',(-116.370068417583,-130.06297125018,132.326733809992));
#1508=CARTESIAN_POINT('Ctrl Pts',(-117.178672369386,-128.554541920128,130.789126245324));
#1509=CARTESIAN_POINT('Ctrl Pts',(-117.771599587106,-127.167196216127,129.261957618157));
#1510=CARTESIAN_POINT('Ctrl Pts',(-118.129353713617,-126.116647808588,127.834773952639));
#1511=CARTESIAN_POINT('Ctrl Pts',(-118.289694094288,-125.571406196959,126.826781881483));
#1512=CARTESIAN_POINT('Ctrl Pts',(-118.369639163425,-125.256181943986,126.020327470644));
#1513=CARTESIAN_POINT('Ctrl Pts',(-118.397943958685,-125.097427505419,125.417932906779));
#1514=CARTESIAN_POINT('Ctrl Pts',(-118.399930351251,-125.01203822649,125.051683638496));
#1515=CARTESIAN_POINT('Ctrl Pts',(-118.4,-125.006019164314,125.025853268081));
#1516=CARTESIAN_POINT('Ctrl Pts',(-118.4,-125.,125.));
#1517=CARTESIAN_POINT('Ctrl Pts',(-66.9703128463522,-155.02178321244,152.163229110365));
#1518=CARTESIAN_POINT('Ctrl Pts',(-67.9808715409999,-155.006254354728,152.008637801528));
#1519=CARTESIAN_POINT('Ctrl Pts',(-70.0042542567899,-154.939398194132,151.680471005327));
#1520=CARTESIAN_POINT('Ctrl Pts',(-73.0397031649417,-154.730636733387,151.12936902423));
#1521=CARTESIAN_POINT('Ctrl Pts',(-76.068617934408,-154.412411759694,150.517773116845));
#1522=CARTESIAN_POINT('Ctrl Pts',(-79.0842797220959,-153.9835118703,149.843978598714));
#1523=CARTESIAN_POINT('Ctrl Pts',(-82.0799828283397,-153.44250726542,149.106245571236));
#1524=CARTESIAN_POINT('Ctrl Pts',(-85.0491625466064,-152.787584137271,148.302668425169));
#1525=CARTESIAN_POINT('Ctrl Pts',(-87.9852608931732,-152.016546052457,147.431212254267));
#1526=CARTESIAN_POINT('Ctrl Pts',(-90.3990207362984,-151.274817545014,146.646424650544));
#1527=CARTESIAN_POINT('Ctrl Pts',(-92.3071305651703,-150.61987430704,145.981902308861));
#1528=CARTESIAN_POINT('Ctrl Pts',(-93.7257053382303,-150.097379706393,145.46483999602));
#1529=CARTESIAN_POINT('Ctrl Pts',(-95.1315824589011,-149.542700818626,144.928419127073));
#1530=CARTESIAN_POINT('Ctrl Pts',(-96.5278549990035,-148.953259147539,144.370462726961));
#1531=CARTESIAN_POINT('Ctrl Pts',(-97.9116707167577,-148.328622568273,143.790943327607));
#1532=CARTESIAN_POINT('Ctrl Pts',(-99.2818993693295,-147.667562306207,143.189116982931));
#1533=CARTESIAN_POINT('Ctrl Pts',(-100.636345542895,-146.969230762612,142.564640165202));
#1534=CARTESIAN_POINT('Ctrl Pts',(-102.122703312155,-146.149898071092,141.844397352275));
#1535=CARTESIAN_POINT('Ctrl Pts',(-103.729082010447,-145.192284141222,141.018447549986));
#1536=CARTESIAN_POINT('Ctrl Pts',(-105.45209783112,-144.066103394356,140.067395534523));
#1537=CARTESIAN_POINT('Ctrl Pts',(-107.13834953956,-142.852575706879,139.0636882934));
#1538=CARTESIAN_POINT('Ctrl Pts',(-108.595694933064,-141.692146738679,138.123721770492));
#1539=CARTESIAN_POINT('Ctrl Pts',(-110.189993038045,-140.301755143773,137.017605179635));
#1540=CARTESIAN_POINT('Ctrl Pts',(-111.975990086856,-138.555478784096,135.658226947219));
#1541=CARTESIAN_POINT('Ctrl Pts',(-113.684321628056,-136.543943278751,134.14452445714));
#1542=CARTESIAN_POINT('Ctrl Pts',(-115.017462423595,-134.640891861529,132.760190595027));
#1543=CARTESIAN_POINT('Ctrl Pts',(-115.945565562996,-133.096620054269,131.663243892763));
#1544=CARTESIAN_POINT('Ctrl Pts',(-116.787575121328,-131.40861008146,130.494204592636));
#1545=CARTESIAN_POINT('Ctrl Pts',(-117.518588624997,-129.539565761778,129.22156058603));
#1546=CARTESIAN_POINT('Ctrl Pts',(-118.004518530432,-127.783757535154,128.017372900935));
#1547=CARTESIAN_POINT('Ctrl Pts',(-118.249913597084,-126.436908444799,126.961444988642));
#1548=CARTESIAN_POINT('Ctrl Pts',(-118.343487330849,-125.735584139901,126.248549793612));
#1549=CARTESIAN_POINT('Ctrl Pts',(-118.385364865791,-125.329811799552,125.69217316935));
#1550=CARTESIAN_POINT('Ctrl Pts',(-118.399008471344,-125.125427861159,125.283035650334));
#1551=CARTESIAN_POINT('Ctrl Pts',(-118.399966394298,-125.015497972668,125.035000781783));
#1552=CARTESIAN_POINT('Ctrl Pts',(-118.4,-125.007749049352,125.017507978316));
#1553=CARTESIAN_POINT('Ctrl Pts',(-118.4,-125.,125.));
#1554=CARTESIAN_POINT('Ctrl Pts',(-66.3020561862932,-157.705128114831,147.948072540293));
#1555=CARTESIAN_POINT('Ctrl Pts',(-67.3193815180979,-157.691373815588,147.801004970828));
#1556=CARTESIAN_POINT('Ctrl Pts',(-69.3559281725184,-157.62731698726,147.489160311516));
#1557=CARTESIAN_POINT('Ctrl Pts',(-72.4099778741703,-157.42066223319,146.966876355245));
#1558=CARTESIAN_POINT('Ctrl Pts',(-75.4568762747729,-157.102296805601,146.388741086073));
#1559=CARTESIAN_POINT('Ctrl Pts',(-78.4902787191269,-156.670848973876,145.753494909801));
#1560=CARTESIAN_POINT('Ctrl Pts',(-81.503961350296,-156.124605555866,145.059888051784));
#1561=CARTESIAN_POINT('Ctrl Pts',(-84.4917883779892,-155.461414114007,144.306656837067));
#1562=CARTESIAN_POINT('Ctrl Pts',(-87.4478312381399,-154.678459433262,143.492403458985));
#1563=CARTESIAN_POINT('Ctrl Pts',(-89.8797466475709,-153.923192365446,142.761753967812));
#1564=CARTESIAN_POINT('Ctrl Pts',(-91.8036465155139,-153.254827778325,142.145030857439));
#1565=CARTESIAN_POINT('Ctrl Pts',(-93.234802114419,-152.720776455219,141.666187664536));
#1566=CARTESIAN_POINT('Ctrl Pts',(-94.6541075300401,-152.152880862378,141.170559640497));
#1567=CARTESIAN_POINT('Ctrl Pts',(-96.0648146974737,-151.548301492682,140.65630784781));
#1568=CARTESIAN_POINT('Ctrl Pts',(-97.4641876981249,-150.906363803828,140.123608397295));
#1569=CARTESIAN_POINT('Ctrl Pts',(-98.8512407840121,-150.22552955874,139.57200370534));
#1570=CARTESIAN_POINT('Ctrl Pts',(-100.223924745893,-149.504606291704,139.00143455989));
#1571=CARTESIAN_POINT('Ctrl Pts',(-101.732313995081,-148.656542714401,138.345626523996));
#1572=CARTESIAN_POINT('Ctrl Pts',(-103.365415595139,-147.661988484287,137.596817581851));
#1573=CARTESIAN_POINT('Ctrl Pts',(-105.121327267583,-146.487027708445,136.739463042377));
#1574=CARTESIAN_POINT('Ctrl Pts',(-106.844879935572,-145.214262231632,135.840705341968));
#1575=CARTESIAN_POINT('Ctrl Pts',(-108.339609032563,-143.98930899417,135.005443161546));
#1576=CARTESIAN_POINT('Ctrl Pts',(-109.980613296252,-142.512231385344,134.030283235104));
#1577=CARTESIAN_POINT('Ctrl Pts',(-111.827600660402,-140.641107929807,132.844243279264));
#1578=CARTESIAN_POINT('Ctrl Pts',(-113.608907887513,-138.451724250725,131.548963055977));
#1579=CARTESIAN_POINT('Ctrl Pts',(-115.008980963526,-136.341389070668,130.393453090422));
#1580=CARTESIAN_POINT('Ctrl Pts',(-115.987251206305,-134.603462586944,129.497764402058));
#1581=CARTESIAN_POINT('Ctrl Pts',(-116.874663821696,-132.670506145527,128.570630151952));
#1582=CARTESIAN_POINT('Ctrl Pts',(-117.635436677607,-130.486532073139,127.605329267652));
#1583=CARTESIAN_POINT('Ctrl Pts',(-118.113489789024,-128.388510691652,126.753122872934));
#1584=CARTESIAN_POINT('Ctrl Pts',(-118.315193306125,-126.754505557667,126.082196037085));
#1585=CARTESIAN_POINT('Ctrl Pts',(-118.374407827768,-125.899210027407,125.66874227503));
#1586=CARTESIAN_POINT('Ctrl Pts',(-118.394738859969,-125.403404634763,125.363858754516));
#1587=CARTESIAN_POINT('Ctrl Pts',(-118.399642938278,-125.153427883017,125.148137209637));
#1588=CARTESIAN_POINT('Ctrl Pts',(-118.399987861,-125.018957707137,125.01831787908));
#1589=CARTESIAN_POINT('Ctrl Pts',(-118.4,-125.00947893439,125.009162688551));
#1590=CARTESIAN_POINT('Ctrl Pts',(-118.4,-125.,125.));
#1591=CARTESIAN_POINT('Ctrl Pts',(-65.8252920422599,-158.396592567047,144.985584198233));
#1592=CARTESIAN_POINT('Ctrl Pts',(-66.8336490532576,-158.386796599716,144.844981925457));
#1593=CARTESIAN_POINT('Ctrl Pts',(-68.8519052698092,-158.33134555081,144.547310606685));
#1594=CARTESIAN_POINT('Ctrl Pts',(-71.8787719926311,-158.139275250271,144.050013084813));
#1595=CARTESIAN_POINT('Ctrl Pts',(-74.8988866286593,-157.837357076275,143.500944744373));
#1596=CARTESIAN_POINT('Ctrl Pts',(-77.9064587787067,-157.42420117633,142.899146659898));
#1597=CARTESIAN_POINT('Ctrl Pts',(-80.8957000232172,-156.898118821076,142.243764052237));
#1598=CARTESIAN_POINT('Ctrl Pts',(-83.8611766411445,-156.256796323334,141.533922327703));
#1599=CARTESIAN_POINT('Ctrl Pts',(-86.7974321223858,-155.49753974901,140.768857874274));
#1600=CARTESIAN_POINT('Ctrl Pts',(-89.2157597278188,-154.763325185134,140.084523476426));
#1601=CARTESIAN_POINT('Ctrl Pts',(-91.1310243103834,-154.112271721935,139.508365362708));
#1602=CARTESIAN_POINT('Ctrl Pts',(-92.5569436153366,-153.591477155641,139.061856106837));
#1603=CARTESIAN_POINT('Ctrl Pts',(-93.9724027853593,-153.037025145546,138.600597261664));
#1604=CARTESIAN_POINT('Ctrl Pts',(-95.3808236376389,-152.446034994404,138.123003475022));
#1605=CARTESIAN_POINT('Ctrl Pts',(-96.7796774947444,-151.817704723055,137.629377656628));
#1606=CARTESIAN_POINT('Ctrl Pts',(-98.1682072450361,-151.150361881554,137.119454448887));
#1607=CARTESIAN_POINT('Ctrl Pts',(-99.5446095813688,-150.442635769433,136.593355024231));
#1608=CARTESIAN_POINT('Ctrl Pts',(-101.059951581394,-149.608670204513,135.990344457955));
#1609=CARTESIAN_POINT('Ctrl Pts',(-102.704734365101,-148.628557398289,135.304254305331));
#1610=CARTESIAN_POINT('Ctrl Pts',(-104.479449827085,-147.46732242391,134.522326309452));
#1611=CARTESIAN_POINT('Ctrl Pts',(-106.228798588083,-146.204683818012,133.706816887974));
#1612=CARTESIAN_POINT('Ctrl Pts',(-107.753990851713,-144.984538929005,132.953653670898));
#1613=CARTESIAN_POINT('Ctrl Pts',(-109.437241068715,-143.506382985702,132.079538592148));
#1614=CARTESIAN_POINT('Ctrl Pts',(-111.346121133018,-141.622978992437,131.025110487314));
#1615=CARTESIAN_POINT('Ctrl Pts',(-113.213459679184,-139.395068003638,129.891052064662));
#1616=CARTESIAN_POINT('Ctrl Pts',(-114.70377028702,-137.218110948326,128.898739263224));
#1617=CARTESIAN_POINT('Ctrl Pts',(-115.758109861301,-135.406228057093,128.143129987944));
#1618=CARTESIAN_POINT('Ctrl Pts',(-116.727902306485,-133.365655165318,127.379809838381));
#1619=CARTESIAN_POINT('Ctrl Pts',(-117.570929332038,-131.026320117576,126.616013043235));
#1620=CARTESIAN_POINT('Ctrl Pts',(-118.104159106715,-128.742511446606,125.986679346626));
#1621=CARTESIAN_POINT('Ctrl Pts',(-118.321102450915,-126.943060653346,125.552271902971));
#1622=CARTESIAN_POINT('Ctrl Pts',(-118.379217483449,-125.99696913537,125.320225849671));
#1623=CARTESIAN_POINT('Ctrl Pts',(-118.396548959274,-125.447531233867,125.166805229063));
#1624=CARTESIAN_POINT('Ctrl Pts',(-118.399765229491,-125.170227498845,125.067197579317));
#1625=CARTESIAN_POINT('Ctrl Pts',(-118.399992007718,-125.02103354414,125.008308122261));
#1626=CARTESIAN_POINT('Ctrl Pts',(-118.4,-125.010516865413,125.004155514692));
#1627=CARTESIAN_POINT('Ctrl Pts',(-118.4,-125.,125.));
#1628=CARTESIAN_POINT('Ctrl Pts',(-65.5043068171543,-158.398500912056,143.008046539197));
#1629=CARTESIAN_POINT('Ctrl Pts',(-66.5011592107104,-158.392574351763,142.8717986351));
#1630=CARTESIAN_POINT('Ctrl Pts',(-68.4966419925073,-158.345567434899,142.583568474835));
#1631=CARTESIAN_POINT('Ctrl Pts',(-71.4894410858245,-158.168813562287,142.103011571842));
#1632=CARTESIAN_POINT('Ctrl Pts',(-74.4761341979418,-157.884826414067,141.573387756522));
#1633=CARTESIAN_POINT('Ctrl Pts',(-77.4511767358546,-157.492350278973,140.993976256576));
#1634=CARTESIAN_POINT('Ctrl Pts',(-80.4092426440492,-156.989756022632,140.364160570611));
#1635=CARTESIAN_POINT('Ctrl Pts',(-83.3452420678651,-156.374917219343,139.683410418776));
#1636=CARTESIAN_POINT('Ctrl Pts',(-86.2544553714376,-155.644987622858,138.951220812715));
#1637=CARTESIAN_POINT('Ctrl Pts',(-88.652725848944,-154.937671272282,138.297813427072));
#1638=CARTESIAN_POINT('Ctrl Pts',(-90.5538190011279,-154.309758089352,137.74883726791));
#1639=CARTESIAN_POINT('Ctrl Pts',(-91.9701898874645,-153.807023377869,137.323970488175));
#1640=CARTESIAN_POINT('Ctrl Pts',(-93.3773046085784,-153.271353656613,136.885711733308));
#1641=CARTESIAN_POINT('Ctrl Pts',(-94.7787176511856,-152.699897733212,136.432642581146));
#1642=CARTESIAN_POINT('Ctrl Pts',(-96.1720912600101,-152.091803706076,135.965154395269));
#1643=CARTESIAN_POINT('Ctrl Pts',(-97.5568704905153,-151.445350089315,135.483110351587));
#1644=CARTESIAN_POINT('Ctrl Pts',(-98.9314856239672,-150.759084323101,134.986753689473));
#1645=CARTESIAN_POINT('Ctrl Pts',(-100.447310651307,-149.949500942488,134.419057316074));
#1646=CARTESIAN_POINT('Ctrl Pts',(-102.096210686768,-148.996614479745,133.77488192426));
#1647=CARTESIAN_POINT('Ctrl Pts',(-103.880699053453,-147.865277552231,133.043290776529));
#1648=CARTESIAN_POINT('Ctrl Pts',(-105.646347757697,-146.632378013787,132.283513021792));
#1649=CARTESIAN_POINT('Ctrl Pts',(-107.192660398338,-145.437069999222,131.585109249826));
#1650=CARTESIAN_POINT('Ctrl Pts',(-108.907455154857,-143.984644863425,130.778602317605));
#1651=CARTESIAN_POINT('Ctrl Pts',(-110.864866636238,-142.125755020076,129.812079794735));
#1652=CARTESIAN_POINT('Ctrl Pts',(-112.803497145327,-139.908307294832,128.785496788657));
#1653=CARTESIAN_POINT('Ctrl Pts',(-114.372890459448,-137.719056841694,127.902138508776));
#1654=CARTESIAN_POINT('Ctrl Pts',(-115.496017627505,-135.881718693902,127.239983002883));
#1655=CARTESIAN_POINT('Ctrl Pts',(-116.54333097834,-133.792113144134,126.585925598986));
#1656=CARTESIAN_POINT('Ctrl Pts',(-117.468562114655,-131.369014101666,125.95648974466));
#1657=CARTESIAN_POINT('Ctrl Pts',(-118.064743483465,-128.973097689444,125.475725663346));
#1658=CARTESIAN_POINT('Ctrl Pts',(-118.310257027602,-127.067535651318,125.198992635292));
#1659=CARTESIAN_POINT('Ctrl Pts',(-118.376317396968,-126.061886838097,125.087882707128));
#1660=CARTESIAN_POINT('Ctrl Pts',(-118.396064422921,-125.476932734801,125.035436830482));
#1661=CARTESIAN_POINT('Ctrl Pts',(-118.39973235552,-125.181427203574,125.013237893515));
#1662=CARTESIAN_POINT('Ctrl Pts',(-118.399990875513,-125.022417425972,125.001634948698));
#1663=CARTESIAN_POINT('Ctrl Pts',(-118.4,-125.011208819428,125.000817398786));
#1664=CARTESIAN_POINT('Ctrl Pts',(-118.4,-125.,125.));
#1665=CARTESIAN_POINT('',(-67.6255243952342,-158.359344442186,142.706336234582));
#1666=CARTESIAN_POINT('Ctrl Pts',(-67.6255243952342,-158.359344442186,142.706336234582));
#1667=CARTESIAN_POINT('Ctrl Pts',(-67.6255243952342,-158.359344442186,144.36372047988));
#1668=CARTESIAN_POINT('Ctrl Pts',(-67.6797195705836,-158.059987700654,145.812932119231));
#1669=CARTESIAN_POINT('Ctrl Pts',(-67.5956116855324,-157.408268890251,147.79275423947));
#1670=CARTESIAN_POINT('Ctrl Pts',(-67.520087995445,-157.113165669602,148.47493975966));
#1671=CARTESIAN_POINT('Ctrl Pts',(-67.2810643340142,-156.637383162523,149.430324656912));
#1672=CARTESIAN_POINT('Ctrl Pts',(-67.1655890291079,-156.454011357496,149.76794421821));
#1673=CARTESIAN_POINT('Ctrl Pts',(-66.9205074651541,-156.168945356882,150.26338277397));
#1674=CARTESIAN_POINT('Ctrl Pts',(-66.822989633589,-156.071739426456,150.426539142997));
#1675=CARTESIAN_POINT('Ctrl Pts',(-66.7180836363036,-155.982406768828,150.574156632497));
#1676=CARTESIAN_POINT('',(-118.4,-125.,125.));
#1677=CARTESIAN_POINT('Ctrl Pts',(-118.4,-125.,125.));
#1678=CARTESIAN_POINT('Ctrl Pts',(-118.4,-125.011208819428,125.000817398786));
#1679=CARTESIAN_POINT('Ctrl Pts',(-118.399990875513,-125.022417425972,125.001634948698));
#1680=CARTESIAN_POINT('Ctrl Pts',(-118.399972653112,-125.033625610984,125.002452810053));
#1681=CARTESIAN_POINT('Ctrl Pts',(-118.39973235552,-125.181427203574,125.013237893515));
#1682=CARTESIAN_POINT('Ctrl Pts',(-118.397898389221,-125.329179969188,125.024337361999));
#1683=CARTESIAN_POINT('Ctrl Pts',(-118.394513027827,-125.476175614906,125.036442830821));
#1684=CARTESIAN_POINT('Ctrl Pts',(-118.391127666433,-125.623171260625,125.048548299644));
#1685=CARTESIAN_POINT('Ctrl Pts',(-118.386190909945,-125.769409786449,125.061659768805));
#1686=CARTESIAN_POINT('Ctrl Pts',(-118.379754007078,-125.914790175723,125.075691697206));
#1687=CARTESIAN_POINT('Ctrl Pts',(-118.366880201344,-126.205550954271,125.103755554009));
#1688=CARTESIAN_POINT('Ctrl Pts',(-118.348005810097,-126.49287918662,125.13550124777));
#1689=CARTESIAN_POINT('Ctrl Pts',(-118.323731761449,-126.775172390954,125.169842806851));
#1690=CARTESIAN_POINT('Ctrl Pts',(-118.275183664154,-127.339758799621,125.238525925014));
#1691=CARTESIAN_POINT('Ctrl Pts',(-118.205036937258,-127.884205096229,125.317592504458));
#1692=CARTESIAN_POINT('Ctrl Pts',(-118.118527028073,-128.406897054782,125.402354496175));
#1693=CARTESIAN_POINT('Ctrl Pts',(-117.945507209703,-129.452280971888,125.571878479609));
#1694=CARTESIAN_POINT('Ctrl Pts',(-117.707034662179,-130.410647536777,125.764184112134));
#1695=CARTESIAN_POINT('Ctrl Pts',(-117.433593199031,-131.293680659633,125.965242904118));
#1696=CARTESIAN_POINT('Ctrl Pts',(-117.160151735884,-132.176713782488,126.166301696102));
#1697=CARTESIAN_POINT('Ctrl Pts',(-116.851741357112,-132.984413463311,126.376113647544));
#1698=CARTESIAN_POINT('Ctrl Pts',(-116.522983942587,-133.73653089535,126.590029190581));
#1699=CARTESIAN_POINT('Ctrl Pts',(-116.194226528062,-134.48864832739,126.803944733618));
#1700=CARTESIAN_POINT('Ctrl Pts',(-115.845122077784,-135.185183510646,127.02196386825));
#1701=CARTESIAN_POINT('Ctrl Pts',(-115.483381991302,-135.839674126906,127.241332686549));
#1702=CARTESIAN_POINT('Ctrl Pts',(-115.12164190482,-136.494164743166,127.460701504847));
#1703=CARTESIAN_POINT('Ctrl Pts',(-114.747266182134,-137.10661079243,127.681420006812));
#1704=CARTESIAN_POINT('Ctrl Pts',(-114.363904156526,-137.686490123704,127.902199042779));
#1705=CARTESIAN_POINT('Ctrl Pts',(-113.980542130918,-138.266369454979,128.122978078747));
#1706=CARTESIAN_POINT('Ctrl Pts',(-113.588193802388,-138.813682068263,128.343817648717));
#1707=CARTESIAN_POINT('Ctrl Pts',(-113.191374958702,-139.333262799035,128.562666098888));
#1708=CARTESIAN_POINT('Ctrl Pts',(-112.397737271332,-140.37242426058,129.000362999232));
#1709=CARTESIAN_POINT('Ctrl Pts',(-111.586217523341,-141.300658192078,129.43009542038));
#1710=CARTESIAN_POINT('Ctrl Pts',(-110.760207305822,-142.159239082282,129.851617468295));
#1711=CARTESIAN_POINT('Ctrl Pts',(-110.02597600136,-142.922422095797,130.226303733108));
#1712=CARTESIAN_POINT('Ctrl Pts',(-109.280295437025,-143.630570607549,130.594502789439));
#1713=CARTESIAN_POINT('Ctrl Pts',(-108.523647913648,-144.296968299851,130.956200825171));
#1714=CARTESIAN_POINT('Ctrl Pts',(-108.14532415196,-144.630167146002,131.137049843037));
#1715=CARTESIAN_POINT('Ctrl Pts',(-107.764258650511,-144.95292828729,131.316273605752));
#1716=CARTESIAN_POINT('Ctrl Pts',(-107.380988085578,-145.266115773519,131.493648240578));
#1717=CARTESIAN_POINT('Ctrl Pts',(-106.806082238178,-145.735897002864,131.759710192818));
#1718=CARTESIAN_POINT('Ctrl Pts',(-106.226214997938,-146.184137508325,132.021611607305));
#1719=CARTESIAN_POINT('Ctrl Pts',(-105.642006593777,-146.613741017463,132.279191940338));
#1720=CARTESIAN_POINT('Ctrl Pts',(-105.057798189616,-147.043344526601,132.536772273371));
#1721=CARTESIAN_POINT('Ctrl Pts',(-104.469248621534,-147.454311039416,132.79003152495));
#1722=CARTESIAN_POINT('Ctrl Pts',(-103.877559109713,-147.848350450409,133.038593008695));
#1723=CARTESIAN_POINT('Ctrl Pts',(-103.285869597891,-148.242389861402,133.28715449244));
#1724=CARTESIAN_POINT('Ctrl Pts',(-102.691040142329,-148.619502170573,133.53101820835));
#1725=CARTESIAN_POINT('Ctrl Pts',(-102.093825408101,-148.981310409294,133.770072864817));
#1726=CARTESIAN_POINT('Ctrl Pts',(-101.496610673873,-149.343118648015,134.009127521284));
#1727=CARTESIAN_POINT('Ctrl Pts',(-100.897010660978,-149.689622816285,134.243373118307));
#1728=CARTESIAN_POINT('Ctrl Pts',(-100.293564934917,-150.023172232541,134.473523259522));
#1729=CARTESIAN_POINT('Ctrl Pts',(-99.8409806403709,-150.273334294733,134.646135865434));
#1730=CARTESIAN_POINT('Ctrl Pts',(-99.3862331321691,-150.516209308917,134.816444777453));
#1731=CARTESIAN_POINT('Ctrl Pts',(-98.9297568558262,-150.752024443712,134.984325343816));
#1732=CARTESIAN_POINT('Ctrl Pts',(-98.4732805794832,-150.987839578506,135.152205910178));
#1733=CARTESIAN_POINT('Ctrl Pts',(-98.0150755349993,-151.216594833911,135.317658130883));
#1734=CARTESIAN_POINT('Ctrl Pts',(-97.5551764743397,-151.438714731073,135.480724915182));
#1735=CARTESIAN_POINT('Ctrl Pts',(-97.0952774136802,-151.660834628236,135.643791699481));
#1736=CARTESIAN_POINT('Ctrl Pts',(-96.6336843368451,-151.876319167156,135.804473047375));
#1737=CARTESIAN_POINT('Ctrl Pts',(-96.1706588636235,-152.085410441139,135.962728418968));
#1738=CARTESIAN_POINT('Ctrl Pts',(-95.7076333904019,-152.294501715121,136.120983790561));
#1739=CARTESIAN_POINT('Ctrl Pts',(-95.2431755207937,-152.497199724167,136.276813185854));
#1740=CARTESIAN_POINT('Ctrl Pts',(-94.7773777455551,-152.69379138259,136.43023940886));
#1741=CARTESIAN_POINT('Ctrl Pts',(-94.3115799703165,-152.890383041013,136.583665631867));
#1742=CARTESIAN_POINT('Ctrl Pts',(-93.8444422894474,-153.080868348813,136.734688682588));
#1743=CARTESIAN_POINT('Ctrl Pts',(-93.3763543288273,-153.265389289589,136.883243333759));
#1744=CARTESIAN_POINT('Ctrl Pts',(-92.9082663682071,-153.449910230365,137.031797984931));
#1745=CARTESIAN_POINT('Ctrl Pts',(-92.4392281278358,-153.628466804117,137.177884236553));
#1746=CARTESIAN_POINT('Ctrl Pts',(-91.9686471932607,-153.801534209574,137.32173849232));
#1747=CARTESIAN_POINT('Ctrl Pts',(-91.4980662586856,-153.97460161503,137.465592748087));
#1748=CARTESIAN_POINT('Ctrl Pts',(-91.0259426299068,-154.142179852191,137.607215007998));
#1749=CARTESIAN_POINT('Ctrl Pts',(-90.5522441714944,-154.304458118638,137.746648157849));
#1750=CARTESIAN_POINT('Ctrl Pts',(-90.078545713082,-154.466736385084,137.8860813077));
#1751=CARTESIAN_POINT('Ctrl Pts',(-89.603272425036,-154.623714680817,138.023325347491));
#1752=CARTESIAN_POINT('Ctrl Pts',(-89.1265388678382,-154.775521301344,138.158381866394));
#1753=CARTESIAN_POINT('Ctrl Pts',(-88.1730717534427,-155.079134542397,138.428494904201));
#1754=CARTESIAN_POINT('Ctrl Pts',(-87.2137635624402,-155.362061082628,138.689857858458));
#1755=CARTESIAN_POINT('Ctrl Pts',(-86.2492405830101,-155.62517928549,138.942570936597));
#1756=CARTESIAN_POINT('Ctrl Pts',(-85.2847176035801,-155.888297488353,139.195284014735));
#1757=CARTESIAN_POINT('Ctrl Pts',(-84.3149798357226,-156.131607353848,139.439347216755));
#1758=CARTESIAN_POINT('Ctrl Pts',(-83.3407777144912,-156.355735420477,139.674837176405));
#1759=CARTESIAN_POINT('Ctrl Pts',(-82.3665755932598,-156.579863487106,139.910327136054));
#1760=CARTESIAN_POINT('Ctrl Pts',(-81.3879091186545,-156.784809754869,140.137243853332));
#1761=CARTESIAN_POINT('Ctrl Pts',(-80.4055648966527,-156.971048598141,140.355671492966));
#1762=CARTESIAN_POINT('Ctrl Pts',(-79.423220674651,-157.157287441412,140.574099132599));
#1763=CARTESIAN_POINT('Ctrl Pts',(-78.4371987052528,-157.324818860193,140.784037694587));
#1764=CARTESIAN_POINT('Ctrl Pts',(-77.4483472975682,-157.473997258765,140.985575558906));
#1765=CARTESIAN_POINT('Ctrl Pts',(-76.4594958898836,-157.623175657338,141.187113423224));
#1766=CARTESIAN_POINT('Ctrl Pts',(-75.4678150439127,-157.754001035703,141.380250589873));
#1767=CARTESIAN_POINT('Ctrl Pts',(-74.4741924355744,-157.866744916255,141.565089809084));
#1768=CARTESIAN_POINT('Ctrl Pts',(-73.480569827236,-157.979488796807,141.749929028295));
#1769=CARTESIAN_POINT('Ctrl Pts',(-72.4850054565303,-158.074151179547,141.926470300069));
#1770=CARTESIAN_POINT('Ctrl Pts',(-71.4884234222912,-158.150941349686,142.094833753121));
#1771=CARTESIAN_POINT('Ctrl Pts',(-70.4918413880521,-158.227731519825,142.263197206173));
#1772=CARTESIAN_POINT('Ctrl Pts',(-69.4942416902797,-158.286649477362,142.423382840504));
#1773=CARTESIAN_POINT('Ctrl Pts',(-68.4965711459443,-158.327860185347,142.575533197736));
#1774=CARTESIAN_POINT('Ctrl Pts',(-68.2062203723534,-158.339853684615,142.619813320242));
#1775=CARTESIAN_POINT('Ctrl Pts',(-67.9158635982209,-158.350347420374,142.663412873169));
#1776=CARTESIAN_POINT('Ctrl Pts',(-67.625524483186,-158.359344605715,142.706336000118));
#1777=CARTESIAN_POINT('Ctrl Pts',(-115.775658613578,-127.905581274372,133.439081155711));
#1778=CARTESIAN_POINT('Ctrl Pts',(-115.973658538863,-127.716866840563,133.124131995748));
#1779=CARTESIAN_POINT('Ctrl Pts',(-116.532451417773,-127.173774668078,132.182159467329));
#1780=CARTESIAN_POINT('Ctrl Pts',(-117.265814825943,-126.417811351711,130.691347968508));
#1781=CARTESIAN_POINT('Ctrl Pts',(-117.882582420193,-125.730195313377,128.863364087498));
#1782=CARTESIAN_POINT('Ctrl Pts',(-118.182630248631,-125.373949632109,127.515482390897));
#1783=CARTESIAN_POINT('Ctrl Pts',(-118.338908090411,-125.167795993511,126.413583558555));
#1784=CARTESIAN_POINT('Ctrl Pts',(-118.395863427328,-125.063826754371,125.579805492607));
#1785=CARTESIAN_POINT('Ctrl Pts',(-118.399859903797,-125.007886523682,125.071702923169));
#1786=CARTESIAN_POINT('Ctrl Pts',(-118.4,-125.003943302269,125.035867615799));
#1787=CARTESIAN_POINT('Ctrl Pts',(-118.4,-125.,125.));
#1788=CARTESIAN_POINT('Origin',(-65.0000009685755,-158.000002354383,0.));
#1789=CARTESIAN_POINT('',(-62.3803632295922,-158.4,143.468774537314));
#1790=CARTESIAN_POINT('Ctrl Pts',(-63.3155957146028,-155.954206924633,151.130979729688));
#1791=CARTESIAN_POINT('Ctrl Pts',(-63.2869928175439,-155.97775711415,151.101223587819));
#1792=CARTESIAN_POINT('Ctrl Pts',(-63.2589073976117,-156.00188799035,151.070229554185));
#1793=CARTESIAN_POINT('Ctrl Pts',(-63.0246601382661,-156.211825937975,150.795870886839));
#1794=CARTESIAN_POINT('Ctrl Pts',(-62.8722591164787,-156.405757336648,150.510843586638));
#1795=CARTESIAN_POINT('Ctrl Pts',(-62.5837474150773,-156.863981478324,149.753836658328));
#1796=CARTESIAN_POINT('Ctrl Pts',(-62.4752830391903,-157.150209137153,149.204388784285));
#1797=CARTESIAN_POINT('Ctrl Pts',(-62.2894723093614,-157.971534882662,147.18860843388));
#1798=CARTESIAN_POINT('Ctrl Pts',(-62.380363229593,-158.4,145.453181330635));
#1799=CARTESIAN_POINT('Ctrl Pts',(-62.380363229593,-158.4,143.468774537314));
#1800=CARTESIAN_POINT('',(-62.380363229593,-158.4,115.));
#1801=CARTESIAN_POINT('',(-62.380363229593,-158.4,0.));
#1802=CARTESIAN_POINT('Origin',(-65.0000009685755,-158.000002354383,115.));
#1803=CARTESIAN_POINT('Origin',(-65.0000009685755,-158.000002354383,0.));
#1804=CARTESIAN_POINT('',(-67.6255243952342,-158.359344442186,115.));
#1805=CARTESIAN_POINT('Origin',(-65.0000009685755,-158.000002354383,115.));
#1806=CARTESIAN_POINT('Ctrl Pts',(-67.6255243952342,-158.359344442186,115.));
#1807=CARTESIAN_POINT('Ctrl Pts',(-67.6255243952342,-158.359344442186,119.679385823337));
#1808=CARTESIAN_POINT('Ctrl Pts',(-67.6255243952342,-158.359344442186,124.358771646674));
#1809=CARTESIAN_POINT('Ctrl Pts',(-67.6255243952342,-158.359344442186,133.594217058201));
#1810=CARTESIAN_POINT('Ctrl Pts',(-67.6255243952342,-158.359344442186,138.150276646392));
#1811=CARTESIAN_POINT('Ctrl Pts',(-67.6255243952342,-158.359344442186,142.706336234582));
#1812=CARTESIAN_POINT('Origin',(-40.,-125.,115.));
#1813=CARTESIAN_POINT('',(40.,-141.03429965518,115.));
#1814=CARTESIAN_POINT('',(40.,-108.96570034482,115.));
#1815=CARTESIAN_POINT('',(40.,-133.01714982759,115.));
#1816=CARTESIAN_POINT('',(8.88178419700125E-15,-160.,115.));
#1817=CARTESIAN_POINT('Origin',(0.,-125.,115.));
#1818=CARTESIAN_POINT('',(-65.,-160.,115.));
#1819=CARTESIAN_POINT('',(-52.5,-160.,115.));
#1820=CARTESIAN_POINT('',(-65.,-90.,115.));
#1821=CARTESIAN_POINT('Origin',(-65.,-125.,115.));
#1822=CARTESIAN_POINT('',(0.,-90.,115.));
#1823=CARTESIAN_POINT('',(-20.,-90.,115.));
#1824=CARTESIAN_POINT('Origin',(0.,-125.,115.));
#1825=CARTESIAN_POINT('',(-66.0500009685755,-92.0000013709068,115.));
#1826=CARTESIAN_POINT('Origin',(-65.0000009685755,-92.0000013709068,115.));
#1827=CARTESIAN_POINT('',(-21.0500002980232,-92.0000013709068,115.));
#1828=CARTESIAN_POINT('Origin',(-20.0000002980232,-92.0000013709068,115.));
#1829=CARTESIAN_POINT('',(-21.0500002980232,-158.000002354383,115.));
#1830=CARTESIAN_POINT('Origin',(-20.0000002980232,-158.000002354383,115.));
#1831=CARTESIAN_POINT('',(-66.0500009685755,-158.000002354383,115.));
#1832=CARTESIAN_POINT('Origin',(-65.0000009685755,-158.000002354383,115.));
#1833=CARTESIAN_POINT('',(-22.6196380370057,-158.4,115.));
#1834=CARTESIAN_POINT('',(-52.5,-158.4,115.));
#1835=CARTESIAN_POINT('',(-17.3803625590407,-158.4,115.));
#1836=CARTESIAN_POINT('Origin',(-20.0000002980232,-158.000002354383,115.));
#1837=CARTESIAN_POINT('',(8.88178419700125E-15,-158.4,115.));
#1838=CARTESIAN_POINT('',(-52.5,-158.4,115.));
#1839=CARTESIAN_POINT('',(38.4,-140.545770978803,115.));
#1840=CARTESIAN_POINT('Ctrl Pts',(7.03642999380733E-15,-158.4,115.));
#1841=CARTESIAN_POINT('Ctrl Pts',(6.76034708983905,-158.4,115.));
#1842=CARTESIAN_POINT('Ctrl Pts',(18.0171799384342,-156.324905002579,115.));
#1843=CARTESIAN_POINT('Ctrl Pts',(30.9387649217702,-149.160633735239,115.));
#1844=CARTESIAN_POINT('Ctrl Pts',(36.3261712240401,-143.57505792951,115.));
#1845=CARTESIAN_POINT('Ctrl Pts',(38.4,-140.545770978803,115.));
#1846=CARTESIAN_POINT('',(38.4,-109.454229021197,115.));
#1847=CARTESIAN_POINT('',(38.4,-133.01714982759,115.));
#1848=CARTESIAN_POINT('',(0.,-91.6,115.));
#1849=CARTESIAN_POINT('Ctrl Pts',(38.4,-109.454229021197,115.));
#1850=CARTESIAN_POINT('Ctrl Pts',(35.2892568360601,-104.910298595136,115.));
#1851=CARTESIAN_POINT('Ctrl Pts',(27.7546068973768,-98.2282274862524,115.));
#1852=CARTESIAN_POINT('Ctrl Pts',(13.5135068447659,-92.6955973256741,115.));
#1853=CARTESIAN_POINT('Ctrl Pts',(4.50689805989269,-91.6,115.));
#1854=CARTESIAN_POINT('Ctrl Pts',(-1.23949400994099E-14,-91.6,115.));
#1855=CARTESIAN_POINT('',(-17.3803631278654,-91.6,115.));
#1856=CARTESIAN_POINT('',(-20.,-91.6,115.));
#1857=CARTESIAN_POINT('',(-22.6196374681811,-91.6,115.));
#1858=CARTESIAN_POINT('Origin',(-20.0000002980232,-92.0000013709068,115.));
#1859=CARTESIAN_POINT('',(-62.3803637984176,-91.6,115.));
#1860=CARTESIAN_POINT('',(-20.,-91.6,115.));
#1861=CARTESIAN_POINT('Origin',(-65.0000009685755,-92.0000013709068,115.));
#1862=CARTESIAN_POINT('',(-67.6255238831982,-91.6406555419469,115.));
#1863=CARTESIAN_POINT('Origin',(-65.0000009685755,-92.0000013709068,115.));
#1864=CARTESIAN_POINT('Ctrl Pts',(-67.6255238831982,-91.6406555419469,115.));
#1865=CARTESIAN_POINT('Ctrl Pts',(-75.4414595806921,-91.8828559495972,115.));
#1866=CARTESIAN_POINT('Ctrl Pts',(-90.8882266185846,-94.5627142799302,115.));
#1867=CARTESIAN_POINT('Ctrl Pts',(-109.101383605118,-104.375339787969,115.));
#1868=CARTESIAN_POINT('Ctrl Pts',(-118.82396960507,-117.824681429649,115.));
#1869=CARTESIAN_POINT('Ctrl Pts',(-118.795672463891,-129.785580252019,115.));
#1870=CARTESIAN_POINT('Ctrl Pts',(-113.979632132155,-138.8967739437,115.));
#1871=CARTESIAN_POINT('Ctrl Pts',(-108.028153790014,-145.168359178152,115.));
#1872=CARTESIAN_POINT('Ctrl Pts',(-100.000916984548,-150.535516110902,115.));
#1873=CARTESIAN_POINT('Ctrl Pts',(-87.026607470238,-156.101247824032,115.));
#1874=CARTESIAN_POINT('Ctrl Pts',(-75.4414600889917,-158.117143987304,115.));
#1875=CARTESIAN_POINT('Ctrl Pts',(-67.6255243952342,-158.359344442186,115.));
#1876=CARTESIAN_POINT('Ctrl Pts',(-40.,-145.,158.4));
#1877=CARTESIAN_POINT('Ctrl Pts',(-48.0811026899391,-145.,158.4));
#1878=CARTESIAN_POINT('Ctrl Pts',(-56.1612985379905,-145.,157.874525126936));
#1879=CARTESIAN_POINT('Ctrl Pts',(-64.2453287787748,-145.,156.738360194009));
#1880=CARTESIAN_POINT('Ctrl Pts',(-40.,-147.004635312291,158.4));
#1881=CARTESIAN_POINT('Ctrl Pts',(-48.0811891556538,-147.004635312291,158.4));
#1882=CARTESIAN_POINT('Ctrl Pts',(-56.1612011020064,-147.004635312291,157.874538821014));
#1883=CARTESIAN_POINT('Ctrl Pts',(-64.2453287787748,-147.004635312291,156.738360194009));
#1884=CARTESIAN_POINT('Ctrl Pts',(-40.,-151.013264024133,157.484531000849));
#1885=CARTESIAN_POINT('Ctrl Pts',(-48.0403142720434,-151.013264024133,157.484531000849));
#1886=CARTESIAN_POINT('Ctrl Pts',(-56.0798501524167,-151.013264024133,156.961505951436));
#1887=CARTESIAN_POINT('Ctrl Pts',(-64.117916976927,-151.013264024133,155.831800917868));
#1888=CARTESIAN_POINT('Ctrl Pts',(-40.,-155.028111901975,154.279753846154));
#1889=CARTESIAN_POINT('Ctrl Pts',(-47.8974871808579,-155.028111901975,154.279753846154));
#1890=CARTESIAN_POINT('Ctrl Pts',(-55.7947685431477,-155.028111901975,153.765298655278));
#1891=CARTESIAN_POINT('Ctrl Pts',(-63.6718872018292,-155.028111901975,152.658213980193));
#1892=CARTESIAN_POINT('Ctrl Pts',(-40.,-157.710537062765,150.00771468336));
#1893=CARTESIAN_POINT('Ctrl Pts',(-47.7069309608287,-157.710537062765,150.00771468336));
#1894=CARTESIAN_POINT('Ctrl Pts',(-55.4149338316867,-157.710537062765,149.504657246204));
#1895=CARTESIAN_POINT('Ctrl Pts',(-63.0773196000854,-157.710537062765,148.427752069787));
#1896=CARTESIAN_POINT('Ctrl Pts',(-40.,-158.4,147.004635312291));
#1897=CARTESIAN_POINT('Ctrl Pts',(-47.5731549809105,-158.4,147.004635312291));
#1898=CARTESIAN_POINT('Ctrl Pts',(-55.1477243568846,-158.4,146.509618204622));
#1899=CARTESIAN_POINT('Ctrl Pts',(-62.6593614233315,-158.4,145.453899909469));
#1900=CARTESIAN_POINT('Ctrl Pts',(-40.,-158.4,145.));
#1901=CARTESIAN_POINT('Ctrl Pts',(-47.4836819519849,-158.4,145.));
#1902=CARTESIAN_POINT('Ctrl Pts',(-54.9695510121099,-158.4,144.510322467643));
#1903=CARTESIAN_POINT('Ctrl Pts',(-62.380363229593,-158.4,143.468774537314));
#1904=CARTESIAN_POINT('',(-40.,-145.,158.4));
#1905=CARTESIAN_POINT('Ctrl Pts',(-40.,-145.,158.4));
#1906=CARTESIAN_POINT('Ctrl Pts',(-40.438188227461,-145.,158.4));
#1907=CARTESIAN_POINT('Ctrl Pts',(-40.8763737886054,-145.,158.398454987086));
#1908=CARTESIAN_POINT('Ctrl Pts',(-41.3145574393284,-145.,158.395351375396));
#1909=CARTESIAN_POINT('',(-40.,-158.4,145.));
#1910=CARTESIAN_POINT('Origin',(-40.,-145.,145.));
#1911=CARTESIAN_POINT('Ctrl Pts',(-62.380363229593,-158.4,143.468774537314));
#1912=CARTESIAN_POINT('Ctrl Pts',(-54.9695510121099,-158.4,144.510322467643));
#1913=CARTESIAN_POINT('Ctrl Pts',(-47.4836819519849,-158.4,145.));
#1914=CARTESIAN_POINT('Ctrl Pts',(-40.,-158.4,145.));
#1915=CARTESIAN_POINT('Origin',(-65.0000009685755,-92.0000013709068,0.));
#1916=CARTESIAN_POINT('',(-62.3803637984176,-91.6,143.468774457368));
#1917=CARTESIAN_POINT('',(-62.3803637984176,-91.6,0.));
#1918=CARTESIAN_POINT('Ctrl Pts',(-62.3803637984176,-91.6,143.468774457368));
#1919=CARTESIAN_POINT('Ctrl Pts',(-62.3803637984176,-91.6,144.39189652402));
#1920=CARTESIAN_POINT('Ctrl Pts',(-62.3615758448557,-91.6928548668758,145.304135780896));
#1921=CARTESIAN_POINT('Ctrl Pts',(-62.3411415116007,-92.1243888147541,147.425234065565));
#1922=CARTESIAN_POINT('Ctrl Pts',(-62.3583159599765,-92.5196013816923,148.500681626888));
#1923=CARTESIAN_POINT('Ctrl Pts',(-62.6453061409879,-93.2557842159057,149.980769952167));
#1924=CARTESIAN_POINT('Ctrl Pts',(-62.8200449454596,-93.5470150723562,150.44660044158));
#1925=CARTESIAN_POINT('Ctrl Pts',(-63.1385018559145,-93.8897237234597,150.928683130088));
#1926=CARTESIAN_POINT('Ctrl Pts',(-63.2243589107767,-93.9706766789348,151.036069222501));
#1927=CARTESIAN_POINT('Ctrl Pts',(-63.3155914686685,-94.0457933047611,151.130980651265));
#1928=CARTESIAN_POINT('Ctrl Pts',(-40.,-143.330306711128,158.4));
#1929=CARTESIAN_POINT('Ctrl Pts',(-40.4382066320829,-143.330306711128,158.4));
#1930=CARTESIAN_POINT('Ctrl Pts',(-40.8764132636394,-143.330306711128,158.398410851046));
#1931=CARTESIAN_POINT('Ctrl Pts',(-41.3145583929003,-143.330306711128,158.395232785527));
#1932=CARTESIAN_POINT('Ctrl Pts',(-40.,-145.000000000018,158.4));
#1933=CARTESIAN_POINT('Ctrl Pts',(-40.4382066320829,-145.000000000018,158.4));
#1934=CARTESIAN_POINT('Ctrl Pts',(-40.8764132636394,-145.000000000018,158.398410851046));
#1935=CARTESIAN_POINT('Ctrl Pts',(-41.3145583929003,-145.000000000018,158.395232785527));
#1936=CARTESIAN_POINT('',(-40.,0.,158.4));
#1937=CARTESIAN_POINT('Ctrl Pts',(-40.,-104.999999999982,158.4));
#1938=CARTESIAN_POINT('Ctrl Pts',(-40.4382066320829,-104.999999999982,158.4));
#1939=CARTESIAN_POINT('Ctrl Pts',(-40.8764132636394,-104.999999999982,158.398410851046));
#1940=CARTESIAN_POINT('Ctrl Pts',(-41.3145583929003,-104.999999999982,158.395232785527));
#1941=CARTESIAN_POINT('Ctrl Pts',(-40.,-106.669693288872,158.4));
#1942=CARTESIAN_POINT('Ctrl Pts',(-40.4382066320829,-106.669693288872,158.4));
#1943=CARTESIAN_POINT('Ctrl Pts',(-40.8764132636394,-106.669693288872,158.398410851046));
#1944=CARTESIAN_POINT('Ctrl Pts',(-41.3145583929003,-106.669693288872,158.395232785527));
#1945=CARTESIAN_POINT('',(-40.,-105.,158.4));
#1946=CARTESIAN_POINT('Ctrl Pts',(-41.3145583928793,-105.,158.395232785527));
#1947=CARTESIAN_POINT('Ctrl Pts',(-40.8764132636254,-105.,158.398410851046));
#1948=CARTESIAN_POINT('Ctrl Pts',(-40.4382066320759,-105.,158.4));
#1949=CARTESIAN_POINT('Ctrl Pts',(-40.,-105.,158.4));
#1950=CARTESIAN_POINT('',(-40.,0.,158.4));
#1951=CARTESIAN_POINT('Ctrl Pts',(-120.,-125.,125.));
#1952=CARTESIAN_POINT('Ctrl Pts',(-120.,-124.996056697732,125.040052716128));
#1953=CARTESIAN_POINT('Ctrl Pts',(-119.999842143296,-124.992113518812,125.080100562001));
#1954=CARTESIAN_POINT('Ctrl Pts',(-119.99745143973,-124.961952232423,125.385670130879));
#1955=CARTESIAN_POINT('Ctrl Pts',(-119.978878670074,-124.909524604296,125.901304168383));
#1956=CARTESIAN_POINT('Ctrl Pts',(-119.909109780917,-124.804912634612,126.741888954074));
#1957=CARTESIAN_POINT('Ctrl Pts',(-119.754895773476,-124.623044314821,127.8308812516));
#1958=CARTESIAN_POINT('Ctrl Pts',(-119.418946762609,-124.263838554734,129.321727829141));
#1959=CARTESIAN_POINT('Ctrl Pts',(-118.73284783615,-123.570581951577,131.34873277974));
#1960=CARTESIAN_POINT('Ctrl Pts',(-117.354986679103,-122.268219171182,134.116745389243));
#1961=CARTESIAN_POINT('Ctrl Pts',(-115.38890222329,-120.582407619456,136.833575898495));
#1962=CARTESIAN_POINT('Ctrl Pts',(-112.977369117538,-118.727879518147,139.420096352965));
#1963=CARTESIAN_POINT('Ctrl Pts',(-110.55472268285,-117.051736449814,141.546985776192));
#1964=CARTESIAN_POINT('Ctrl Pts',(-108.09156166793,-115.512519542513,143.412327518247));
#1965=CARTESIAN_POINT('Ctrl Pts',(-105.574538552819,-114.093267455763,145.079378435833));
#1966=CARTESIAN_POINT('Ctrl Pts',(-103.016591856044,-112.793153420794,146.587520462607));
#1967=CARTESIAN_POINT('Ctrl Pts',(-100.433908301767,-111.611317652732,147.95500962686));
#1968=CARTESIAN_POINT('Ctrl Pts',(-97.8093709570581,-110.532972004784,149.212997924454));
#1969=CARTESIAN_POINT('Ctrl Pts',(-95.1503505238131,-109.557039103244,150.371037362434));
#1970=CARTESIAN_POINT('Ctrl Pts',(-92.4678175040231,-108.682525166145,151.436651959184));
#1971=CARTESIAN_POINT('Ctrl Pts',(-89.7545275272787,-107.903319828131,152.421621479576));
#1972=CARTESIAN_POINT('Ctrl Pts',(-87.008952386269,-107.216825364963,153.333090540643));
#1973=CARTESIAN_POINT('Ctrl Pts',(-84.2376666586989,-106.623028718145,154.174205714521));
#1974=CARTESIAN_POINT('Ctrl Pts',(-81.4445158973501,-106.121218299143,154.948552447469));
#1975=CARTESIAN_POINT('Ctrl Pts',(-78.6352960131404,-105.711263533585,155.658596081985));
#1976=CARTESIAN_POINT('Ctrl Pts',(-75.8155429686041,-105.392896432701,156.306685589338));
#1977=CARTESIAN_POINT('Ctrl Pts',(-72.9914554009617,-105.165930786656,156.894815632625));
#1978=CARTESIAN_POINT('Ctrl Pts',(-70.1693822732608,-105.030076434773,157.424903216057));
#1979=CARTESIAN_POINT('Ctrl Pts',(-68.2937742430288,-104.999999999998,157.740825820268));
#1980=CARTESIAN_POINT('Ctrl Pts',(-67.3585439919213,-105.,157.889730151809));
#1981=CARTESIAN_POINT('Ctrl Pts',(-120.,-125.,125.));
#1982=CARTESIAN_POINT('Ctrl Pts',(-119.999999266297,-124.995281588612,125.036307739291));
#1983=CARTESIAN_POINT('Ctrl Pts',(-119.999872675313,-124.99056513864,125.072639890021));
#1984=CARTESIAN_POINT('Ctrl Pts',(-119.997916315667,-124.95447259639,125.349583648357));
#1985=CARTESIAN_POINT('Ctrl Pts',(-119.982806260323,-124.891758475083,125.817311941288));
#1986=CARTESIAN_POINT('Ctrl Pts',(-119.925973694169,-124.766532603006,126.580502203423));
#1987=CARTESIAN_POINT('Ctrl Pts',(-119.799884732765,-124.548788989886,127.572299040126));
#1988=CARTESIAN_POINT('Ctrl Pts',(-119.522742742064,-124.118461454587,128.939176911802));
#1989=CARTESIAN_POINT('Ctrl Pts',(-118.946962788854,-123.288680048469,130.821812841708));
#1990=CARTESIAN_POINT('Ctrl Pts',(-117.752218471268,-121.74279327645,133.456969187528));
#1991=CARTESIAN_POINT('Ctrl Pts',(-115.960440831486,-119.789527032045,136.13614965024));
#1992=CARTESIAN_POINT('Ctrl Pts',(-113.673664919309,-117.689680672201,138.746289733181));
#1993=CARTESIAN_POINT('Ctrl Pts',(-111.319167388095,-115.820344269613,140.92525702221));
#1994=CARTESIAN_POINT('Ctrl Pts',(-108.887471874789,-114.121833277006,142.85060758422));
#1995=CARTESIAN_POINT('Ctrl Pts',(-106.375753995523,-112.567943136761,144.580308453202));
#1996=CARTESIAN_POINT('Ctrl Pts',(-103.804073752933,-111.153181594703,146.148938562509));
#1997=CARTESIAN_POINT('Ctrl Pts',(-101.193763659818,-109.873098122751,147.573415495405));
#1998=CARTESIAN_POINT('Ctrl Pts',(-98.5310228349665,-108.709484156264,148.884342107181));
#1999=CARTESIAN_POINT('Ctrl Pts',(-95.8256279084745,-107.659408425002,150.091092942532));
#2000=CARTESIAN_POINT('Ctrl Pts',(-93.0905656253863,-106.720549870374,151.200983721389));
#2001=CARTESIAN_POINT('Ctrl Pts',(-90.3196857499325,-105.885299223676,152.226167438787));
#2002=CARTESIAN_POINT('Ctrl Pts',(-87.5123284624286,-105.15009631311,153.173981333416));
#2003=CARTESIAN_POINT('Ctrl Pts',(-84.6758598206953,-104.514285689621,154.047716503461));
#2004=CARTESIAN_POINT('Ctrl Pts',(-81.8146799467931,-103.976581106531,154.851142969206));
#2005=CARTESIAN_POINT('Ctrl Pts',(-78.9350492497862,-103.53642396306,155.586889755075));
#2006=CARTESIAN_POINT('Ctrl Pts',(-76.0428501859566,-103.193187689126,156.257470945702));
#2007=CARTESIAN_POINT('Ctrl Pts',(-73.1445596199777,-102.946412615736,156.865031114537));
#2008=CARTESIAN_POINT('Ctrl Pts',(-70.2467355512618,-102.795593054942,157.411628998699));
#2009=CARTESIAN_POINT('Ctrl Pts',(-68.319700602054,-102.758666528925,157.736697824194));
#2010=CARTESIAN_POINT('Ctrl Pts',(-67.3585439919164,-102.756005247435,157.88973015181));
#2011=CARTESIAN_POINT('Ctrl Pts',(-120.,-125.,125.));
#2012=CARTESIAN_POINT('Ctrl Pts',(-120.000002066828,-124.993731761945,125.028847672009));
#2013=CARTESIAN_POINT('Ctrl Pts',(-119.999918855195,-124.98746783098,125.057674458689));
#2014=CARTESIAN_POINT('Ctrl Pts',(-119.998756704638,-124.939517584322,125.277799387222));
#2015=CARTESIAN_POINT('Ctrl Pts',(-119.989473404459,-124.856221838526,125.649212754213));
#2016=CARTESIAN_POINT('Ctrl Pts',(-119.954708674489,-124.689777266646,126.257600758885));
#2017=CARTESIAN_POINT('Ctrl Pts',(-119.875985981052,-124.400293346483,127.052811572718));
#2018=CARTESIAN_POINT('Ctrl Pts',(-119.69791560186,-123.827604063093,128.165415256257));
#2019=CARTESIAN_POINT('Ctrl Pts',(-119.303604131898,-122.72509838292,129.740881914402));
#2020=CARTESIAN_POINT('Ctrl Pts',(-118.40305933778,-120.691829827918,132.054057296401));
#2021=CARTESIAN_POINT('Ctrl Pts',(-116.880590791599,-118.203807793414,134.564234454368));
#2022=CARTESIAN_POINT('Ctrl Pts',(-114.784428882702,-115.613179031078,137.110692106925));
#2023=CARTESIAN_POINT('Ctrl Pts',(-112.530840562133,-113.35767914263,139.29543839469));
#2024=CARTESIAN_POINT('Ctrl Pts',(-110.142867275417,-111.340502851797,141.253618382233));
#2025=CARTESIAN_POINT('Ctrl Pts',(-107.633279615402,-109.517506332992,143.03161526722));
#2026=CARTESIAN_POINT('Ctrl Pts',(-105.033226141584,-107.87341966518,144.653943793229));
#2027=CARTESIAN_POINT('Ctrl Pts',(-102.372094360074,-106.396965357682,146.133565674408));
#2028=CARTESIAN_POINT('Ctrl Pts',(-99.6411040450044,-105.062821364426,147.498624904364));
#2029=CARTESIAN_POINT('Ctrl Pts',(-96.853898503115,-103.864542349387,148.757223200961));
#2030=CARTESIAN_POINT('Ctrl Pts',(-94.0266086374827,-102.797020449571,149.915640950924));
#2031=CARTESIAN_POINT('Ctrl Pts',(-91.1548396394284,-101.849729156319,150.985899956583));
#2032=CARTESIAN_POINT('Ctrl Pts',(-88.2392729033797,-101.017150915728,151.975175812983));
#2033=CARTESIAN_POINT('Ctrl Pts',(-85.2885511354141,-100.297349318776,152.886628811912));
#2034=CARTESIAN_POINT('Ctrl Pts',(-82.3079602222762,-99.6878921077123,153.724034131286));
#2035=CARTESIAN_POINT('Ctrl Pts',(-79.3045018339076,-99.1873601261184,154.490041631302));
#2036=CARTESIAN_POINT('Ctrl Pts',(-76.2846109988071,-98.7944132808981,155.18723548607));
#2037=CARTESIAN_POINT('Ctrl Pts',(-73.2552010477889,-98.5080420613808,155.817836428315));
#2038=CARTESIAN_POINT('Ctrl Pts',(-70.2231529909702,-98.327312208053,156.383995708454));
#2039=CARTESIAN_POINT('Ctrl Pts',(-68.2047224089337,-98.2766950421207,156.719847100635));
#2040=CARTESIAN_POINT('Ctrl Pts',(-67.1974154300286,-98.2687163781308,156.877722617676));
#2041=CARTESIAN_POINT('Ctrl Pts',(-120.,-125.,125.));
#2042=CARTESIAN_POINT('Ctrl Pts',(-120.000002740931,-124.991794628572,125.019507226435));
#2043=CARTESIAN_POINT('Ctrl Pts',(-119.999958644282,-124.983595982549,125.038990220315));
#2044=CARTESIAN_POINT('Ctrl Pts',(-119.999420943405,-124.920825698995,125.187869004455));
#2045=CARTESIAN_POINT('Ctrl Pts',(-119.994912676015,-124.811801154825,125.439097771463));
#2046=CARTESIAN_POINT('Ctrl Pts',(-119.977881458528,-124.593918206119,125.852909379654));
#2047=CARTESIAN_POINT('Ctrl Pts',(-119.936840006043,-124.215067806548,126.399632057597));
#2048=CARTESIAN_POINT('Ctrl Pts',(-119.834069057923,-123.46614419896,127.183334199681));
#2049=CARTESIAN_POINT('Ctrl Pts',(-119.566332040041,-122.029487000191,128.340605135445));
#2050=CARTESIAN_POINT('Ctrl Pts',(-118.832695164498,-119.415706183762,130.151121805992));
#2051=CARTESIAN_POINT('Ctrl Pts',(-117.411649793468,-116.327280171133,132.266928069936));
#2052=CARTESIAN_POINT('Ctrl Pts',(-115.358319226081,-113.220205431418,134.509955525793));
#2053=CARTESIAN_POINT('Ctrl Pts',(-113.103763047397,-110.57987538206,136.492904090076));
#2054=CARTESIAN_POINT('Ctrl Pts',(-110.692059257398,-108.25896586081,138.301323049671));
#2055=CARTESIAN_POINT('Ctrl Pts',(-108.142627013801,-106.189007217006,139.966088647885));
#2056=CARTESIAN_POINT('Ctrl Pts',(-105.492216937618,-104.341168811152,141.499577568208));
#2057=CARTESIAN_POINT('Ctrl Pts',(-102.773305248904,-102.694970049279,142.908807996882));
#2058=CARTESIAN_POINT('Ctrl Pts',(-99.9787353213078,-101.216946376462,144.216391218445));
#2059=CARTESIAN_POINT('Ctrl Pts',(-97.1234405364206,-99.8962762872793,145.427681401687));
#2060=CARTESIAN_POINT('Ctrl Pts',(-94.2246714274786,-98.7245529829199,146.546726442886));
#2061=CARTESIAN_POINT('Ctrl Pts',(-91.2783206377346,-97.688143426343,147.58381230651));
#2062=CARTESIAN_POINT('Ctrl Pts',(-88.2853121956231,-96.7794492248208,148.544871884739));
#2063=CARTESIAN_POINT('Ctrl Pts',(-85.2546018060621,-95.9951342168462,149.43221724096));
#2064=CARTESIAN_POINT('Ctrl Pts',(-82.1916038999988,-95.3315781269365,150.248921416131));
#2065=CARTESIAN_POINT('Ctrl Pts',(-79.103415847001,-94.7864816687235,150.997100229972));
#2066=CARTESIAN_POINT('Ctrl Pts',(-75.9964866432218,-94.3577986018941,151.678903184262));
#2067=CARTESIAN_POINT('Ctrl Pts',(-72.8777010854187,-94.0439914192817,152.296203704844));
#2068=CARTESIAN_POINT('Ctrl Pts',(-69.7538598809803,-93.843730338608,152.850868191357));
#2069=CARTESIAN_POINT('Ctrl Pts',(-67.6725409623952,-93.7851824730082,153.180104136923));
#2070=CARTESIAN_POINT('Ctrl Pts',(-66.6333389195698,-93.7744840650254,153.334901458287));
#2071=CARTESIAN_POINT('Ctrl Pts',(-120.,-125.,125.));
#2072=CARTESIAN_POINT('Ctrl Pts',(-120.000000215048,-124.98985846992,125.010152223027));
#2073=CARTESIAN_POINT('Ctrl Pts',(-119.999986502811,-124.979722756794,125.020327369975));
#2074=CARTESIAN_POINT('Ctrl Pts',(-119.999783936545,-124.902144824883,125.09774997823));
#2075=CARTESIAN_POINT('Ctrl Pts',(-119.998204210683,-124.76736759552,125.229016818191));
#2076=CARTESIAN_POINT('Ctrl Pts',(-119.991451426699,-124.498205734264,125.447639747613));
#2077=CARTESIAN_POINT('Ctrl Pts',(-119.971950922949,-124.030403722544,125.744787087674));
#2078=CARTESIAN_POINT('Ctrl Pts',(-119.907477388417,-123.107865252128,126.194578698776));
#2079=CARTESIAN_POINT('Ctrl Pts',(-119.689389228821,-121.347077244349,126.918087766931));
#2080=CARTESIAN_POINT('Ctrl Pts',(-118.964899108696,-118.195262724823,128.180176575385));
#2081=CARTESIAN_POINT('Ctrl Pts',(-117.457218589435,-114.604877928875,129.815021694193));
#2082=CARTESIAN_POINT('Ctrl Pts',(-115.288742647923,-111.118394721852,131.645705528027));
#2083=CARTESIAN_POINT('Ctrl Pts',(-112.930360871086,-108.228834020745,133.322545570101));
#2084=CARTESIAN_POINT('Ctrl Pts',(-110.431968010807,-105.733196768263,134.884139091894));
#2085=CARTESIAN_POINT('Ctrl Pts',(-107.809528009291,-103.536742212305,136.345864254208));
#2086=CARTESIAN_POINT('Ctrl Pts',(-105.098843693457,-101.595555275096,137.708685042817));
#2087=CARTESIAN_POINT('Ctrl Pts',(-102.329747469854,-99.8795981773031,138.973533702895));
#2088=CARTESIAN_POINT('Ctrl Pts',(-99.4929344959096,-98.3484120758468,140.15650993274));
#2089=CARTESIAN_POINT('Ctrl Pts',(-96.6016844931187,-96.9871375055749,141.259798888045));
#2090=CARTESIAN_POINT('Ctrl Pts',(-93.6720137269237,-95.7844235145446,142.284913900043));
#2091=CARTESIAN_POINT('Ctrl Pts',(-90.6985218730124,-94.7244096283899,143.23967584212));
#2092=CARTESIAN_POINT('Ctrl Pts',(-87.6811806417251,-93.7979783963262,144.128315845232));
#2093=CARTESIAN_POINT('Ctrl Pts',(-84.6281728263473,-93.000739762338,144.952010030505));
#2094=CARTESIAN_POINT('Ctrl Pts',(-81.5442206263447,-92.3282688325897,145.712803305759));
#2095=CARTESIAN_POINT('Ctrl Pts',(-78.4358139069837,-91.7776873361871,146.412024831303));
#2096=CARTESIAN_POINT('Ctrl Pts',(-75.3088479157674,-91.3465243494891,147.051141374641));
#2097=CARTESIAN_POINT('Ctrl Pts',(-72.1696967256449,-91.032948510154,147.631468958497));
#2098=CARTESIAN_POINT('Ctrl Pts',(-69.0246782820924,-90.8354389780477,148.154392600792));
#2099=CARTESIAN_POINT('Ctrl Pts',(-66.928390233833,-90.7803384901019,148.465685175118));
#2100=CARTESIAN_POINT('Ctrl Pts',(-65.8814145392674,-90.7717631665463,148.612255584141));
#2101=CARTESIAN_POINT('Ctrl Pts',(-120.,-125.,125.));
#2102=CARTESIAN_POINT('Ctrl Pts',(-120.000002248362,-124.988697234028,125.00456355617));
#2103=CARTESIAN_POINT('Ctrl Pts',(-119.999988279908,-124.977398177478,125.009093819813));
#2104=CARTESIAN_POINT('Ctrl Pts',(-119.999884918685,-124.890941566476,125.043993966851));
#2105=CARTESIAN_POINT('Ctrl Pts',(-119.998836787814,-124.740705969695,125.102877083871));
#2106=CARTESIAN_POINT('Ctrl Pts',(-119.993943484335,-124.440874017412,125.204624127238));
#2107=CARTESIAN_POINT('Ctrl Pts',(-119.977297067366,-123.920078983369,125.351034098605));
#2108=CARTESIAN_POINT('Ctrl Pts',(-119.914073646855,-122.895112343341,125.598420933222));
#2109=CARTESIAN_POINT('Ctrl Pts',(-119.678405751408,-120.94782456552,126.055666130719));
#2110=CARTESIAN_POINT('Ctrl Pts',(-118.865430563257,-117.5041925366,126.968951916873));
#2111=CARTESIAN_POINT('Ctrl Pts',(-117.19255265412,-113.684982830823,128.281292540079));
#2112=CARTESIAN_POINT('Ctrl Pts',(-114.862998316755,-110.069126633115,129.820049007094));
#2113=CARTESIAN_POINT('Ctrl Pts',(-112.383233784848,-107.126438468296,131.271066440318));
#2114=CARTESIAN_POINT('Ctrl Pts',(-109.798276521764,-104.616253019954,132.64474056099));
#2115=CARTESIAN_POINT('Ctrl Pts',(-107.11532671726,-102.427610367639,133.947665854976));
#2116=CARTESIAN_POINT('Ctrl Pts',(-104.365451639516,-100.506310104477,135.174308577723));
#2117=CARTESIAN_POINT('Ctrl Pts',(-101.573554810539,-98.816845304634,136.321888379453));
#2118=CARTESIAN_POINT('Ctrl Pts',(-98.72662099801,-97.3152987037347,137.402239426651));
#2119=CARTESIAN_POINT('Ctrl Pts',(-95.8352982011043,-95.9848820189492,138.415499730037));
#2120=CARTESIAN_POINT('Ctrl Pts',(-92.9133779103244,-94.812725211981,139.361535114782));
#2121=CARTESIAN_POINT('Ctrl Pts',(-89.953830049073,-93.7823560773959,140.246403693999));
#2122=CARTESIAN_POINT('Ctrl Pts',(-86.9553388885239,-92.8841598451373,141.073142507315));
#2123=CARTESIAN_POINT('Ctrl Pts',(-83.9250082027554,-92.1133966333587,141.84211716862));
#2124=CARTESIAN_POINT('Ctrl Pts',(-80.8666786271812,-91.4654540919987,142.554638933345));
#2125=CARTESIAN_POINT('Ctrl Pts',(-77.7860803022058,-90.9373347669723,143.211454805785));
#2126=CARTESIAN_POINT('Ctrl Pts',(-74.6884627144652,-90.5265258480476,143.813528082243));
#2127=CARTESIAN_POINT('Ctrl Pts',(-71.5796288063972,-90.2311916624813,144.361751589018));
#2128=CARTESIAN_POINT('Ctrl Pts',(-68.4653904130391,-90.0498478722074,144.85714439096));
#2129=CARTESIAN_POINT('Ctrl Pts',(-66.3896234254001,-90.0041799668988,145.152920877681));
#2130=CARTESIAN_POINT('Ctrl Pts',(-65.352837355933,-89.9999999999992,145.292396673526));
#2131=CARTESIAN_POINT('Ctrl Pts',(-120.,-125.,125.));
#2132=CARTESIAN_POINT('Ctrl Pts',(-120.,-124.987923656049,125.000817398381));
#2133=CARTESIAN_POINT('Ctrl Pts',(-119.999990197073,-124.975847637322,125.001634789855));
#2134=CARTESIAN_POINT('Ctrl Pts',(-119.999839683042,-124.883479236343,125.00789240123));
#2135=CARTESIAN_POINT('Ctrl Pts',(-119.99871206893,-124.722922011606,125.018854037837));
#2136=CARTESIAN_POINT('Ctrl Pts',(-119.992985787856,-124.40272730531,125.04235931389));
#2137=CARTESIAN_POINT('Ctrl Pts',(-119.974113730934,-123.846768702727,125.088651402166));
#2138=CARTESIAN_POINT('Ctrl Pts',(-119.901534641726,-122.754821104999,125.201142900133));
#2139=CARTESIAN_POINT('Ctrl Pts',(-119.633985873629,-120.687596234637,125.480710855932));
#2140=CARTESIAN_POINT('Ctrl Pts',(-118.719646016671,-117.068747092554,126.162371963946));
#2141=CARTESIAN_POINT('Ctrl Pts',(-116.890389868495,-113.138986216637,127.258916062584));
#2142=CARTESIAN_POINT('Ctrl Pts',(-114.418089998024,-109.491900502025,128.603063771672));
#2143=CARTESIAN_POINT('Ctrl Pts',(-111.837724984219,-106.56526714099,129.903021734082));
#2144=CARTESIAN_POINT('Ctrl Pts',(-109.185501149972,-104.09237994487,131.151199018352));
#2145=CARTESIAN_POINT('Ctrl Pts',(-106.459823133483,-101.951106597211,132.348035340154));
#2146=CARTESIAN_POINT('Ctrl Pts',(-103.686700941507,-100.080517240281,133.483659776952));
#2147=CARTESIAN_POINT('Ctrl Pts',(-100.886111023236,-98.4416302495401,134.552854249589));
#2148=CARTESIAN_POINT('Ctrl Pts',(-98.0417348521311,-96.9890047831757,135.56458970443));
#2149=CARTESIAN_POINT('Ctrl Pts',(-95.1616939883766,-95.7048473708954,136.517639805723));
#2150=CARTESIAN_POINT('Ctrl Pts',(-92.2578048692423,-94.5756214043059,137.410781467233));
#2151=CARTESIAN_POINT('Ctrl Pts',(-89.3216056010764,-93.5848389360098,138.248894291726));
#2152=CARTESIAN_POINT('Ctrl Pts',(-86.350707310462,-92.7228468012966,139.034212284784));
#2153=CARTESIAN_POINT('Ctrl Pts',(-83.351280094894,-91.9848634504702,139.766572045669));
#2154=CARTESIAN_POINT('Ctrl Pts',(-80.3264355148208,-91.3663352158738,140.446786741679));
#2155=CARTESIAN_POINT('Ctrl Pts',(-77.2812797405767,-90.8643308537433,141.075221329543));
#2156=CARTESIAN_POINT('Ctrl Pts',(-74.220545262293,-90.4764345515556,141.652499286597));
#2157=CARTESIAN_POINT('Ctrl Pts',(-71.1495864025509,-90.2009104147879,142.179233620905));
#2158=CARTESIAN_POINT('Ctrl Pts',(-68.0738264569008,-90.0363821978607,142.656197398718));
#2159=CARTESIAN_POINT('Ctrl Pts',(-66.0238833224113,-89.9999999999977,142.941588174337));
#2160=CARTESIAN_POINT('Ctrl Pts',(-64.9999999998045,-90.,143.076314940002));
#2161=CARTESIAN_POINT('',(-64.9999999998586,-90.,143.076314940021));
#2162=CARTESIAN_POINT('Origin',(-64.9999999997171,-105.,143.076314940021));
#2163=CARTESIAN_POINT('',(-120.,-125.,125.));
#2164=CARTESIAN_POINT('Ctrl Pts',(-64.9999999998045,-90.,143.076314940002));
#2165=CARTESIAN_POINT('Ctrl Pts',(-66.0238833224113,-89.9999999999977,142.941588174337));
#2166=CARTESIAN_POINT('Ctrl Pts',(-68.0738264569008,-90.0363821978607,142.656197398718));
#2167=CARTESIAN_POINT('Ctrl Pts',(-71.1495864025509,-90.2009104147879,142.179233620905));
#2168=CARTESIAN_POINT('Ctrl Pts',(-74.220545262293,-90.4764345515556,141.652499286597));
#2169=CARTESIAN_POINT('Ctrl Pts',(-77.2812797405767,-90.8643308537433,141.075221329543));
#2170=CARTESIAN_POINT('Ctrl Pts',(-80.3264355148208,-91.3663352158738,140.446786741679));
#2171=CARTESIAN_POINT('Ctrl Pts',(-83.351280094894,-91.9848634504702,139.766572045669));
#2172=CARTESIAN_POINT('Ctrl Pts',(-86.350707310462,-92.7228468012966,139.034212284784));
#2173=CARTESIAN_POINT('Ctrl Pts',(-89.3216056010764,-93.5848389360098,138.248894291726));
#2174=CARTESIAN_POINT('Ctrl Pts',(-92.2578048692423,-94.5756214043059,137.410781467233));
#2175=CARTESIAN_POINT('Ctrl Pts',(-95.1616939883766,-95.7048473708954,136.517639805723));
#2176=CARTESIAN_POINT('Ctrl Pts',(-98.0417348521311,-96.9890047831757,135.56458970443));
#2177=CARTESIAN_POINT('Ctrl Pts',(-100.886111023236,-98.4416302495401,134.552854249589));
#2178=CARTESIAN_POINT('Ctrl Pts',(-103.686700941507,-100.080517240281,133.483659776952));
#2179=CARTESIAN_POINT('Ctrl Pts',(-106.459823133483,-101.951106597211,132.348035340154));
#2180=CARTESIAN_POINT('Ctrl Pts',(-109.185501149972,-104.09237994487,131.151199018352));
#2181=CARTESIAN_POINT('Ctrl Pts',(-111.837724984219,-106.56526714099,129.903021734082));
#2182=CARTESIAN_POINT('Ctrl Pts',(-114.418089998024,-109.491900502025,128.603063771672));
#2183=CARTESIAN_POINT('Ctrl Pts',(-116.890389868495,-113.138986216637,127.258916062584));
#2184=CARTESIAN_POINT('Ctrl Pts',(-118.719646016671,-117.068747092554,126.162371963946));
#2185=CARTESIAN_POINT('Ctrl Pts',(-119.633985873629,-120.687596234637,125.480710855932));
#2186=CARTESIAN_POINT('Ctrl Pts',(-119.901534641726,-122.754821104999,125.201142900133));
#2187=CARTESIAN_POINT('Ctrl Pts',(-119.974113730934,-123.846768702727,125.088651402166));
#2188=CARTESIAN_POINT('Ctrl Pts',(-119.992985787856,-124.40272730531,125.04235931389));
#2189=CARTESIAN_POINT('Ctrl Pts',(-119.99871206893,-124.722922011606,125.018854037837));
#2190=CARTESIAN_POINT('Ctrl Pts',(-119.999839683042,-124.883479236343,125.00789240123));
#2191=CARTESIAN_POINT('Ctrl Pts',(-119.999990197073,-124.975847637322,125.001634789855));
#2192=CARTESIAN_POINT('Ctrl Pts',(-120.,-124.987923656049,125.000817398381));
#2193=CARTESIAN_POINT('Ctrl Pts',(-120.,-125.,125.));
#2194=CARTESIAN_POINT('Ctrl Pts',(-120.,-125.,125.));
#2195=CARTESIAN_POINT('Ctrl Pts',(-120.,-124.996056697732,125.040052716128));
#2196=CARTESIAN_POINT('Ctrl Pts',(-119.999842143296,-124.992113518812,125.080100562001));
#2197=CARTESIAN_POINT('Ctrl Pts',(-119.99745143973,-124.961952232423,125.385670130879));
#2198=CARTESIAN_POINT('Ctrl Pts',(-119.978878670074,-124.909524604296,125.901304168383));
#2199=CARTESIAN_POINT('Ctrl Pts',(-119.909109780917,-124.804912634612,126.741888954074));
#2200=CARTESIAN_POINT('Ctrl Pts',(-119.754895773476,-124.623044314821,127.8308812516));
#2201=CARTESIAN_POINT('Ctrl Pts',(-119.418946762609,-124.263838554734,129.321727829141));
#2202=CARTESIAN_POINT('Ctrl Pts',(-118.73284783615,-123.570581951577,131.34873277974));
#2203=CARTESIAN_POINT('Ctrl Pts',(-117.398216879787,-122.30908062088,134.029899381579));
#2204=CARTESIAN_POINT('Ctrl Pts',(-116.261697719403,-121.330921630551,135.626512628418));
#2205=CARTESIAN_POINT('Ctrl Pts',(-115.511093470867,-120.717187952139,136.559735109525));
#2206=CARTESIAN_POINT('Ctrl Pts',(-67.3585439917872,-105.,157.889730151831));
#2207=CARTESIAN_POINT('Ctrl Pts',(-58.2264745830885,-105.,159.343708665974));
#2208=CARTESIAN_POINT('Ctrl Pts',(-49.1143126546602,-105.,160.));
#2209=CARTESIAN_POINT('Ctrl Pts',(-40.,-105.,160.));
#2210=CARTESIAN_POINT('Ctrl Pts',(-67.3585439917872,-102.756005247436,157.889730151831));
#2211=CARTESIAN_POINT('Ctrl Pts',(-58.2263708927853,-102.756005247436,159.343725175208));
#2212=CARTESIAN_POINT('Ctrl Pts',(-49.1144018162596,-102.756005247436,160.));
#2213=CARTESIAN_POINT('Ctrl Pts',(-40.,-102.756005247436,160.));
#2214=CARTESIAN_POINT('Ctrl Pts',(-67.1974726586728,-98.2684355482728,156.878082057004));
#2215=CARTESIAN_POINT('Ctrl Pts',(-58.1247390883573,-98.2684355482728,158.322613311137));
#2216=CARTESIAN_POINT('Ctrl Pts',(-49.0632907357017,-98.2684355482728,158.975609526538));
#2217=CARTESIAN_POINT('Ctrl Pts',(-40.,-98.2684355482728,158.975609526538));
#2218=CARTESIAN_POINT('Ctrl Pts',(-66.6334130725699,-93.7738935467225,153.335367195107));
#2219=CARTESIAN_POINT('Ctrl Pts',(-57.7685767764263,-93.7738935467225,154.746797718588));
#2220=CARTESIAN_POINT('Ctrl Pts',(-48.8845232628972,-93.7738935467225,155.388271821585));
#2221=CARTESIAN_POINT('Ctrl Pts',(-40.,-93.7738935467225,155.388271821585));
#2222=CARTESIAN_POINT('Ctrl Pts',(-65.8815069406556,-90.7706369660219,148.612835934379));
#2223=CARTESIAN_POINT('Ctrl Pts',(-57.2939959592215,-90.7706369660219,149.980111619459));
#2224=CARTESIAN_POINT('Ctrl Pts',(-48.6460557512246,-90.7706369660219,150.606257147856));
#2225=CARTESIAN_POINT('Ctrl Pts',(-40.,-90.7706369660219,150.606257147856));
#2226=CARTESIAN_POINT('Ctrl Pts',(-65.3528373558436,-90.,145.292396673545));
#2227=CARTESIAN_POINT('Ctrl Pts',(-56.960070766298,-90.,146.62866578729));
#2228=CARTESIAN_POINT('Ctrl Pts',(-48.4785982272171,-90.,147.243994752564));
#2229=CARTESIAN_POINT('Ctrl Pts',(-40.,-90.,147.243994752564));
#2230=CARTESIAN_POINT('Ctrl Pts',(-64.9999999997171,-90.,143.076314940021));
#2231=CARTESIAN_POINT('Ctrl Pts',(-56.737418498395,-90.,144.391856405665));
#2232=CARTESIAN_POINT('Ctrl Pts',(-48.3666541947076,-90.,145.));
#2233=CARTESIAN_POINT('Ctrl Pts',(-40.,-90.,145.));
#2234=CARTESIAN_POINT('',(-40.,-105.,160.));
#2235=CARTESIAN_POINT('Ctrl Pts',(-41.3145509052843,-105.,159.995433457387));
#2236=CARTESIAN_POINT('Ctrl Pts',(-40.8763706072153,-105.,159.998483056634));
#2237=CARTESIAN_POINT('Ctrl Pts',(-40.4381877891882,-105.,160.));
#2238=CARTESIAN_POINT('Ctrl Pts',(-40.,-105.,160.));
#2239=CARTESIAN_POINT('',(-40.,-90.,145.));
#2240=CARTESIAN_POINT('Origin',(-40.,-105.,145.));
#2241=CARTESIAN_POINT('Ctrl Pts',(-40.,-90.,145.));
#2242=CARTESIAN_POINT('Ctrl Pts',(-48.3666541947076,-90.,145.));
#2243=CARTESIAN_POINT('Ctrl Pts',(-56.737418498395,-90.,144.391856405665));
#2244=CARTESIAN_POINT('Ctrl Pts',(-64.9999999997171,-90.,143.076314940021));
#2245=CARTESIAN_POINT('',(-65.5886995191007,-91.1305567110178,148.767223474666));
#2246=CARTESIAN_POINT('',(-66.0500009685755,-92.0000013711832,150.486656219784));
#2247=CARTESIAN_POINT('Ctrl Pts',(-65.5886995191007,-91.1305567110178,148.767223474666));
#2248=CARTESIAN_POINT('Ctrl Pts',(-65.5244370623192,-91.0870447810402,148.670387730806));
#2249=CARTESIAN_POINT('Ctrl Pts',(-65.429898870281,-91.0341613050855,148.550306167639));
#2250=CARTESIAN_POINT('Ctrl Pts',(-65.260789747648,-90.9814702013864,148.437782168001));
#2251=CARTESIAN_POINT('Ctrl Pts',(-65.2042055552042,-90.9682324581945,148.411100323781));
#2252=CARTESIAN_POINT('Ctrl Pts',(-65.098658098173,-90.9536637743417,148.388197354776));
#2253=CARTESIAN_POINT('Ctrl Pts',(-65.0536260854541,-90.9504066249921,148.386298677757));
#2254=CARTESIAN_POINT('Ctrl Pts',(-64.9561646591816,-90.9496056470799,148.39909292365));
#2255=CARTESIAN_POINT('Ctrl Pts',(-64.906954721396,-90.9531124495304,148.416128727139));
#2256=CARTESIAN_POINT('Ctrl Pts',(-64.7740354994682,-90.9708433526656,148.4841085864));
#2257=CARTESIAN_POINT('Ctrl Pts',(-64.698502687935,-90.992011156169,148.552065203731));
#2258=CARTESIAN_POINT('Ctrl Pts',(-64.4702403398807,-91.0763833754207,148.806462565643));
#2259=CARTESIAN_POINT('Ctrl Pts',(-64.3246777976954,-91.1778155416764,149.083618038867));
#2260=CARTESIAN_POINT('Ctrl Pts',(-64.0524723043631,-91.4876245570321,149.823881330533));
#2261=CARTESIAN_POINT('Ctrl Pts',(-63.9493930842972,-91.7318271037919,150.333857978274));
#2262=CARTESIAN_POINT('Ctrl Pts',(-63.9504690472798,-92.2085961277765,151.169883031725));
#2263=CARTESIAN_POINT('Ctrl Pts',(-64.0114294763597,-92.4080123281073,151.475708499802));
#2264=CARTESIAN_POINT('Ctrl Pts',(-64.1976190531906,-92.6906589052821,151.870787383704));
#2265=CARTESIAN_POINT('Ctrl Pts',(-64.2920376188897,-92.78647685887,151.99307386343));
#2266=CARTESIAN_POINT('Ctrl Pts',(-64.474239889249,-92.9134017729766,152.143187599197));
#2267=CARTESIAN_POINT('Ctrl Pts',(-64.5601880951329,-92.9589174204935,152.192599250405));
#2268=CARTESIAN_POINT('Ctrl Pts',(-64.7299508285718,-93.0176260565646,152.24685048162));
#2269=CARTESIAN_POINT('Ctrl Pts',(-64.8065666030594,-93.0350527916651,152.258770864533));
#2270=CARTESIAN_POINT('Ctrl Pts',(-64.9633081095057,-93.052302729186,152.258468213891));
#2271=CARTESIAN_POINT('Ctrl Pts',(-65.039838780415,-93.051844238947,152.246408705512));
#2272=CARTESIAN_POINT('Ctrl Pts',(-65.2119096342973,-93.0331677041578,152.195613169942));
#2273=CARTESIAN_POINT('Ctrl Pts',(-65.3016361511503,-93.0093833436685,152.150244423707));
#2274=CARTESIAN_POINT('Ctrl Pts',(-65.5091857089035,-92.9284584605332,152.008956840371));
#2275=CARTESIAN_POINT('Ctrl Pts',(-65.625867225511,-92.8540285642675,151.889148340598));
#2276=CARTESIAN_POINT('Ctrl Pts',(-65.8303553978839,-92.6590903822991,151.579020940724));
#2277=CARTESIAN_POINT('Ctrl Pts',(-65.91307688068,-92.5381449189771,151.387995197029));
#2278=CARTESIAN_POINT('Ctrl Pts',(-66.0237977736544,-92.2733541350308,150.956210908034));
#2279=CARTESIAN_POINT('Ctrl Pts',(-66.0500009685041,-92.1355972391778,150.725147650269));
#2280=CARTESIAN_POINT('Ctrl Pts',(-66.0500009685755,-92.0000013714596,150.486656219784));
#2281=CARTESIAN_POINT('Ctrl Pts',(-66.0500009685755,-92.0000013714596,150.486656219784));
#2282=CARTESIAN_POINT('Ctrl Pts',(-66.0500009686105,-91.9334434257243,150.369591445203));
#2283=CARTESIAN_POINT('Ctrl Pts',(-66.0436781139896,-91.8673773516169,150.250753294808));
#2284=CARTESIAN_POINT('Ctrl Pts',(-65.9819606369773,-91.5449646197113,149.656256244127));
#2285=CARTESIAN_POINT('Ctrl Pts',(-65.8419725529612,-91.3326801137065,149.212271182656));
#2286=CARTESIAN_POINT('Ctrl Pts',(-65.6421314479176,-91.1686562705715,148.85180558018));
#2287=CARTESIAN_POINT('Ctrl Pts',(-65.61631162127,-91.1492527882657,148.808831570388));
#2288=CARTESIAN_POINT('Ctrl Pts',(-65.5886995191007,-91.1305567110178,148.767223474666));
#2289=CARTESIAN_POINT('Ctrl Pts',(-40.,-105.,160.));
#2290=CARTESIAN_POINT('Ctrl Pts',(-40.6573235704166,-105.,160.));
#2291=CARTESIAN_POINT('Ctrl Pts',(-41.3145583928854,-105.,159.995274506629));
#2292=CARTESIAN_POINT('Ctrl Pts',(-40.,-106.669693288872,160.));
#2293=CARTESIAN_POINT('Ctrl Pts',(-40.6573235704166,-106.669693288872,160.));
#2294=CARTESIAN_POINT('Ctrl Pts',(-41.3145583928854,-106.669693288872,159.995274506629));
#2295=CARTESIAN_POINT('',(-40.,0.,160.));
#2296=CARTESIAN_POINT('Ctrl Pts',(-40.,-143.330306711128,160.));
#2297=CARTESIAN_POINT('Ctrl Pts',(-40.6573235704166,-143.330306711128,160.));
#2298=CARTESIAN_POINT('Ctrl Pts',(-41.3145583928854,-143.330306711128,159.995274506629));
#2299=CARTESIAN_POINT('Ctrl Pts',(-40.,-145.,160.));
#2300=CARTESIAN_POINT('Ctrl Pts',(-40.6573235704166,-145.,160.));
#2301=CARTESIAN_POINT('Ctrl Pts',(-41.3145583928854,-145.,159.995274506629));
#2302=CARTESIAN_POINT('',(-40.,-145.,160.));
#2303=CARTESIAN_POINT('Ctrl Pts',(-40.,-145.,160.));
#2304=CARTESIAN_POINT('Ctrl Pts',(-40.4381877891882,-145.,160.));
#2305=CARTESIAN_POINT('Ctrl Pts',(-40.8763706072153,-145.,159.998483056634));
#2306=CARTESIAN_POINT('Ctrl Pts',(-41.3145509052843,-145.,159.995433457387));
#2307=CARTESIAN_POINT('',(-40.,0.,160.));
#2308=CARTESIAN_POINT('Ctrl Pts',(-115.510919383843,-120.717090361885,136.559450887918));
#2309=CARTESIAN_POINT('Ctrl Pts',(-120.,-120.717090361885,130.946566805067));
#2310=CARTESIAN_POINT('Ctrl Pts',(-120.,-120.717090361885,125.));
#2311=CARTESIAN_POINT('Ctrl Pts',(-115.510919383843,-129.282909648227,136.559450887918));
#2312=CARTESIAN_POINT('Ctrl Pts',(-120.,-129.282909648227,130.946566805067));
#2313=CARTESIAN_POINT('Ctrl Pts',(-120.,-129.282909648227,125.));
#2314=CARTESIAN_POINT('Ctrl Pts',(-115.51139223581,-129.282596615537,136.558956227489));
#2315=CARTESIAN_POINT('Ctrl Pts',(-115.864776105702,-128.993506414739,136.117417584854));
#2316=CARTESIAN_POINT('Ctrl Pts',(-116.611735169187,-128.367226557476,135.125043936056));
#2317=CARTESIAN_POINT('Ctrl Pts',(-117.749008216338,-127.359729037181,133.331818808922));
#2318=CARTESIAN_POINT('Ctrl Pts',(-118.733115735354,-126.429206479779,131.342585448376));
#2319=CARTESIAN_POINT('Ctrl Pts',(-119.418897646063,-125.736126994789,129.321789339002));
#2320=CARTESIAN_POINT('Ctrl Pts',(-119.754967490148,-125.37698010574,127.82051414249));
#2321=CARTESIAN_POINT('Ctrl Pts',(-119.930820922979,-125.169108971307,126.588497804654));
#2322=CARTESIAN_POINT('Ctrl Pts',(-119.99534411235,-125.064265270096,125.651913352944));
#2323=CARTESIAN_POINT('Ctrl Pts',(-119.999843644663,-125.007886522072,125.080068723694));
#2324=CARTESIAN_POINT('Ctrl Pts',(-120.,-125.003943302269,125.040052715911));
#2325=CARTESIAN_POINT('Ctrl Pts',(-120.,-125.,125.));
#2326=CARTESIAN_POINT('Origin',(-40.,-125.,158.4));
#2327=CARTESIAN_POINT('',(-1.34113206651305E-15,-105.,158.4));
#2328=CARTESIAN_POINT('',(-20.,-105.,158.4));
#2329=CARTESIAN_POINT('',(25.,-114.2048903478,158.4));
#2330=CARTESIAN_POINT('Ctrl Pts',(-7.4779709039579E-31,-105.,158.4));
#2331=CARTESIAN_POINT('Ctrl Pts',(2.95056359073789,-105.,158.4));
#2332=CARTESIAN_POINT('Ctrl Pts',(8.8525475901215,-105.60584768754,158.4));
#2333=CARTESIAN_POINT('Ctrl Pts',(17.3109639354859,-108.395968251349,158.4));
#2334=CARTESIAN_POINT('Ctrl Pts',(22.529312761387,-111.786379268038,158.4));
#2335=CARTESIAN_POINT('Ctrl Pts',(24.8206573594678,-114.025969456834,158.4));
#2336=CARTESIAN_POINT('Ctrl Pts',(24.9979194402665,-114.20501531382,158.4));
#2337=CARTESIAN_POINT('',(25.,-135.7951096522,158.4));
#2338=CARTESIAN_POINT('',(25.,-133.01714982759,158.4));
#2339=CARTESIAN_POINT('',(8.88178419700125E-15,-145.,158.4));
#2340=CARTESIAN_POINT('Ctrl Pts',(25.0000553468285,-135.794891876199,158.4));
#2341=CARTESIAN_POINT('Ctrl Pts',(24.8228693497257,-135.973933420619,158.4));
#2342=CARTESIAN_POINT('Ctrl Pts',(23.5872267344367,-137.181765356327,158.4));
#2343=CARTESIAN_POINT('Ctrl Pts',(21.0595330635112,-139.165429910193,158.4));
#2344=CARTESIAN_POINT('Ctrl Pts',(15.905509431749,-142.068952011741,158.4));
#2345=CARTESIAN_POINT('Ctrl Pts',(8.8494644988455,-144.394242956245,158.4));
#2346=CARTESIAN_POINT('Ctrl Pts',(2.95056359073789,-145.,158.4));
#2347=CARTESIAN_POINT('Ctrl Pts',(1.11022302462516E-15,-145.,158.4));
#2348=CARTESIAN_POINT('',(-52.5,-145.,158.4));
#2349=CARTESIAN_POINT('Origin',(38.4,-141.03429965518,0.));
#2350=CARTESIAN_POINT('',(38.4,-140.545770978803,145.));
#2351=CARTESIAN_POINT('',(38.3999999996926,-109.454229020299,145.));
#2352=CARTESIAN_POINT('',(38.4,-133.01714982759,145.));
#2353=CARTESIAN_POINT('Ctrl Pts',(38.4,-109.454229021197,145.));
#2354=CARTESIAN_POINT('Ctrl Pts',(38.4,-109.454229021197,140.));
#2355=CARTESIAN_POINT('Ctrl Pts',(38.4,-109.454229021197,135.));
#2356=CARTESIAN_POINT('Ctrl Pts',(38.4,-109.454229021197,125.));
#2357=CARTESIAN_POINT('Ctrl Pts',(38.4,-109.454229021197,120.));
#2358=CARTESIAN_POINT('Ctrl Pts',(38.4,-109.454229021197,115.));
#2359=CARTESIAN_POINT('Ctrl Pts',(38.4,-140.545770978803,115.));
#2360=CARTESIAN_POINT('Ctrl Pts',(38.4,-140.545770978803,120.));
#2361=CARTESIAN_POINT('Ctrl Pts',(38.4,-140.545770978803,125.));
#2362=CARTESIAN_POINT('Ctrl Pts',(38.4,-140.545770978803,135.));
#2363=CARTESIAN_POINT('Ctrl Pts',(38.4,-140.545770978803,140.));
#2364=CARTESIAN_POINT('Ctrl Pts',(38.4,-140.545770978803,145.));
#2365=CARTESIAN_POINT('Ctrl Pts',(7.03642999380733E-15,-158.4,115.));
#2366=CARTESIAN_POINT('Ctrl Pts',(6.76034708983905,-158.4,115.));
#2367=CARTESIAN_POINT('Ctrl Pts',(18.0171799384342,-156.324905002579,115.));
#2368=CARTESIAN_POINT('Ctrl Pts',(30.9387649217702,-149.160633735239,115.));
#2369=CARTESIAN_POINT('Ctrl Pts',(36.3261712240401,-143.57505792951,115.));
#2370=CARTESIAN_POINT('Ctrl Pts',(38.4,-140.545770978803,115.));
#2371=CARTESIAN_POINT('Ctrl Pts',(7.03642999380733E-15,-158.4,145.));
#2372=CARTESIAN_POINT('Ctrl Pts',(6.76034708983905,-158.4,145.));
#2373=CARTESIAN_POINT('Ctrl Pts',(18.0171799384342,-156.324905002579,145.));
#2374=CARTESIAN_POINT('Ctrl Pts',(30.9387649217702,-149.160633735239,145.));
#2375=CARTESIAN_POINT('Ctrl Pts',(36.3261712240401,-143.57505792951,145.));
#2376=CARTESIAN_POINT('Ctrl Pts',(38.4,-140.545770978803,145.));
#2377=CARTESIAN_POINT('',(7.23655192354486E-15,-158.4,145.));
#2378=CARTESIAN_POINT('',(7.03642999380733E-15,-158.4,0.));
#2379=CARTESIAN_POINT('Ctrl Pts',(7.03642999380733E-15,-158.4,145.));
#2380=CARTESIAN_POINT('Ctrl Pts',(6.76034708983906,-158.4,145.));
#2381=CARTESIAN_POINT('Ctrl Pts',(13.5144467989962,-157.154943001547,145.));
#2382=CARTESIAN_POINT('Ctrl Pts',(19.5387799640883,-154.814679019136,145.));
#2383=CARTESIAN_POINT('Ctrl Pts',(23.5550020741497,-153.254503030861,145.));
#2384=CARTESIAN_POINT('Ctrl Pts',(27.24688349796,-151.20756838305,145.));
#2385=CARTESIAN_POINT('Ctrl Pts',(30.4396757854326,-148.787707107712,145.));
#2386=CARTESIAN_POINT('Ctrl Pts',(33.6324680729052,-146.367845832374,145.));
#2387=CARTESIAN_POINT('Ctrl Pts',(36.3261712240401,-143.57505792951,145.));
#2388=CARTESIAN_POINT('Ctrl Pts',(38.4,-140.545770978803,145.));
#2389=CARTESIAN_POINT('Origin',(-65.,-158.4,0.));
#2390=CARTESIAN_POINT('',(-17.3803625590407,-158.4,145.));
#2391=CARTESIAN_POINT('',(-17.3803625590407,-158.4,0.));
#2392=CARTESIAN_POINT('',(-52.5,-158.4,145.));
#2393=CARTESIAN_POINT('Origin',(-65.,-158.4,0.));
#2394=CARTESIAN_POINT('',(-22.6196380370057,-158.4,145.));
#2395=CARTESIAN_POINT('',(-52.5,-158.4,145.));
#2396=CARTESIAN_POINT('',(-22.6196380370057,-158.4,0.));
#2397=CARTESIAN_POINT('Ctrl Pts',(-115.775472023045,-122.094305154801,133.439083925945));
#2398=CARTESIAN_POINT('Ctrl Pts',(-117.543098897446,-122.094305154801,130.630482191544));
#2399=CARTESIAN_POINT('Ctrl Pts',(-118.4,-122.094305154801,127.807146647358));
#2400=CARTESIAN_POINT('Ctrl Pts',(-118.4,-122.094305154801,125.));
#2401=CARTESIAN_POINT('Ctrl Pts',(-115.775472023045,-127.905694849934,133.439083925945));
#2402=CARTESIAN_POINT('Ctrl Pts',(-117.543098897446,-127.905694849934,130.630482191544));
#2403=CARTESIAN_POINT('Ctrl Pts',(-118.4,-127.905694849934,127.807146647358));
#2404=CARTESIAN_POINT('Ctrl Pts',(-118.4,-127.905694849934,125.));
#2405=CARTESIAN_POINT('Ctrl Pts',(-118.4,-125.,125.));
#2406=CARTESIAN_POINT('Ctrl Pts',(-118.4,-124.996056697732,125.035867615994));
#2407=CARTESIAN_POINT('Ctrl Pts',(-118.399862566722,-124.992113533128,125.071562022757));
#2408=CARTESIAN_POINT('Ctrl Pts',(-118.399577067768,-124.988170371556,125.107577654822));
#2409=CARTESIAN_POINT('Ctrl Pts',(-118.395812212251,-124.936172165003,125.582513373578));
#2410=CARTESIAN_POINT('Ctrl Pts',(-118.367429371742,-124.884191524895,125.99916026614));
#2411=CARTESIAN_POINT('Ctrl Pts',(-118.33368102977,-124.832429679261,126.345233964444));
#2412=CARTESIAN_POINT('Ctrl Pts',(-118.299932687797,-124.780667833628,126.691307662747));
#2413=CARTESIAN_POINT('Ctrl Pts',(-118.260818844359,-124.729124782468,126.966808166793));
#2414=CARTESIAN_POINT('Ctrl Pts',(-118.220459462203,-124.677803861729,127.214589267643));
#2415=CARTESIAN_POINT('Ctrl Pts',(-118.139740697891,-124.575162020252,127.710151469344));
#2416=CARTESIAN_POINT('Ctrl Pts',(-118.054039778703,-124.473408700459,128.094836058266));
#2417=CARTESIAN_POINT('Ctrl Pts',(-117.967516878256,-124.372804618635,128.438466965791));
#2418=CARTESIAN_POINT('Ctrl Pts',(-117.794471077361,-124.171596454986,129.125728780842));
#2419=CARTESIAN_POINT('Ctrl Pts',(-117.618137351425,-123.974985243211,129.648775870309));
#2420=CARTESIAN_POINT('Ctrl Pts',(-117.440869972208,-123.782394008625,130.118125371283));
#2421=CARTESIAN_POINT('Ctrl Pts',(-117.086335213774,-123.397211539452,131.056824373231));
#2422=CARTESIAN_POINT('Ctrl Pts',(-116.728065842216,-123.028108979032,131.780733021204));
#2423=CARTESIAN_POINT('Ctrl Pts',(-116.367665115023,-122.670346495572,132.432366366072));
#2424=CARTESIAN_POINT('Ctrl Pts',(-116.170988385602,-122.475109500063,132.787973625938));
#2425=CARTESIAN_POINT('Ctrl Pts',(-115.973676923938,-122.283249656803,133.122056807671));
#2426=CARTESIAN_POINT('Ctrl Pts',(-115.775651070112,-122.094423390657,133.438463059351));
#2427=CARTESIAN_POINT('Origin',(-20.0000002980232,-158.000002354383,0.));
#2428=CARTESIAN_POINT('Ctrl Pts',(-22.6196380370057,-158.4,145.));
#2429=CARTESIAN_POINT('Ctrl Pts',(-22.6196380370057,-158.4,145.902792449692));
#2430=CARTESIAN_POINT('Ctrl Pts',(-22.6408640665233,-158.302705157297,146.88626821036));
#2431=CARTESIAN_POINT('Ctrl Pts',(-22.6557459303403,-157.886848635336,148.801198021875));
#2432=CARTESIAN_POINT('Ctrl Pts',(-22.6433540589303,-157.568321817641,149.732701867725));
#2433=CARTESIAN_POINT('Ctrl Pts',(-22.4836305828397,-157.065471698641,150.838365072373));
#2434=CARTESIAN_POINT('Ctrl Pts',(-22.422563662797,-156.909887861645,151.15066625494));
#2435=CARTESIAN_POINT('Ctrl Pts',(-22.2463421201437,-156.581865592603,151.748074755128));
#2436=CARTESIAN_POINT('Ctrl Pts',(-22.1301708535828,-156.40969520457,152.033028890498));
#2437=CARTESIAN_POINT('Ctrl Pts',(-21.8589184700377,-156.100716638068,152.510750732955));
#2438=CARTESIAN_POINT('Ctrl Pts',(-21.6623745819589,-155.921543272646,152.767379004182));
#2439=CARTESIAN_POINT('Ctrl Pts',(-21.2766704983079,-155.667899361551,153.111438920438));
#2440=CARTESIAN_POINT('Ctrl Pts',(-21.0513152137798,-155.553134031475,153.258795845908));
#2441=CARTESIAN_POINT('Ctrl Pts',(-20.5470580013707,-155.393633598891,153.458647913218));
#2442=CARTESIAN_POINT('Ctrl Pts',(-20.2677585974346,-155.350002354383,153.511019402178));
#2443=CARTESIAN_POINT('Ctrl Pts',(-19.7322419986119,-155.350002354383,153.511019402178));
#2444=CARTESIAN_POINT('Ctrl Pts',(-19.4529425946758,-155.393633598891,153.458647913218));
#2445=CARTESIAN_POINT('Ctrl Pts',(-18.9486853822667,-155.553134031475,153.258795845908));
#2446=CARTESIAN_POINT('Ctrl Pts',(-18.7233300977385,-155.667899361551,153.111438920438));
#2447=CARTESIAN_POINT('Ctrl Pts',(-18.3376260140875,-155.921543272646,152.767379004182));
#2448=CARTESIAN_POINT('Ctrl Pts',(-18.1410821260087,-156.100716638068,152.510750732955));
#2449=CARTESIAN_POINT('Ctrl Pts',(-17.8698297424636,-156.40969520457,152.033028890498));
#2450=CARTESIAN_POINT('Ctrl Pts',(-17.7536584759028,-156.581865592603,151.748074755128));
#2451=CARTESIAN_POINT('Ctrl Pts',(-17.5774369332494,-156.909887861645,151.15066625494));
#2452=CARTESIAN_POINT('Ctrl Pts',(-17.5163700132068,-157.065471698641,150.838365072373));
#2453=CARTESIAN_POINT('Ctrl Pts',(-17.3566465371161,-157.568321817641,149.732701867725));
#2454=CARTESIAN_POINT('Ctrl Pts',(-17.3442546657062,-157.886848635336,148.801198021875));
#2455=CARTESIAN_POINT('Ctrl Pts',(-17.3591365295231,-158.302705157297,146.88626821036));
#2456=CARTESIAN_POINT('Ctrl Pts',(-17.3803625590407,-158.4,145.902792449692));
#2457=CARTESIAN_POINT('Ctrl Pts',(-17.3803625590407,-158.4,145.));
#2458=CARTESIAN_POINT('Origin',(-65.0000009685755,-92.0000013709068,0.));
#2459=CARTESIAN_POINT('',(-67.6255238831982,-91.6406555419469,142.706336310281));
#2460=CARTESIAN_POINT('Ctrl Pts',(-66.7180878975664,-94.0175933277778,150.574156044267));
#2461=CARTESIAN_POINT('Ctrl Pts',(-66.7650147169066,-93.9776326436301,150.508123158347));
#2462=CARTESIAN_POINT('Ctrl Pts',(-66.8093244391602,-93.9370771615433,150.440581547701));
#2463=CARTESIAN_POINT('Ctrl Pts',(-67.0740948712512,-93.6786075847293,150.005563966825));
#2464=CARTESIAN_POINT('Ctrl Pts',(-67.2503196345931,-93.4289410194418,149.566772817771));
#2465=CARTESIAN_POINT('Ctrl Pts',(-67.5650152714849,-92.7893811892317,148.274131371459));
#2466=CARTESIAN_POINT('Ctrl Pts',(-67.6302883378389,-92.4266558260503,147.395863148425));
#2467=CARTESIAN_POINT('Ctrl Pts',(-67.6621399824256,-91.8568513037616,145.352466645875));
#2468=CARTESIAN_POINT('Ctrl Pts',(-67.6255238831982,-91.6406555419469,144.113738634976));
#2469=CARTESIAN_POINT('Ctrl Pts',(-67.6255238831982,-91.6406555419469,142.706336310281));
#2470=CARTESIAN_POINT('Ctrl Pts',(-67.6255238831982,-91.6406555419468,142.706336310281));
#2471=CARTESIAN_POINT('Ctrl Pts',(-67.6255238831982,-91.6406555419468,138.150276696857));
#2472=CARTESIAN_POINT('Ctrl Pts',(-67.6255238831982,-91.6406555419469,133.594217083434));
#2473=CARTESIAN_POINT('Ctrl Pts',(-67.6255238831982,-91.6406555419469,124.358771646674));
#2474=CARTESIAN_POINT('Ctrl Pts',(-67.6255238831982,-91.6406555419469,119.679385823337));
#2475=CARTESIAN_POINT('Ctrl Pts',(-67.6255238831982,-91.6406555419469,115.));
#2476=CARTESIAN_POINT('Origin',(-20.0000002980232,-92.0000013709068,0.));
#2477=CARTESIAN_POINT('',(-17.3803631278654,-91.6,145.));
#2478=CARTESIAN_POINT('',(-17.3803631278654,-91.6,0.));
#2479=CARTESIAN_POINT('',(-22.6196374681811,-91.6,145.));
#2480=CARTESIAN_POINT('Ctrl Pts',(-17.3803631278654,-91.6,145.));
#2481=CARTESIAN_POINT('Ctrl Pts',(-17.3803631278654,-91.6,145.902793087081));
#2482=CARTESIAN_POINT('Ctrl Pts',(-17.3591369177499,-91.697294979026,146.886269520994));
#2483=CARTESIAN_POINT('Ctrl Pts',(-17.3442545140102,-92.1131520696073,148.801200585087));
#2484=CARTESIAN_POINT('Ctrl Pts',(-17.3566460492527,-92.4316793190668,149.73270501221));
#2485=CARTESIAN_POINT('Ctrl Pts',(-17.5163692836007,-92.9345301054692,150.838368808929));
#2486=CARTESIAN_POINT('Ctrl Pts',(-17.5774361359302,-93.0901141152393,151.150670092146));
#2487=CARTESIAN_POINT('Ctrl Pts',(-17.7536575883638,-93.4181367448645,151.748078775407));
#2488=CARTESIAN_POINT('Ctrl Pts',(-17.8698288332486,-93.5903073206211,152.033032993364));
#2489=CARTESIAN_POINT('Ctrl Pts',(-18.1410812348491,-93.899286229242,152.51075497643));
#2490=CARTESIAN_POINT('Ctrl Pts',(-18.3376251692634,-94.0784597938453,152.767383319665));
#2491=CARTESIAN_POINT('Ctrl Pts',(-18.723329404361,-94.3321039975144,153.111443341374));
#2492=CARTESIAN_POINT('Ctrl Pts',(-18.9486848032453,-94.4468694620107,153.258800311111));
#2493=CARTESIAN_POINT('Ctrl Pts',(-19.4529422872176,-94.6063700778041,153.458652432167));
#2494=CARTESIAN_POINT('Ctrl Pts',(-19.7322418479135,-94.6500013709068,153.511023932393));
#2495=CARTESIAN_POINT('Ctrl Pts',(-20.2677587481329,-94.6500013709068,153.511023932393));
#2496=CARTESIAN_POINT('Ctrl Pts',(-20.5470583088288,-94.6063700778041,153.458652432167));
#2497=CARTESIAN_POINT('Ctrl Pts',(-21.0513157928011,-94.4468694620107,153.258800311111));
#2498=CARTESIAN_POINT('Ctrl Pts',(-21.2766711916855,-94.3321039975144,153.111443341374));
#2499=CARTESIAN_POINT('Ctrl Pts',(-21.6623754267831,-94.0784597938453,152.767383319665));
#2500=CARTESIAN_POINT('Ctrl Pts',(-21.8589193611973,-93.899286229242,152.51075497643));
#2501=CARTESIAN_POINT('Ctrl Pts',(-22.1301717627978,-93.5903073206211,152.033032993364));
#2502=CARTESIAN_POINT('Ctrl Pts',(-22.2463430076827,-93.4181367448645,151.748078775407));
#2503=CARTESIAN_POINT('Ctrl Pts',(-22.4225644601162,-93.0901141152393,151.150670092146));
#2504=CARTESIAN_POINT('Ctrl Pts',(-22.4836313124457,-92.9345301054692,150.838368808929));
#2505=CARTESIAN_POINT('Ctrl Pts',(-22.6433545467938,-92.4316793190668,149.73270501221));
#2506=CARTESIAN_POINT('Ctrl Pts',(-22.6557460820362,-92.1131520696073,148.801200585087));
#2507=CARTESIAN_POINT('Ctrl Pts',(-22.6408636782965,-91.697294979026,146.886269520994));
#2508=CARTESIAN_POINT('Ctrl Pts',(-22.6196374681811,-91.6,145.902793087081));
#2509=CARTESIAN_POINT('Ctrl Pts',(-22.6196374681811,-91.6,145.));
#2510=CARTESIAN_POINT('',(-22.6196374681811,-91.6,0.));
#2511=CARTESIAN_POINT('Ctrl Pts',(38.4,-109.454229021197,115.));
#2512=CARTESIAN_POINT('Ctrl Pts',(35.2892568360601,-104.910298595136,115.));
#2513=CARTESIAN_POINT('Ctrl Pts',(27.7546068973768,-98.2282274862524,115.));
#2514=CARTESIAN_POINT('Ctrl Pts',(13.5135068447659,-92.6955973256741,115.));
#2515=CARTESIAN_POINT('Ctrl Pts',(4.50689805989269,-91.6,115.));
#2516=CARTESIAN_POINT('Ctrl Pts',(-1.23949400994099E-14,-91.6,115.));
#2517=CARTESIAN_POINT('Ctrl Pts',(38.4,-109.454229021197,145.));
#2518=CARTESIAN_POINT('Ctrl Pts',(35.2892568360601,-104.910298595136,145.));
#2519=CARTESIAN_POINT('Ctrl Pts',(27.7546068973768,-98.2282274862524,145.));
#2520=CARTESIAN_POINT('Ctrl Pts',(13.5135068447659,-92.6955973256741,145.));
#2521=CARTESIAN_POINT('Ctrl Pts',(4.50689805989269,-91.6,145.));
#2522=CARTESIAN_POINT('Ctrl Pts',(-1.23949400994099E-14,-91.6,145.));
#2523=CARTESIAN_POINT('',(-7.4843482125647E-15,-91.6,145.));
#2524=CARTESIAN_POINT('Ctrl Pts',(38.3999999994832,-109.454229020442,145.));
#2525=CARTESIAN_POINT('Ctrl Pts',(35.2892568355595,-104.910298594692,145.));
#2526=CARTESIAN_POINT('Ctrl Pts',(30.7684668725472,-100.901055929638,145.));
#2527=CARTESIAN_POINT('Ctrl Pts',(25.2981537311805,-97.8746825366679,145.));
#2528=CARTESIAN_POINT('Ctrl Pts',(21.6512783034007,-95.857100274576,145.));
#2529=CARTESIAN_POINT('Ctrl Pts',(17.5823925740833,-94.2763488001251,145.));
#2530=CARTESIAN_POINT('Ctrl Pts',(13.2962975132063,-93.2120737314811,145.));
#2531=CARTESIAN_POINT('Ctrl Pts',(9.01020245232931,-92.1477986628371,145.));
#2532=CARTESIAN_POINT('Ctrl Pts',(4.50689805989268,-91.6,145.));
#2533=CARTESIAN_POINT('Ctrl Pts',(-1.33226762955019E-14,-91.6,145.));
#2534=CARTESIAN_POINT('',(-2.67925505280126E-15,-91.6,0.));
#2535=CARTESIAN_POINT('Origin',(0.,-91.6,0.));
#2536=CARTESIAN_POINT('',(-20.,-91.6,145.));
#2537=CARTESIAN_POINT('Origin',(0.,-91.6,0.));
#2538=CARTESIAN_POINT('',(-40.,-91.6,145.));
#2539=CARTESIAN_POINT('',(-20.,-91.6,145.));
#2540=CARTESIAN_POINT('Ctrl Pts',(-40.,-91.6,145.));
#2541=CARTESIAN_POINT('Ctrl Pts',(-47.4836821434575,-91.6,145.));
#2542=CARTESIAN_POINT('Ctrl Pts',(-54.9695513953802,-91.6,144.510322443205));
#2543=CARTESIAN_POINT('Ctrl Pts',(-62.3803637984176,-91.6,143.468774457368));
#2544=CARTESIAN_POINT('Ctrl Pts',(-67.6255238831982,-91.6406555419469,115.));
#2545=CARTESIAN_POINT('Ctrl Pts',(-75.4414595806921,-91.8828559495972,115.));
#2546=CARTESIAN_POINT('Ctrl Pts',(-90.8882266185846,-94.5627142799302,115.));
#2547=CARTESIAN_POINT('Ctrl Pts',(-109.101383605118,-104.375339787969,115.));
#2548=CARTESIAN_POINT('Ctrl Pts',(-118.82396960507,-117.824681429649,115.));
#2549=CARTESIAN_POINT('Ctrl Pts',(-118.795672463891,-129.785580252019,115.));
#2550=CARTESIAN_POINT('Ctrl Pts',(-113.979632132155,-138.8967739437,115.));
#2551=CARTESIAN_POINT('Ctrl Pts',(-108.028153790014,-145.168359178152,115.));
#2552=CARTESIAN_POINT('Ctrl Pts',(-100.000916984548,-150.535516110902,115.));
#2553=CARTESIAN_POINT('Ctrl Pts',(-87.026607470238,-156.101247824032,115.));
#2554=CARTESIAN_POINT('Ctrl Pts',(-75.4414600889917,-158.117143987304,115.));
#2555=CARTESIAN_POINT('Ctrl Pts',(-67.6255243952342,-158.359344442186,115.));
#2556=CARTESIAN_POINT('Ctrl Pts',(-67.6255238831982,-91.6406555419469,142.706336310281));
#2557=CARTESIAN_POINT('Ctrl Pts',(-75.4414595806921,-91.8828559495972,142.706336310281));
#2558=CARTESIAN_POINT('Ctrl Pts',(-90.8882266185846,-94.5627142799302,142.706336310281));
#2559=CARTESIAN_POINT('Ctrl Pts',(-109.101383605118,-104.375339787969,142.706336310281));
#2560=CARTESIAN_POINT('Ctrl Pts',(-118.82396960507,-117.824681429649,142.706336310281));
#2561=CARTESIAN_POINT('Ctrl Pts',(-118.795672463891,-129.785580252019,142.706336310281));
#2562=CARTESIAN_POINT('Ctrl Pts',(-113.979632132155,-138.8967739437,142.706336310281));
#2563=CARTESIAN_POINT('Ctrl Pts',(-108.028153790014,-145.168359178152,142.706336310281));
#2564=CARTESIAN_POINT('Ctrl Pts',(-100.000916984548,-150.535516110902,142.706336310281));
#2565=CARTESIAN_POINT('Ctrl Pts',(-87.026607470238,-156.101247824032,142.706336310281));
#2566=CARTESIAN_POINT('Ctrl Pts',(-75.4414600889917,-158.117143987304,142.706336310281));
#2567=CARTESIAN_POINT('Ctrl Pts',(-67.6255243952342,-158.359344442186,142.706336310281));
#2568=CARTESIAN_POINT('Ctrl Pts',(-67.625523968059,-91.640655346875,142.706336074338));
#2569=CARTESIAN_POINT('Ctrl Pts',(-67.9158645824933,-91.649652575586,142.663412726496));
#2570=CARTESIAN_POINT('Ctrl Pts',(-68.2062228579361,-91.6601463744106,142.619812945757));
#2571=CARTESIAN_POINT('Ctrl Pts',(-68.4965751355442,-91.6721399602032,142.575532588544));
#2572=CARTESIAN_POINT('Ctrl Pts',(-69.4942456306034,-91.7133507499853,142.423382220495));
#2573=CARTESIAN_POINT('Ctrl Pts',(-70.4918453118014,-91.7722688810882,142.263196577984));
#2574=CARTESIAN_POINT('Ctrl Pts',(-71.4884272792217,-91.8490590421996,142.094833104443));
#2575=CARTESIAN_POINT('Ctrl Pts',(-72.485009246642,-91.9258492033109,141.926469630902));
#2576=CARTESIAN_POINT('Ctrl Pts',(-73.4805735002845,-92.0205113944307,141.74992832633));
#2577=CARTESIAN_POINT('Ctrl Pts',(-74.4741961685565,-92.1332555086594,141.565089086031));
#2578=CARTESIAN_POINT('Ctrl Pts',(-75.4678188368284,-92.245999622888,141.380249845732));
#2579=CARTESIAN_POINT('Ctrl Pts',(-76.4594999197297,-92.3768256602254,141.187112669706));
#2580=CARTESIAN_POINT('Ctrl Pts',(-77.4483514503422,-92.5260039319536,140.985574698981));
#2581=CARTESIAN_POINT('Ctrl Pts',(-78.4372029809547,-92.6751822036818,140.784036728257));
#2582=CARTESIAN_POINT('Ctrl Pts',(-79.4232249592784,-92.8427127098008,140.574097962833));
#2583=CARTESIAN_POINT('Ctrl Pts',(-80.4055690882936,-93.0289524210668,140.355670466541));
#2584=CARTESIAN_POINT('Ctrl Pts',(-80.8967411528012,-93.1220722766997,140.246456718394));
#2585=CARTESIAN_POINT('Ctrl Pts',(-81.3869937549816,-93.2198694336194,140.135120787531));
#2586=CARTESIAN_POINT('Ctrl Pts',(-81.8762305968051,-93.3224021476108,140.02165124843));
#2587=CARTESIAN_POINT('Ctrl Pts',(-82.3654674386285,-93.4249348616023,139.90818170933));
#2588=CARTESIAN_POINT('Ctrl Pts',(-82.853688520095,-93.5322031326655,139.792578561993));
#2589=CARTESIAN_POINT('Ctrl Pts',(-83.3407864352992,-93.6442661338265,139.674834491726));
#2590=CARTESIAN_POINT('Ctrl Pts',(-83.8278843505034,-93.7563291349875,139.557090421459));
#2591=CARTESIAN_POINT('Ctrl Pts',(-84.3138590994453,-93.8731868662464,139.437205428262));
#2592=CARTESIAN_POINT('Ctrl Pts',(-84.798640039926,-93.994922130684,139.315162473501));
#2593=CARTESIAN_POINT('Ctrl Pts',(-85.2834209804068,-94.1166573951216,139.193119518739));
#2594=CARTESIAN_POINT('Ctrl Pts',(-85.7670081124264,-94.2432701927379,139.068918602414));
#2595=CARTESIAN_POINT('Ctrl Pts',(-86.2492610293867,-94.3748267226412,138.942564699272));
#2596=CARTESIAN_POINT('Ctrl Pts',(-86.7315139463471,-94.5063832525445,138.81621079613));
#2597=CARTESIAN_POINT('Ctrl Pts',(-87.2124326482481,-94.6428835147347,138.687703906171));
#2598=CARTESIAN_POINT('Ctrl Pts',(-87.692043820717,-94.7844700190382,138.556999264936));
#2599=CARTESIAN_POINT('Ctrl Pts',(-88.1716549931859,-94.9260565233417,138.426294623702));
#2600=CARTESIAN_POINT('Ctrl Pts',(-88.6499586362226,-95.0727292697584,138.293392231192));
#2601=CARTESIAN_POINT('Ctrl Pts',(-89.126652826579,-95.2245196339047,138.158347433756));
#2602=CARTESIAN_POINT('Ctrl Pts',(-90.0800412072919,-95.5281003621973,137.888257838884));
#2603=CARTESIAN_POINT('Ctrl Pts',(-91.0269917772838,-95.8521515614083,137.609598624307));
#2604=CARTESIAN_POINT('Ctrl Pts',(-91.9684920724202,-96.1984102872381,137.321786603778));
#2605=CARTESIAN_POINT('Ctrl Pts',(-92.9099923675567,-96.5446690130678,137.033974583249));
#2606=CARTESIAN_POINT('Ctrl Pts',(-93.8460423878377,-96.9131352655163,136.737009756768));
#2607=CARTESIAN_POINT('Ctrl Pts',(-94.7773598126047,-97.3062143359028,136.430242573611));
#2608=CARTESIAN_POINT('Ctrl Pts',(-95.7086772373717,-97.6992934062894,136.123475390454));
#2609=CARTESIAN_POINT('Ctrl Pts',(-96.6352620666246,-98.1169852946139,135.80690585062));
#2610=CARTESIAN_POINT('Ctrl Pts',(-97.5552009769618,-98.5612905876698,135.480720445604));
#2611=CARTESIAN_POINT('Ctrl Pts',(-98.4751398872989,-99.0055958807257,135.154535040589));
#2612=CARTESIAN_POINT('Ctrl Pts',(-99.3884328787204,-99.4765145785128,134.818733770393));
#2613=CARTESIAN_POINT('Ctrl Pts',(-100.293561837198,-99.976835687746,134.473521786344));
#2614=CARTESIAN_POINT('Ctrl Pts',(-100.746126316436,-100.226996242363,134.300915794319));
#2615=CARTESIAN_POINT('Ctrl Pts',(-101.196649787439,-100.484507399841,134.125957123831));
#2616=CARTESIAN_POINT('Ctrl Pts',(-101.645532951781,-100.75022533838,133.948435149062));
#2617=CARTESIAN_POINT('Ctrl Pts',(-102.094416116123,-101.015943276919,133.770913174292));
#2618=CARTESIAN_POINT('Ctrl Pts',(-102.541658973804,-101.289867996519,133.590827895241));
#2619=CARTESIAN_POINT('Ctrl Pts',(-102.987602982674,-101.572988281148,133.407963321389));
#2620=CARTESIAN_POINT('Ctrl Pts',(-103.433546991545,-101.856108565776,133.225098747538));
#2621=CARTESIAN_POINT('Ctrl Pts',(-103.878192151606,-102.148424415433,133.039454878885));
#2622=CARTESIAN_POINT('Ctrl Pts',(-104.320751571188,-102.450401155155,132.851282063322));
#2623=CARTESIAN_POINT('Ctrl Pts',(-104.763310990771,-102.752377894877,132.66310924776));
#2624=CARTESIAN_POINT('Ctrl Pts',(-105.203784669874,-103.064015524663,132.472407485288));
#2625=CARTESIAN_POINT('Ctrl Pts',(-105.641957249238,-103.386229349615,132.279213564348));
#2626=CARTESIAN_POINT('Ctrl Pts',(-106.080129828602,-103.708443174566,132.086019643408));
#2627=CARTESIAN_POINT('Ctrl Pts',(-106.516001308227,-104.041233194683,131.890333564));
#2628=CARTESIAN_POINT('Ctrl Pts',(-106.949003889601,-104.385623729251,131.692359644169));
#2629=CARTESIAN_POINT('Ctrl Pts',(-107.382006470975,-104.730014263819,131.494385724339));
#2630=CARTESIAN_POINT('Ctrl Pts',(-107.812140154098,-105.086005312839,131.294123964085));
#2631=CARTESIAN_POINT('Ctrl Pts',(-108.239268771495,-105.455000181923,131.091594884261));
#2632=CARTESIAN_POINT('Ctrl Pts',(-109.093526006288,-106.192989920092,130.686536724614));
#2633=CARTESIAN_POINT('Ctrl Pts',(-109.935762978174,-106.982994938521,130.272409286686));
#2634=CARTESIAN_POINT('Ctrl Pts',(-110.760619873897,-107.84087566003,129.851443796158));
#2635=CARTESIAN_POINT('Ctrl Pts',(-111.173048321759,-108.269816020784,129.640961050895));
#2636=CARTESIAN_POINT('Ctrl Pts',(-111.58113175058,-108.715725307308,129.428768792482));
#2637=CARTESIAN_POINT('Ctrl Pts',(-111.986676606979,-109.185050760895,129.213857090578));
#2638=CARTESIAN_POINT('Ctrl Pts',(-112.392221463378,-109.654376214483,128.998945388674));
#2639=CARTESIAN_POINT('Ctrl Pts',(-112.795227747355,-110.147117835134,128.78131424328));
#2640=CARTESIAN_POINT('Ctrl Pts',(-113.192368543494,-110.666715581174,128.562309691781));
#2641=CARTESIAN_POINT('Ctrl Pts',(-113.986650135771,-111.705911073254,128.124300588783));
#2642=CARTESIAN_POINT('Ctrl Pts',(-114.757469776697,-112.852531066887,127.680797861366));
#2643=CARTESIAN_POINT('Ctrl Pts',(-115.482379399127,-114.161184784699,127.241618679561));
#2644=CARTESIAN_POINT('Ctrl Pts',(-116.207289021556,-115.469838502511,126.802439497757));
#2645=CARTESIAN_POINT('Ctrl Pts',(-116.886288625489,-116.940525944501,126.367583861567));
#2646=CARTESIAN_POINT('Ctrl Pts',(-117.432478760072,-118.70690715609,125.965643585993));
#2647=CARTESIAN_POINT('Ctrl Pts',(-117.705573827364,-119.590097761885,125.764673448206));
#2648=CARTESIAN_POINT('Ctrl Pts',(-117.945466527318,-120.547211810079,125.571932150574));
#2649=CARTESIAN_POINT('Ctrl Pts',(-118.118656872592,-121.592719691224,125.40232768944));
#2650=CARTESIAN_POINT('Ctrl Pts',(-118.205252045229,-122.115473631796,125.317525458873));
#2651=CARTESIAN_POINT('Ctrl Pts',(-118.275171629196,-122.660326030607,125.23850743743));
#2652=CARTESIAN_POINT('Ctrl Pts',(-118.323700009899,-123.22492709316,125.16983116662));
#2653=CARTESIAN_POINT('Ctrl Pts',(-118.347964200251,-123.507227624437,125.135493031215));
#2654=CARTESIAN_POINT('Ctrl Pts',(-118.366880589787,-123.79446532165,125.103740333468));
#2655=CARTESIAN_POINT('Ctrl Pts',(-118.37975862957,-124.085212688854,125.075678045333));
#2656=CARTESIAN_POINT('Ctrl Pts',(-118.386197649461,-124.230586372455,125.061646901266));
#2657=CARTESIAN_POINT('Ctrl Pts',(-118.391127081915,-124.376837473555,125.048538359602));
#2658=CARTESIAN_POINT('Ctrl Pts',(-118.394511135354,-124.523833256673,125.036432456896));
#2659=CARTESIAN_POINT('Ctrl Pts',(-118.397895188793,-124.670829039791,125.02432655419));
#2660=CARTESIAN_POINT('Ctrl Pts',(-118.399733863217,-124.818569504927,125.013223290441));
#2661=CARTESIAN_POINT('Ctrl Pts',(-118.399972683792,-124.966374322538,125.002452486324));
#2662=CARTESIAN_POINT('Ctrl Pts',(-118.399990794188,-124.977582752897,125.001635707752));
#2663=CARTESIAN_POINT('Ctrl Pts',(-118.4,-124.988791180495,125.000817398806));
#2664=CARTESIAN_POINT('Ctrl Pts',(-118.4,-125.,125.));
#2665=CARTESIAN_POINT('Ctrl Pts',(5.55111512312578E-15,-158.4,145.));
#2666=CARTESIAN_POINT('Ctrl Pts',(3.87310647344194,-158.4,145.));
#2667=CARTESIAN_POINT('Ctrl Pts',(11.6162523436316,-157.607614434642,145.));
#2668=CARTESIAN_POINT('Ctrl Pts',(21.1440492189782,-154.499149314046,145.));
#2669=CARTESIAN_POINT('Ctrl Pts',(28.4866934350663,-150.380114842111,145.));
#2670=CARTESIAN_POINT('Ctrl Pts',(33.7483668293805,-146.273310473633,145.));
#2671=CARTESIAN_POINT('Ctrl Pts',(36.9571126153196,-142.653428070083,145.));
#2672=CARTESIAN_POINT('Ctrl Pts',(38.4,-140.545770978803,145.));
#2673=CARTESIAN_POINT('Ctrl Pts',(5.55111512312578E-15,-158.4,147.004635312291));
#2674=CARTESIAN_POINT('Ctrl Pts',(3.87323999463502,-158.4,147.004635312291));
#2675=CARTESIAN_POINT('Ctrl Pts',(11.6161204994389,-157.607736022832,147.004635312291));
#2676=CARTESIAN_POINT('Ctrl Pts',(21.1439771490001,-154.499307014913,147.004635312291));
#2677=CARTESIAN_POINT('Ctrl Pts',(28.4865758141598,-150.380312904562,147.004635312291));
#2678=CARTESIAN_POINT('Ctrl Pts',(33.7484276955345,-146.273366743621,147.004635312291));
#2679=CARTESIAN_POINT('Ctrl Pts',(36.9570243957119,-142.653556934389,147.004635312291));
#2680=CARTESIAN_POINT('Ctrl Pts',(38.4,-140.545770978803,147.004635312291));
#2681=CARTESIAN_POINT('Ctrl Pts',(5.24773695588187E-15,-157.484583153362,
151.01330230918));
#2682=CARTESIAN_POINT('Ctrl Pts',(3.81012060396027,-157.484583153362,151.01330230918));
#2683=CARTESIAN_POINT('Ctrl Pts',(11.4272031972363,-156.704981080151,151.01330230918));
#2684=CARTESIAN_POINT('Ctrl Pts',(20.7861598306493,-153.650028365617,151.01330230918));
#2685=CARTESIAN_POINT('Ctrl Pts',(27.979276363927,-149.614042538404,151.01330230918));
#2686=CARTESIAN_POINT('Ctrl Pts',(33.1202009552538,-145.600466938038,151.01330230918));
#2687=CARTESIAN_POINT('Ctrl Pts',(36.2433629084907,-142.07552103218,151.01330230918));
#2688=CARTESIAN_POINT('Ctrl Pts',(37.6446345124254,-140.028653020026,151.01330230918));
#2689=CARTESIAN_POINT('Ctrl Pts',(4.18563632382394E-15,-154.279788226149,
155.02814946785));
#2690=CARTESIAN_POINT('Ctrl Pts',(3.58956562811229,-154.279788226149,155.02814946785));
#2691=CARTESIAN_POINT('Ctrl Pts',(10.7654048684486,-153.544897328553,155.02814946785));
#2692=CARTESIAN_POINT('Ctrl Pts',(19.5332454671182,-150.677274214638,155.02814946785));
#2693=CARTESIAN_POINT('Ctrl Pts',(26.2028945656469,-146.932020303131,155.02814946785));
#2694=CARTESIAN_POINT('Ctrl Pts',(30.9210253653391,-143.244880347978,155.02814946785));
#2695=CARTESIAN_POINT('Ctrl Pts',(33.7446181307851,-140.052273374084,155.02814946785));
#2696=CARTESIAN_POINT('Ctrl Pts',(35.0001655017641,-138.218267929184,155.02814946785));
#2697=CARTESIAN_POINT('Ctrl Pts',(2.76984231144695E-15,-150.007754737144,
157.710587916718));
#2698=CARTESIAN_POINT('Ctrl Pts',(3.29530686979587,-150.007754737144,157.710587916718));
#2699=CARTESIAN_POINT('Ctrl Pts',(9.88347193263307,-149.33223121286,157.710587916718));
#2700=CARTESIAN_POINT('Ctrl Pts',(17.8632324899893,-146.714251638321,157.710587916718));
#2701=CARTESIAN_POINT('Ctrl Pts',(23.8351800293472,-143.356469753064,157.710587916718));
#2702=CARTESIAN_POINT('Ctrl Pts',(27.9893788431736,-140.104744735571,157.710587916718));
#2703=CARTESIAN_POINT('Ctrl Pts',(30.4139279176031,-137.355010661153,157.710587916718));
#2704=CARTESIAN_POINT('Ctrl Pts',(31.4750537767514,-135.805000961491,157.710587916718));
#2705=CARTESIAN_POINT('Ctrl Pts',(1.77457892900775E-15,-147.004635312291,
158.4));
#2706=CARTESIAN_POINT('Ctrl Pts',(3.08872870752296,-147.004635312291,158.4));
#2707=CARTESIAN_POINT('Ctrl Pts',(9.26322389021307,-146.371098055233,158.4));
#2708=CARTESIAN_POINT('Ctrl Pts',(16.6891105542843,-143.928685915518,158.4));
#2709=CARTESIAN_POINT('Ctrl Pts',(22.1704988553919,-140.84336984567,158.4));
#2710=CARTESIAN_POINT('Ctrl Pts',(25.928640254251,-137.897434627037,158.4));
#2711=CARTESIAN_POINT('Ctrl Pts',(28.072363018035,-135.459178607195,158.4));
#2712=CARTESIAN_POINT('Ctrl Pts',(28.996999350584,-134.108542137681,158.4));
#2713=CARTESIAN_POINT('Ctrl Pts',(1.11022302462516E-15,-145.,158.4));
#2714=CARTESIAN_POINT('Ctrl Pts',(2.95056359073789,-145.,158.4));
#2715=CARTESIAN_POINT('Ctrl Pts',(8.8494644988455,-144.394242956245,158.4));
#2716=CARTESIAN_POINT('Ctrl Pts',(15.905509431749,-142.068952011741,158.4));
#2717=CARTESIAN_POINT('Ctrl Pts',(21.0595330635112,-139.165429910193,158.4));
#2718=CARTESIAN_POINT('Ctrl Pts',(24.5529374843593,-136.423902089135,158.4));
#2719=CARTESIAN_POINT('Ctrl Pts',(26.5095057987556,-134.193416086912,158.4));
#2720=CARTESIAN_POINT('Ctrl Pts',(27.3428542082489,-132.976125878803,158.4));
#2721=CARTESIAN_POINT('Ctrl Pts',(5.55111512312578E-15,-158.4,145.));
#2722=CARTESIAN_POINT('Ctrl Pts',(5.55111512312578E-15,-158.4,147.004635312291));
#2723=CARTESIAN_POINT('Ctrl Pts',(5.24773695588187E-15,-157.484583153362,
151.01330230918));
#2724=CARTESIAN_POINT('Ctrl Pts',(4.18563632382394E-15,-154.279788226149,
155.02814946785));
#2725=CARTESIAN_POINT('Ctrl Pts',(2.76984231144695E-15,-150.007754737144,
157.710587916718));
#2726=CARTESIAN_POINT('Ctrl Pts',(1.77457892900775E-15,-147.004635312291,
158.4));
#2727=CARTESIAN_POINT('Ctrl Pts',(1.11022302462516E-15,-145.,158.4));
#2728=CARTESIAN_POINT('Ctrl Pts',(24.9999999999973,-135.795109652207,158.4));
#2729=CARTESIAN_POINT('Ctrl Pts',(25.0059243557428,-135.797545108246,158.4));
#2730=CARTESIAN_POINT('Ctrl Pts',(25.0118489103274,-135.799980089222,158.399996071117));
#2731=CARTESIAN_POINT('Ctrl Pts',(26.2570605714191,-136.311642858988,158.398344430862));
#2732=CARTESIAN_POINT('Ctrl Pts',(27.5003357907048,-136.79785466008,158.224811707094));
#2733=CARTESIAN_POINT('Ctrl Pts',(29.9145396678907,-137.704555329334,157.529016656165));
#2734=CARTESIAN_POINT('Ctrl Pts',(31.0752417792217,-138.121586251088,157.011734584583));
#2735=CARTESIAN_POINT('Ctrl Pts',(33.5782098636793,-138.993479344935,155.431118701673));
#2736=CARTESIAN_POINT('Ctrl Pts',(34.8363424629057,-139.410036665777,154.261359139099));
#2737=CARTESIAN_POINT('Ctrl Pts',(36.6656825574483,-140.002720505467,151.738984447091));
#2738=CARTESIAN_POINT('Ctrl Pts',(37.3083163101773,-140.205175936504,150.482474582962));
#2739=CARTESIAN_POINT('Ctrl Pts',(38.1777305333876,-140.477358404342,147.806161947818));
#2740=CARTESIAN_POINT('Ctrl Pts',(38.4,-140.545770978803,146.408898346754));
#2741=CARTESIAN_POINT('Ctrl Pts',(38.4,-140.545770978803,145.));
#2742=CARTESIAN_POINT('Origin',(-52.5,-145.,145.));
#2743=CARTESIAN_POINT('Origin',(25.,-133.01714982759,145.));
#2744=CARTESIAN_POINT('Ctrl Pts',(24.9999999999973,-114.204890347793,158.4));
#2745=CARTESIAN_POINT('Ctrl Pts',(25.005924357456,-114.20245489105,158.4));
#2746=CARTESIAN_POINT('Ctrl Pts',(25.0118489086017,-114.200019911461,158.39999607112));
#2747=CARTESIAN_POINT('Ctrl Pts',(26.257060715368,-113.688357083173,158.398344430672));
#2748=CARTESIAN_POINT('Ctrl Pts',(27.5003358168523,-113.2021453301,158.224811699558));
#2749=CARTESIAN_POINT('Ctrl Pts',(29.914539667891,-112.295444670666,157.529016656165));
#2750=CARTESIAN_POINT('Ctrl Pts',(31.0752417792219,-111.878413748912,157.011734584583));
#2751=CARTESIAN_POINT('Ctrl Pts',(33.5782098636793,-111.006520655065,155.431118701673));
#2752=CARTESIAN_POINT('Ctrl Pts',(34.8363424629057,-110.589963334223,154.261359139099));
#2753=CARTESIAN_POINT('Ctrl Pts',(36.6656825574482,-109.997279494533,151.738984447091));
#2754=CARTESIAN_POINT('Ctrl Pts',(37.3083163101773,-109.794824063496,150.482474582962));
#2755=CARTESIAN_POINT('Ctrl Pts',(38.1777305333876,-109.522641595658,147.806161947817));
#2756=CARTESIAN_POINT('Ctrl Pts',(38.4,-109.454229021197,146.408898346753));
#2757=CARTESIAN_POINT('Ctrl Pts',(38.4,-109.454229021197,145.));
#2758=CARTESIAN_POINT('Ctrl Pts',(-118.4,-125.,125.));
#2759=CARTESIAN_POINT('Ctrl Pts',(-118.4,-124.996056697732,125.035867615994));
#2760=CARTESIAN_POINT('Ctrl Pts',(-118.399862566722,-124.992113533128,125.071562022758));
#2761=CARTESIAN_POINT('Ctrl Pts',(-118.39581221225,-124.936172165004,125.582513373584));
#2762=CARTESIAN_POINT('Ctrl Pts',(-118.339046531233,-124.83221088479,126.415807158715));
#2763=CARTESIAN_POINT('Ctrl Pts',(-118.18259115748,-124.626038680154,127.517809174906));
#2764=CARTESIAN_POINT('Ctrl Pts',(-117.882637940321,-124.269902060884,128.864205236136));
#2765=CARTESIAN_POINT('Ctrl Pts',(-117.26546989954,-123.581762819677,130.694870049274));
#2766=CARTESIAN_POINT('Ctrl Pts',(-116.011527099093,-122.289903858204,133.228550317157));
#2767=CARTESIAN_POINT('Ctrl Pts',(-114.188209906815,-120.614492210447,135.763964010412));
#2768=CARTESIAN_POINT('Ctrl Pts',(-112.302659200058,-119.081319222483,137.800755988025));
#2769=CARTESIAN_POINT('Ctrl Pts',(-110.76990121674,-117.93770242748,139.224735394576));
#2770=CARTESIAN_POINT('Ctrl Pts',(-109.232152769807,-116.851985074896,140.539385990639));
#2771=CARTESIAN_POINT('Ctrl Pts',(-107.66027185176,-115.829653617507,141.733711519339));
#2772=CARTESIAN_POINT('Ctrl Pts',(-106.059454099945,-114.86829507259,142.83797419571));
#2773=CARTESIAN_POINT('Ctrl Pts',(-104.844578065071,-114.176624379082,143.625247279565));
#2774=CARTESIAN_POINT('Ctrl Pts',(-103.617583941877,-113.514336738964,144.375239290994));
#2775=CARTESIAN_POINT('Ctrl Pts',(-102.379294656705,-112.880768541584,145.090879230403));
#2776=CARTESIAN_POINT('Ctrl Pts',(-101.133710743325,-112.276748548138,145.773285838117));
#2777=CARTESIAN_POINT('Ctrl Pts',(-99.4604353028571,-111.507969898887,146.643988742844));
#2778=CARTESIAN_POINT('Ctrl Pts',(-97.3394672452404,-110.610823232427,147.6676048058));
#2779=CARTESIAN_POINT('Ctrl Pts',(-94.7554193861299,-109.635038539356,148.801574385791));
#2780=CARTESIAN_POINT('Ctrl Pts',(-92.1433534910309,-108.759079152471,149.847523754148));
#2781=CARTESIAN_POINT('Ctrl Pts',(-89.9403414663569,-108.107916924827,150.654212547131));
#2782=CARTESIAN_POINT('Ctrl Pts',(-88.1597225476847,-107.632348974419,151.264612148136));
#2783=CARTESIAN_POINT('Ctrl Pts',(-86.8169343340378,-107.29864412668,151.704938013838));
#2784=CARTESIAN_POINT('Ctrl Pts',(-85.4667717962769,-106.987635751498,152.128464544078));
#2785=CARTESIAN_POINT('Ctrl Pts',(-84.1101253606162,-106.699352089827,152.53546517202));
#2786=CARTESIAN_POINT('Ctrl Pts',(-82.7475006246183,-106.433705051496,152.926336673135));
#2787=CARTESIAN_POINT('Ctrl Pts',(-80.9236527951156,-106.109663539343,153.426381598206));
#2788=CARTESIAN_POINT('Ctrl Pts',(-78.6323357074069,-105.761054697901,154.012597918986));
#2789=CARTESIAN_POINT('Ctrl Pts',(-75.8701092150394,-105.432833359467,154.655982294219));
#2790=CARTESIAN_POINT('Ctrl Pts',(-73.1012996658008,-105.194514394935,155.2411494731));
#2791=CARTESIAN_POINT('Ctrl Pts',(-70.3322437311834,-105.045840142105,155.769843529557));
#2792=CARTESIAN_POINT('Ctrl Pts',(-68.4904041910138,-105.006252629292,156.0857931084));
#2793=CARTESIAN_POINT('Ctrl Pts',(-67.571650448379,-105.001262295118,156.234926474539));
#2794=CARTESIAN_POINT('Ctrl Pts',(-118.4,-125.,125.));
#2795=CARTESIAN_POINT('Ctrl Pts',(-118.400003954118,-124.995365818025,125.032434309792));
#2796=CARTESIAN_POINT('Ctrl Pts',(-118.399884246667,-124.990728452215,125.065002756801));
#2797=CARTESIAN_POINT('Ctrl Pts',(-118.396616960955,-124.924979989666,125.527361509301));
#2798=CARTESIAN_POINT('Ctrl Pts',(-118.350381682409,-124.802739332601,126.284685033909));
#2799=CARTESIAN_POINT('Ctrl Pts',(-118.222334047532,-124.560234522253,127.288134671305));
#2800=CARTESIAN_POINT('Ctrl Pts',(-117.974507094562,-124.14108709222,128.523846489964));
#2801=CARTESIAN_POINT('Ctrl Pts',(-117.455173211687,-123.33189793006,130.225843555585));
#2802=CARTESIAN_POINT('Ctrl Pts',(-116.363990612532,-121.823902000357,132.640223171122));
#2803=CARTESIAN_POINT('Ctrl Pts',(-114.696178096312,-119.910421567277,135.141276937998));
#2804=CARTESIAN_POINT('Ctrl Pts',(-112.903808464761,-118.195400789105,137.194302036192));
#2805=CARTESIAN_POINT('Ctrl Pts',(-111.420488941363,-116.928950317356,138.645123304226));
#2806=CARTESIAN_POINT('Ctrl Pts',(-109.918346694833,-115.733707718945,139.990733239527));
#2807=CARTESIAN_POINT('Ctrl Pts',(-108.365749197306,-114.616460354618,141.220918520248));
#2808=CARTESIAN_POINT('Ctrl Pts',(-106.772554217596,-113.571390252179,142.3616022973));
#2809=CARTESIAN_POINT('Ctrl Pts',(-105.558373062068,-112.821850603534,143.176390859327));
#2810=CARTESIAN_POINT('Ctrl Pts',(-104.327816836291,-112.106142310683,143.95344829771));
#2811=CARTESIAN_POINT('Ctrl Pts',(-103.082288683784,-111.423132617664,144.695633057155));
#2812=CARTESIAN_POINT('Ctrl Pts',(-101.826353103627,-110.773380879009,145.403750280749));
#2813=CARTESIAN_POINT('Ctrl Pts',(-100.13565012262,-109.947967146258,146.307636741878));
#2814=CARTESIAN_POINT('Ctrl Pts',(-97.9869656298045,-108.987235992546,147.370573583069));
#2815=CARTESIAN_POINT('Ctrl Pts',(-95.3623513921565,-107.945036528416,148.547986328443));
#2816=CARTESIAN_POINT('Ctrl Pts',(-92.7041734886337,-107.011356319417,149.63350779915));
#2817=CARTESIAN_POINT('Ctrl Pts',(-90.4589927824689,-106.318279460311,150.470151608717));
#2818=CARTESIAN_POINT('Ctrl Pts',(-88.6427372639027,-105.81241371297,151.10282842388));
#2819=CARTESIAN_POINT('Ctrl Pts',(-87.2723883776598,-105.457559392725,151.559012233238));
#2820=CARTESIAN_POINT('Ctrl Pts',(-85.8938883541641,-105.126874272367,151.997583250395));
#2821=CARTESIAN_POINT('Ctrl Pts',(-84.5082093973475,-104.820338262254,152.418822971956));
#2822=CARTESIAN_POINT('Ctrl Pts',(-83.1159118512925,-104.537795763087,152.823152662212));
#2823=CARTESIAN_POINT('Ctrl Pts',(-81.251721695564,-104.192973567937,153.340121709896));
#2824=CARTESIAN_POINT('Ctrl Pts',(-78.9086371147703,-103.821538695723,153.945629590512));
#2825=CARTESIAN_POINT('Ctrl Pts',(-76.0824675580022,-103.470650726337,154.609322810373));
#2826=CARTESIAN_POINT('Ctrl Pts',(-73.2481391856689,-103.214139778424,155.21209173818));
#2827=CARTESIAN_POINT('Ctrl Pts',(-70.4121808302261,-103.051554623355,155.755804189485));
#2828=CARTESIAN_POINT('Ctrl Pts',(-68.5249126389125,-103.005451935021,156.080120116762));
#2829=CARTESIAN_POINT('Ctrl Pts',(-67.5832554491361,-102.997877139016,156.233042734918));
#2830=CARTESIAN_POINT('Ctrl Pts',(-118.4,-125.,125.));
#2831=CARTESIAN_POINT('Ctrl Pts',(-118.399998054296,-124.993982754426,125.025928804084));
#2832=CARTESIAN_POINT('Ctrl Pts',(-118.399934063277,-124.987959700662,125.051504616236));
#2833=CARTESIAN_POINT('Ctrl Pts',(-118.397902162617,-124.902587755012,125.420597702447));
#2834=CARTESIAN_POINT('Ctrl Pts',(-118.369753550592,-124.743809578938,126.021855884379));
#2835=CARTESIAN_POINT('Ctrl Pts',(-118.289602881116,-124.428612199005,126.828801122813));
#2836=CARTESIAN_POINT('Ctrl Pts',(-118.129527326789,-123.883431658628,127.835371743954));
#2837=CARTESIAN_POINT('Ctrl Pts',(-117.77126347922,-122.832349268004,129.264355644712));
#2838=CARTESIAN_POINT('Ctrl Pts',(-116.941307657437,-120.891870202953,131.391422937196));
#2839=CARTESIAN_POINT('Ctrl Pts',(-115.513609252096,-118.502608699311,133.739772873666));
#2840=CARTESIAN_POINT('Ctrl Pts',(-113.863308834855,-116.423975295822,135.743433355703));
#2841=CARTESIAN_POINT('Ctrl Pts',(-112.453897629864,-114.912336372625,137.186880994038));
#2842=CARTESIAN_POINT('Ctrl Pts',(-111.003924914391,-113.49828694472,138.538207467169));
#2843=CARTESIAN_POINT('Ctrl Pts',(-109.478045487783,-112.191667132004,139.787768253105));
#2844=CARTESIAN_POINT('Ctrl Pts',(-107.892988432866,-110.979550804491,140.954269940022));
#2845=CARTESIAN_POINT('Ctrl Pts',(-106.677034075541,-110.114580399773,141.79065190751));
#2846=CARTESIAN_POINT('Ctrl Pts',(-105.437836884533,-109.292325018503,142.590756090182));
#2847=CARTESIAN_POINT('Ctrl Pts',(-104.177813664452,-108.510729235752,143.356792010831));
#2848=CARTESIAN_POINT('Ctrl Pts',(-102.902340090467,-107.769805695575,144.089089775552));
#2849=CARTESIAN_POINT('Ctrl Pts',(-101.179731306343,-106.831508284448,145.025279390026));
#2850=CARTESIAN_POINT('Ctrl Pts',(-98.981436871135,-105.744052709888,146.128190911781));
#2851=CARTESIAN_POINT('Ctrl Pts',(-96.2852216966722,-104.569560781968,147.351598150444));
#2852=CARTESIAN_POINT('Ctrl Pts',(-93.5461242853823,-103.520907197853,148.480276741422));
#2853=CARTESIAN_POINT('Ctrl Pts',(-91.2271410715783,-102.744370149097,149.350345324811));
#2854=CARTESIAN_POINT('Ctrl Pts',(-89.3485565828784,-102.178194949358,150.008211342142));
#2855=CARTESIAN_POINT('Ctrl Pts',(-87.9299943904274,-101.781233143872,150.482462047482));
#2856=CARTESIAN_POINT('Ctrl Pts',(-86.5019204717036,-101.411387587567,150.938298053972));
#2857=CARTESIAN_POINT('Ctrl Pts',(-85.0654252280564,-101.068523542655,151.375975881365));
#2858=CARTESIAN_POINT('Ctrl Pts',(-83.6211630628355,-100.752361365277,151.795927357555));
#2859=CARTESIAN_POINT('Ctrl Pts',(-81.6862703836561,-100.366190241592,152.332631438631));
#2860=CARTESIAN_POINT('Ctrl Pts',(-79.2523465923437,-99.9493470528948,152.96077290126));
#2861=CARTESIAN_POINT('Ctrl Pts',(-76.3137385525447,-99.5533797115783,153.648417812394));
#2862=CARTESIAN_POINT('Ctrl Pts',(-73.3639263984691,-99.2607016750673,154.271999638355));
#2863=CARTESIAN_POINT('Ctrl Pts',(-70.4097330909074,-99.0704753015123,154.833462890938));
#2864=CARTESIAN_POINT('Ctrl Pts',(-68.4419491549948,-99.0114378926619,155.167625527019));
#2865=CARTESIAN_POINT('Ctrl Pts',(-67.4596350572426,-98.998736856997,155.324988713058));
#2866=CARTESIAN_POINT('Ctrl Pts',(-118.4,-125.,125.));
#2867=CARTESIAN_POINT('Ctrl Pts',(-118.400008131592,-124.991563033239,125.01397009303));
#2868=CARTESIAN_POINT('Ctrl Pts',(-118.399973197044,-124.983113755107,125.028484913315));
#2869=CARTESIAN_POINT('Ctrl Pts',(-118.399479770435,-124.863402111523,125.228135310169));
#2870=CARTESIAN_POINT('Ctrl Pts',(-118.391654259241,-124.640710694497,125.561978081075));
#2871=CARTESIAN_POINT('Ctrl Pts',(-118.365032168466,-124.198787186614,126.017013672959));
#2872=CARTESIAN_POINT('Ctrl Pts',(-118.298192694013,-123.435113080721,126.612731628414));
#2873=CARTESIAN_POINT('Ctrl Pts',(-118.098001437523,-121.968849657199,127.520342878846));
#2874=CARTESIAN_POINT('Ctrl Pts',(-117.475937641149,-119.306952703782,129.020811402337));
#2875=CARTESIAN_POINT('Ctrl Pts',(-116.177031467239,-116.168274285171,130.875692790616));
#2876=CARTESIAN_POINT('Ctrl Pts',(-114.57305606472,-113.552374927261,132.562329365278));
#2877=CARTESIAN_POINT('Ctrl Pts',(-113.172852663953,-111.691314316862,133.817053858465));
#2878=CARTESIAN_POINT('Ctrl Pts',(-111.719396623092,-109.973320636265,135.009167721277));
#2879=CARTESIAN_POINT('Ctrl Pts',(-110.174493639407,-108.412306513925,136.134724731352));
#2880=CARTESIAN_POINT('Ctrl Pts',(-108.560840770718,-106.981665704879,137.198715148915));
#2881=CARTESIAN_POINT('Ctrl Pts',(-107.319169578702,-105.96824896117,137.967943169581));
#2882=CARTESIAN_POINT('Ctrl Pts',(-106.050927547774,-105.011096971599,138.708529286047));
#2883=CARTESIAN_POINT('Ctrl Pts',(-104.758934784328,-104.106487650006,139.421829112736));
#2884=CARTESIAN_POINT('Ctrl Pts',(-103.449175286524,-103.253309599928,140.107104957798));
#2885=CARTESIAN_POINT('Ctrl Pts',(-101.678066515713,-102.17775456742,140.987118586176));
#2886=CARTESIAN_POINT('Ctrl Pts',(-99.4145052282032,-100.938992830189,142.030040754538));
#2887=CARTESIAN_POINT('Ctrl Pts',(-96.6342115365803,-99.6097383775145,143.194098915508));
#2888=CARTESIAN_POINT('Ctrl Pts',(-93.8066720811534,-98.4290963437372,144.273413965711));
#2889=CARTESIAN_POINT('Ctrl Pts',(-91.4107556541922,-97.5583782821311,145.108830098946));
#2890=CARTESIAN_POINT('Ctrl Pts',(-89.4687719236503,-96.9249480527124,145.742062923188));
#2891=CARTESIAN_POINT('Ctrl Pts',(-88.0018341886951,-96.4814298818865,146.199271251003));
#2892=CARTESIAN_POINT('Ctrl Pts',(-86.5245566201198,-96.068633489157,146.639341091607));
#2893=CARTESIAN_POINT('Ctrl Pts',(-85.0380822077207,-95.6862677553968,147.062429498628));
#2894=CARTESIAN_POINT('Ctrl Pts',(-83.5430772261275,-95.3338630021922,147.468858104123));
#2895=CARTESIAN_POINT('Ctrl Pts',(-81.5395393305533,-94.9035291341696,147.988840809188));
#2896=CARTESIAN_POINT('Ctrl Pts',(-79.0179844812721,-94.4389303449285,148.598324179381));
#2897=CARTESIAN_POINT('Ctrl Pts',(-75.9713456111807,-93.9966916624008,149.266626412185));
#2898=CARTESIAN_POINT('Ctrl Pts',(-72.9106027905873,-93.6681021120832,149.873475773831));
#2899=CARTESIAN_POINT('Ctrl Pts',(-69.8424977646119,-93.4518191917279,150.420459544285));
#2900=CARTESIAN_POINT('Ctrl Pts',(-67.7966935297437,-93.3817458239554,150.746275721907));
#2901=CARTESIAN_POINT('Ctrl Pts',(-66.7748184128161,-93.3650734990656,150.89975133771));
#2902=CARTESIAN_POINT('Ctrl Pts',(-118.4,-125.,125.));
#2903=CARTESIAN_POINT('Ctrl Pts',(-118.399995441812,-124.989831201834,125.005960136653));
#2904=CARTESIAN_POINT('Ctrl Pts',(-118.399997509161,-124.979656208074,125.011483116795));
#2905=CARTESIAN_POINT('Ctrl Pts',(-118.399749265167,-124.835387924654,125.095878955999));
#2906=CARTESIAN_POINT('Ctrl Pts',(-118.396844019222,-124.56716624312,125.232669579252));
#2907=CARTESIAN_POINT('Ctrl Pts',(-118.380600873164,-124.035500441501,125.437429630052));
#2908=CARTESIAN_POINT('Ctrl Pts',(-118.326595834343,-123.119342111433,125.728919066957));
#2909=CARTESIAN_POINT('Ctrl Pts',(-118.124137935849,-121.371946155479,126.242657292232));
#2910=CARTESIAN_POINT('Ctrl Pts',(-117.418567365026,-118.256336100068,127.226753357906));
#2911=CARTESIAN_POINT('Ctrl Pts',(-115.929407356593,-114.728826543578,128.602015180081));
#2912=CARTESIAN_POINT('Ctrl Pts',(-114.16108655597,-111.898705854564,129.927699808012));
#2913=CARTESIAN_POINT('Ctrl Pts',(-112.649107704145,-109.924712168792,130.942329094317));
#2914=CARTESIAN_POINT('Ctrl Pts',(-111.098789934175,-108.123192033078,131.920462661788));
#2915=CARTESIAN_POINT('Ctrl Pts',(-109.475406921562,-106.510464670559,132.860340488864));
#2916=CARTESIAN_POINT('Ctrl Pts',(-107.798906535855,-105.047130005962,133.760479551328));
#2917=CARTESIAN_POINT('Ctrl Pts',(-106.517107718337,-104.016922303547,134.416031433786));
#2918=CARTESIAN_POINT('Ctrl Pts',(-105.2149787304,-103.048960508454,135.051621188107));
#2919=CARTESIAN_POINT('Ctrl Pts',(-103.894731203302,-102.138346625366,135.667422879294));
#2920=CARTESIAN_POINT('Ctrl Pts',(-102.561725633528,-101.282930642799,136.262327416622));
#2921=CARTESIAN_POINT('Ctrl Pts',(-100.765530224998,-100.208393234164,137.030057136868));
#2922=CARTESIAN_POINT('Ctrl Pts',(-98.4802666118472,-98.9767380261692,137.946243913628));
#2923=CARTESIAN_POINT('Ctrl Pts',(-95.6863387685126,-97.6618858039401,138.976798306004));
#2924=CARTESIAN_POINT('Ctrl Pts',(-92.8549328007574,-96.4990304207767,139.938776431492));
#2925=CARTESIAN_POINT('Ctrl Pts',(-90.4622209369552,-95.6447261295881,140.687795024533));
#2926=CARTESIAN_POINT('Ctrl Pts',(-88.5258632703955,-95.0248923911003,141.257769486288));
#2927=CARTESIAN_POINT('Ctrl Pts',(-87.0644857354591,-94.5916744683396,141.67035137881));
#2928=CARTESIAN_POINT('Ctrl Pts',(-85.5939722839905,-94.1892330283375,142.06842991592));
#2929=CARTESIAN_POINT('Ctrl Pts',(-84.1153017612296,-93.8171820063475,142.452037373235));
#2930=CARTESIAN_POINT('Ctrl Pts',(-82.6290137983468,-93.475008794895,142.821363013447));
#2931=CARTESIAN_POINT('Ctrl Pts',(-80.6381432213986,-93.0581325468064,143.294896772255));
#2932=CARTESIAN_POINT('Ctrl Pts',(-78.134088249589,-92.6099190270375,143.851714473237));
#2933=CARTESIAN_POINT('Ctrl Pts',(-75.1102637631531,-92.1864158728336,144.464707673086));
#2934=CARTESIAN_POINT('Ctrl Pts',(-72.0734025242488,-91.8755105952896,145.02350891289));
#2935=CARTESIAN_POINT('Ctrl Pts',(-69.029567511994,-91.6758055185999,145.529164289427));
#2936=CARTESIAN_POINT('Ctrl Pts',(-66.9997882915596,-91.6160489689116,145.831595501448));
#2937=CARTESIAN_POINT('Ctrl Pts',(-65.9857889150212,-91.6043616545601,145.974352427974));
#2938=CARTESIAN_POINT('Ctrl Pts',(-118.4,-125.,125.));
#2939=CARTESIAN_POINT('Ctrl Pts',(-118.4,-124.988791180495,125.000817398806));
#2940=CARTESIAN_POINT('Ctrl Pts',(-118.399990794188,-124.977582752897,125.001635707752));
#2941=CARTESIAN_POINT('Ctrl Pts',(-118.399733863217,-124.818569504927,125.013223290441));
#2942=CARTESIAN_POINT('Ctrl Pts',(-118.396056514368,-124.523088574655,125.035429817939));
#2943=CARTESIAN_POINT('Ctrl Pts',(-118.376338784555,-123.938084170256,125.087863984594));
#2944=CARTESIAN_POINT('Ctrl Pts',(-118.31013142118,-122.932752230012,125.198998426709));
#2945=CARTESIAN_POINT('Ctrl Pts',(-118.065412877295,-121.025768834176,125.475561501757));
#2946=CARTESIAN_POINT('Ctrl Pts',(-117.225788427455,-117.675869665497,126.150156043471));
#2947=CARTESIAN_POINT('Ctrl Pts',(-115.528289417623,-113.99915106052,127.237295133948));
#2948=CARTESIAN_POINT('Ctrl Pts',(-113.601240315308,-111.132601076437,128.346051952492));
#2949=CARTESIAN_POINT('Ctrl Pts',(-111.989215179401,-109.161634593832,129.216576534068));
#2950=CARTESIAN_POINT('Ctrl Pts',(-110.356881464116,-107.377997447736,130.065345567721));
#2951=CARTESIAN_POINT('Ctrl Pts',(-108.672407520346,-105.797987410877,130.893600443578));
#2952=CARTESIAN_POINT('Ctrl Pts',(-106.951872787851,-104.3740232148,131.694647484592));
#2953=CARTESIAN_POINT('Ctrl Pts',(-105.644258348978,-103.37565315445,132.281705722815));
#2954=CARTESIAN_POINT('Ctrl Pts',(-104.322837311667,-102.44074026509,132.853811010232));
#2955=CARTESIAN_POINT('Ctrl Pts',(-102.988901831484,-101.563792716119,133.41074261619));
#2956=CARTESIAN_POINT('Ctrl Pts',(-101.647173258442,-100.742018557319,133.950998453343));
#2957=CARTESIAN_POINT('Ctrl Pts',(-99.8450793744311,-99.7119739274064,134.650833135295));
#2958=CARTESIAN_POINT('Ctrl Pts',(-97.5618468958775,-98.5346771829385,135.490336310786));
#2959=CARTESIAN_POINT('Ctrl Pts',(-94.7820924081188,-97.2816015179648,136.440044930288));
#2960=CARTESIAN_POINT('Ctrl Pts',(-91.9739423472756,-96.1762027606193,137.330939409729));
#2961=CARTESIAN_POINT('Ctrl Pts',(-89.606565922296,-95.3660747625918,138.027587446173));
#2962=CARTESIAN_POINT('Ctrl Pts',(-87.6933513501492,-94.779383776925,138.559197016212));
#2963=CARTESIAN_POINT('Ctrl Pts',(-86.250595244446,-94.3698829903542,138.944717686089));
#2964=CARTESIAN_POINT('Ctrl Pts',(-84.7998338483872,-93.9900445975052,139.317320435065));
#2965=CARTESIAN_POINT('Ctrl Pts',(-83.3419096015615,-93.6394714037286,139.676975414656));
#2966=CARTESIAN_POINT('Ctrl Pts',(-81.877246357162,-93.3176665905391,140.023784856667));
#2967=CARTESIAN_POINT('Ctrl Pts',(-79.9162359484403,-92.9264779628604,140.469128580122));
#2968=CARTESIAN_POINT('Ctrl Pts',(-77.451181002631,-92.5076516975628,140.99397549368));
#2969=CARTESIAN_POINT('Ctrl Pts',(-74.4761377539271,-92.1151735855506,141.573387021759));
#2970=CARTESIAN_POINT('Ctrl Pts',(-71.4894449929994,-91.831187012191,142.103010935474));
#2971=CARTESIAN_POINT('Ctrl Pts',(-68.4966459494054,-91.6544326188825,142.583567863005));
#2972=CARTESIAN_POINT('Ctrl Pts',(-66.5011633315645,-91.6074257219598,142.871798050181));
#2973=CARTESIAN_POINT('Ctrl Pts',(-65.5043110053206,-91.601499112844,143.008045966766));
#2974=CARTESIAN_POINT('Ctrl Pts',(-64.245329399273,-105.,156.738360106801));
#2975=CARTESIAN_POINT('Ctrl Pts',(-56.1612989514149,-105.,157.874525100933));
#2976=CARTESIAN_POINT('Ctrl Pts',(-48.0811028966969,-105.,158.4));
#2977=CARTESIAN_POINT('Ctrl Pts',(-40.,-105.,158.4));
#2978=CARTESIAN_POINT('Ctrl Pts',(-64.245329399273,-102.995364687709,156.738360106801));
#2979=CARTESIAN_POINT('Ctrl Pts',(-56.1612015154277,-102.995364687709,157.874538795013));
#2980=CARTESIAN_POINT('Ctrl Pts',(-48.0811893624139,-102.995364687709,158.4));
#2981=CARTESIAN_POINT('Ctrl Pts',(-40.,-102.995364687709,158.4));
#2982=CARTESIAN_POINT('Ctrl Pts',(-64.1179210543006,-98.9867176393944,155.831825452603));
#2983=CARTESIAN_POINT('Ctrl Pts',(-56.0798540241858,-98.9867176393944,156.961530546987));
#2984=CARTESIAN_POINT('Ctrl Pts',(-48.0403144777576,-98.9867176393944,157.484555864276));
#2985=CARTESIAN_POINT('Ctrl Pts',(-40.,-98.9867176393944,157.484555864276));
#2986=CARTESIAN_POINT('Ctrl Pts',(-63.671890093967,-94.9718701512518,152.658230171418));
#2987=CARTESIAN_POINT('Ctrl Pts',(-55.7947712348257,-94.9718701512518,153.765314905958));
#2988=CARTESIAN_POINT('Ctrl Pts',(-47.8974873829178,-94.9718701512519,154.279770282317));
#2989=CARTESIAN_POINT('Ctrl Pts',(-40.,-94.9718701512519,154.279770282317));
#2990=CARTESIAN_POINT('Ctrl Pts',(-63.0773228544909,-92.2894386763116,148.427770958146));
#2991=CARTESIAN_POINT('Ctrl Pts',(-55.4149368924962,-92.2894386763116,149.504676192199));
#2992=CARTESIAN_POINT('Ctrl Pts',(-47.7069311580132,-92.2894386763116,150.007733840827));
#2993=CARTESIAN_POINT('Ctrl Pts',(-40.,-92.2894386763116,150.007733840827));
#2994=CARTESIAN_POINT('Ctrl Pts',(-62.6593619998864,-91.6,145.453899828437));
#2995=CARTESIAN_POINT('Ctrl Pts',(-55.1477247446623,-91.6,146.509618179951));
#2996=CARTESIAN_POINT('Ctrl Pts',(-47.5731551746723,-91.6,147.004635312291));
#2997=CARTESIAN_POINT('Ctrl Pts',(-40.,-91.6,147.004635312291));
#2998=CARTESIAN_POINT('Ctrl Pts',(-62.3803637984176,-91.6,143.468774457368));
#2999=CARTESIAN_POINT('Ctrl Pts',(-54.9695513953802,-91.6,144.510322443205));
#3000=CARTESIAN_POINT('Ctrl Pts',(-47.4836821434575,-91.6,145.));
#3001=CARTESIAN_POINT('Ctrl Pts',(-40.,-91.6,145.));
#3002=CARTESIAN_POINT('Ctrl Pts',(-40.,-91.6,145.));
#3003=CARTESIAN_POINT('Ctrl Pts',(-40.,-91.6,147.004635312291));
#3004=CARTESIAN_POINT('Ctrl Pts',(-40.,-92.2894386763116,150.007733840827));
#3005=CARTESIAN_POINT('Ctrl Pts',(-40.,-94.9718701512519,154.279770282317));
#3006=CARTESIAN_POINT('Ctrl Pts',(-40.,-98.9867176393944,157.484555864276));
#3007=CARTESIAN_POINT('Ctrl Pts',(-40.,-102.995364687709,158.4));
#3008=CARTESIAN_POINT('Ctrl Pts',(-40.,-105.,158.4));
#3009=CARTESIAN_POINT('Origin',(-20.,-105.,145.));
#3010=CARTESIAN_POINT('Origin',(1.11022302462516E-15,-105.,145.));
#3011=CARTESIAN_POINT('Ctrl Pts',(38.4,-109.454229021197,145.));
#3012=CARTESIAN_POINT('Ctrl Pts',(36.9571126153196,-107.346571929917,145.));
#3013=CARTESIAN_POINT('Ctrl Pts',(32.1312979480553,-101.93016130641,145.));
#3014=CARTESIAN_POINT('Ctrl Pts',(23.0403280574733,-96.1325389759425,145.));
#3015=CARTESIAN_POINT('Ctrl Pts',(11.6212959659585,-92.3870057700695,145.));
#3016=CARTESIAN_POINT('Ctrl Pts',(3.87310647344192,-91.6,145.));
#3017=CARTESIAN_POINT('Ctrl Pts',(-1.22124532708767E-14,-91.6,145.));
#3018=CARTESIAN_POINT('Ctrl Pts',(38.4,-109.454229021197,147.004635312291));
#3019=CARTESIAN_POINT('Ctrl Pts',(36.9570243957119,-107.346443065611,147.004635312291));
#3020=CARTESIAN_POINT('Ctrl Pts',(32.1312637660855,-101.930010222097,147.004635312291));
#3021=CARTESIAN_POINT('Ctrl Pts',(23.0403054065044,-96.1323845593963,147.004635312291));
#3022=CARTESIAN_POINT('Ctrl Pts',(11.6211924034966,-92.3868977938181,147.004635312291));
#3023=CARTESIAN_POINT('Ctrl Pts',(3.87323999463499,-91.6,147.004635312291));
#3024=CARTESIAN_POINT('Ctrl Pts',(-1.22124532708767E-14,-91.6,147.004635312291));
#3025=CARTESIAN_POINT('Ctrl Pts',(37.644649928165,-109.971336426466,151.01331585679));
#3026=CARTESIAN_POINT('Ctrl Pts',(36.2433783242302,-107.924468414312,151.01331585679));
#3027=CARTESIAN_POINT('Ctrl Pts',(31.5462298136109,-102.64948546167,151.01331585679));
#3028=CARTESIAN_POINT('Ctrl Pts',(22.648930191171,-96.970252527271,151.01331585679));
#3029=CARTESIAN_POINT('Ctrl Pts',(11.4321256579877,-93.2899992553488,151.01331585679));
#3030=CARTESIAN_POINT('Ctrl Pts',(3.81012060396025,-92.5153981645192,151.01331585679));
#3031=CARTESIAN_POINT('Ctrl Pts',(-1.13781803374113E-14,-92.5153981645192,
151.01331585679));
#3032=CARTESIAN_POINT('Ctrl Pts',(35.0001755893828,-111.781725164903,155.028162850483));
#3033=CARTESIAN_POINT('Ctrl Pts',(33.7446282184038,-109.947719720002,155.028162850483));
#3034=CARTESIAN_POINT('Ctrl Pts',(29.4979218700419,-105.167880854759,155.028162850483));
#3035=CARTESIAN_POINT('Ctrl Pts',(21.2786566261413,-99.9031292618165,155.028162850483));
#3036=CARTESIAN_POINT('Ctrl Pts',(10.7698745304649,-96.4514059000766,155.028162850483));
#3037=CARTESIAN_POINT('Ctrl Pts',(3.58956562811227,-95.7201995488074,155.028162850483));
#3038=CARTESIAN_POINT('Ctrl Pts',(-8.45739771442168E-15,-95.7201995488074,
155.028162850483));
#3039=CARTESIAN_POINT('Ctrl Pts',(31.4750655148761,-114.19499100267,157.710606100823));
#3040=CARTESIAN_POINT('Ctrl Pts',(30.4139396557279,-112.644981303008,157.710606100823));
#3041=CARTESIAN_POINT('Ctrl Pts',(26.7675731606952,-108.52521707315,157.710606100823));
#3042=CARTESIAN_POINT('Ctrl Pts',(19.4521121738786,-103.812979558621,157.710606100823));
#3043=CARTESIAN_POINT('Ctrl Pts',(9.88728652151879,-100.665799468114,157.710606100823));
#3044=CARTESIAN_POINT('Ctrl Pts',(3.29530686979586,-99.9922310375872,157.710606100823));
#3045=CARTESIAN_POINT('Ctrl Pts',(-4.56396600334428E-15,-99.9922310375872,
157.710606100823));
#3046=CARTESIAN_POINT('Ctrl Pts',(28.996999350584,-115.891457862319,158.4));
#3047=CARTESIAN_POINT('Ctrl Pts',(28.072363018035,-114.540821392805,158.4));
#3048=CARTESIAN_POINT('Ctrl Pts',(24.8481334882611,-110.885027132653,158.4));
#3049=CARTESIAN_POINT('Ctrl Pts',(18.1680488443039,-106.561186550108,158.4));
#3050=CARTESIAN_POINT('Ctrl Pts',(9.26663268901347,-103.628189812977,158.4));
#3051=CARTESIAN_POINT('Ctrl Pts',(3.08872870752296,-102.995364687709,158.4));
#3052=CARTESIAN_POINT('Ctrl Pts',(-1.82697873705214E-15,-102.995364687709,
158.4));
#3053=CARTESIAN_POINT('Ctrl Pts',(27.3428542082489,-117.023874121197,158.4));
#3054=CARTESIAN_POINT('Ctrl Pts',(26.5095057987556,-115.806583913088,158.4));
#3055=CARTESIAN_POINT('Ctrl Pts',(23.5669490664697,-112.46054147479,158.4));
#3056=CARTESIAN_POINT('Ctrl Pts',(17.3109639354859,-108.395968251349,158.4));
#3057=CARTESIAN_POINT('Ctrl Pts',(8.8525475901215,-105.60584768754,158.4));
#3058=CARTESIAN_POINT('Ctrl Pts',(2.95056359073789,-105.,158.4));
#3059=CARTESIAN_POINT('Ctrl Pts',(-7.4779709039579E-31,-105.,158.4));
#3060=CARTESIAN_POINT('Ctrl Pts',(-40.,-145.,160.));
#3061=CARTESIAN_POINT('Ctrl Pts',(-49.1143126546602,-145.,160.));
#3062=CARTESIAN_POINT('Ctrl Pts',(-58.2264745830885,-145.,159.343708665974));
#3063=CARTESIAN_POINT('Ctrl Pts',(-67.3585439917872,-145.,157.889730151831));
#3064=CARTESIAN_POINT('Ctrl Pts',(-40.,-147.243994752564,160.));
#3065=CARTESIAN_POINT('Ctrl Pts',(-49.1144018162596,-147.243994752564,160.));
#3066=CARTESIAN_POINT('Ctrl Pts',(-58.2263708927852,-147.243994752564,159.343725175208));
#3067=CARTESIAN_POINT('Ctrl Pts',(-67.3585439917872,-147.243994752564,157.889730151831));
#3068=CARTESIAN_POINT('Ctrl Pts',(-40.,-151.73154134249,158.975576477904));
#3069=CARTESIAN_POINT('Ctrl Pts',(-49.0632907357016,-151.73154134249,158.975576477904));
#3070=CARTESIAN_POINT('Ctrl Pts',(-58.1247338919134,-151.73154134249,158.322580673595));
#3071=CARTESIAN_POINT('Ctrl Pts',(-67.1974674622289,-151.73154134249,156.878049419461));
#3072=CARTESIAN_POINT('Ctrl Pts',(-40.,-156.226087695169,155.388250300064));
#3073=CARTESIAN_POINT('Ctrl Pts',(-48.8845232628972,-156.226087695169,155.388250300064));
#3074=CARTESIAN_POINT('Ctrl Pts',(-57.7685733924626,-156.226087695169,154.746776464773));
#3075=CARTESIAN_POINT('Ctrl Pts',(-66.6334096886062,-156.226087695169,153.335345941291));
#3076=CARTESIAN_POINT('Ctrl Pts',(-40.,-159.229343498299,150.606241657564));
#3077=CARTESIAN_POINT('Ctrl Pts',(-48.6460557512246,-159.229343498299,150.606241657564));
#3078=CARTESIAN_POINT('Ctrl Pts',(-57.2939935235857,-159.229343498299,149.98009632185));
#3079=CARTESIAN_POINT('Ctrl Pts',(-65.8815045050198,-159.229343498299,148.61282063677));
#3080=CARTESIAN_POINT('Ctrl Pts',(-40.,-160.,147.243994752564));
#3081=CARTESIAN_POINT('Ctrl Pts',(-48.4785982272171,-160.,147.243994752564));
#3082=CARTESIAN_POINT('Ctrl Pts',(-56.960070766298,-160.,146.62866578729));
#3083=CARTESIAN_POINT('Ctrl Pts',(-65.3528373558436,-160.,145.292396673545));
#3084=CARTESIAN_POINT('Ctrl Pts',(-40.,-160.,145.));
#3085=CARTESIAN_POINT('Ctrl Pts',(-48.3666541947076,-160.,145.));
#3086=CARTESIAN_POINT('Ctrl Pts',(-56.737418498395,-160.,144.391856405665));
#3087=CARTESIAN_POINT('Ctrl Pts',(-64.9999999997171,-160.,143.076314940021));
#3088=CARTESIAN_POINT('',(-64.9999999998586,-160.,143.076314940021));
#3089=CARTESIAN_POINT('Origin',(-64.9999999997171,-145.,143.076314940021));
#3090=CARTESIAN_POINT('',(-40.,-160.,145.));
#3091=CARTESIAN_POINT('Ctrl Pts',(-64.9999999997171,-160.,143.076314940021));
#3092=CARTESIAN_POINT('Ctrl Pts',(-56.737418498395,-160.,144.391856405665));
#3093=CARTESIAN_POINT('Ctrl Pts',(-48.3666541947076,-160.,145.));
#3094=CARTESIAN_POINT('Ctrl Pts',(-40.,-160.,145.));
#3095=CARTESIAN_POINT('Origin',(-40.,-145.,145.));
#3096=CARTESIAN_POINT('',(-65.7230727481373,-158.761361140766,149.004870014374));
#3097=CARTESIAN_POINT('',(-66.0500009685755,-158.000002351325,150.486649677376));
#3098=CARTESIAN_POINT('Ctrl Pts',(-65.7230727481373,-158.761361140766,149.004870014374));
#3099=CARTESIAN_POINT('Ctrl Pts',(-65.848310783714,-158.642421041994,149.26273638754));
#3100=CARTESIAN_POINT('Ctrl Pts',(-65.9504464858026,-158.486140801911,149.58686352249));
#3101=CARTESIAN_POINT('Ctrl Pts',(-66.0349367130675,-158.204227343632,150.121065103819));
#3102=CARTESIAN_POINT('Ctrl Pts',(-66.0500009691743,-158.102794662407,150.305854239607));
#3103=CARTESIAN_POINT('Ctrl Pts',(-66.0500009685755,-158.000002348267,150.486649677376));
#3104=CARTESIAN_POINT('Ctrl Pts',(-66.0500009685755,-158.000002348267,150.486649677376));
#3105=CARTESIAN_POINT('Ctrl Pts',(-66.050000967697,-157.849194090022,150.75189757355));
#3106=CARTESIAN_POINT('Ctrl Pts',(-66.0175716597457,-157.695338554,151.008480753253));
#3107=CARTESIAN_POINT('Ctrl Pts',(-65.8728314130863,-157.389970454339,151.503393545071));
#3108=CARTESIAN_POINT('Ctrl Pts',(-65.7571937030647,-157.250918847144,151.720811882098));
#3109=CARTESIAN_POINT('Ctrl Pts',(-65.5175475667884,-157.079065024964,151.997685706976));
#3110=CARTESIAN_POINT('Ctrl Pts',(-65.4121622025015,-157.027268300216,152.083951574964));
#3111=CARTESIAN_POINT('Ctrl Pts',(-65.2231562481325,-156.970822175817,152.188626453614));
#3112=CARTESIAN_POINT('Ctrl Pts',(-65.1384938519787,-156.95522664903,152.222168715602));
#3113=CARTESIAN_POINT('Ctrl Pts',(-64.9740939239849,-156.947729801492,152.256803441102));
#3114=CARTESIAN_POINT('Ctrl Pts',(-64.8987912388681,-156.952097366106,152.262236116391));
#3115=CARTESIAN_POINT('Ctrl Pts',(-64.7406141764167,-156.979084822432,152.249624478977));
#3116=CARTESIAN_POINT('Ctrl Pts',(-64.6618079216908,-157.002764198704,152.229526496094));
#3117=CARTESIAN_POINT('Ctrl Pts',(-64.4918303947264,-157.075182300569,152.156130698852));
#3118=CARTESIAN_POINT('Ctrl Pts',(-64.4006492968261,-157.13117279176,152.092701656864));
#3119=CARTESIAN_POINT('Ctrl Pts',(-64.2281246773142,-157.278277080853,151.909918005275));
#3120=CARTESIAN_POINT('Ctrl Pts',(-64.1585338426731,-157.364078627461,151.79545191413));
#3121=CARTESIAN_POINT('Ctrl Pts',(-64.0273223903865,-157.576956608345,151.494398447956));
#3122=CARTESIAN_POINT('Ctrl Pts',(-63.9763810646617,-157.720766443307,151.276030892314));
#3123=CARTESIAN_POINT('Ctrl Pts',(-63.9289392975823,-158.107574225182,150.629659401984));
#3124=CARTESIAN_POINT('Ctrl Pts',(-63.9813582421959,-158.335121098963,150.19233037612));
#3125=CARTESIAN_POINT('Ctrl Pts',(-64.2002371985559,-158.715315611414,149.359588914423));
#3126=CARTESIAN_POINT('Ctrl Pts',(-64.3670664950982,-158.86475966295,148.970824522521));
#3127=CARTESIAN_POINT('Ctrl Pts',(-64.6302491724693,-158.985629063984,148.621360699344));
#3128=CARTESIAN_POINT('Ctrl Pts',(-64.7157440136872,-159.015931276855,148.52831260607));
#3129=CARTESIAN_POINT('Ctrl Pts',(-64.8644807657177,-159.042373410671,148.434816035483));
#3130=CARTESIAN_POINT('Ctrl Pts',(-64.9174246224673,-159.048316810329,148.41064303352));
#3131=CARTESIAN_POINT('Ctrl Pts',(-65.0187447103212,-159.050759217236,148.388505760655));
#3132=CARTESIAN_POINT('Ctrl Pts',(-65.0634591205348,-159.049070816344,148.386216053293));
#3133=CARTESIAN_POINT('Ctrl Pts',(-65.1633130437488,-159.038675006172,148.3988598719));
#3134=CARTESIAN_POINT('Ctrl Pts',(-65.2150975173255,-159.028950337813,148.417011960619));
#3135=CARTESIAN_POINT('Ctrl Pts',(-65.3577503327331,-158.991967642788,148.49306503398));
#3136=CARTESIAN_POINT('Ctrl Pts',(-65.4395652288332,-158.95658140937,148.572540653729));
#3137=CARTESIAN_POINT('Ctrl Pts',(-65.5921941575801,-158.872624899998,148.760300021337));
#3138=CARTESIAN_POINT('Ctrl Pts',(-65.6644689383611,-158.817017897845,148.884204181418));
#3139=CARTESIAN_POINT('Ctrl Pts',(-65.7230727481373,-158.761361140766,149.004870014374));
#3140=CARTESIAN_POINT('Ctrl Pts',(40.,-108.96570034482,145.));
#3141=CARTESIAN_POINT('Ctrl Pts',(38.4931038461969,-106.691627452649,145.));
#3142=CARTESIAN_POINT('Ctrl Pts',(35.1287554067538,-102.808755965893,145.));
#3143=CARTESIAN_POINT('Ctrl Pts',(29.6223247015903,-98.4421457987649,145.));
#3144=CARTESIAN_POINT('Ctrl Pts',(21.9597395995858,-94.089980455574,145.));
#3145=CARTESIAN_POINT('Ctrl Pts',(12.0523512546062,-90.8291290862874,145.));
#3146=CARTESIAN_POINT('Ctrl Pts',(4.01852311537027,-90.,145.));
#3147=CARTESIAN_POINT('Ctrl Pts',(-3.5527136788005E-14,-90.,145.));
#3148=CARTESIAN_POINT('Ctrl Pts',(40.,-108.96570034482,147.243994752564));
#3149=CARTESIAN_POINT('Ctrl Pts',(38.493014596447,-106.691492764909,147.243994752564));
#3150=CARTESIAN_POINT('Ctrl Pts',(35.1288211475509,-102.808705941046,147.243994752564));
#3151=CARTESIAN_POINT('Ctrl Pts',(29.6222100253446,-98.4419506096169,147.243994752564));
#3152=CARTESIAN_POINT('Ctrl Pts',(21.9596729612004,-94.0898303718735,147.243994752564));
#3153=CARTESIAN_POINT('Ctrl Pts',(12.052221972737,-90.8290148298986,147.243994752564));
#3154=CARTESIAN_POINT('Ctrl Pts',(4.01865889452419,-90.,147.243994752564));
#3155=CARTESIAN_POINT('Ctrl Pts',(-3.5527136788005E-14,-90.,147.243994752564));
#3156=CARTESIAN_POINT('Ctrl Pts',(39.1459234358827,-109.531647326534,151.731211290813));
#3157=CARTESIAN_POINT('Ctrl Pts',(37.6857726531547,-107.328118367286,151.731211290813));
#3158=CARTESIAN_POINT('Ctrl Pts',(34.4182645033078,-103.555152715288,151.731211290813));
#3159=CARTESIAN_POINT('Ctrl Pts',(29.048655619656,-99.29587736253,151.731211290813));
#3160=CARTESIAN_POINT('Ctrl Pts',(21.5553997751278,-95.038943483916,151.731211290813));
#3161=CARTESIAN_POINT('Ctrl Pts',(11.8388851566174,-91.8391350819503,151.731211290813));
#3162=CARTESIAN_POINT('Ctrl Pts',(3.94740754431883,-91.0245695503408,151.731211290813));
#3163=CARTESIAN_POINT('Ctrl Pts',(-3.42379693222044E-14,-91.0245695503408,
151.731211290813));
#3164=CARTESIAN_POINT('Ctrl Pts',(36.1556125136339,-111.513152863549,156.226024591288));
#3165=CARTESIAN_POINT('Ctrl Pts',(34.8591806017883,-109.556693780531,156.226024591288));
#3166=CARTESIAN_POINT('Ctrl Pts',(31.9306397000535,-106.168482494574,156.226024591288));
#3167=CARTESIAN_POINT('Ctrl Pts',(27.0401813877721,-102.285096250113,156.226024591288));
#3168=CARTESIAN_POINT('Ctrl Pts',(20.1397561982175,-98.361562008513,156.226024591288));
#3169=CARTESIAN_POINT('Ctrl Pts',(11.0915698988077,-95.3754572628144,156.226024591288));
#3170=CARTESIAN_POINT('Ctrl Pts',(3.69833558859464,-94.6118141203334,156.226024591288));
#3171=CARTESIAN_POINT('Ctrl Pts',(-2.97243089367614E-14,-94.6118141203334,
156.226024591288));
#3172=CARTESIAN_POINT('Ctrl Pts',(32.1689914298065,-114.154855334289,159.228366969021));
#3173=CARTESIAN_POINT('Ctrl Pts',(31.0910147609719,-112.528069364464,159.228366969021));
#3174=CARTESIAN_POINT('Ctrl Pts',(28.6140504945957,-109.652625779484,159.228366969021));
#3175=CARTESIAN_POINT('Ctrl Pts',(24.3627671480048,-106.270673941454,159.228366969021));
#3176=CARTESIAN_POINT('Ctrl Pts',(18.2525900910473,-102.791525926425,159.228366969021));
#3177=CARTESIAN_POINT('Ctrl Pts',(10.0955377575161,-100.090250792119,159.228366969021));
#3178=CARTESIAN_POINT('Ctrl Pts',(3.36599103770907,-99.3942548789764,159.228366969021));
#3179=CARTESIAN_POINT('Ctrl Pts',(-2.37067896467235E-14,-99.3942548789764,
159.228366969021));
#3180=CARTESIAN_POINT('Ctrl Pts',(29.3666514586849,-116.011803428903,160.));
#3181=CARTESIAN_POINT('Ctrl Pts',(28.442001942709,-114.616405083946,160.));
#3182=CARTESIAN_POINT('Ctrl Pts',(26.2828717086859,-112.101625396847,160.));
#3183=CARTESIAN_POINT('Ctrl Pts',(22.4804166725949,-109.071771059045,160.));
#3184=CARTESIAN_POINT('Ctrl Pts',(16.9258589465073,-105.905115894177,160.));
#3185=CARTESIAN_POINT('Ctrl Pts',(9.39505337822976,-103.40415128687,160.));
#3186=CARTESIAN_POINT('Ctrl Pts',(3.13272841121849,-102.756005247436,160.));
#3187=CARTESIAN_POINT('Ctrl Pts',(-1.94768579630034E-14,-102.756005247436,
160.));
#3188=CARTESIAN_POINT('Ctrl Pts',(27.4960675363639,-117.251330854614,160.));
#3189=CARTESIAN_POINT('Ctrl Pts',(26.6739885777834,-116.010722820534,160.));
#3190=CARTESIAN_POINT('Ctrl Pts',(24.7266269613106,-113.736477121397,160.));
#3191=CARTESIAN_POINT('Ctrl Pts',(21.2242201054145,-110.94201411666,160.));
#3192=CARTESIAN_POINT('Ctrl Pts',(16.0404223570968,-107.983837438437,160.));
#3193=CARTESIAN_POINT('Ctrl Pts',(8.92779827719828,-105.616491968974,160.));
#3194=CARTESIAN_POINT('Ctrl Pts',(2.97668378916318,-105.,160.));
#3195=CARTESIAN_POINT('Ctrl Pts',(-1.66533453693774E-14,-105.,160.));
#3196=CARTESIAN_POINT('',(39.9999999999379,-108.965700344633,145.));
#3197=CARTESIAN_POINT('',(-7.4843482125647E-15,-90.,145.));
#3198=CARTESIAN_POINT('Ctrl Pts',(40.,-108.96570034482,145.));
#3199=CARTESIAN_POINT('Ctrl Pts',(38.4931038461969,-106.691627452649,145.));
#3200=CARTESIAN_POINT('Ctrl Pts',(35.1287554067538,-102.808755965893,145.));
#3201=CARTESIAN_POINT('Ctrl Pts',(29.6223247015903,-98.4421457987649,145.));
#3202=CARTESIAN_POINT('Ctrl Pts',(21.9597395995858,-94.089980455574,145.));
#3203=CARTESIAN_POINT('Ctrl Pts',(12.0523512546062,-90.8291290862874,145.));
#3204=CARTESIAN_POINT('Ctrl Pts',(4.01852311537027,-90.,145.));
#3205=CARTESIAN_POINT('Ctrl Pts',(-3.5527136788005E-14,-90.,145.));
#3206=CARTESIAN_POINT('',(0.,-105.,160.));
#3207=CARTESIAN_POINT('Origin',(1.11022302462516E-15,-105.,145.));
#3208=CARTESIAN_POINT('',(25.,-114.2048903478,160.));
#3209=CARTESIAN_POINT('Ctrl Pts',(-1.66533453693774E-14,-105.,160.));
#3210=CARTESIAN_POINT('Ctrl Pts',(2.97668378916318,-105.,160.));
#3211=CARTESIAN_POINT('Ctrl Pts',(8.92779827719828,-105.616491968974,160.));
#3212=CARTESIAN_POINT('Ctrl Pts',(16.0404223570968,-107.983837438437,160.));
#3213=CARTESIAN_POINT('Ctrl Pts',(21.2242201054145,-110.94201411666,160.));
#3214=CARTESIAN_POINT('Ctrl Pts',(23.6951774303094,-112.91351517716,160.));
#3215=CARTESIAN_POINT('Ctrl Pts',(24.8778786207211,-114.08169995132,160.));
#3216=CARTESIAN_POINT('Ctrl Pts',(24.9998920912202,-114.204997111708,160.));
#3217=CARTESIAN_POINT('Ctrl Pts',(25.,-114.2048903478,160.));
#3218=CARTESIAN_POINT('Ctrl Pts',(25.0058248286314,-114.202495806574,160.));
#3219=CARTESIAN_POINT('Ctrl Pts',(25.0116498496995,-114.200101724487,159.999996607134));
#3220=CARTESIAN_POINT('Ctrl Pts',(26.1013288285192,-113.752344557766,159.998727126392));
#3221=CARTESIAN_POINT('Ctrl Pts',(27.1891732734734,-113.324104510309,159.88000541783));
#3222=CARTESIAN_POINT('Ctrl Pts',(29.3192284746359,-112.515746685576,159.405501799648));
#3223=CARTESIAN_POINT('Ctrl Pts',(30.3562948112421,-112.137100190277,159.054190608167));
#3224=CARTESIAN_POINT('Ctrl Pts',(33.0795992027868,-111.172354627498,157.780982581744));
#3225=CARTESIAN_POINT('Ctrl Pts',(34.6584046009667,-110.646552114154,156.641725741758));
#3226=CARTESIAN_POINT('Ctrl Pts',(37.260386974486,-109.805733782032,153.841770288057));
#3227=CARTESIAN_POINT('Ctrl Pts',(38.2769171542506,-109.491102399911,152.234385146448));
#3228=CARTESIAN_POINT('Ctrl Pts',(39.6483079364372,-109.070768893891,148.72842301916));
#3229=CARTESIAN_POINT('Ctrl Pts',(40.,-108.96570034482,146.874999109773));
#3230=CARTESIAN_POINT('Ctrl Pts',(40.,-108.96570034482,145.));
#3231=CARTESIAN_POINT('Origin',(-20.,-105.,145.));
#3232=CARTESIAN_POINT('',(-20.,-105.,160.));
#3233=CARTESIAN_POINT('',(-20.,-90.,145.));
#3234=CARTESIAN_POINT('',(-20.0000002980232,-90.9500013709068,150.253335942283));
#3235=CARTESIAN_POINT('',(-21.0500002980232,-92.0000013709068,152.483317155084));
#3236=CARTESIAN_POINT('Ctrl Pts',(-20.0000002980232,-90.9500013709068,150.253335942283));
#3237=CARTESIAN_POINT('Ctrl Pts',(-19.9522178141114,-90.9500013709068,150.253335942283));
#3238=CARTESIAN_POINT('Ctrl Pts',(-19.9015101461149,-90.9535264600573,150.26278841455));
#3239=CARTESIAN_POINT('Ctrl Pts',(-19.8063191818719,-90.9669003754426,150.298346510234));
#3240=CARTESIAN_POINT('Ctrl Pts',(-19.7616996311809,-90.9766436533382,150.324126115183));
#3241=CARTESIAN_POINT('Ctrl Pts',(-19.5829044086799,-91.0254038163185,150.451811823957));
#3242=CARTESIAN_POINT('Ctrl Pts',(-19.4654932505586,-91.0904483777225,150.616844156766));
#3243=CARTESIAN_POINT('Ctrl Pts',(-19.0894719897783,-91.3637515963537,151.273797680376));
#3244=CARTESIAN_POINT('Ctrl Pts',(-18.9500002980232,-91.6869434653312,151.939473795386));
#3245=CARTESIAN_POINT('Ctrl Pts',(-18.9500002980232,-92.1264206284274,152.702932352516));
#3246=CARTESIAN_POINT('Ctrl Pts',(-18.9734656250166,-92.2706156045984,152.939311043531));
#3247=CARTESIAN_POINT('Ctrl Pts',(-19.0970436832455,-92.5582799954092,153.382928486775));
#3248=CARTESIAN_POINT('Ctrl Pts',(-19.1958706519157,-92.7018134508008,153.590482895136));
#3249=CARTESIAN_POINT('Ctrl Pts',(-19.4210327984019,-92.8812483506665,153.840048514386));
#3250=CARTESIAN_POINT('Ctrl Pts',(-19.5183462933418,-92.9407523587457,153.920736773633));
#3251=CARTESIAN_POINT('Ctrl Pts',(-19.6874741085136,-93.0042191243173,154.005692118553));
#3252=CARTESIAN_POINT('Ctrl Pts',(-19.7476787101274,-93.0211967045683,154.028212326216));
#3253=CARTESIAN_POINT('Ctrl Pts',(-19.8720380126944,-93.0440866949529,154.058504949885));
#3254=CARTESIAN_POINT('Ctrl Pts',(-19.9361903150928,-93.0500013709068,154.066285499843));
#3255=CARTESIAN_POINT('Ctrl Pts',(-20.0638102809537,-93.0500013709068,154.066285499843));
#3256=CARTESIAN_POINT('Ctrl Pts',(-20.127962583352,-93.0440866949529,154.058504949885));
#3257=CARTESIAN_POINT('Ctrl Pts',(-20.252321885919,-93.0211967045683,154.028212326216));
#3258=CARTESIAN_POINT('Ctrl Pts',(-20.3125264875328,-93.0042191243173,154.005692118553));
#3259=CARTESIAN_POINT('Ctrl Pts',(-20.4816543027046,-92.9407523587457,153.920736773633));
#3260=CARTESIAN_POINT('Ctrl Pts',(-20.5789677976446,-92.8812483506665,153.840048514386));
#3261=CARTESIAN_POINT('Ctrl Pts',(-20.8041299441307,-92.7018134508008,153.590482895136));
#3262=CARTESIAN_POINT('Ctrl Pts',(-20.9029569128009,-92.5582799954092,153.382928486775));
#3263=CARTESIAN_POINT('Ctrl Pts',(-21.0265349710298,-92.2706156045984,152.939311043531));
#3264=CARTESIAN_POINT('Ctrl Pts',(-21.0500002980232,-92.1264206284273,152.702932352516));
#3265=CARTESIAN_POINT('Ctrl Pts',(-21.0500002980232,-92.0000013709068,152.483317155084));
#3266=CARTESIAN_POINT('Ctrl Pts',(-21.0500002980232,-92.0000013709068,152.483317155084));
#3267=CARTESIAN_POINT('Ctrl Pts',(-21.0500002980232,-91.6869434653312,151.939473795386));
#3268=CARTESIAN_POINT('Ctrl Pts',(-20.9105286062681,-91.3637515963537,151.273797680376));
#3269=CARTESIAN_POINT('Ctrl Pts',(-20.5345073454878,-91.0904483777225,150.616844156766));
#3270=CARTESIAN_POINT('Ctrl Pts',(-20.4170961873665,-91.0254038163185,150.451811823957));
#3271=CARTESIAN_POINT('Ctrl Pts',(-20.2383009648656,-90.9766436533382,150.324126115183));
#3272=CARTESIAN_POINT('Ctrl Pts',(-20.1936814141746,-90.9669003754426,150.298346510234));
#3273=CARTESIAN_POINT('Ctrl Pts',(-20.0984904499316,-90.9535264600573,150.26278841455));
#3274=CARTESIAN_POINT('Ctrl Pts',(-20.0477827819351,-90.9500013709068,150.253335942283));
#3275=CARTESIAN_POINT('Ctrl Pts',(-20.0000002980232,-90.9500013709068,150.253335942283));
#3276=CARTESIAN_POINT('Origin',(25.,-133.01714982759,145.));
#3277=CARTESIAN_POINT('',(40.,-141.03429965518,145.));
#3278=CARTESIAN_POINT('',(40.,-133.01714982759,145.));
#3279=CARTESIAN_POINT('',(25.,-135.7951096522,160.));
#3280=CARTESIAN_POINT('',(25.,-133.01714982759,160.));
#3281=CARTESIAN_POINT('Ctrl Pts',(25.,-135.7951096522,160.));
#3282=CARTESIAN_POINT('Ctrl Pts',(25.0058248286321,-135.797504193426,160.));
#3283=CARTESIAN_POINT('Ctrl Pts',(25.0116498496832,-135.799898275506,159.999996607134));
#3284=CARTESIAN_POINT('Ctrl Pts',(26.1013288287653,-136.247655442334,159.998727126393));
#3285=CARTESIAN_POINT('Ctrl Pts',(27.1891732735132,-136.675895489706,159.880005417821));
#3286=CARTESIAN_POINT('Ctrl Pts',(29.319228474634,-137.484253314423,159.405501799649));
#3287=CARTESIAN_POINT('Ctrl Pts',(30.3562948112436,-137.862899809723,159.054190608167));
#3288=CARTESIAN_POINT('Ctrl Pts',(33.0795992027911,-138.827645372503,157.780982581741));
#3289=CARTESIAN_POINT('Ctrl Pts',(34.6584046009705,-139.353447885847,156.641725741755));
#3290=CARTESIAN_POINT('Ctrl Pts',(37.2603869744888,-140.194266217969,153.841770288053));
#3291=CARTESIAN_POINT('Ctrl Pts',(38.2769171542529,-140.508897600089,152.234385146444));
#3292=CARTESIAN_POINT('Ctrl Pts',(39.6483079365316,-140.929231106138,148.728423018917));
#3293=CARTESIAN_POINT('Ctrl Pts',(40.,-141.03429965518,146.874999109635));
#3294=CARTESIAN_POINT('Ctrl Pts',(40.,-141.03429965518,145.));
#3295=CARTESIAN_POINT('Ctrl Pts',(-67.3585439919213,-145.,157.889730151809));
#3296=CARTESIAN_POINT('Ctrl Pts',(-68.2937742430288,-145.000000000002,157.740825820268));
#3297=CARTESIAN_POINT('Ctrl Pts',(-70.1693838283468,-144.969923120113,157.424902621135));
#3298=CARTESIAN_POINT('Ctrl Pts',(-72.9914526331064,-144.834070012656,156.894816708782));
#3299=CARTESIAN_POINT('Ctrl Pts',(-75.8155490663578,-144.607101795552,156.306683258975));
#3300=CARTESIAN_POINT('Ctrl Pts',(-78.6352831899531,-144.288740148752,155.658601103073));
#3301=CARTESIAN_POINT('Ctrl Pts',(-81.4445452859742,-143.878773096203,154.948541384657));
#3302=CARTESIAN_POINT('Ctrl Pts',(-84.2376058055914,-143.376988945546,154.174228771123));
#3303=CARTESIAN_POINT('Ctrl Pts',(-87.0090963193903,-142.783132878537,153.333035190217));
#3304=CARTESIAN_POINT('Ctrl Pts',(-89.2967229152066,-142.211155778913,152.573614233285));
#3305=CARTESIAN_POINT('Ctrl Pts',(-91.1113858992401,-141.707015612361,151.929053761961));
#3306=CARTESIAN_POINT('Ctrl Pts',(-92.4643883241094,-141.305432021213,151.426411792318));
#3307=CARTESIAN_POINT('Ctrl Pts',(-93.8082928797716,-140.880459358587,150.904146153309));
#3308=CARTESIAN_POINT('Ctrl Pts',(-95.1475331279389,-140.430258526257,150.359467259369));
#3309=CARTESIAN_POINT('Ctrl Pts',(-96.4799629127951,-139.954961482959,149.791960002985));
#3310=CARTESIAN_POINT('Ctrl Pts',(-97.8050483172513,-139.454208525746,149.200478455338));
#3311=CARTESIAN_POINT('Ctrl Pts',(-99.1213335727842,-138.928003463095,148.584187083652));
#3312=CARTESIAN_POINT('Ctrl Pts',(-100.574120101164,-138.314326160346,147.869868621004));
#3313=CARTESIAN_POINT('Ctrl Pts',(-102.156077740146,-137.602842836062,147.045418134746));
#3314=CARTESIAN_POINT('Ctrl Pts',(-103.870112984778,-136.775671724705,146.087693571552));
#3315=CARTESIAN_POINT('Ctrl Pts',(-105.570998749903,-135.895538126251,145.064766371673));
#3316=CARTESIAN_POINT('Ctrl Pts',(-107.439590015028,-134.859475910667,143.849106001366));
#3317=CARTESIAN_POINT('Ctrl Pts',(-109.0974063969,-133.863981638228,142.659851687125));
#3318=CARTESIAN_POINT('Ctrl Pts',(-111.002976301995,-132.638140301305,141.154200164463));
#3319=CARTESIAN_POINT('Ctrl Pts',(-112.977738833158,-131.271509488863,139.41375940399));
#3320=CARTESIAN_POINT('Ctrl Pts',(-114.987258806379,-129.726959741673,137.271255971771));
#3321=CARTESIAN_POINT('Ctrl Pts',(-116.568471038332,-128.405553768926,135.193261789938));
#3322=CARTESIAN_POINT('Ctrl Pts',(-117.749008216338,-127.359729037181,133.331818808922));
#3323=CARTESIAN_POINT('Ctrl Pts',(-118.733115735354,-126.429206479779,131.342585448376));
#3324=CARTESIAN_POINT('Ctrl Pts',(-119.418897646063,-125.736126994789,129.321789339002));
#3325=CARTESIAN_POINT('Ctrl Pts',(-119.754967490148,-125.37698010574,127.82051414249));
#3326=CARTESIAN_POINT('Ctrl Pts',(-119.930820922979,-125.169108971307,126.588497804654));
#3327=CARTESIAN_POINT('Ctrl Pts',(-119.99534411235,-125.064265270096,125.651913352944));
#3328=CARTESIAN_POINT('Ctrl Pts',(-119.999843644663,-125.007886522072,125.080068723694));
#3329=CARTESIAN_POINT('Ctrl Pts',(-120.,-125.003943302269,125.040052715911));
#3330=CARTESIAN_POINT('Ctrl Pts',(-120.,-125.,125.));
#3331=CARTESIAN_POINT('Ctrl Pts',(-67.3585439919163,-147.243994752565,157.88973015181));
#3332=CARTESIAN_POINT('Ctrl Pts',(-68.3196900272055,-147.241343088478,157.736688781937));
#3333=CARTESIAN_POINT('Ctrl Pts',(-70.2467396636705,-147.204397715872,157.411635304279));
#3334=CARTESIAN_POINT('Ctrl Pts',(-73.1445529163245,-147.053585203081,156.865034214077));
#3335=CARTESIAN_POINT('Ctrl Pts',(-76.042856258114,-146.80680242447,156.257474759055));
#3336=CARTESIAN_POINT('Ctrl Pts',(-78.9350345779023,-146.463571438439,155.5869023277));
#3337=CARTESIAN_POINT('Ctrl Pts',(-81.8147124775076,-146.023393603925,154.851145004791));
#3338=CARTESIAN_POINT('Ctrl Pts',(-84.6757909010464,-145.485740388733,154.047735119496));
#3339=CARTESIAN_POINT('Ctrl Pts',(-87.5124748971335,-144.849847852515,153.173934457359));
#3340=CARTESIAN_POINT('Ctrl Pts',(-89.8515826227569,-144.237260932378,152.384254433535));
#3341=CARTESIAN_POINT('Ctrl Pts',(-91.7053414070135,-143.696991089567,151.713509604117));
#3342=CARTESIAN_POINT('Ctrl Pts',(-93.0865112003849,-143.266348480618,151.190245071848));
#3343=CARTESIAN_POINT('Ctrl Pts',(-94.4572883969642,-142.810266948578,150.64636008405));
#3344=CARTESIAN_POINT('Ctrl Pts',(-95.8220479504408,-142.326652511592,150.078969208949));
#3345=CARTESIAN_POINT('Ctrl Pts',(-97.1784264039461,-141.815512277702,149.487667174222));
#3346=CARTESIAN_POINT('Ctrl Pts',(-98.5256753515404,-141.276306978022,148.871301901514));
#3347=CARTESIAN_POINT('Ctrl Pts',(-99.8620807895359,-140.708865946153,148.229065273723));
#3348=CARTESIAN_POINT('Ctrl Pts',(-101.334636321462,-140.046006971209,147.484743192167));
#3349=CARTESIAN_POINT('Ctrl Pts',(-102.93453044199,-139.275816246181,146.625944347867));
#3350=CARTESIAN_POINT('Ctrl Pts',(-104.66251504231,-138.377789380385,145.62901072748));
#3351=CARTESIAN_POINT('Ctrl Pts',(-106.370466485496,-137.418979297259,144.565450044546));
#3352=CARTESIAN_POINT('Ctrl Pts',(-108.237432408835,-136.285721799507,143.303812136671));
#3353=CARTESIAN_POINT('Ctrl Pts',(-109.881603445716,-135.190756423358,142.073382128368));
#3354=CARTESIAN_POINT('Ctrl Pts',(-111.754838939069,-133.833851980602,140.52259615597));
#3355=CARTESIAN_POINT('Ctrl Pts',(-113.673932370216,-132.309633316061,138.740543678039));
#3356=CARTESIAN_POINT('Ctrl Pts',(-115.579743041696,-130.560823435386,136.576720855093));
#3357=CARTESIAN_POINT('Ctrl Pts',(-117.035243004975,-129.037863314305,134.519421811358));
#3358=CARTESIAN_POINT('Ctrl Pts',(-118.094010378382,-127.815591136014,132.708791227022));
#3359=CARTESIAN_POINT('Ctrl Pts',(-118.947071720875,-126.711052401422,130.816420380552));
#3360=CARTESIAN_POINT('Ctrl Pts',(-119.522699662639,-125.881502188967,128.939066548938));
#3361=CARTESIAN_POINT('Ctrl Pts',(-119.799912932615,-125.451257591332,127.562945159259));
#3362=CARTESIAN_POINT('Ctrl Pts',(-119.943730722767,-125.202347476169,126.440881988614));
#3363=CARTESIAN_POINT('Ctrl Pts',(-119.996212887151,-125.076889026657,125.591097754149));
#3364=CARTESIAN_POINT('Ctrl Pts',(-119.999872814281,-125.009435663795,125.072598914378));
#3365=CARTESIAN_POINT('Ctrl Pts',(-120.,-125.004717877659,125.036316019001));
#3366=CARTESIAN_POINT('Ctrl Pts',(-120.,-125.,125.));
#3367=CARTESIAN_POINT('Ctrl Pts',(-67.1974658188119,-151.73153400015,156.878039096814));
#3368=CARTESIAN_POINT('Ctrl Pts',(-68.204795381896,-151.723547847344,156.720156643922));
#3369=CARTESIAN_POINT('Ctrl Pts',(-70.2232141738111,-151.672938703902,156.384308759092));
#3370=CARTESIAN_POINT('Ctrl Pts',(-73.255281312242,-151.492201152881,155.818140916143));
#3371=CARTESIAN_POINT('Ctrl Pts',(-76.284707416319,-151.205822277927,155.187528981644));
#3372=CARTESIAN_POINT('Ctrl Pts',(-79.3045915382063,-150.812874998365,154.490333602464));
#3373=CARTESIAN_POINT('Ctrl Pts',(-82.3081000632449,-150.312322298985,153.724299320805));
#3374=CARTESIAN_POINT('Ctrl Pts',(-85.2886179978173,-149.702871497146,152.886908260214));
#3375=CARTESIAN_POINT('Ctrl Pts',(-88.2395561972263,-148.982995715434,151.975363610426));
#3376=CARTESIAN_POINT('Ctrl Pts',(-90.6688247967137,-148.289314252104,151.15111155014));
#3377=CARTESIAN_POINT('Ctrl Pts',(-92.591086212608,-147.676733599605,150.450911601419));
#3378=CARTESIAN_POINT('Ctrl Pts',(-94.0216321787482,-147.187968709934,149.904665234052));
#3379=CARTESIAN_POINT('Ctrl Pts',(-95.4395618262541,-146.669669072215,149.33695692872));
#3380=CARTESIAN_POINT('Ctrl Pts',(-96.8491732483799,-146.119233456631,148.744857809029));
#3381=CARTESIAN_POINT('Ctrl Pts',(-98.2477523110957,-145.536415023911,148.128050410973));
#3382=CARTESIAN_POINT('Ctrl Pts',(-99.6342107902045,-144.920308245316,147.485469820225));
#3383=CARTESIAN_POINT('Ctrl Pts',(-101.006424172912,-144.270403622896,146.81643892087));
#3384=CARTESIAN_POINT('Ctrl Pts',(-102.514490643428,-143.509155387141,146.041872953872));
#3385=CARTESIAN_POINT('Ctrl Pts',(-104.147186230454,-142.621627572976,145.149520694994));
#3386=CARTESIAN_POINT('Ctrl Pts',(-105.901821122476,-141.58192753336,144.116143646141));
#3387=CARTESIAN_POINT('Ctrl Pts',(-107.625315293045,-140.465822938226,143.017259802852));
#3388=CARTESIAN_POINT('Ctrl Pts',(-109.494361156423,-139.13809646661,141.7194991834));
#3389=CARTESIAN_POINT('Ctrl Pts',(-111.121022108264,-137.844191342311,140.462224568778));
#3390=CARTESIAN_POINT('Ctrl Pts',(-112.947923766189,-136.225034713484,138.891627873485));
#3391=CARTESIAN_POINT('Ctrl Pts',(-114.78422907601,-134.385801571285,137.106680673667));
#3392=CARTESIAN_POINT('Ctrl Pts',(-116.532170105598,-132.228519191367,134.992621242564));
#3393=CARTESIAN_POINT('Ctrl Pts',(-117.793163903428,-130.302431440044,133.051759653543));
#3394=CARTESIAN_POINT('Ctrl Pts',(-118.660907658187,-128.727266953491,131.396735812413));
#3395=CARTESIAN_POINT('Ctrl Pts',(-119.303890036779,-127.274729001757,129.736820506214));
#3396=CARTESIAN_POINT('Ctrl Pts',(-119.697727267904,-126.172247574177,128.16531576495));
#3397=CARTESIAN_POINT('Ctrl Pts',(-119.876122625619,-125.599811117523,127.045580892324));
#3398=CARTESIAN_POINT('Ctrl Pts',(-119.965703604749,-125.268823740367,126.145421791031));
#3399=CARTESIAN_POINT('Ctrl Pts',(-119.997691545635,-125.102136458197,125.469464933674));
#3400=CARTESIAN_POINT('Ctrl Pts',(-119.999922460269,-125.012533950058,125.057659230006));
#3401=CARTESIAN_POINT('Ctrl Pts',(-120.,-125.006267028439,125.028842625182));
#3402=CARTESIAN_POINT('Ctrl Pts',(-120.,-125.,125.));
#3403=CARTESIAN_POINT('Ctrl Pts',(-66.6334086147324,-156.226081743541,153.335339195884));
#3404=CARTESIAN_POINT('Ctrl Pts',(-67.672644036043,-156.215373342687,153.180529672308));
#3405=CARTESIAN_POINT('Ctrl Pts',(-69.7539516435724,-156.15683132521,152.85130321659));
#3406=CARTESIAN_POINT('Ctrl Pts',(-72.877828008565,-155.956555164212,152.296624379804));
#3407=CARTESIAN_POINT('Ctrl Pts',(-75.9966396874635,-155.642731587183,151.679311284717));
#3408=CARTESIAN_POINT('Ctrl Pts',(-79.1035733725842,-155.214038986179,150.997502619506));
#3409=CARTESIAN_POINT('Ctrl Pts',(-82.191820932597,-154.668908940251,150.249295704032));
#3410=CARTESIAN_POINT('Ctrl Pts',(-85.254757606615,-154.005346773751,149.432590178977));
#3411=CARTESIAN_POINT('Ctrl Pts',(-88.2856947002583,-153.220936700922,148.545157690964));
#3412=CARTESIAN_POINT('Ctrl Pts',(-90.7794932291304,-152.4638283034,147.744418557309));
#3413=CARTESIAN_POINT('Ctrl Pts',(-92.7519673382539,-151.793972713712,147.065504072712));
#3414=CARTESIAN_POINT('Ctrl Pts',(-94.219425677039,-151.258748088738,146.53661479707));
#3415=CARTESIAN_POINT('Ctrl Pts',(-95.6734523812944,-150.690260887493,145.987795785234));
#3416=CARTESIAN_POINT('Ctrl Pts',(-97.1184088101362,-150.085414574446,145.416376196758));
#3417=CARTESIAN_POINT('Ctrl Pts',(-98.5514516116237,-149.443656596937,144.822237825031));
#3418=CARTESIAN_POINT('Ctrl Pts',(-99.9713885719309,-148.763664982565,144.204574540367));
#3419=CARTESIAN_POINT('Ctrl Pts',(-101.37595027092,-148.044510599322,143.562988947576));
#3420=CARTESIAN_POINT('Ctrl Pts',(-102.91854817918,-147.199698055142,142.822140332859));
#3421=CARTESIAN_POINT('Ctrl Pts',(-104.587109672988,-146.211075592266,141.971530433049));
#3422=CARTESIAN_POINT('Ctrl Pts',(-106.377895512525,-145.047153821472,140.990997890449));
#3423=CARTESIAN_POINT('Ctrl Pts',(-108.133824238385,-143.790419911931,139.953966580034));
#3424=CARTESIAN_POINT('Ctrl Pts',(-110.03354154705,-142.285053281252,138.73730961269));
#3425=CARTESIAN_POINT('Ctrl Pts',(-111.680687547428,-140.804370035484,137.569370507559));
#3426=CARTESIAN_POINT('Ctrl Pts',(-113.521178672064,-138.931730098813,136.126214002684));
#3427=CARTESIAN_POINT('Ctrl Pts',(-115.357450733682,-136.77839783788,134.507625950678));
#3428=CARTESIAN_POINT('Ctrl Pts',(-117.07126298626,-134.19147077234,132.642929492612));
#3429=CARTESIAN_POINT('Ctrl Pts',(-118.262371315023,-131.818278826889,130.993827537646));
#3430=CARTESIAN_POINT('Ctrl Pts',(-119.043409154909,-129.837623335022,129.635816672036));
#3431=CARTESIAN_POINT('Ctrl Pts',(-119.56648068128,-127.970303890572,128.338037392738));
#3432=CARTESIAN_POINT('Ctrl Pts',(-119.833884494208,-126.533649687422,127.183211576716));
#3433=CARTESIAN_POINT('Ctrl Pts',(-119.936982750974,-125.785082506128,126.394889059154));
#3434=CARTESIAN_POINT('Ctrl Pts',(-119.98355364845,-125.351890832667,125.775686538624));
#3435=CARTESIAN_POINT('Ctrl Pts',(-119.998892681631,-125.133695503402,125.31742076497));
#3436=CARTESIAN_POINT('Ctrl Pts',(-119.999962782393,-125.016406798865,125.038984515627));
#3437=CARTESIAN_POINT('Ctrl Pts',(-120.,-125.008203466915,125.019500882907));
#3438=CARTESIAN_POINT('Ctrl Pts',(-120.,-125.,125.));
#3439=CARTESIAN_POINT('Ctrl Pts',(-65.8815037309132,-159.229337335369,148.612815774194));
#3440=CARTESIAN_POINT('Ctrl Pts',(-66.9284832334094,-159.220760970831,148.46624654865));
#3441=CARTESIAN_POINT('Ctrl Pts',(-69.0248195600899,-159.16563795944,148.154937134488));
#3442=CARTESIAN_POINT('Ctrl Pts',(-72.1698710097501,-158.96810843417,147.632003727362));
#3443=CARTESIAN_POINT('Ctrl Pts',(-75.3090792753637,-158.654496217316,147.051654215812));
#3444=CARTESIAN_POINT('Ctrl Pts',(-78.4360629792514,-158.223305998509,146.412525472883));
#3445=CARTESIAN_POINT('Ctrl Pts',(-81.5445580268813,-157.672662567195,145.713264349674));
#3446=CARTESIAN_POINT('Ctrl Pts',(-84.6284331413656,-157.000191989181,144.952489159542));
#3447=CARTESIAN_POINT('Ctrl Pts',(-87.6817007717215,-156.202809767862,144.128688804236));
#3448=CARTESIAN_POINT('Ctrl Pts',(-90.1957893651503,-155.430868387477,143.388244395217));
#3449=CARTESIAN_POINT('Ctrl Pts',(-92.1858914510123,-154.746251962969,142.762596823596));
#3450=CARTESIAN_POINT('Ctrl Pts',(-93.6673918995388,-154.198293313363,142.276329676218));
#3451=CARTESIAN_POINT('Ctrl Pts',(-95.1363909980377,-153.615232120117,141.772990600542));
#3452=CARTESIAN_POINT('Ctrl Pts',(-96.5974394909737,-152.993673080176,141.250319169031));
#3453=CARTESIAN_POINT('Ctrl Pts',(-98.0478260915909,-152.332790634615,140.708428409502));
#3454=CARTESIAN_POINT('Ctrl Pts',(-99.486522918359,-151.630918926242,140.146835089748));
#3455=CARTESIAN_POINT('Ctrl Pts',(-100.911422348174,-150.886741094685,139.565453967671));
#3456=CARTESIAN_POINT('Ctrl Pts',(-102.478603413875,-150.010080072139,138.896609047617));
#3457=CARTESIAN_POINT('Ctrl Pts',(-104.176980179039,-148.980463117736,138.132204205843));
#3458=CARTESIAN_POINT('Ctrl Pts',(-106.004508598936,-147.762425479338,137.256431527012));
#3459=CARTESIAN_POINT('Ctrl Pts',(-107.80206969807,-146.439793709116,136.336699035028));
#3460=CARTESIAN_POINT('Ctrl Pts',(-109.754147601418,-144.844725269424,135.266654097135));
#3461=CARTESIAN_POINT('Ctrl Pts',(-111.455565852948,-143.261244724259,134.250991195842));
#3462=CARTESIAN_POINT('Ctrl Pts',(-113.367301305266,-141.2369050955,133.01233924744));
#3463=CARTESIAN_POINT('Ctrl Pts',(-115.287212157458,-138.879873294849,131.644770452136));
#3464=CARTESIAN_POINT('Ctrl Pts',(-117.098730776163,-135.977629747268,130.12046197826));
#3465=CARTESIAN_POINT('Ctrl Pts',(-118.358812294377,-133.238951524667,128.832702122984));
#3466=CARTESIAN_POINT('Ctrl Pts',(-119.173990820861,-130.904652823712,127.819690120685));
#3467=CARTESIAN_POINT('Ctrl Pts',(-119.688994945628,-128.652418498861,126.916924976241));
#3468=CARTESIAN_POINT('Ctrl Pts',(-119.907527486775,-126.892012954163,126.194378410105));
#3469=CARTESIAN_POINT('Ctrl Pts',(-119.971948435354,-125.969723032184,125.742402613918));
#3470=CARTESIAN_POINT('Ctrl Pts',(-119.994192826924,-125.434915221415,125.405767605968));
#3471=CARTESIAN_POINT('Ctrl Pts',(-119.999608542579,-125.16525414661,125.165375258917));
#3472=CARTESIAN_POINT('Ctrl Pts',(-119.999986798636,-125.020279635378,125.020309749578));
#3473=CARTESIAN_POINT('Ctrl Pts',(-120.,-125.01013990539,125.010159140633));
#3474=CARTESIAN_POINT('Ctrl Pts',(-120.,-125.,125.));
#3475=CARTESIAN_POINT('Ctrl Pts',(-65.3528373559329,-160.000000000001,145.292396673526));
#3476=CARTESIAN_POINT('Ctrl Pts',(-66.389688234025,-159.995795762238,145.152908453643));
#3477=CARTESIAN_POINT('Ctrl Pts',(-68.4653753714578,-159.950174082008,144.857153094995));
#3478=CARTESIAN_POINT('Ctrl Pts',(-71.5796478873782,-159.768818287668,144.361754784836));
#3479=CARTESIAN_POINT('Ctrl Pts',(-74.6884701793682,-159.473492546623,143.813533817592));
#3480=CARTESIAN_POINT('Ctrl Pts',(-77.78607481981,-159.062694514593,143.211467960914));
#3481=CARTESIAN_POINT('Ctrl Pts',(-80.8666976990085,-158.534576867571,142.55464567779));
#3482=CARTESIAN_POINT('Ctrl Pts',(-83.924983410593,-157.886609723273,141.842129425199));
#3483=CARTESIAN_POINT('Ctrl Pts',(-86.9555026924292,-157.115811623813,141.073105992014));
#3484=CARTESIAN_POINT('Ctrl Pts',(-89.453849626392,-156.36753147818,140.384302021226));
#3485=CARTESIAN_POINT('Ctrl Pts',(-91.4338431156943,-155.702424900059,139.803921171201));
#3486=CARTESIAN_POINT('Ctrl Pts',(-92.9091430975121,-155.169423273895,139.353761499193));
#3487=CARTESIAN_POINT('Ctrl Pts',(-94.3734960242249,-154.601538057332,138.888793151594));
#3488=CARTESIAN_POINT('Ctrl Pts',(-95.8316369192387,-153.995339249991,138.407065963253));
#3489=CARTESIAN_POINT('Ctrl Pts',(-97.2810897065458,-153.349864581918,137.908840104184));
#3490=CARTESIAN_POINT('Ctrl Pts',(-98.721082371828,-152.663293289787,137.393845285942));
#3491=CARTESIAN_POINT('Ctrl Pts',(-100.149789908944,-151.934123751375,136.862203115356));
#3492=CARTESIAN_POINT('Ctrl Pts',(-101.724354847973,-151.073518367462,136.252430068498));
#3493=CARTESIAN_POINT('Ctrl Pts',(-103.435397506867,-150.060462983506,135.558241333346));
#3494=CARTESIAN_POINT('Ctrl Pts',(-105.283474053556,-148.858120579499,134.76684243859));
#3495=CARTESIAN_POINT('Ctrl Pts',(-107.109573686783,-147.547579202305,133.940443877757));
#3496=CARTESIAN_POINT('Ctrl Pts',(-109.103744441648,-145.959592190592,132.985314901665));
#3497=CARTESIAN_POINT('Ctrl Pts',(-110.855873592372,-144.373119909725,132.08690604518));
#3498=CARTESIAN_POINT('Ctrl Pts',(-112.842413845587,-142.329237039923,131.00246505834));
#3499=CARTESIAN_POINT('Ctrl Pts',(-114.860526337689,-139.928549637498,129.820268718412));
#3500=CARTESIAN_POINT('Ctrl Pts',(-116.808095008296,-136.91947223517,128.537272413423));
#3501=CARTESIAN_POINT('Ctrl Pts',(-118.192151734687,-134.020945556724,127.494466806129));
#3502=CARTESIAN_POINT('Ctrl Pts',(-119.100324996273,-131.512576440345,126.707812860704));
#3503=CARTESIAN_POINT('Ctrl Pts',(-119.678069497244,-129.051608502825,126.055297871282));
#3504=CARTESIAN_POINT('Ctrl Pts',(-119.914104281953,-127.104748544345,125.59838023789));
#3505=CARTESIAN_POINT('Ctrl Pts',(-119.977370650095,-126.08003243807,125.350191255622));
#3506=CARTESIAN_POINT('Ctrl Pts',(-119.996246957178,-125.484696770007,125.183742000671));
#3507=CARTESIAN_POINT('Ctrl Pts',(-119.999746579009,-125.184188916446,125.074147334791));
#3508=CARTESIAN_POINT('Ctrl Pts',(-119.999991435695,-125.022603332027,125.009104872236));
#3509=CARTESIAN_POINT('Ctrl Pts',(-120.,-125.011301768475,125.004554095268));
#3510=CARTESIAN_POINT('Ctrl Pts',(-120.,-125.,125.));
#3511=CARTESIAN_POINT('Ctrl Pts',(-64.9999999998045,-160.,143.076314940002));
#3512=CARTESIAN_POINT('Ctrl Pts',(-66.0238833224113,-160.000000000002,142.941588174337));
#3513=CARTESIAN_POINT('Ctrl Pts',(-68.0738281236772,-159.963617199646,142.656196929005));
#3514=CARTESIAN_POINT('Ctrl Pts',(-71.1495834327253,-159.799090673956,142.179234461377));
#3515=CARTESIAN_POINT('Ctrl Pts',(-74.2205518187011,-159.523563143715,141.652497407274));
#3516=CARTESIAN_POINT('Ctrl Pts',(-77.2812660035742,-159.135674298971,141.075225182516));
#3517=CARTESIAN_POINT('Ctrl Pts',(-80.3264671923971,-158.63365413258,140.44677753509));
#3518=CARTESIAN_POINT('Ctrl Pts',(-83.3512146077158,-158.015158962075,139.766590894775));
#3519=CARTESIAN_POINT('Ctrl Pts',(-86.3508619478313,-157.277097670185,139.034168205122));
#3520=CARTESIAN_POINT('Ctrl Pts',(-88.8262321158714,-156.55890841916,138.379843644652));
#3521=CARTESIAN_POINT('Ctrl Pts',(-90.7899343781094,-155.919684877531,137.829772929006));
#3522=CARTESIAN_POINT('Ctrl Pts',(-92.2542147860871,-155.406912884225,137.403768006253));
#3523=CARTESIAN_POINT('Ctrl Pts',(-93.7088952593639,-154.860069529439,136.964463814732));
#3524=CARTESIAN_POINT('Ctrl Pts',(-95.1588505758529,-154.275776327025,136.510115920436));
#3525=CARTESIAN_POINT('Ctrl Pts',(-96.6018185520298,-153.653014932124,136.04108471685));
#3526=CARTESIAN_POINT('Ctrl Pts',(-98.037257659251,-152.989914953503,135.55724567347));
#3527=CARTESIAN_POINT('Ctrl Pts',(-99.4636005668696,-152.284874343857,135.058852433109));
#3528=CARTESIAN_POINT('Ctrl Pts',(-101.038307370894,-151.451727666873,134.488582061544));
#3529=CARTESIAN_POINT('Ctrl Pts',(-102.753498349066,-150.469339437735,133.841281237708));
#3530=CARTESIAN_POINT('Ctrl Pts',(-104.612071696279,-149.300839680771,133.10624398689));
#3531=CARTESIAN_POINT('Ctrl Pts',(-106.455845529141,-148.023764681218,132.34217100281));
#3532=CARTESIAN_POINT('Ctrl Pts',(-108.479221261896,-146.471238892273,131.463845821151));
#3533=CARTESIAN_POINT('Ctrl Pts',(-110.269518892441,-144.912862884797,130.643736690896));
#3534=CARTESIAN_POINT('Ctrl Pts',(-112.315689043159,-142.893616546735,129.662319243742));
#3535=CARTESIAN_POINT('Ctrl Pts',(-114.415236909027,-140.505589887761,128.603753309547));
#3536=CARTESIAN_POINT('Ctrl Pts',(-116.482699964036,-137.471059732002,127.481716381295));
#3537=CARTESIAN_POINT('Ctrl Pts',(-117.983221410789,-134.500244559584,126.602291781078));
#3538=CARTESIAN_POINT('Ctrl Pts',(-118.984164827292,-131.898302426012,125.96657515107));
#3539=CARTESIAN_POINT('Ctrl Pts',(-119.633266037574,-129.311557634744,125.480886063412));
#3540=CARTESIAN_POINT('Ctrl Pts',(-119.901766098765,-127.245168819168,125.201050968272));
#3541=CARTESIAN_POINT('Ctrl Pts',(-119.974071080955,-126.15328000768,125.088717956856));
#3542=CARTESIAN_POINT('Ctrl Pts',(-119.99569565598,-125.517865429389,125.03572545128));
#3543=CARTESIAN_POINT('Ctrl Pts',(-119.999709437545,-125.196812008393,125.013328775329));
#3544=CARTESIAN_POINT('Ctrl Pts',(-119.999990170468,-125.024152453955,125.001634952052));
#3545=CARTESIAN_POINT('Ctrl Pts',(-120.,-125.012076343865,125.000817398358));
#3546=CARTESIAN_POINT('Ctrl Pts',(-120.,-125.,125.));
#3547=CARTESIAN_POINT('Ctrl Pts',(-120.,-125.,125.));
#3548=CARTESIAN_POINT('Ctrl Pts',(-120.,-125.012076343865,125.000817398358));
#3549=CARTESIAN_POINT('Ctrl Pts',(-119.999990170468,-125.024152453955,125.001634952052));
#3550=CARTESIAN_POINT('Ctrl Pts',(-119.999709437545,-125.196812008393,125.013328775329));
#3551=CARTESIAN_POINT('Ctrl Pts',(-119.99569565598,-125.517865429389,125.03572545128));
#3552=CARTESIAN_POINT('Ctrl Pts',(-119.974071080955,-126.15328000768,125.088717956856));
#3553=CARTESIAN_POINT('Ctrl Pts',(-119.901766098765,-127.245168819168,125.201050968272));
#3554=CARTESIAN_POINT('Ctrl Pts',(-119.633266037574,-129.311557634744,125.480886063412));
#3555=CARTESIAN_POINT('Ctrl Pts',(-118.984164827292,-131.898302426012,125.96657515107));
#3556=CARTESIAN_POINT('Ctrl Pts',(-117.983221410789,-134.500244559584,126.602291781078));
#3557=CARTESIAN_POINT('Ctrl Pts',(-116.482699964036,-137.471059732002,127.481716381295));
#3558=CARTESIAN_POINT('Ctrl Pts',(-114.415236909027,-140.505589887761,128.603753309547));
#3559=CARTESIAN_POINT('Ctrl Pts',(-112.315689043159,-142.893616546735,129.662319243742));
#3560=CARTESIAN_POINT('Ctrl Pts',(-110.269518892441,-144.912862884797,130.643736690896));
#3561=CARTESIAN_POINT('Ctrl Pts',(-108.479221261896,-146.471238892273,131.463845821151));
#3562=CARTESIAN_POINT('Ctrl Pts',(-106.455845529141,-148.023764681218,132.34217100281));
#3563=CARTESIAN_POINT('Ctrl Pts',(-104.612071696279,-149.300839680771,133.10624398689));
#3564=CARTESIAN_POINT('Ctrl Pts',(-102.753498349066,-150.469339437735,133.841281237708));
#3565=CARTESIAN_POINT('Ctrl Pts',(-101.038307370894,-151.451727666873,134.488582061544));
#3566=CARTESIAN_POINT('Ctrl Pts',(-99.4636005668696,-152.284874343857,135.058852433109));
#3567=CARTESIAN_POINT('Ctrl Pts',(-98.037257659251,-152.989914953503,135.55724567347));
#3568=CARTESIAN_POINT('Ctrl Pts',(-96.6018185520298,-153.653014932124,136.04108471685));
#3569=CARTESIAN_POINT('Ctrl Pts',(-95.1588505758529,-154.275776327025,136.510115920436));
#3570=CARTESIAN_POINT('Ctrl Pts',(-93.7088952593639,-154.860069529439,136.964463814732));
#3571=CARTESIAN_POINT('Ctrl Pts',(-92.2542147860871,-155.406912884225,137.403768006253));
#3572=CARTESIAN_POINT('Ctrl Pts',(-90.7899343781094,-155.919684877531,137.829772929006));
#3573=CARTESIAN_POINT('Ctrl Pts',(-88.8262321158714,-156.55890841916,138.379843644652));
#3574=CARTESIAN_POINT('Ctrl Pts',(-86.3508619478313,-157.277097670185,139.034168205122));
#3575=CARTESIAN_POINT('Ctrl Pts',(-83.3512146077158,-158.015158962075,139.766590894775));
#3576=CARTESIAN_POINT('Ctrl Pts',(-80.3264671923971,-158.63365413258,140.44677753509));
#3577=CARTESIAN_POINT('Ctrl Pts',(-77.2812660035742,-159.135674298971,141.075225182516));
#3578=CARTESIAN_POINT('Ctrl Pts',(-74.2205518187011,-159.523563143715,141.652497407274));
#3579=CARTESIAN_POINT('Ctrl Pts',(-71.1495834327253,-159.799090673956,142.179234461377));
#3580=CARTESIAN_POINT('Ctrl Pts',(-68.0738281236772,-159.963617199646,142.656196929005));
#3581=CARTESIAN_POINT('Ctrl Pts',(-66.0238833224113,-160.000000000002,142.941588174337));
#3582=CARTESIAN_POINT('Ctrl Pts',(-64.9999999998045,-160.,143.076314940002));
#3583=CARTESIAN_POINT('Origin',(-52.5,-145.,145.));
#3584=CARTESIAN_POINT('',(7.23655192354486E-15,-160.,145.));
#3585=CARTESIAN_POINT('',(8.88178419700125E-15,-145.,160.));
#3586=CARTESIAN_POINT('Origin',(8.88178419700125E-15,-145.,145.));
#3587=CARTESIAN_POINT('',(-52.5,-145.,160.));
#3588=CARTESIAN_POINT('',(-52.5,-160.,145.));
#3589=CARTESIAN_POINT('',(-20.0000002980232,-159.050002354383,150.253325979017));
#3590=CARTESIAN_POINT('',(-21.0500002980232,-158.000002354383,152.483310683516));
#3591=CARTESIAN_POINT('Ctrl Pts',(-20.0000002980232,-159.050002354383,150.253325979017));
#3592=CARTESIAN_POINT('Ctrl Pts',(-20.0477827600939,-159.050002354383,150.253325979017));
#3593=CARTESIAN_POINT('Ctrl Pts',(-20.0984903992325,-159.046477268471,150.262778463074));
#3594=CARTESIAN_POINT('Ctrl Pts',(-20.1936812984315,-159.033103369994,150.298336590174));
#3595=CARTESIAN_POINT('Ctrl Pts',(-20.2383008134477,-159.023360105814,150.324116213882));
#3596=CARTESIAN_POINT('Ctrl Pts',(-20.4170960561663,-158.974599972323,150.451802115753));
#3597=CARTESIAN_POINT('Ctrl Pts',(-20.5345071801341,-158.909555441611,150.61683470316));
#3598=CARTESIAN_POINT('Ctrl Pts',(-20.9105285291773,-158.636252277502,151.273789334461));
#3599=CARTESIAN_POINT('Ctrl Pts',(-21.0500002980232,-158.313060381291,151.93946648688));
#3600=CARTESIAN_POINT('Ctrl Pts',(-21.0500002980232,-158.000002354383,152.483310683516));
#3601=CARTESIAN_POINT('Ctrl Pts',(-21.0500002980232,-158.000002354383,152.483310683516));
#3602=CARTESIAN_POINT('Ctrl Pts',(-21.0500002980232,-157.873583109864,152.702926111219));
#3603=CARTESIAN_POINT('Ctrl Pts',(-21.0265349773011,-157.729388135538,152.939305053901));
#3604=CARTESIAN_POINT('Ctrl Pts',(-20.9029569070469,-157.44172371624,153.382922984737));
#3605=CARTESIAN_POINT('Ctrl Pts',(-20.8041299258522,-157.298190229986,153.590477629962));
#3606=CARTESIAN_POINT('Ctrl Pts',(-20.578967715509,-157.118755324246,153.840043476579));
#3607=CARTESIAN_POINT('Ctrl Pts',(-20.4816542434029,-157.059251339109,153.920731774933));
#3608=CARTESIAN_POINT('Ctrl Pts',(-20.3125264577743,-156.995784592397,154.00568716784));
#3609=CARTESIAN_POINT('Ctrl Pts',(-20.2523218651719,-156.978807016042,154.028207389652));
#3610=CARTESIAN_POINT('Ctrl Pts',(-20.1279625765659,-156.955917029948,154.058500033568));
#3611=CARTESIAN_POINT('Ctrl Pts',(-20.0638102791254,-156.950002354383,154.066280589648));
#3612=CARTESIAN_POINT('Ctrl Pts',(-19.9361903169211,-156.950002354383,154.066280589648));
#3613=CARTESIAN_POINT('Ctrl Pts',(-19.8720380194805,-156.955917029948,154.058500033568));
#3614=CARTESIAN_POINT('Ctrl Pts',(-19.7476787308746,-156.978807016042,154.028207389652));
#3615=CARTESIAN_POINT('Ctrl Pts',(-19.6874741382722,-156.995784592397,154.00568716784));
#3616=CARTESIAN_POINT('Ctrl Pts',(-19.5183463526435,-157.059251339109,153.920731774933));
#3617=CARTESIAN_POINT('Ctrl Pts',(-19.4210328805375,-157.118755324246,153.840043476579));
#3618=CARTESIAN_POINT('Ctrl Pts',(-19.1958706701942,-157.298190229986,153.590477629962));
#3619=CARTESIAN_POINT('Ctrl Pts',(-19.0970436889995,-157.44172371624,153.382922984737));
#3620=CARTESIAN_POINT('Ctrl Pts',(-18.9734656187453,-157.729388135538,152.939305053901));
#3621=CARTESIAN_POINT('Ctrl Pts',(-18.9500002980232,-157.873583109864,152.702926111219));
#3622=CARTESIAN_POINT('Ctrl Pts',(-18.9500002980232,-158.313060381291,151.93946648688));
#3623=CARTESIAN_POINT('Ctrl Pts',(-19.0894720668692,-158.636252277502,151.273789334461));
#3624=CARTESIAN_POINT('Ctrl Pts',(-19.4654934159123,-158.909555441611,150.61683470316));
#3625=CARTESIAN_POINT('Ctrl Pts',(-19.5829045398802,-158.974599972323,150.451802115753));
#3626=CARTESIAN_POINT('Ctrl Pts',(-19.7616997825987,-159.023360105814,150.324116213882));
#3627=CARTESIAN_POINT('Ctrl Pts',(-19.806319297615,-159.033103369994,150.298336590174));
#3628=CARTESIAN_POINT('Ctrl Pts',(-19.901510196814,-159.046477268471,150.262778463074));
#3629=CARTESIAN_POINT('Ctrl Pts',(-19.9522178359526,-159.050002354383,150.253325979017));
#3630=CARTESIAN_POINT('Ctrl Pts',(-20.0000002980232,-159.050002354383,150.253325979017));
#3631=CARTESIAN_POINT('Ctrl Pts',(-1.99840144432528E-14,-160.,145.));
#3632=CARTESIAN_POINT('Ctrl Pts',(6.02778467305545,-160.,145.));
#3633=CARTESIAN_POINT('Ctrl Pts',(16.0775406763968,-158.483229919995,145.));
#3634=CARTESIAN_POINT('Ctrl Pts',(27.7827429657317,-153.007097522134,145.));
#3635=CARTESIAN_POINT('Ctrl Pts',(35.1307180121833,-147.194436685284,145.));
#3636=CARTESIAN_POINT('Ctrl Pts',(38.4931038461969,-143.308372547351,145.));
#3637=CARTESIAN_POINT('Ctrl Pts',(40.,-141.03429965518,145.));
#3638=CARTESIAN_POINT('Ctrl Pts',(-1.99840144432528E-14,-160.,147.243994752564));
#3639=CARTESIAN_POINT('Ctrl Pts',(6.02797103902118,-160.,147.243994752564));
#3640=CARTESIAN_POINT('Ctrl Pts',(16.0773373459787,-158.483376696794,147.243994752564));
#3641=CARTESIAN_POINT('Ctrl Pts',(27.7826307247613,-153.007321001041,147.243994752564));
#3642=CARTESIAN_POINT('Ctrl Pts',(35.1306993654815,-147.194539645215,147.243994752564));
#3643=CARTESIAN_POINT('Ctrl Pts',(38.4930221786981,-143.308495792635,147.243994752564));
#3644=CARTESIAN_POINT('Ctrl Pts',(40.,-141.03429965518,147.243994752564));
#3645=CARTESIAN_POINT('Ctrl Pts',(-1.99081969007317E-14,-158.975644431262,
151.731588679459));
#3646=CARTESIAN_POINT('Ctrl Pts',(5.92113843446486,-158.975644431262,151.731588679459));
#3647=CARTESIAN_POINT('Ctrl Pts',(15.7932254488304,-157.48430889293,151.731588679459));
#3648=CARTESIAN_POINT('Ctrl Pts',(27.2548825675548,-152.118196801621,151.731588679459));
#3649=CARTESIAN_POINT('Ctrl Pts',(34.4203122583179,-146.448017897446,151.731588679459));
#3650=CARTESIAN_POINT('Ctrl Pts',(37.685939143872,-142.672017764218,151.731588679459));
#3651=CARTESIAN_POINT('Ctrl Pts',(39.1461018099831,-140.468470871632,151.731588679459));
#3652=CARTESIAN_POINT('Ctrl Pts',(-1.96426796624218E-14,-155.388294424722,
156.226126163324));
#3653=CARTESIAN_POINT('Ctrl Pts',(5.54747787943127,-155.388294424722,156.226126163324));
#3654=CARTESIAN_POINT('Ctrl Pts',(14.7977336096168,-153.985890681792,156.226126163324));
#3655=CARTESIAN_POINT('Ctrl Pts',(25.4063942950651,-149.005001923255,156.226126163324));
#3656=CARTESIAN_POINT('Ctrl Pts',(31.9324498743833,-143.833918736166,156.226126163324));
#3657=CARTESIAN_POINT('Ctrl Pts',(34.8592822603389,-140.443349311444,156.226126163324));
#3658=CARTESIAN_POINT('Ctrl Pts',(36.1557029963034,-138.486907094066,156.226126163324));
#3659=CARTESIAN_POINT('Ctrl Pts',(-1.92887390042738E-14,-150.606273376282,
159.229383751893));
#3660=CARTESIAN_POINT('Ctrl Pts',(5.04903204154347,-150.606273376282,159.229383751893));
#3661=CARTESIAN_POINT('Ctrl Pts',(13.4710990843619,-149.322144008916,159.229383751893));
#3662=CARTESIAN_POINT('Ctrl Pts',(22.9425257663033,-144.854623848745,159.229383751893));
#3663=CARTESIAN_POINT('Ctrl Pts',(28.6161061966754,-140.349071667853,159.229383751893));
#3664=CARTESIAN_POINT('Ctrl Pts',(31.0914351801869,-137.472252510305,159.229383751893));
#3665=CARTESIAN_POINT('Ctrl Pts',(32.1694317810114,-135.845436460904,159.229383751893));
#3666=CARTESIAN_POINT('Ctrl Pts',(-1.90398803947233E-14,-147.243994752564,
160.));
#3667=CARTESIAN_POINT('Ctrl Pts',(4.69901159104662,-147.243994752564,160.));
#3668=CARTESIAN_POINT('Ctrl Pts',(12.5378502701564,-146.043372357681,160.));
#3669=CARTESIAN_POINT('Ctrl Pts',(21.2098938217204,-141.936987392711,160.));
#3670=CARTESIAN_POINT('Ctrl Pts',(26.2843133584051,-137.899090424902,160.));
#3671=CARTESIAN_POINT('Ctrl Pts',(28.4420374490466,-135.383541333066,160.));
#3672=CARTESIAN_POINT('Ctrl Pts',(29.3666514586849,-133.988196571097,160.));
#3673=CARTESIAN_POINT('Ctrl Pts',(-1.88737914186277E-14,-145.,160.));
#3674=CARTESIAN_POINT('Ctrl Pts',(4.46502568374477,-145.,160.));
#3675=CARTESIAN_POINT('Ctrl Pts',(11.9154131552212,-143.854810170122,160.));
#3676=CARTESIAN_POINT('Ctrl Pts',(20.0537597018211,-139.989291011727,160.));
#3677=CARTESIAN_POINT('Ctrl Pts',(24.7281060260569,-136.263755049422,160.));
#3678=CARTESIAN_POINT('Ctrl Pts',(26.6739885777834,-133.989277179466,160.));
#3679=CARTESIAN_POINT('Ctrl Pts',(27.4960675363639,-132.748669145386,160.));
#3680=CARTESIAN_POINT('Ctrl Pts',(25.0002438376936,-135.795350950517,160.));
#3681=CARTESIAN_POINT('Ctrl Pts',(24.8783056882182,-135.91857235321,160.));
#3682=CARTESIAN_POINT('Ctrl Pts',(23.6955836642354,-137.086693472043,160.));
#3683=CARTESIAN_POINT('Ctrl Pts',(20.0537597018211,-139.989291011727,160.));
#3684=CARTESIAN_POINT('Ctrl Pts',(11.9154131552212,-143.854810170122,160.));
#3685=CARTESIAN_POINT('Ctrl Pts',(4.46502568374477,-145.,160.));
#3686=CARTESIAN_POINT('Ctrl Pts',(-1.88737914186277E-14,-145.,160.));
#3687=CARTESIAN_POINT('Ctrl Pts',(-1.99840144432528E-14,-160.,145.));
#3688=CARTESIAN_POINT('Ctrl Pts',(6.02778467305545,-160.,145.));
#3689=CARTESIAN_POINT('Ctrl Pts',(16.0775406763968,-158.483229919995,145.));
#3690=CARTESIAN_POINT('Ctrl Pts',(27.7827429657317,-153.007097522134,145.));
#3691=CARTESIAN_POINT('Ctrl Pts',(35.1307180121833,-147.194436685284,145.));
#3692=CARTESIAN_POINT('Ctrl Pts',(38.4931038461969,-143.308372547351,145.));
#3693=CARTESIAN_POINT('Ctrl Pts',(40.,-141.03429965518,145.));
#3694=CARTESIAN_POINT('Origin',(-40.,-125.,160.));
#3695=CARTESIAN_POINT('Ctrl Pts',(-65.,-90.,115.));
#3696=CARTESIAN_POINT('Ctrl Pts',(-120.000000000098,-89.9999999999378,115.));
#3697=CARTESIAN_POINT('Ctrl Pts',(-120.,-125.,115.));
#3698=CARTESIAN_POINT('Ctrl Pts',(-120.000000000098,-160.000000000062,115.));
#3699=CARTESIAN_POINT('Ctrl Pts',(-65.,-160.,115.));
#3700=CARTESIAN_POINT('Ctrl Pts',(-65.,-90.,143.076314940021));
#3701=CARTESIAN_POINT('Ctrl Pts',(-120.000000000098,-89.9999999999378,143.076314940021));
#3702=CARTESIAN_POINT('Ctrl Pts',(-120.,-125.,143.076314940021));
#3703=CARTESIAN_POINT('Ctrl Pts',(-120.000000000098,-160.000000000062,143.076314940021));
#3704=CARTESIAN_POINT('Ctrl Pts',(-65.,-160.,143.076314940021));
#3705=CARTESIAN_POINT('',(-65.,-90.,0.));
#3706=CARTESIAN_POINT('',(-65.,-160.,0.));
#3707=CARTESIAN_POINT('Origin',(0.,-90.,0.));
#3708=CARTESIAN_POINT('',(-2.75545529808154E-15,-90.,0.));
#3709=CARTESIAN_POINT('Ctrl Pts',(40.,-108.96570034482,115.));
#3710=CARTESIAN_POINT('Ctrl Pts',(27.4325308559007,-90.,115.));
#3711=CARTESIAN_POINT('Ctrl Pts',(0.,-90.,115.));
#3712=CARTESIAN_POINT('Ctrl Pts',(40.,-108.96570034482,145.));
#3713=CARTESIAN_POINT('Ctrl Pts',(27.4325308559007,-90.,145.));
#3714=CARTESIAN_POINT('Ctrl Pts',(0.,-90.,145.));
#3715=CARTESIAN_POINT('',(40.,-108.96570034482,0.));
#3716=CARTESIAN_POINT('Origin',(-65.0000009685755,-158.000002354383,0.));
#3717=CARTESIAN_POINT('',(-66.0500009685755,-158.000002354383,0.));
#3718=CARTESIAN_POINT('Origin',(-20.0000002980232,-92.0000013709068,0.));
#3719=CARTESIAN_POINT('',(-21.0500002980232,-92.0000013709068,0.));
#3720=CARTESIAN_POINT('Origin',(-65.0000009685755,-92.0000013709068,0.));
#3721=CARTESIAN_POINT('',(-66.0500009685755,-92.0000013709068,0.));
#3722=CARTESIAN_POINT('Origin',(-20.0000002980232,-158.000002354383,0.));
#3723=CARTESIAN_POINT('',(-21.0500002980232,-158.000002354383,0.));
#3724=CARTESIAN_POINT('Origin',(-65.,-160.,0.));
#3725=CARTESIAN_POINT('',(7.23655192354486E-15,-160.,0.));
#3726=CARTESIAN_POINT('Ctrl Pts',(0.,-160.,115.));
#3727=CARTESIAN_POINT('Ctrl Pts',(27.4325308559006,-160.,115.));
#3728=CARTESIAN_POINT('Ctrl Pts',(40.,-141.03429965518,115.));
#3729=CARTESIAN_POINT('Ctrl Pts',(0.,-160.,145.));
#3730=CARTESIAN_POINT('Ctrl Pts',(27.4325308559006,-160.,145.));
#3731=CARTESIAN_POINT('Ctrl Pts',(40.,-141.03429965518,145.));
#3732=CARTESIAN_POINT('',(40.,-141.03429965518,0.));
#3733=CARTESIAN_POINT('Origin',(40.,-141.03429965518,0.));
#3734=UNCERTAINTY_MEASURE_WITH_UNIT(LENGTH_MEASURE(0.01),#3738,
'DISTANCE_ACCURACY_VALUE',
'Maximum model space distance between geometric entities at asserted c
onnectivities');
#3735=UNCERTAINTY_MEASURE_WITH_UNIT(LENGTH_MEASURE(0.01),#3738,
'DISTANCE_ACCURACY_VALUE',
'Maximum model space distance between geometric entities at asserted c
onnectivities');
#3736=(
GEOMETRIC_REPRESENTATION_CONTEXT(3)
GLOBAL_UNCERTAINTY_ASSIGNED_CONTEXT((#3734))
GLOBAL_UNIT_ASSIGNED_CONTEXT((#3738,#3740,#3741))
REPRESENTATION_CONTEXT('','3D')
);
#3737=(
GEOMETRIC_REPRESENTATION_CONTEXT(3)
GLOBAL_UNCERTAINTY_ASSIGNED_CONTEXT((#3735))
GLOBAL_UNIT_ASSIGNED_CONTEXT((#3738,#3740,#3741))
REPRESENTATION_CONTEXT('','3D')
);
#3738=(
LENGTH_UNIT()
NAMED_UNIT(*)
SI_UNIT(.MILLI.,.METRE.)
);
#3739=(
LENGTH_UNIT()
NAMED_UNIT(*)
SI_UNIT($,.METRE.)
);
#3740=(
NAMED_UNIT(*)
PLANE_ANGLE_UNIT()
SI_UNIT($,.RADIAN.)
);
#3741=(
NAMED_UNIT(*)
SI_UNIT($,.STERADIAN.)
SOLID_ANGLE_UNIT()
);
#3742=SHAPE_DEFINITION_REPRESENTATION(#3743,#3744);
#3743=PRODUCT_DEFINITION_SHAPE('',$,#3746);
#3744=SHAPE_REPRESENTATION('',(#999),#3736);
#3745=PRODUCT_DEFINITION_CONTEXT('part definition',#3750,'design');
#3746=PRODUCT_DEFINITION('2025-08-01-08-27-48-701','shell_0',#3747,#3745);
#3747=PRODUCT_DEFINITION_FORMATION('',$,#3752);
#3748=PRODUCT_RELATED_PRODUCT_CATEGORY('shell_0','shell_0',(#3752));
#3749=APPLICATION_PROTOCOL_DEFINITION('international standard',
'automotive_design',2009,#3750);
#3750=APPLICATION_CONTEXT(
'Core Data for Automotive Mechanical Design Process');
#3751=PRODUCT_CONTEXT('part definition',#3750,'mechanical');
#3752=PRODUCT('2025-08-01-08-27-48-701','shell_0',$,(#3751));
#3753=PRESENTATION_STYLE_ASSIGNMENT((#3755));
#3754=PRESENTATION_STYLE_ASSIGNMENT((#3756));
#3755=SURFACE_STYLE_USAGE(.BOTH.,#3757);
#3756=SURFACE_STYLE_USAGE(.BOTH.,#3758);
#3757=SURFACE_SIDE_STYLE('',(#3759));
#3758=SURFACE_SIDE_STYLE('',(#3760));
#3759=SURFACE_STYLE_FILL_AREA(#3761);
#3760=SURFACE_STYLE_FILL_AREA(#3762);
#3761=FILL_AREA_STYLE('Steel - Satin',(#3763));
#3762=FILL_AREA_STYLE('Sunflower yellow PLA',(#3764));
#3763=FILL_AREA_STYLE_COLOUR('Steel - Satin',#3765);
#3764=FILL_AREA_STYLE_COLOUR('Sunflower yellow PLA',#3766);
#3765=COLOUR_RGB('Steel - Satin',0.627450980392157,0.627450980392157,0.627450980392157);
#3766=COLOUR_RGB('Sunflower yellow PLA',1.,0.733333333333333,0.);
ENDSEC;
END-ISO-10303-21;
