ISO-10303-21;
HEADER;
/* Generated by software containing ST-Developer
 * from STEP Tools, Inc. (www.steptools.com) 
 */

FILE_DESCRIPTION(
/* description */ (''),
/* implementation_level */ '2;1');

FILE_NAME(
/* name */ 'base_2.step',
/* time_stamp */ '2025-07-29T18:40:20+01:00',
/* author */ (''),
/* organization */ (''),
/* preprocessor_version */ 'ST-DEVELOPER v20.1',
/* originating_system */ 'Autodesk Translation Framework v14.10.0.0',
/* authorisation */ '');

FILE_SCHEMA (('AUTOMOTIVE_DESIGN { 1 0 10303 214 3 1 1 }'));
ENDSEC;

DATA;
#10=MECHANICAL_DESIGN_GEOMETRIC_PRESENTATION_REPRESENTATION('',(#13),#2318);
#11=SHAPE_REPRESENTATION_RELATIONSHIP('SRR','None',#2325,#12);
#12=ADVANCED_BREP_SHAPE_REPRESENTATION('',(#14),#2317);
#13=STYLED_ITEM('',(#2335),#14);
#14=MANIFOLD_SOLID_BREP('Body1',#1381);
#15=FACE_BOUND('',#158,.T.);
#16=FACE_BOUND('',#159,.T.);
#17=FACE_BOUND('',#160,.T.);
#18=FACE_BOUND('',#168,.T.);
#19=FACE_BOUND('',#173,.T.);
#20=FACE_BOUND('',#180,.T.);
#21=FACE_BOUND('',#185,.T.);
#22=FACE_BOUND('',#197,.T.);
#23=FACE_BOUND('',#198,.T.);
#24=FACE_BOUND('',#199,.T.);
#25=FACE_BOUND('',#200,.T.);
#26=FACE_BOUND('',#204,.T.);
#27=FACE_BOUND('',#205,.T.);
#28=FACE_BOUND('',#206,.T.);
#29=FACE_BOUND('',#207,.T.);
#30=FACE_BOUND('',#208,.T.);
#31=FACE_BOUND('',#209,.T.);
#32=FACE_BOUND('',#210,.T.);
#33=FACE_BOUND('',#211,.T.);
#34=FACE_BOUND('',#212,.T.);
#35=FACE_BOUND('',#213,.T.);
#36=FACE_BOUND('',#214,.T.);
#37=FACE_BOUND('',#215,.T.);
#38=FACE_BOUND('',#216,.T.);
#39=FACE_BOUND('',#224,.T.);
#40=FACE_BOUND('',#229,.T.);
#41=FACE_BOUND('',#233,.T.);
#42=FACE_BOUND('',#239,.T.);
#43=CYLINDRICAL_SURFACE('',#1416,20.);
#44=CYLINDRICAL_SURFACE('',#1420,20.);
#45=CYLINDRICAL_SURFACE('',#1423,35.);
#46=CYLINDRICAL_SURFACE('',#1429,32.0000004768372);
#47=CYLINDRICAL_SURFACE('',#1432,30.);
#48=CYLINDRICAL_SURFACE('',#1441,1.95);
#49=CYLINDRICAL_SURFACE('',#1447,1.95);
#50=CYLINDRICAL_SURFACE('',#1455,1.95);
#51=CYLINDRICAL_SURFACE('',#1461,1.95);
#52=CYLINDRICAL_SURFACE('',#1467,1.00000001490116);
#53=CYLINDRICAL_SURFACE('',#1471,0.999999716877937);
#54=CYLINDRICAL_SURFACE('',#1474,1.05);
#55=CYLINDRICAL_SURFACE('',#1477,1.05);
#56=CYLINDRICAL_SURFACE('',#1480,1.05);
#57=CYLINDRICAL_SURFACE('',#1483,1.05);
#58=CYLINDRICAL_SURFACE('',#1503,2.00000047683733);
#59=CYLINDRICAL_SURFACE('',#1506,5.);
#60=CYLINDRICAL_SURFACE('',#1509,2.00000047683721);
#61=CYLINDRICAL_SURFACE('',#1512,5.);
#62=CYLINDRICAL_SURFACE('',#1515,2.00000002980232);
#63=CYLINDRICAL_SURFACE('',#1517,4.99999955296516);
#64=CYLINDRICAL_SURFACE('',#1521,2.00000047683716);
#65=CYLINDRICAL_SURFACE('',#1524,5.);
#66=ELLIPSE('',#1398,110.679718105893,35.);
#67=ELLIPSE('',#1401,110.679718105893,35.);
#68=ELLIPSE('',#1403,110.679718105893,35.);
#69=ELLIPSE('',#1405,110.679718105893,35.);
#70=ELLIPSE('',#1410,110.679718105893,35.);
#71=ELLIPSE('',#1412,110.679718105893,35.);
#72=FACE_OUTER_BOUND('',#142,.T.);
#73=FACE_OUTER_BOUND('',#143,.T.);
#74=FACE_OUTER_BOUND('',#144,.T.);
#75=FACE_OUTER_BOUND('',#145,.T.);
#76=FACE_OUTER_BOUND('',#146,.T.);
#77=FACE_OUTER_BOUND('',#147,.T.);
#78=FACE_OUTER_BOUND('',#148,.T.);
#79=FACE_OUTER_BOUND('',#149,.T.);
#80=FACE_OUTER_BOUND('',#150,.T.);
#81=FACE_OUTER_BOUND('',#151,.T.);
#82=FACE_OUTER_BOUND('',#152,.T.);
#83=FACE_OUTER_BOUND('',#153,.T.);
#84=FACE_OUTER_BOUND('',#154,.T.);
#85=FACE_OUTER_BOUND('',#155,.T.);
#86=FACE_OUTER_BOUND('',#156,.T.);
#87=FACE_OUTER_BOUND('',#157,.T.);
#88=FACE_OUTER_BOUND('',#161,.T.);
#89=FACE_OUTER_BOUND('',#162,.T.);
#90=FACE_OUTER_BOUND('',#163,.T.);
#91=FACE_OUTER_BOUND('',#164,.T.);
#92=FACE_OUTER_BOUND('',#165,.T.);
#93=FACE_OUTER_BOUND('',#166,.T.);
#94=FACE_OUTER_BOUND('',#167,.T.);
#95=FACE_OUTER_BOUND('',#169,.T.);
#96=FACE_OUTER_BOUND('',#170,.T.);
#97=FACE_OUTER_BOUND('',#171,.T.);
#98=FACE_OUTER_BOUND('',#172,.T.);
#99=FACE_OUTER_BOUND('',#174,.T.);
#100=FACE_OUTER_BOUND('',#175,.T.);
#101=FACE_OUTER_BOUND('',#176,.T.);
#102=FACE_OUTER_BOUND('',#177,.T.);
#103=FACE_OUTER_BOUND('',#178,.T.);
#104=FACE_OUTER_BOUND('',#179,.T.);
#105=FACE_OUTER_BOUND('',#181,.T.);
#106=FACE_OUTER_BOUND('',#182,.T.);
#107=FACE_OUTER_BOUND('',#183,.T.);
#108=FACE_OUTER_BOUND('',#184,.T.);
#109=FACE_OUTER_BOUND('',#186,.T.);
#110=FACE_OUTER_BOUND('',#187,.T.);
#111=FACE_OUTER_BOUND('',#188,.T.);
#112=FACE_OUTER_BOUND('',#189,.T.);
#113=FACE_OUTER_BOUND('',#190,.T.);
#114=FACE_OUTER_BOUND('',#191,.T.);
#115=FACE_OUTER_BOUND('',#192,.T.);
#116=FACE_OUTER_BOUND('',#193,.T.);
#117=FACE_OUTER_BOUND('',#194,.T.);
#118=FACE_OUTER_BOUND('',#195,.T.);
#119=FACE_OUTER_BOUND('',#196,.T.);
#120=FACE_OUTER_BOUND('',#201,.T.);
#121=FACE_OUTER_BOUND('',#202,.T.);
#122=FACE_OUTER_BOUND('',#203,.T.);
#123=FACE_OUTER_BOUND('',#217,.T.);
#124=FACE_OUTER_BOUND('',#218,.T.);
#125=FACE_OUTER_BOUND('',#219,.T.);
#126=FACE_OUTER_BOUND('',#220,.T.);
#127=FACE_OUTER_BOUND('',#221,.T.);
#128=FACE_OUTER_BOUND('',#222,.T.);
#129=FACE_OUTER_BOUND('',#223,.T.);
#130=FACE_OUTER_BOUND('',#225,.T.);
#131=FACE_OUTER_BOUND('',#226,.T.);
#132=FACE_OUTER_BOUND('',#227,.T.);
#133=FACE_OUTER_BOUND('',#228,.T.);
#134=FACE_OUTER_BOUND('',#230,.T.);
#135=FACE_OUTER_BOUND('',#231,.T.);
#136=FACE_OUTER_BOUND('',#232,.T.);
#137=FACE_OUTER_BOUND('',#234,.T.);
#138=FACE_OUTER_BOUND('',#235,.T.);
#139=FACE_OUTER_BOUND('',#236,.T.);
#140=FACE_OUTER_BOUND('',#237,.T.);
#141=FACE_OUTER_BOUND('',#238,.T.);
#142=EDGE_LOOP('',(#878,#879,#880,#881));
#143=EDGE_LOOP('',(#882,#883,#884,#885));
#144=EDGE_LOOP('',(#886,#887,#888));
#145=EDGE_LOOP('',(#889,#890,#891,#892));
#146=EDGE_LOOP('',(#893,#894,#895,#896));
#147=EDGE_LOOP('',(#897,#898,#899,#900));
#148=EDGE_LOOP('',(#901,#902,#903));
#149=EDGE_LOOP('',(#904,#905,#906,#907));
#150=EDGE_LOOP('',(#908,#909,#910,#911));
#151=EDGE_LOOP('',(#912,#913,#914,#915));
#152=EDGE_LOOP('',(#916,#917,#918));
#153=EDGE_LOOP('',(#919,#920,#921,#922));
#154=EDGE_LOOP('',(#923,#924,#925,#926));
#155=EDGE_LOOP('',(#927,#928,#929,#930));
#156=EDGE_LOOP('',(#931,#932,#933,#934));
#157=EDGE_LOOP('',(#935,#936,#937,#938,#939,#940,#941));
#158=EDGE_LOOP('',(#942,#943,#944));
#159=EDGE_LOOP('',(#945,#946,#947));
#160=EDGE_LOOP('',(#948,#949,#950));
#161=EDGE_LOOP('',(#951,#952,#953,#954));
#162=EDGE_LOOP('',(#955,#956,#957,#958,#959,#960,#961,#962,#963,#964,#965,
#966));
#163=EDGE_LOOP('',(#967,#968,#969,#970));
#164=EDGE_LOOP('',(#971,#972,#973,#974));
#165=EDGE_LOOP('',(#975,#976,#977,#978));
#166=EDGE_LOOP('',(#979,#980,#981,#982));
#167=EDGE_LOOP('',(#983,#984,#985,#986));
#168=EDGE_LOOP('',(#987));
#169=EDGE_LOOP('',(#988,#989,#990,#991));
#170=EDGE_LOOP('',(#992,#993,#994,#995));
#171=EDGE_LOOP('',(#996,#997,#998,#999));
#172=EDGE_LOOP('',(#1000,#1001,#1002,#1003));
#173=EDGE_LOOP('',(#1004));
#174=EDGE_LOOP('',(#1005,#1006,#1007,#1008));
#175=EDGE_LOOP('',(#1009,#1010,#1011,#1012,#1013,#1014,#1015,#1016,#1017,
#1018));
#176=EDGE_LOOP('',(#1019,#1020,#1021,#1022));
#177=EDGE_LOOP('',(#1023,#1024,#1025,#1026));
#178=EDGE_LOOP('',(#1027,#1028,#1029,#1030));
#179=EDGE_LOOP('',(#1031,#1032,#1033,#1034));
#180=EDGE_LOOP('',(#1035));
#181=EDGE_LOOP('',(#1036,#1037,#1038,#1039));
#182=EDGE_LOOP('',(#1040,#1041,#1042,#1043));
#183=EDGE_LOOP('',(#1044,#1045,#1046,#1047));
#184=EDGE_LOOP('',(#1048,#1049,#1050,#1051));
#185=EDGE_LOOP('',(#1052));
#186=EDGE_LOOP('',(#1053,#1054,#1055,#1056,#1057,#1058,#1059,#1060,#1061,
#1062));
#187=EDGE_LOOP('',(#1063,#1064,#1065,#1066));
#188=EDGE_LOOP('',(#1067,#1068,#1069,#1070));
#189=EDGE_LOOP('',(#1071,#1072,#1073,#1074));
#190=EDGE_LOOP('',(#1075,#1076,#1077,#1078));
#191=EDGE_LOOP('',(#1079,#1080,#1081,#1082));
#192=EDGE_LOOP('',(#1083,#1084,#1085,#1086));
#193=EDGE_LOOP('',(#1087,#1088,#1089,#1090));
#194=EDGE_LOOP('',(#1091,#1092,#1093,#1094));
#195=EDGE_LOOP('',(#1095,#1096,#1097,#1098));
#196=EDGE_LOOP('',(#1099,#1100,#1101,#1102,#1103,#1104,#1105,#1106,#1107,
#1108,#1109,#1110,#1111,#1112));
#197=EDGE_LOOP('',(#1113));
#198=EDGE_LOOP('',(#1114));
#199=EDGE_LOOP('',(#1115));
#200=EDGE_LOOP('',(#1116));
#201=EDGE_LOOP('',(#1117,#1118,#1119,#1120,#1121,#1122,#1123,#1124,#1125));
#202=EDGE_LOOP('',(#1126,#1127,#1128,#1129,#1130));
#203=EDGE_LOOP('',(#1131,#1132,#1133,#1134,#1135,#1136,#1137,#1138));
#204=EDGE_LOOP('',(#1139));
#205=EDGE_LOOP('',(#1140));
#206=EDGE_LOOP('',(#1141));
#207=EDGE_LOOP('',(#1142));
#208=EDGE_LOOP('',(#1143));
#209=EDGE_LOOP('',(#1144));
#210=EDGE_LOOP('',(#1145));
#211=EDGE_LOOP('',(#1146));
#212=EDGE_LOOP('',(#1147));
#213=EDGE_LOOP('',(#1148));
#214=EDGE_LOOP('',(#1149));
#215=EDGE_LOOP('',(#1150));
#216=EDGE_LOOP('',(#1151,#1152,#1153,#1154,#1155,#1156));
#217=EDGE_LOOP('',(#1157,#1158,#1159,#1160,#1161,#1162,#1163,#1164,#1165));
#218=EDGE_LOOP('',(#1166,#1167,#1168,#1169,#1170));
#219=EDGE_LOOP('',(#1171,#1172,#1173,#1174,#1175,#1176,#1177,#1178,#1179,
#1180));
#220=EDGE_LOOP('',(#1181,#1182,#1183,#1184));
#221=EDGE_LOOP('',(#1185,#1186,#1187,#1188,#1189,#1190,#1191,#1192,#1193,
#1194,#1195,#1196));
#222=EDGE_LOOP('',(#1197,#1198,#1199,#1200));
#223=EDGE_LOOP('',(#1201,#1202,#1203,#1204,#1205,#1206));
#224=EDGE_LOOP('',(#1207));
#225=EDGE_LOOP('',(#1208,#1209,#1210,#1211));
#226=EDGE_LOOP('',(#1212,#1213,#1214,#1215,#1216));
#227=EDGE_LOOP('',(#1217,#1218,#1219,#1220));
#228=EDGE_LOOP('',(#1221,#1222,#1223,#1224));
#229=EDGE_LOOP('',(#1225));
#230=EDGE_LOOP('',(#1226,#1227,#1228,#1229));
#231=EDGE_LOOP('',(#1230,#1231,#1232,#1233));
#232=EDGE_LOOP('',(#1234,#1235,#1236,#1237,#1238,#1239));
#233=EDGE_LOOP('',(#1240));
#234=EDGE_LOOP('',(#1241,#1242,#1243,#1244,#1245));
#235=EDGE_LOOP('',(#1246,#1247,#1248,#1249));
#236=EDGE_LOOP('',(#1250,#1251,#1252,#1253,#1254));
#237=EDGE_LOOP('',(#1255,#1256,#1257,#1258));
#238=EDGE_LOOP('',(#1259,#1260,#1261,#1262));
#239=EDGE_LOOP('',(#1263));
#240=LINE('',#1930,#371);
#241=LINE('',#1932,#372);
#242=LINE('',#1933,#373);
#243=LINE('',#1938,#374);
#244=LINE('',#1939,#375);
#245=LINE('',#1941,#376);
#246=LINE('',#1949,#377);
#247=LINE('',#1951,#378);
#248=LINE('',#1952,#379);
#249=LINE('',#1957,#380);
#250=LINE('',#1958,#381);
#251=LINE('',#1960,#382);
#252=LINE('',#1968,#383);
#253=LINE('',#1970,#384);
#254=LINE('',#1971,#385);
#255=LINE('',#1976,#386);
#256=LINE('',#1977,#387);
#257=LINE('',#1979,#388);
#258=LINE('',#1987,#389);
#259=LINE('',#1990,#390);
#260=LINE('',#1993,#391);
#261=LINE('',#1995,#392);
#262=LINE('',#1996,#393);
#263=LINE('',#2002,#394);
#264=LINE('',#2005,#395);
#265=LINE('',#2020,#396);
#266=LINE('',#2023,#397);
#267=LINE('',#2027,#398);
#268=LINE('',#2031,#399);
#269=LINE('',#2035,#400);
#270=LINE('',#2039,#401);
#271=LINE('',#2043,#402);
#272=LINE('',#2047,#403);
#273=LINE('',#2050,#404);
#274=LINE('',#2051,#405);
#275=LINE('',#2054,#406);
#276=LINE('',#2056,#407);
#277=LINE('',#2057,#408);
#278=LINE('',#2062,#409);
#279=LINE('',#2066,#410);
#280=LINE('',#2068,#411);
#281=LINE('',#2069,#412);
#282=LINE('',#2071,#413);
#283=LINE('',#2075,#414);
#284=LINE('',#2077,#415);
#285=LINE('',#2079,#416);
#286=LINE('',#2080,#417);
#287=LINE('',#2085,#418);
#288=LINE('',#2090,#419);
#289=LINE('',#2092,#420);
#290=LINE('',#2094,#421);
#291=LINE('',#2095,#422);
#292=LINE('',#2097,#423);
#293=LINE('',#2098,#424);
#294=LINE('',#2101,#425);
#295=LINE('',#2103,#426);
#296=LINE('',#2105,#427);
#297=LINE('',#2106,#428);
#298=LINE('',#2108,#429);
#299=LINE('',#2110,#430);
#300=LINE('',#2112,#431);
#301=LINE('',#2113,#432);
#302=LINE('',#2116,#433);
#303=LINE('',#2118,#434);
#304=LINE('',#2119,#435);
#305=LINE('',#2124,#436);
#306=LINE('',#2128,#437);
#307=LINE('',#2130,#438);
#308=LINE('',#2131,#439);
#309=LINE('',#2133,#440);
#310=LINE('',#2136,#441);
#311=LINE('',#2138,#442);
#312=LINE('',#2140,#443);
#313=LINE('',#2141,#444);
#314=LINE('',#2146,#445);
#315=LINE('',#2151,#446);
#316=LINE('',#2153,#447);
#317=LINE('',#2155,#448);
#318=LINE('',#2156,#449);
#319=LINE('',#2158,#450);
#320=LINE('',#2159,#451);
#321=LINE('',#2162,#452);
#322=LINE('',#2164,#453);
#323=LINE('',#2165,#454);
#324=LINE('',#2166,#455);
#325=LINE('',#2171,#456);
#326=LINE('',#2175,#457);
#327=LINE('',#2177,#458);
#328=LINE('',#2178,#459);
#329=LINE('',#2184,#460);
#330=LINE('',#2189,#461);
#331=LINE('',#2195,#462);
#332=LINE('',#2201,#463);
#333=LINE('',#2207,#464);
#334=LINE('',#2211,#465);
#335=LINE('',#2213,#466);
#336=LINE('',#2214,#467);
#337=LINE('',#2217,#468);
#338=LINE('',#2219,#469);
#339=LINE('',#2220,#470);
#340=LINE('',#2222,#471);
#341=LINE('',#2223,#472);
#342=LINE('',#2225,#473);
#343=LINE('',#2226,#474);
#344=LINE('',#2231,#475);
#345=LINE('',#2235,#476);
#346=LINE('',#2239,#477);
#347=LINE('',#2243,#478);
#348=LINE('',#2253,#479);
#349=LINE('',#2255,#480);
#350=LINE('',#2258,#481);
#351=LINE('',#2262,#482);
#352=LINE('',#2265,#483);
#353=LINE('',#2266,#484);
#354=LINE('',#2268,#485);
#355=LINE('',#2269,#486);
#356=LINE('',#2273,#487);
#357=LINE('',#2275,#488);
#358=LINE('',#2279,#489);
#359=LINE('',#2282,#490);
#360=LINE('',#2283,#491);
#361=LINE('',#2287,#492);
#362=LINE('',#2289,#493);
#363=LINE('',#2293,#494);
#364=LINE('',#2296,#495);
#365=LINE('',#2299,#496);
#366=LINE('',#2302,#497);
#367=LINE('',#2303,#498);
#368=LINE('',#2307,#499);
#369=LINE('',#2310,#500);
#370=LINE('',#2311,#501);
#371=VECTOR('',#1533,10.);
#372=VECTOR('',#1534,10.);
#373=VECTOR('',#1535,10.);
#374=VECTOR('',#1540,10.);
#375=VECTOR('',#1541,10.);
#376=VECTOR('',#1544,10.);
#377=VECTOR('',#1553,10.);
#378=VECTOR('',#1554,10.);
#379=VECTOR('',#1555,10.);
#380=VECTOR('',#1560,10.);
#381=VECTOR('',#1561,10.);
#382=VECTOR('',#1564,10.);
#383=VECTOR('',#1573,10.);
#384=VECTOR('',#1574,10.);
#385=VECTOR('',#1575,10.);
#386=VECTOR('',#1580,10.);
#387=VECTOR('',#1581,10.);
#388=VECTOR('',#1584,10.);
#389=VECTOR('',#1593,10.);
#390=VECTOR('',#1596,10.);
#391=VECTOR('',#1599,10.);
#392=VECTOR('',#1600,10.);
#393=VECTOR('',#1601,10.);
#394=VECTOR('',#1606,10.);
#395=VECTOR('',#1609,10.);
#396=VECTOR('',#1626,10.);
#397=VECTOR('',#1629,10.);
#398=VECTOR('',#1632,10.);
#399=VECTOR('',#1635,10.);
#400=VECTOR('',#1638,10.);
#401=VECTOR('',#1641,10.);
#402=VECTOR('',#1644,10.);
#403=VECTOR('',#1647,10.);
#404=VECTOR('',#1652,10.);
#405=VECTOR('',#1653,10.);
#406=VECTOR('',#1656,10.);
#407=VECTOR('',#1657,10.);
#408=VECTOR('',#1658,10.);
#409=VECTOR('',#1663,1.95);
#410=VECTOR('',#1668,10.);
#411=VECTOR('',#1669,10.);
#412=VECTOR('',#1670,10.);
#413=VECTOR('',#1673,10.);
#414=VECTOR('',#1676,10.);
#415=VECTOR('',#1677,10.);
#416=VECTOR('',#1678,10.);
#417=VECTOR('',#1679,10.);
#418=VECTOR('',#1684,1.95);
#419=VECTOR('',#1689,10.);
#420=VECTOR('',#1690,10.);
#421=VECTOR('',#1691,10.);
#422=VECTOR('',#1692,10.);
#423=VECTOR('',#1695,10.);
#424=VECTOR('',#1696,10.);
#425=VECTOR('',#1699,10.);
#426=VECTOR('',#1700,10.);
#427=VECTOR('',#1701,10.);
#428=VECTOR('',#1702,10.);
#429=VECTOR('',#1705,10.);
#430=VECTOR('',#1706,10.);
#431=VECTOR('',#1707,10.);
#432=VECTOR('',#1708,10.);
#433=VECTOR('',#1711,10.);
#434=VECTOR('',#1712,10.);
#435=VECTOR('',#1713,10.);
#436=VECTOR('',#1718,1.95);
#437=VECTOR('',#1723,10.);
#438=VECTOR('',#1724,10.);
#439=VECTOR('',#1725,10.);
#440=VECTOR('',#1728,10.);
#441=VECTOR('',#1731,10.);
#442=VECTOR('',#1732,10.);
#443=VECTOR('',#1733,10.);
#444=VECTOR('',#1734,10.);
#445=VECTOR('',#1739,1.95);
#446=VECTOR('',#1744,10.);
#447=VECTOR('',#1745,10.);
#448=VECTOR('',#1746,10.);
#449=VECTOR('',#1747,10.);
#450=VECTOR('',#1750,10.);
#451=VECTOR('',#1751,10.);
#452=VECTOR('',#1754,10.);
#453=VECTOR('',#1755,10.);
#454=VECTOR('',#1756,10.);
#455=VECTOR('',#1757,10.);
#456=VECTOR('',#1762,10.);
#457=VECTOR('',#1767,10.);
#458=VECTOR('',#1768,10.);
#459=VECTOR('',#1769,10.);
#460=VECTOR('',#1776,10.);
#461=VECTOR('',#1781,1.05);
#462=VECTOR('',#1788,1.05);
#463=VECTOR('',#1795,1.05);
#464=VECTOR('',#1802,1.05);
#465=VECTOR('',#1807,10.);
#466=VECTOR('',#1808,10.);
#467=VECTOR('',#1809,10.);
#468=VECTOR('',#1812,10.);
#469=VECTOR('',#1813,10.);
#470=VECTOR('',#1814,10.);
#471=VECTOR('',#1817,10.);
#472=VECTOR('',#1818,10.);
#473=VECTOR('',#1821,10.);
#474=VECTOR('',#1822,10.);
#475=VECTOR('',#1827,10.);
#476=VECTOR('',#1830,10.);
#477=VECTOR('',#1833,10.);
#478=VECTOR('',#1836,10.);
#479=VECTOR('',#1847,10.);
#480=VECTOR('',#1850,10.);
#481=VECTOR('',#1855,10.);
#482=VECTOR('',#1860,2.00000047683733);
#483=VECTOR('',#1863,10.);
#484=VECTOR('',#1864,10.);
#485=VECTOR('',#1865,10.);
#486=VECTOR('',#1866,10.);
#487=VECTOR('',#1871,10.);
#488=VECTOR('',#1874,10.);
#489=VECTOR('',#1879,2.00000047683721);
#490=VECTOR('',#1882,10.);
#491=VECTOR('',#1883,10.);
#492=VECTOR('',#1888,10.);
#493=VECTOR('',#1891,10.);
#494=VECTOR('',#1896,2.00000002980232);
#495=VECTOR('',#1899,10.);
#496=VECTOR('',#1904,10.);
#497=VECTOR('',#1907,10.);
#498=VECTOR('',#1908,10.);
#499=VECTOR('',#1913,2.00000047683716);
#500=VECTOR('',#1916,10.);
#501=VECTOR('',#1917,10.);
#502=CIRCLE('',#1396,35.);
#503=CIRCLE('',#1408,35.);
#504=CIRCLE('',#1415,35.);
#505=CIRCLE('',#1417,20.);
#506=CIRCLE('',#1418,20.);
#507=CIRCLE('',#1421,20.);
#508=CIRCLE('',#1422,20.);
#509=CIRCLE('',#1424,35.);
#510=CIRCLE('',#1425,35.);
#511=CIRCLE('',#1426,35.);
#512=CIRCLE('',#1427,35.);
#513=CIRCLE('',#1428,35.);
#514=CIRCLE('',#1430,32.0000004768372);
#515=CIRCLE('',#1431,32.0000004768372);
#516=CIRCLE('',#1433,30.);
#517=CIRCLE('',#1434,30.);
#518=CIRCLE('',#1435,30.);
#519=CIRCLE('',#1436,30.);
#520=CIRCLE('',#1437,30.);
#521=CIRCLE('',#1438,30.);
#522=CIRCLE('',#1442,1.95);
#523=CIRCLE('',#1443,1.95);
#524=CIRCLE('',#1448,1.95);
#525=CIRCLE('',#1449,1.95);
#526=CIRCLE('',#1456,1.95);
#527=CIRCLE('',#1457,1.95);
#528=CIRCLE('',#1462,1.95);
#529=CIRCLE('',#1463,1.95);
#530=CIRCLE('',#1468,1.00000001490116);
#531=CIRCLE('',#1469,1.00000001490116);
#532=CIRCLE('',#1472,0.999999716877937);
#533=CIRCLE('',#1473,0.999999716877937);
#534=CIRCLE('',#1475,1.05);
#535=CIRCLE('',#1476,1.05);
#536=CIRCLE('',#1478,1.05);
#537=CIRCLE('',#1479,1.05);
#538=CIRCLE('',#1481,1.05);
#539=CIRCLE('',#1482,1.05);
#540=CIRCLE('',#1484,1.05);
#541=CIRCLE('',#1485,1.05);
#542=CIRCLE('',#1492,5.);
#543=CIRCLE('',#1493,5.);
#544=CIRCLE('',#1494,4.99999955296516);
#545=CIRCLE('',#1495,5.);
#546=CIRCLE('',#1496,2.00000047683733);
#547=CIRCLE('',#1497,2.00000047683716);
#548=CIRCLE('',#1498,2.00000002980232);
#549=CIRCLE('',#1499,2.00000047683721);
#550=CIRCLE('',#1504,2.00000047683733);
#551=CIRCLE('',#1507,5.);
#552=CIRCLE('',#1510,2.00000047683721);
#553=CIRCLE('',#1513,5.);
#554=CIRCLE('',#1516,2.00000002980232);
#555=CIRCLE('',#1518,4.99999955296516);
#556=CIRCLE('',#1522,2.00000047683716);
#557=CIRCLE('',#1525,5.);
#558=VERTEX_POINT('',#1926);
#559=VERTEX_POINT('',#1927);
#560=VERTEX_POINT('',#1929);
#561=VERTEX_POINT('',#1931);
#562=VERTEX_POINT('',#1935);
#563=VERTEX_POINT('',#1937);
#564=VERTEX_POINT('',#1945);
#565=VERTEX_POINT('',#1946);
#566=VERTEX_POINT('',#1948);
#567=VERTEX_POINT('',#1950);
#568=VERTEX_POINT('',#1954);
#569=VERTEX_POINT('',#1956);
#570=VERTEX_POINT('',#1964);
#571=VERTEX_POINT('',#1965);
#572=VERTEX_POINT('',#1967);
#573=VERTEX_POINT('',#1969);
#574=VERTEX_POINT('',#1973);
#575=VERTEX_POINT('',#1975);
#576=VERTEX_POINT('',#1983);
#577=VERTEX_POINT('',#1984);
#578=VERTEX_POINT('',#1986);
#579=VERTEX_POINT('',#1988);
#580=VERTEX_POINT('',#1992);
#581=VERTEX_POINT('',#1994);
#582=VERTEX_POINT('',#1998);
#583=VERTEX_POINT('',#1999);
#584=VERTEX_POINT('',#2001);
#585=VERTEX_POINT('',#2003);
#586=VERTEX_POINT('',#2007);
#587=VERTEX_POINT('',#2009);
#588=VERTEX_POINT('',#2011);
#589=VERTEX_POINT('',#2016);
#590=VERTEX_POINT('',#2017);
#591=VERTEX_POINT('',#2019);
#592=VERTEX_POINT('',#2021);
#593=VERTEX_POINT('',#2025);
#594=VERTEX_POINT('',#2026);
#595=VERTEX_POINT('',#2028);
#596=VERTEX_POINT('',#2030);
#597=VERTEX_POINT('',#2032);
#598=VERTEX_POINT('',#2034);
#599=VERTEX_POINT('',#2036);
#600=VERTEX_POINT('',#2038);
#601=VERTEX_POINT('',#2040);
#602=VERTEX_POINT('',#2042);
#603=VERTEX_POINT('',#2044);
#604=VERTEX_POINT('',#2046);
#605=VERTEX_POINT('',#2053);
#606=VERTEX_POINT('',#2055);
#607=VERTEX_POINT('',#2059);
#608=VERTEX_POINT('',#2061);
#609=VERTEX_POINT('',#2065);
#610=VERTEX_POINT('',#2067);
#611=VERTEX_POINT('',#2073);
#612=VERTEX_POINT('',#2074);
#613=VERTEX_POINT('',#2076);
#614=VERTEX_POINT('',#2078);
#615=VERTEX_POINT('',#2082);
#616=VERTEX_POINT('',#2084);
#617=VERTEX_POINT('',#2088);
#618=VERTEX_POINT('',#2089);
#619=VERTEX_POINT('',#2091);
#620=VERTEX_POINT('',#2093);
#621=VERTEX_POINT('',#2100);
#622=VERTEX_POINT('',#2102);
#623=VERTEX_POINT('',#2104);
#624=VERTEX_POINT('',#2109);
#625=VERTEX_POINT('',#2111);
#626=VERTEX_POINT('',#2115);
#627=VERTEX_POINT('',#2117);
#628=VERTEX_POINT('',#2121);
#629=VERTEX_POINT('',#2123);
#630=VERTEX_POINT('',#2127);
#631=VERTEX_POINT('',#2129);
#632=VERTEX_POINT('',#2135);
#633=VERTEX_POINT('',#2137);
#634=VERTEX_POINT('',#2139);
#635=VERTEX_POINT('',#2143);
#636=VERTEX_POINT('',#2145);
#637=VERTEX_POINT('',#2149);
#638=VERTEX_POINT('',#2150);
#639=VERTEX_POINT('',#2152);
#640=VERTEX_POINT('',#2154);
#641=VERTEX_POINT('',#2161);
#642=VERTEX_POINT('',#2163);
#643=VERTEX_POINT('',#2168);
#644=VERTEX_POINT('',#2170);
#645=VERTEX_POINT('',#2174);
#646=VERTEX_POINT('',#2176);
#647=VERTEX_POINT('',#2180);
#648=VERTEX_POINT('',#2182);
#649=VERTEX_POINT('',#2186);
#650=VERTEX_POINT('',#2188);
#651=VERTEX_POINT('',#2192);
#652=VERTEX_POINT('',#2194);
#653=VERTEX_POINT('',#2198);
#654=VERTEX_POINT('',#2200);
#655=VERTEX_POINT('',#2204);
#656=VERTEX_POINT('',#2206);
#657=VERTEX_POINT('',#2210);
#658=VERTEX_POINT('',#2212);
#659=VERTEX_POINT('',#2216);
#660=VERTEX_POINT('',#2218);
#661=VERTEX_POINT('',#2229);
#662=VERTEX_POINT('',#2230);
#663=VERTEX_POINT('',#2232);
#664=VERTEX_POINT('',#2234);
#665=VERTEX_POINT('',#2236);
#666=VERTEX_POINT('',#2238);
#667=VERTEX_POINT('',#2240);
#668=VERTEX_POINT('',#2242);
#669=VERTEX_POINT('',#2245);
#670=VERTEX_POINT('',#2247);
#671=VERTEX_POINT('',#2249);
#672=VERTEX_POINT('',#2251);
#673=VERTEX_POINT('',#2260);
#674=VERTEX_POINT('',#2264);
#675=VERTEX_POINT('',#2267);
#676=VERTEX_POINT('',#2271);
#677=VERTEX_POINT('',#2277);
#678=VERTEX_POINT('',#2281);
#679=VERTEX_POINT('',#2285);
#680=VERTEX_POINT('',#2291);
#681=VERTEX_POINT('',#2295);
#682=VERTEX_POINT('',#2301);
#683=VERTEX_POINT('',#2305);
#684=VERTEX_POINT('',#2309);
#685=EDGE_CURVE('',#558,#559,#502,.T.);
#686=EDGE_CURVE('',#560,#558,#240,.T.);
#687=EDGE_CURVE('',#561,#560,#241,.T.);
#688=EDGE_CURVE('',#561,#559,#242,.T.);
#689=EDGE_CURVE('',#559,#562,#66,.T.);
#690=EDGE_CURVE('',#563,#561,#243,.T.);
#691=EDGE_CURVE('',#563,#562,#244,.T.);
#692=EDGE_CURVE('',#560,#563,#245,.T.);
#693=EDGE_CURVE('',#562,#558,#67,.T.);
#694=EDGE_CURVE('',#564,#565,#68,.T.);
#695=EDGE_CURVE('',#566,#564,#246,.T.);
#696=EDGE_CURVE('',#567,#566,#247,.T.);
#697=EDGE_CURVE('',#567,#565,#248,.T.);
#698=EDGE_CURVE('',#565,#568,#69,.T.);
#699=EDGE_CURVE('',#569,#567,#249,.T.);
#700=EDGE_CURVE('',#569,#568,#250,.T.);
#701=EDGE_CURVE('',#566,#569,#251,.T.);
#702=EDGE_CURVE('',#568,#564,#503,.T.);
#703=EDGE_CURVE('',#570,#571,#70,.T.);
#704=EDGE_CURVE('',#572,#570,#252,.T.);
#705=EDGE_CURVE('',#573,#572,#253,.T.);
#706=EDGE_CURVE('',#573,#571,#254,.T.);
#707=EDGE_CURVE('',#571,#574,#71,.T.);
#708=EDGE_CURVE('',#575,#573,#255,.T.);
#709=EDGE_CURVE('',#575,#574,#256,.T.);
#710=EDGE_CURVE('',#572,#575,#257,.T.);
#711=EDGE_CURVE('',#574,#570,#504,.T.);
#712=EDGE_CURVE('',#576,#577,#505,.T.);
#713=EDGE_CURVE('',#576,#578,#258,.T.);
#714=EDGE_CURVE('',#578,#579,#506,.T.);
#715=EDGE_CURVE('',#579,#577,#259,.T.);
#716=EDGE_CURVE('',#580,#579,#260,.T.);
#717=EDGE_CURVE('',#581,#580,#261,.T.);
#718=EDGE_CURVE('',#577,#581,#262,.T.);
#719=EDGE_CURVE('',#582,#583,#507,.T.);
#720=EDGE_CURVE('',#582,#584,#263,.T.);
#721=EDGE_CURVE('',#584,#585,#508,.T.);
#722=EDGE_CURVE('',#585,#583,#264,.T.);
#723=EDGE_CURVE('',#586,#576,#509,.T.);
#724=EDGE_CURVE('',#587,#586,#510,.T.);
#725=EDGE_CURVE('',#588,#587,#511,.T.);
#726=EDGE_CURVE('',#583,#588,#512,.T.);
#727=EDGE_CURVE('',#578,#585,#513,.T.);
#728=EDGE_CURVE('',#589,#590,#514,.T.);
#729=EDGE_CURVE('',#589,#591,#265,.T.);
#730=EDGE_CURVE('',#592,#591,#515,.T.);
#731=EDGE_CURVE('',#590,#592,#266,.T.);
#732=EDGE_CURVE('',#593,#594,#267,.T.);
#733=EDGE_CURVE('',#593,#595,#516,.T.);
#734=EDGE_CURVE('',#595,#596,#268,.T.);
#735=EDGE_CURVE('',#597,#596,#517,.T.);
#736=EDGE_CURVE('',#598,#597,#269,.T.);
#737=EDGE_CURVE('',#599,#598,#518,.T.);
#738=EDGE_CURVE('',#599,#600,#270,.T.);
#739=EDGE_CURVE('',#601,#600,#519,.T.);
#740=EDGE_CURVE('',#602,#601,#271,.T.);
#741=EDGE_CURVE('',#603,#602,#520,.T.);
#742=EDGE_CURVE('',#603,#604,#272,.T.);
#743=EDGE_CURVE('',#594,#604,#521,.T.);
#744=EDGE_CURVE('',#591,#601,#273,.T.);
#745=EDGE_CURVE('',#600,#592,#274,.T.);
#746=EDGE_CURVE('',#605,#603,#275,.T.);
#747=EDGE_CURVE('',#605,#606,#276,.T.);
#748=EDGE_CURVE('',#604,#606,#277,.T.);
#749=EDGE_CURVE('',#607,#607,#522,.T.);
#750=EDGE_CURVE('',#607,#608,#278,.T.);
#751=EDGE_CURVE('',#608,#608,#523,.T.);
#752=EDGE_CURVE('',#609,#593,#279,.T.);
#753=EDGE_CURVE('',#610,#594,#280,.T.);
#754=EDGE_CURVE('',#609,#610,#281,.T.);
#755=EDGE_CURVE('',#606,#610,#282,.T.);
#756=EDGE_CURVE('',#611,#612,#283,.T.);
#757=EDGE_CURVE('',#613,#611,#284,.T.);
#758=EDGE_CURVE('',#614,#613,#285,.T.);
#759=EDGE_CURVE('',#612,#614,#286,.T.);
#760=EDGE_CURVE('',#615,#615,#524,.T.);
#761=EDGE_CURVE('',#615,#616,#287,.T.);
#762=EDGE_CURVE('',#616,#616,#525,.T.);
#763=EDGE_CURVE('',#617,#618,#288,.T.);
#764=EDGE_CURVE('',#617,#619,#289,.T.);
#765=EDGE_CURVE('',#620,#619,#290,.T.);
#766=EDGE_CURVE('',#618,#620,#291,.T.);
#767=EDGE_CURVE('',#620,#613,#292,.T.);
#768=EDGE_CURVE('',#619,#614,#293,.T.);
#769=EDGE_CURVE('',#621,#617,#294,.T.);
#770=EDGE_CURVE('',#622,#617,#295,.T.);
#771=EDGE_CURVE('',#622,#623,#296,.T.);
#772=EDGE_CURVE('',#623,#621,#297,.T.);
#773=EDGE_CURVE('',#602,#611,#298,.T.);
#774=EDGE_CURVE('',#624,#589,#299,.T.);
#775=EDGE_CURVE('',#625,#624,#300,.T.);
#776=EDGE_CURVE('',#618,#625,#301,.T.);
#777=EDGE_CURVE('',#598,#626,#302,.T.);
#778=EDGE_CURVE('',#627,#597,#303,.T.);
#779=EDGE_CURVE('',#626,#627,#304,.T.);
#780=EDGE_CURVE('',#628,#628,#526,.T.);
#781=EDGE_CURVE('',#628,#629,#305,.T.);
#782=EDGE_CURVE('',#629,#629,#527,.T.);
#783=EDGE_CURVE('',#595,#630,#306,.T.);
#784=EDGE_CURVE('',#630,#631,#307,.T.);
#785=EDGE_CURVE('',#596,#631,#308,.T.);
#786=EDGE_CURVE('',#631,#627,#309,.T.);
#787=EDGE_CURVE('',#632,#622,#310,.T.);
#788=EDGE_CURVE('',#633,#632,#311,.T.);
#789=EDGE_CURVE('',#634,#633,#312,.T.);
#790=EDGE_CURVE('',#622,#634,#313,.T.);
#791=EDGE_CURVE('',#635,#635,#528,.T.);
#792=EDGE_CURVE('',#635,#636,#314,.T.);
#793=EDGE_CURVE('',#636,#636,#529,.T.);
#794=EDGE_CURVE('',#637,#638,#315,.T.);
#795=EDGE_CURVE('',#637,#639,#316,.T.);
#796=EDGE_CURVE('',#640,#639,#317,.T.);
#797=EDGE_CURVE('',#638,#640,#318,.T.);
#798=EDGE_CURVE('',#640,#633,#319,.T.);
#799=EDGE_CURVE('',#639,#634,#320,.T.);
#800=EDGE_CURVE('',#641,#632,#321,.T.);
#801=EDGE_CURVE('',#641,#642,#322,.T.);
#802=EDGE_CURVE('',#590,#642,#323,.T.);
#803=EDGE_CURVE('',#638,#599,#324,.T.);
#804=EDGE_CURVE('',#643,#641,#530,.T.);
#805=EDGE_CURVE('',#643,#644,#325,.T.);
#806=EDGE_CURVE('',#642,#644,#531,.T.);
#807=EDGE_CURVE('',#645,#643,#326,.T.);
#808=EDGE_CURVE('',#645,#646,#327,.T.);
#809=EDGE_CURVE('',#644,#646,#328,.T.);
#810=EDGE_CURVE('',#625,#647,#532,.T.);
#811=EDGE_CURVE('',#648,#624,#533,.T.);
#812=EDGE_CURVE('',#647,#648,#329,.T.);
#813=EDGE_CURVE('',#649,#649,#534,.T.);
#814=EDGE_CURVE('',#649,#650,#330,.T.);
#815=EDGE_CURVE('',#650,#650,#535,.T.);
#816=EDGE_CURVE('',#651,#651,#536,.T.);
#817=EDGE_CURVE('',#651,#652,#331,.T.);
#818=EDGE_CURVE('',#652,#652,#537,.T.);
#819=EDGE_CURVE('',#653,#653,#538,.T.);
#820=EDGE_CURVE('',#653,#654,#332,.T.);
#821=EDGE_CURVE('',#654,#654,#539,.T.);
#822=EDGE_CURVE('',#655,#655,#540,.T.);
#823=EDGE_CURVE('',#655,#656,#333,.T.);
#824=EDGE_CURVE('',#656,#656,#541,.T.);
#825=EDGE_CURVE('',#647,#657,#334,.T.);
#826=EDGE_CURVE('',#658,#648,#335,.T.);
#827=EDGE_CURVE('',#657,#658,#336,.T.);
#828=EDGE_CURVE('',#659,#582,#337,.T.);
#829=EDGE_CURVE('',#659,#660,#338,.T.);
#830=EDGE_CURVE('',#584,#660,#339,.T.);
#831=EDGE_CURVE('',#646,#580,#340,.T.);
#832=EDGE_CURVE('',#660,#658,#341,.T.);
#833=EDGE_CURVE('',#630,#623,#342,.T.);
#834=EDGE_CURVE('',#626,#637,#343,.T.);
#835=EDGE_CURVE('',#661,#662,#344,.T.);
#836=EDGE_CURVE('',#663,#661,#542,.T.);
#837=EDGE_CURVE('',#664,#663,#345,.T.);
#838=EDGE_CURVE('',#665,#664,#543,.T.);
#839=EDGE_CURVE('',#666,#665,#346,.T.);
#840=EDGE_CURVE('',#667,#666,#544,.T.);
#841=EDGE_CURVE('',#668,#667,#347,.T.);
#842=EDGE_CURVE('',#662,#668,#545,.T.);
#843=EDGE_CURVE('',#669,#669,#546,.T.);
#844=EDGE_CURVE('',#670,#670,#547,.T.);
#845=EDGE_CURVE('',#671,#671,#548,.T.);
#846=EDGE_CURVE('',#672,#672,#549,.T.);
#847=EDGE_CURVE('',#621,#609,#348,.T.);
#848=EDGE_CURVE('',#612,#605,#349,.T.);
#849=EDGE_CURVE('',#657,#645,#350,.T.);
#850=EDGE_CURVE('',#673,#673,#550,.T.);
#851=EDGE_CURVE('',#673,#669,#351,.T.);
#852=EDGE_CURVE('',#667,#674,#352,.T.);
#853=EDGE_CURVE('',#581,#674,#353,.T.);
#854=EDGE_CURVE('',#675,#659,#354,.T.);
#855=EDGE_CURVE('',#668,#675,#355,.T.);
#856=EDGE_CURVE('',#676,#675,#551,.T.);
#857=EDGE_CURVE('',#662,#676,#356,.T.);
#858=EDGE_CURVE('',#588,#676,#357,.T.);
#859=EDGE_CURVE('',#677,#677,#552,.T.);
#860=EDGE_CURVE('',#677,#672,#358,.T.);
#861=EDGE_CURVE('',#678,#588,#359,.T.);
#862=EDGE_CURVE('',#661,#678,#360,.T.);
#863=EDGE_CURVE('',#679,#678,#553,.T.);
#864=EDGE_CURVE('',#663,#679,#361,.T.);
#865=EDGE_CURVE('',#587,#679,#362,.T.);
#866=EDGE_CURVE('',#680,#680,#554,.T.);
#867=EDGE_CURVE('',#680,#671,#363,.T.);
#868=EDGE_CURVE('',#666,#681,#364,.T.);
#869=EDGE_CURVE('',#674,#681,#555,.T.);
#870=EDGE_CURVE('',#681,#586,#365,.T.);
#871=EDGE_CURVE('',#665,#682,#366,.T.);
#872=EDGE_CURVE('',#586,#682,#367,.T.);
#873=EDGE_CURVE('',#683,#683,#556,.T.);
#874=EDGE_CURVE('',#683,#670,#368,.T.);
#875=EDGE_CURVE('',#684,#587,#369,.T.);
#876=EDGE_CURVE('',#664,#684,#370,.T.);
#877=EDGE_CURVE('',#682,#684,#557,.T.);
#878=ORIENTED_EDGE('',*,*,#685,.F.);
#879=ORIENTED_EDGE('',*,*,#686,.F.);
#880=ORIENTED_EDGE('',*,*,#687,.F.);
#881=ORIENTED_EDGE('',*,*,#688,.T.);
#882=ORIENTED_EDGE('',*,*,#689,.F.);
#883=ORIENTED_EDGE('',*,*,#688,.F.);
#884=ORIENTED_EDGE('',*,*,#690,.F.);
#885=ORIENTED_EDGE('',*,*,#691,.T.);
#886=ORIENTED_EDGE('',*,*,#690,.T.);
#887=ORIENTED_EDGE('',*,*,#687,.T.);
#888=ORIENTED_EDGE('',*,*,#692,.T.);
#889=ORIENTED_EDGE('',*,*,#693,.F.);
#890=ORIENTED_EDGE('',*,*,#691,.F.);
#891=ORIENTED_EDGE('',*,*,#692,.F.);
#892=ORIENTED_EDGE('',*,*,#686,.T.);
#893=ORIENTED_EDGE('',*,*,#694,.F.);
#894=ORIENTED_EDGE('',*,*,#695,.F.);
#895=ORIENTED_EDGE('',*,*,#696,.F.);
#896=ORIENTED_EDGE('',*,*,#697,.T.);
#897=ORIENTED_EDGE('',*,*,#698,.F.);
#898=ORIENTED_EDGE('',*,*,#697,.F.);
#899=ORIENTED_EDGE('',*,*,#699,.F.);
#900=ORIENTED_EDGE('',*,*,#700,.T.);
#901=ORIENTED_EDGE('',*,*,#701,.T.);
#902=ORIENTED_EDGE('',*,*,#699,.T.);
#903=ORIENTED_EDGE('',*,*,#696,.T.);
#904=ORIENTED_EDGE('',*,*,#702,.F.);
#905=ORIENTED_EDGE('',*,*,#700,.F.);
#906=ORIENTED_EDGE('',*,*,#701,.F.);
#907=ORIENTED_EDGE('',*,*,#695,.T.);
#908=ORIENTED_EDGE('',*,*,#703,.F.);
#909=ORIENTED_EDGE('',*,*,#704,.F.);
#910=ORIENTED_EDGE('',*,*,#705,.F.);
#911=ORIENTED_EDGE('',*,*,#706,.T.);
#912=ORIENTED_EDGE('',*,*,#707,.F.);
#913=ORIENTED_EDGE('',*,*,#706,.F.);
#914=ORIENTED_EDGE('',*,*,#708,.F.);
#915=ORIENTED_EDGE('',*,*,#709,.T.);
#916=ORIENTED_EDGE('',*,*,#710,.T.);
#917=ORIENTED_EDGE('',*,*,#708,.T.);
#918=ORIENTED_EDGE('',*,*,#705,.T.);
#919=ORIENTED_EDGE('',*,*,#711,.F.);
#920=ORIENTED_EDGE('',*,*,#709,.F.);
#921=ORIENTED_EDGE('',*,*,#710,.F.);
#922=ORIENTED_EDGE('',*,*,#704,.T.);
#923=ORIENTED_EDGE('',*,*,#712,.F.);
#924=ORIENTED_EDGE('',*,*,#713,.T.);
#925=ORIENTED_EDGE('',*,*,#714,.T.);
#926=ORIENTED_EDGE('',*,*,#715,.T.);
#927=ORIENTED_EDGE('',*,*,#715,.F.);
#928=ORIENTED_EDGE('',*,*,#716,.F.);
#929=ORIENTED_EDGE('',*,*,#717,.F.);
#930=ORIENTED_EDGE('',*,*,#718,.F.);
#931=ORIENTED_EDGE('',*,*,#719,.F.);
#932=ORIENTED_EDGE('',*,*,#720,.T.);
#933=ORIENTED_EDGE('',*,*,#721,.T.);
#934=ORIENTED_EDGE('',*,*,#722,.T.);
#935=ORIENTED_EDGE('',*,*,#713,.F.);
#936=ORIENTED_EDGE('',*,*,#723,.F.);
#937=ORIENTED_EDGE('',*,*,#724,.F.);
#938=ORIENTED_EDGE('',*,*,#725,.F.);
#939=ORIENTED_EDGE('',*,*,#726,.F.);
#940=ORIENTED_EDGE('',*,*,#722,.F.);
#941=ORIENTED_EDGE('',*,*,#727,.F.);
#942=ORIENTED_EDGE('',*,*,#693,.T.);
#943=ORIENTED_EDGE('',*,*,#685,.T.);
#944=ORIENTED_EDGE('',*,*,#689,.T.);
#945=ORIENTED_EDGE('',*,*,#702,.T.);
#946=ORIENTED_EDGE('',*,*,#694,.T.);
#947=ORIENTED_EDGE('',*,*,#698,.T.);
#948=ORIENTED_EDGE('',*,*,#711,.T.);
#949=ORIENTED_EDGE('',*,*,#703,.T.);
#950=ORIENTED_EDGE('',*,*,#707,.T.);
#951=ORIENTED_EDGE('',*,*,#728,.F.);
#952=ORIENTED_EDGE('',*,*,#729,.T.);
#953=ORIENTED_EDGE('',*,*,#730,.F.);
#954=ORIENTED_EDGE('',*,*,#731,.F.);
#955=ORIENTED_EDGE('',*,*,#732,.F.);
#956=ORIENTED_EDGE('',*,*,#733,.T.);
#957=ORIENTED_EDGE('',*,*,#734,.T.);
#958=ORIENTED_EDGE('',*,*,#735,.F.);
#959=ORIENTED_EDGE('',*,*,#736,.F.);
#960=ORIENTED_EDGE('',*,*,#737,.F.);
#961=ORIENTED_EDGE('',*,*,#738,.T.);
#962=ORIENTED_EDGE('',*,*,#739,.F.);
#963=ORIENTED_EDGE('',*,*,#740,.F.);
#964=ORIENTED_EDGE('',*,*,#741,.F.);
#965=ORIENTED_EDGE('',*,*,#742,.T.);
#966=ORIENTED_EDGE('',*,*,#743,.F.);
#967=ORIENTED_EDGE('',*,*,#730,.T.);
#968=ORIENTED_EDGE('',*,*,#744,.T.);
#969=ORIENTED_EDGE('',*,*,#739,.T.);
#970=ORIENTED_EDGE('',*,*,#745,.T.);
#971=ORIENTED_EDGE('',*,*,#746,.F.);
#972=ORIENTED_EDGE('',*,*,#747,.T.);
#973=ORIENTED_EDGE('',*,*,#748,.F.);
#974=ORIENTED_EDGE('',*,*,#742,.F.);
#975=ORIENTED_EDGE('',*,*,#749,.F.);
#976=ORIENTED_EDGE('',*,*,#750,.T.);
#977=ORIENTED_EDGE('',*,*,#751,.T.);
#978=ORIENTED_EDGE('',*,*,#750,.F.);
#979=ORIENTED_EDGE('',*,*,#752,.T.);
#980=ORIENTED_EDGE('',*,*,#732,.T.);
#981=ORIENTED_EDGE('',*,*,#753,.F.);
#982=ORIENTED_EDGE('',*,*,#754,.F.);
#983=ORIENTED_EDGE('',*,*,#755,.T.);
#984=ORIENTED_EDGE('',*,*,#753,.T.);
#985=ORIENTED_EDGE('',*,*,#743,.T.);
#986=ORIENTED_EDGE('',*,*,#748,.T.);
#987=ORIENTED_EDGE('',*,*,#749,.T.);
#988=ORIENTED_EDGE('',*,*,#756,.F.);
#989=ORIENTED_EDGE('',*,*,#757,.F.);
#990=ORIENTED_EDGE('',*,*,#758,.F.);
#991=ORIENTED_EDGE('',*,*,#759,.F.);
#992=ORIENTED_EDGE('',*,*,#760,.F.);
#993=ORIENTED_EDGE('',*,*,#761,.T.);
#994=ORIENTED_EDGE('',*,*,#762,.T.);
#995=ORIENTED_EDGE('',*,*,#761,.F.);
#996=ORIENTED_EDGE('',*,*,#763,.F.);
#997=ORIENTED_EDGE('',*,*,#764,.T.);
#998=ORIENTED_EDGE('',*,*,#765,.F.);
#999=ORIENTED_EDGE('',*,*,#766,.F.);
#1000=ORIENTED_EDGE('',*,*,#767,.F.);
#1001=ORIENTED_EDGE('',*,*,#765,.T.);
#1002=ORIENTED_EDGE('',*,*,#768,.T.);
#1003=ORIENTED_EDGE('',*,*,#758,.T.);
#1004=ORIENTED_EDGE('',*,*,#760,.T.);
#1005=ORIENTED_EDGE('',*,*,#769,.T.);
#1006=ORIENTED_EDGE('',*,*,#770,.F.);
#1007=ORIENTED_EDGE('',*,*,#771,.T.);
#1008=ORIENTED_EDGE('',*,*,#772,.T.);
#1009=ORIENTED_EDGE('',*,*,#766,.T.);
#1010=ORIENTED_EDGE('',*,*,#767,.T.);
#1011=ORIENTED_EDGE('',*,*,#757,.T.);
#1012=ORIENTED_EDGE('',*,*,#773,.F.);
#1013=ORIENTED_EDGE('',*,*,#740,.T.);
#1014=ORIENTED_EDGE('',*,*,#744,.F.);
#1015=ORIENTED_EDGE('',*,*,#729,.F.);
#1016=ORIENTED_EDGE('',*,*,#774,.F.);
#1017=ORIENTED_EDGE('',*,*,#775,.F.);
#1018=ORIENTED_EDGE('',*,*,#776,.F.);
#1019=ORIENTED_EDGE('',*,*,#777,.F.);
#1020=ORIENTED_EDGE('',*,*,#736,.T.);
#1021=ORIENTED_EDGE('',*,*,#778,.F.);
#1022=ORIENTED_EDGE('',*,*,#779,.F.);
#1023=ORIENTED_EDGE('',*,*,#780,.F.);
#1024=ORIENTED_EDGE('',*,*,#781,.T.);
#1025=ORIENTED_EDGE('',*,*,#782,.T.);
#1026=ORIENTED_EDGE('',*,*,#781,.F.);
#1027=ORIENTED_EDGE('',*,*,#783,.T.);
#1028=ORIENTED_EDGE('',*,*,#784,.T.);
#1029=ORIENTED_EDGE('',*,*,#785,.F.);
#1030=ORIENTED_EDGE('',*,*,#734,.F.);
#1031=ORIENTED_EDGE('',*,*,#778,.T.);
#1032=ORIENTED_EDGE('',*,*,#735,.T.);
#1033=ORIENTED_EDGE('',*,*,#785,.T.);
#1034=ORIENTED_EDGE('',*,*,#786,.T.);
#1035=ORIENTED_EDGE('',*,*,#780,.T.);
#1036=ORIENTED_EDGE('',*,*,#787,.F.);
#1037=ORIENTED_EDGE('',*,*,#788,.F.);
#1038=ORIENTED_EDGE('',*,*,#789,.F.);
#1039=ORIENTED_EDGE('',*,*,#790,.F.);
#1040=ORIENTED_EDGE('',*,*,#791,.F.);
#1041=ORIENTED_EDGE('',*,*,#792,.T.);
#1042=ORIENTED_EDGE('',*,*,#793,.T.);
#1043=ORIENTED_EDGE('',*,*,#792,.F.);
#1044=ORIENTED_EDGE('',*,*,#794,.F.);
#1045=ORIENTED_EDGE('',*,*,#795,.T.);
#1046=ORIENTED_EDGE('',*,*,#796,.F.);
#1047=ORIENTED_EDGE('',*,*,#797,.F.);
#1048=ORIENTED_EDGE('',*,*,#789,.T.);
#1049=ORIENTED_EDGE('',*,*,#798,.F.);
#1050=ORIENTED_EDGE('',*,*,#796,.T.);
#1051=ORIENTED_EDGE('',*,*,#799,.T.);
#1052=ORIENTED_EDGE('',*,*,#791,.T.);
#1053=ORIENTED_EDGE('',*,*,#797,.T.);
#1054=ORIENTED_EDGE('',*,*,#798,.T.);
#1055=ORIENTED_EDGE('',*,*,#788,.T.);
#1056=ORIENTED_EDGE('',*,*,#800,.F.);
#1057=ORIENTED_EDGE('',*,*,#801,.T.);
#1058=ORIENTED_EDGE('',*,*,#802,.F.);
#1059=ORIENTED_EDGE('',*,*,#731,.T.);
#1060=ORIENTED_EDGE('',*,*,#745,.F.);
#1061=ORIENTED_EDGE('',*,*,#738,.F.);
#1062=ORIENTED_EDGE('',*,*,#803,.F.);
#1063=ORIENTED_EDGE('',*,*,#804,.F.);
#1064=ORIENTED_EDGE('',*,*,#805,.T.);
#1065=ORIENTED_EDGE('',*,*,#806,.F.);
#1066=ORIENTED_EDGE('',*,*,#801,.F.);
#1067=ORIENTED_EDGE('',*,*,#807,.F.);
#1068=ORIENTED_EDGE('',*,*,#808,.T.);
#1069=ORIENTED_EDGE('',*,*,#809,.F.);
#1070=ORIENTED_EDGE('',*,*,#805,.F.);
#1071=ORIENTED_EDGE('',*,*,#810,.F.);
#1072=ORIENTED_EDGE('',*,*,#775,.T.);
#1073=ORIENTED_EDGE('',*,*,#811,.F.);
#1074=ORIENTED_EDGE('',*,*,#812,.F.);
#1075=ORIENTED_EDGE('',*,*,#813,.F.);
#1076=ORIENTED_EDGE('',*,*,#814,.T.);
#1077=ORIENTED_EDGE('',*,*,#815,.T.);
#1078=ORIENTED_EDGE('',*,*,#814,.F.);
#1079=ORIENTED_EDGE('',*,*,#816,.F.);
#1080=ORIENTED_EDGE('',*,*,#817,.T.);
#1081=ORIENTED_EDGE('',*,*,#818,.T.);
#1082=ORIENTED_EDGE('',*,*,#817,.F.);
#1083=ORIENTED_EDGE('',*,*,#819,.F.);
#1084=ORIENTED_EDGE('',*,*,#820,.T.);
#1085=ORIENTED_EDGE('',*,*,#821,.T.);
#1086=ORIENTED_EDGE('',*,*,#820,.F.);
#1087=ORIENTED_EDGE('',*,*,#822,.F.);
#1088=ORIENTED_EDGE('',*,*,#823,.T.);
#1089=ORIENTED_EDGE('',*,*,#824,.T.);
#1090=ORIENTED_EDGE('',*,*,#823,.F.);
#1091=ORIENTED_EDGE('',*,*,#825,.F.);
#1092=ORIENTED_EDGE('',*,*,#812,.T.);
#1093=ORIENTED_EDGE('',*,*,#826,.F.);
#1094=ORIENTED_EDGE('',*,*,#827,.F.);
#1095=ORIENTED_EDGE('',*,*,#720,.F.);
#1096=ORIENTED_EDGE('',*,*,#828,.F.);
#1097=ORIENTED_EDGE('',*,*,#829,.T.);
#1098=ORIENTED_EDGE('',*,*,#830,.F.);
#1099=ORIENTED_EDGE('',*,*,#809,.T.);
#1100=ORIENTED_EDGE('',*,*,#831,.T.);
#1101=ORIENTED_EDGE('',*,*,#716,.T.);
#1102=ORIENTED_EDGE('',*,*,#714,.F.);
#1103=ORIENTED_EDGE('',*,*,#727,.T.);
#1104=ORIENTED_EDGE('',*,*,#721,.F.);
#1105=ORIENTED_EDGE('',*,*,#830,.T.);
#1106=ORIENTED_EDGE('',*,*,#832,.T.);
#1107=ORIENTED_EDGE('',*,*,#826,.T.);
#1108=ORIENTED_EDGE('',*,*,#811,.T.);
#1109=ORIENTED_EDGE('',*,*,#774,.T.);
#1110=ORIENTED_EDGE('',*,*,#728,.T.);
#1111=ORIENTED_EDGE('',*,*,#802,.T.);
#1112=ORIENTED_EDGE('',*,*,#806,.T.);
#1113=ORIENTED_EDGE('',*,*,#822,.T.);
#1114=ORIENTED_EDGE('',*,*,#819,.T.);
#1115=ORIENTED_EDGE('',*,*,#816,.T.);
#1116=ORIENTED_EDGE('',*,*,#813,.T.);
#1117=ORIENTED_EDGE('',*,*,#833,.T.);
#1118=ORIENTED_EDGE('',*,*,#771,.F.);
#1119=ORIENTED_EDGE('',*,*,#790,.T.);
#1120=ORIENTED_EDGE('',*,*,#799,.F.);
#1121=ORIENTED_EDGE('',*,*,#795,.F.);
#1122=ORIENTED_EDGE('',*,*,#834,.F.);
#1123=ORIENTED_EDGE('',*,*,#779,.T.);
#1124=ORIENTED_EDGE('',*,*,#786,.F.);
#1125=ORIENTED_EDGE('',*,*,#784,.F.);
#1126=ORIENTED_EDGE('',*,*,#803,.T.);
#1127=ORIENTED_EDGE('',*,*,#737,.T.);
#1128=ORIENTED_EDGE('',*,*,#777,.T.);
#1129=ORIENTED_EDGE('',*,*,#834,.T.);
#1130=ORIENTED_EDGE('',*,*,#794,.T.);
#1131=ORIENTED_EDGE('',*,*,#835,.F.);
#1132=ORIENTED_EDGE('',*,*,#836,.F.);
#1133=ORIENTED_EDGE('',*,*,#837,.F.);
#1134=ORIENTED_EDGE('',*,*,#838,.F.);
#1135=ORIENTED_EDGE('',*,*,#839,.F.);
#1136=ORIENTED_EDGE('',*,*,#840,.F.);
#1137=ORIENTED_EDGE('',*,*,#841,.F.);
#1138=ORIENTED_EDGE('',*,*,#842,.F.);
#1139=ORIENTED_EDGE('',*,*,#751,.F.);
#1140=ORIENTED_EDGE('',*,*,#762,.F.);
#1141=ORIENTED_EDGE('',*,*,#782,.F.);
#1142=ORIENTED_EDGE('',*,*,#793,.F.);
#1143=ORIENTED_EDGE('',*,*,#843,.F.);
#1144=ORIENTED_EDGE('',*,*,#844,.F.);
#1145=ORIENTED_EDGE('',*,*,#815,.F.);
#1146=ORIENTED_EDGE('',*,*,#818,.F.);
#1147=ORIENTED_EDGE('',*,*,#821,.F.);
#1148=ORIENTED_EDGE('',*,*,#824,.F.);
#1149=ORIENTED_EDGE('',*,*,#845,.F.);
#1150=ORIENTED_EDGE('',*,*,#846,.F.);
#1151=ORIENTED_EDGE('',*,*,#752,.F.);
#1152=ORIENTED_EDGE('',*,*,#847,.F.);
#1153=ORIENTED_EDGE('',*,*,#772,.F.);
#1154=ORIENTED_EDGE('',*,*,#833,.F.);
#1155=ORIENTED_EDGE('',*,*,#783,.F.);
#1156=ORIENTED_EDGE('',*,*,#733,.F.);
#1157=ORIENTED_EDGE('',*,*,#847,.T.);
#1158=ORIENTED_EDGE('',*,*,#754,.T.);
#1159=ORIENTED_EDGE('',*,*,#755,.F.);
#1160=ORIENTED_EDGE('',*,*,#747,.F.);
#1161=ORIENTED_EDGE('',*,*,#848,.F.);
#1162=ORIENTED_EDGE('',*,*,#759,.T.);
#1163=ORIENTED_EDGE('',*,*,#768,.F.);
#1164=ORIENTED_EDGE('',*,*,#764,.F.);
#1165=ORIENTED_EDGE('',*,*,#769,.F.);
#1166=ORIENTED_EDGE('',*,*,#741,.T.);
#1167=ORIENTED_EDGE('',*,*,#773,.T.);
#1168=ORIENTED_EDGE('',*,*,#756,.T.);
#1169=ORIENTED_EDGE('',*,*,#848,.T.);
#1170=ORIENTED_EDGE('',*,*,#746,.T.);
#1171=ORIENTED_EDGE('',*,*,#804,.T.);
#1172=ORIENTED_EDGE('',*,*,#800,.T.);
#1173=ORIENTED_EDGE('',*,*,#787,.T.);
#1174=ORIENTED_EDGE('',*,*,#770,.T.);
#1175=ORIENTED_EDGE('',*,*,#763,.T.);
#1176=ORIENTED_EDGE('',*,*,#776,.T.);
#1177=ORIENTED_EDGE('',*,*,#810,.T.);
#1178=ORIENTED_EDGE('',*,*,#825,.T.);
#1179=ORIENTED_EDGE('',*,*,#849,.T.);
#1180=ORIENTED_EDGE('',*,*,#807,.T.);
#1181=ORIENTED_EDGE('',*,*,#850,.F.);
#1182=ORIENTED_EDGE('',*,*,#851,.T.);
#1183=ORIENTED_EDGE('',*,*,#843,.T.);
#1184=ORIENTED_EDGE('',*,*,#851,.F.);
#1185=ORIENTED_EDGE('',*,*,#841,.T.);
#1186=ORIENTED_EDGE('',*,*,#852,.T.);
#1187=ORIENTED_EDGE('',*,*,#853,.F.);
#1188=ORIENTED_EDGE('',*,*,#717,.T.);
#1189=ORIENTED_EDGE('',*,*,#831,.F.);
#1190=ORIENTED_EDGE('',*,*,#808,.F.);
#1191=ORIENTED_EDGE('',*,*,#849,.F.);
#1192=ORIENTED_EDGE('',*,*,#827,.T.);
#1193=ORIENTED_EDGE('',*,*,#832,.F.);
#1194=ORIENTED_EDGE('',*,*,#829,.F.);
#1195=ORIENTED_EDGE('',*,*,#854,.F.);
#1196=ORIENTED_EDGE('',*,*,#855,.F.);
#1197=ORIENTED_EDGE('',*,*,#842,.T.);
#1198=ORIENTED_EDGE('',*,*,#855,.T.);
#1199=ORIENTED_EDGE('',*,*,#856,.F.);
#1200=ORIENTED_EDGE('',*,*,#857,.F.);
#1201=ORIENTED_EDGE('',*,*,#719,.T.);
#1202=ORIENTED_EDGE('',*,*,#726,.T.);
#1203=ORIENTED_EDGE('',*,*,#858,.T.);
#1204=ORIENTED_EDGE('',*,*,#856,.T.);
#1205=ORIENTED_EDGE('',*,*,#854,.T.);
#1206=ORIENTED_EDGE('',*,*,#828,.T.);
#1207=ORIENTED_EDGE('',*,*,#850,.T.);
#1208=ORIENTED_EDGE('',*,*,#859,.F.);
#1209=ORIENTED_EDGE('',*,*,#860,.T.);
#1210=ORIENTED_EDGE('',*,*,#846,.T.);
#1211=ORIENTED_EDGE('',*,*,#860,.F.);
#1212=ORIENTED_EDGE('',*,*,#835,.T.);
#1213=ORIENTED_EDGE('',*,*,#857,.T.);
#1214=ORIENTED_EDGE('',*,*,#858,.F.);
#1215=ORIENTED_EDGE('',*,*,#861,.F.);
#1216=ORIENTED_EDGE('',*,*,#862,.F.);
#1217=ORIENTED_EDGE('',*,*,#836,.T.);
#1218=ORIENTED_EDGE('',*,*,#862,.T.);
#1219=ORIENTED_EDGE('',*,*,#863,.F.);
#1220=ORIENTED_EDGE('',*,*,#864,.F.);
#1221=ORIENTED_EDGE('',*,*,#865,.T.);
#1222=ORIENTED_EDGE('',*,*,#863,.T.);
#1223=ORIENTED_EDGE('',*,*,#861,.T.);
#1224=ORIENTED_EDGE('',*,*,#725,.T.);
#1225=ORIENTED_EDGE('',*,*,#859,.T.);
#1226=ORIENTED_EDGE('',*,*,#866,.F.);
#1227=ORIENTED_EDGE('',*,*,#867,.T.);
#1228=ORIENTED_EDGE('',*,*,#845,.T.);
#1229=ORIENTED_EDGE('',*,*,#867,.F.);
#1230=ORIENTED_EDGE('',*,*,#840,.T.);
#1231=ORIENTED_EDGE('',*,*,#868,.T.);
#1232=ORIENTED_EDGE('',*,*,#869,.F.);
#1233=ORIENTED_EDGE('',*,*,#852,.F.);
#1234=ORIENTED_EDGE('',*,*,#712,.T.);
#1235=ORIENTED_EDGE('',*,*,#718,.T.);
#1236=ORIENTED_EDGE('',*,*,#853,.T.);
#1237=ORIENTED_EDGE('',*,*,#869,.T.);
#1238=ORIENTED_EDGE('',*,*,#870,.T.);
#1239=ORIENTED_EDGE('',*,*,#723,.T.);
#1240=ORIENTED_EDGE('',*,*,#866,.T.);
#1241=ORIENTED_EDGE('',*,*,#839,.T.);
#1242=ORIENTED_EDGE('',*,*,#871,.T.);
#1243=ORIENTED_EDGE('',*,*,#872,.F.);
#1244=ORIENTED_EDGE('',*,*,#870,.F.);
#1245=ORIENTED_EDGE('',*,*,#868,.F.);
#1246=ORIENTED_EDGE('',*,*,#873,.F.);
#1247=ORIENTED_EDGE('',*,*,#874,.T.);
#1248=ORIENTED_EDGE('',*,*,#844,.T.);
#1249=ORIENTED_EDGE('',*,*,#874,.F.);
#1250=ORIENTED_EDGE('',*,*,#837,.T.);
#1251=ORIENTED_EDGE('',*,*,#864,.T.);
#1252=ORIENTED_EDGE('',*,*,#865,.F.);
#1253=ORIENTED_EDGE('',*,*,#875,.F.);
#1254=ORIENTED_EDGE('',*,*,#876,.F.);
#1255=ORIENTED_EDGE('',*,*,#838,.T.);
#1256=ORIENTED_EDGE('',*,*,#876,.T.);
#1257=ORIENTED_EDGE('',*,*,#877,.F.);
#1258=ORIENTED_EDGE('',*,*,#871,.F.);
#1259=ORIENTED_EDGE('',*,*,#872,.T.);
#1260=ORIENTED_EDGE('',*,*,#877,.T.);
#1261=ORIENTED_EDGE('',*,*,#875,.T.);
#1262=ORIENTED_EDGE('',*,*,#724,.T.);
#1263=ORIENTED_EDGE('',*,*,#873,.T.);
#1264=PLANE('',#1395);
#1265=PLANE('',#1397);
#1266=PLANE('',#1399);
#1267=PLANE('',#1400);
#1268=PLANE('',#1402);
#1269=PLANE('',#1404);
#1270=PLANE('',#1406);
#1271=PLANE('',#1407);
#1272=PLANE('',#1409);
#1273=PLANE('',#1411);
#1274=PLANE('',#1413);
#1275=PLANE('',#1414);
#1276=PLANE('',#1419);
#1277=PLANE('',#1439);
#1278=PLANE('',#1440);
#1279=PLANE('',#1444);
#1280=PLANE('',#1445);
#1281=PLANE('',#1446);
#1282=PLANE('',#1450);
#1283=PLANE('',#1451);
#1284=PLANE('',#1452);
#1285=PLANE('',#1453);
#1286=PLANE('',#1454);
#1287=PLANE('',#1458);
#1288=PLANE('',#1459);
#1289=PLANE('',#1460);
#1290=PLANE('',#1464);
#1291=PLANE('',#1465);
#1292=PLANE('',#1466);
#1293=PLANE('',#1470);
#1294=PLANE('',#1486);
#1295=PLANE('',#1487);
#1296=PLANE('',#1488);
#1297=PLANE('',#1489);
#1298=PLANE('',#1490);
#1299=PLANE('',#1491);
#1300=PLANE('',#1500);
#1301=PLANE('',#1501);
#1302=PLANE('',#1502);
#1303=PLANE('',#1505);
#1304=PLANE('',#1508);
#1305=PLANE('',#1511);
#1306=PLANE('',#1514);
#1307=PLANE('',#1519);
#1308=PLANE('',#1520);
#1309=PLANE('',#1523);
#1310=PLANE('',#1526);
#1311=ADVANCED_FACE('',(#72),#1264,.F.);
#1312=ADVANCED_FACE('',(#73),#1265,.F.);
#1313=ADVANCED_FACE('',(#74),#1266,.T.);
#1314=ADVANCED_FACE('',(#75),#1267,.F.);
#1315=ADVANCED_FACE('',(#76),#1268,.F.);
#1316=ADVANCED_FACE('',(#77),#1269,.F.);
#1317=ADVANCED_FACE('',(#78),#1270,.T.);
#1318=ADVANCED_FACE('',(#79),#1271,.F.);
#1319=ADVANCED_FACE('',(#80),#1272,.F.);
#1320=ADVANCED_FACE('',(#81),#1273,.F.);
#1321=ADVANCED_FACE('',(#82),#1274,.T.);
#1322=ADVANCED_FACE('',(#83),#1275,.F.);
#1323=ADVANCED_FACE('',(#84),#43,.F.);
#1324=ADVANCED_FACE('',(#85),#1276,.T.);
#1325=ADVANCED_FACE('',(#86),#44,.F.);
#1326=ADVANCED_FACE('',(#87,#15,#16,#17),#45,.T.);
#1327=ADVANCED_FACE('',(#88),#46,.T.);
#1328=ADVANCED_FACE('',(#89),#47,.F.);
#1329=ADVANCED_FACE('',(#90),#1277,.T.);
#1330=ADVANCED_FACE('',(#91),#1278,.T.);
#1331=ADVANCED_FACE('',(#92),#48,.F.);
#1332=ADVANCED_FACE('',(#93),#1279,.T.);
#1333=ADVANCED_FACE('',(#94,#18),#1280,.T.);
#1334=ADVANCED_FACE('',(#95),#1281,.T.);
#1335=ADVANCED_FACE('',(#96),#49,.F.);
#1336=ADVANCED_FACE('',(#97),#1282,.T.);
#1337=ADVANCED_FACE('',(#98,#19),#1283,.T.);
#1338=ADVANCED_FACE('',(#99),#1284,.T.);
#1339=ADVANCED_FACE('',(#100),#1285,.T.);
#1340=ADVANCED_FACE('',(#101),#1286,.T.);
#1341=ADVANCED_FACE('',(#102),#50,.F.);
#1342=ADVANCED_FACE('',(#103),#1287,.T.);
#1343=ADVANCED_FACE('',(#104,#20),#1288,.T.);
#1344=ADVANCED_FACE('',(#105),#1289,.T.);
#1345=ADVANCED_FACE('',(#106),#51,.F.);
#1346=ADVANCED_FACE('',(#107),#1290,.T.);
#1347=ADVANCED_FACE('',(#108,#21),#1291,.T.);
#1348=ADVANCED_FACE('',(#109),#1292,.T.);
#1349=ADVANCED_FACE('',(#110),#52,.F.);
#1350=ADVANCED_FACE('',(#111),#1293,.T.);
#1351=ADVANCED_FACE('',(#112),#53,.F.);
#1352=ADVANCED_FACE('',(#113),#54,.F.);
#1353=ADVANCED_FACE('',(#114),#55,.F.);
#1354=ADVANCED_FACE('',(#115),#56,.F.);
#1355=ADVANCED_FACE('',(#116),#57,.F.);
#1356=ADVANCED_FACE('',(#117),#1294,.T.);
#1357=ADVANCED_FACE('',(#118),#1295,.T.);
#1358=ADVANCED_FACE('',(#119,#22,#23,#24,#25),#1296,.T.);
#1359=ADVANCED_FACE('',(#120),#1297,.T.);
#1360=ADVANCED_FACE('',(#121),#1298,.T.);
#1361=ADVANCED_FACE('',(#122,#26,#27,#28,#29,#30,#31,#32,#33,#34,#35,#36,
#37,#38),#1299,.F.);
#1362=ADVANCED_FACE('',(#123),#1300,.T.);
#1363=ADVANCED_FACE('',(#124),#1301,.T.);
#1364=ADVANCED_FACE('',(#125),#1302,.T.);
#1365=ADVANCED_FACE('',(#126),#58,.F.);
#1366=ADVANCED_FACE('',(#127),#1303,.T.);
#1367=ADVANCED_FACE('',(#128),#59,.T.);
#1368=ADVANCED_FACE('',(#129,#39),#1304,.T.);
#1369=ADVANCED_FACE('',(#130),#60,.F.);
#1370=ADVANCED_FACE('',(#131),#1305,.T.);
#1371=ADVANCED_FACE('',(#132),#61,.T.);
#1372=ADVANCED_FACE('',(#133,#40),#1306,.T.);
#1373=ADVANCED_FACE('',(#134),#62,.F.);
#1374=ADVANCED_FACE('',(#135),#63,.T.);
#1375=ADVANCED_FACE('',(#136,#41),#1307,.T.);
#1376=ADVANCED_FACE('',(#137),#1308,.T.);
#1377=ADVANCED_FACE('',(#138),#64,.F.);
#1378=ADVANCED_FACE('',(#139),#1309,.T.);
#1379=ADVANCED_FACE('',(#140),#65,.T.);
#1380=ADVANCED_FACE('',(#141,#42),#1310,.T.);
#1381=CLOSED_SHELL('',(#1311,#1312,#1313,#1314,#1315,#1316,#1317,#1318,
#1319,#1320,#1321,#1322,#1323,#1324,#1325,#1326,#1327,#1328,#1329,#1330,
#1331,#1332,#1333,#1334,#1335,#1336,#1337,#1338,#1339,#1340,#1341,#1342,
#1343,#1344,#1345,#1346,#1347,#1348,#1349,#1350,#1351,#1352,#1353,#1354,
#1355,#1356,#1357,#1358,#1359,#1360,#1361,#1362,#1363,#1364,#1365,#1366,
#1367,#1368,#1369,#1370,#1371,#1372,#1373,#1374,#1375,#1376,#1377,#1378,
#1379,#1380));
#1382=DERIVED_UNIT_ELEMENT(#1384,1.);
#1383=DERIVED_UNIT_ELEMENT(#2320,-3.);
#1384=(
MASS_UNIT()
NAMED_UNIT(*)
SI_UNIT(.KILO.,.GRAM.)
);
#1385=DERIVED_UNIT((#1382,#1383));
#1386=MEASURE_REPRESENTATION_ITEM('density measure',
POSITIVE_RATIO_MEASURE(7850.),#1385);
#1387=PROPERTY_DEFINITION_REPRESENTATION(#1392,#1389);
#1388=PROPERTY_DEFINITION_REPRESENTATION(#1393,#1390);
#1389=REPRESENTATION('material name',(#1391),#2317);
#1390=REPRESENTATION('density',(#1386),#2317);
#1391=DESCRIPTIVE_REPRESENTATION_ITEM('Steel','Steel');
#1392=PROPERTY_DEFINITION('material property','material name',#2327);
#1393=PROPERTY_DEFINITION('material property','density of part',#2327);
#1394=AXIS2_PLACEMENT_3D('',#1924,#1527,#1528);
#1395=AXIS2_PLACEMENT_3D('',#1925,#1529,#1530);
#1396=AXIS2_PLACEMENT_3D('',#1928,#1531,#1532);
#1397=AXIS2_PLACEMENT_3D('',#1934,#1536,#1537);
#1398=AXIS2_PLACEMENT_3D('',#1936,#1538,#1539);
#1399=AXIS2_PLACEMENT_3D('',#1940,#1542,#1543);
#1400=AXIS2_PLACEMENT_3D('',#1942,#1545,#1546);
#1401=AXIS2_PLACEMENT_3D('',#1943,#1547,#1548);
#1402=AXIS2_PLACEMENT_3D('',#1944,#1549,#1550);
#1403=AXIS2_PLACEMENT_3D('',#1947,#1551,#1552);
#1404=AXIS2_PLACEMENT_3D('',#1953,#1556,#1557);
#1405=AXIS2_PLACEMENT_3D('',#1955,#1558,#1559);
#1406=AXIS2_PLACEMENT_3D('',#1959,#1562,#1563);
#1407=AXIS2_PLACEMENT_3D('',#1961,#1565,#1566);
#1408=AXIS2_PLACEMENT_3D('',#1962,#1567,#1568);
#1409=AXIS2_PLACEMENT_3D('',#1963,#1569,#1570);
#1410=AXIS2_PLACEMENT_3D('',#1966,#1571,#1572);
#1411=AXIS2_PLACEMENT_3D('',#1972,#1576,#1577);
#1412=AXIS2_PLACEMENT_3D('',#1974,#1578,#1579);
#1413=AXIS2_PLACEMENT_3D('',#1978,#1582,#1583);
#1414=AXIS2_PLACEMENT_3D('',#1980,#1585,#1586);
#1415=AXIS2_PLACEMENT_3D('',#1981,#1587,#1588);
#1416=AXIS2_PLACEMENT_3D('',#1982,#1589,#1590);
#1417=AXIS2_PLACEMENT_3D('',#1985,#1591,#1592);
#1418=AXIS2_PLACEMENT_3D('',#1989,#1594,#1595);
#1419=AXIS2_PLACEMENT_3D('',#1991,#1597,#1598);
#1420=AXIS2_PLACEMENT_3D('',#1997,#1602,#1603);
#1421=AXIS2_PLACEMENT_3D('',#2000,#1604,#1605);
#1422=AXIS2_PLACEMENT_3D('',#2004,#1607,#1608);
#1423=AXIS2_PLACEMENT_3D('',#2006,#1610,#1611);
#1424=AXIS2_PLACEMENT_3D('',#2008,#1612,#1613);
#1425=AXIS2_PLACEMENT_3D('',#2010,#1614,#1615);
#1426=AXIS2_PLACEMENT_3D('',#2012,#1616,#1617);
#1427=AXIS2_PLACEMENT_3D('',#2013,#1618,#1619);
#1428=AXIS2_PLACEMENT_3D('',#2014,#1620,#1621);
#1429=AXIS2_PLACEMENT_3D('',#2015,#1622,#1623);
#1430=AXIS2_PLACEMENT_3D('',#2018,#1624,#1625);
#1431=AXIS2_PLACEMENT_3D('',#2022,#1627,#1628);
#1432=AXIS2_PLACEMENT_3D('',#2024,#1630,#1631);
#1433=AXIS2_PLACEMENT_3D('',#2029,#1633,#1634);
#1434=AXIS2_PLACEMENT_3D('',#2033,#1636,#1637);
#1435=AXIS2_PLACEMENT_3D('',#2037,#1639,#1640);
#1436=AXIS2_PLACEMENT_3D('',#2041,#1642,#1643);
#1437=AXIS2_PLACEMENT_3D('',#2045,#1645,#1646);
#1438=AXIS2_PLACEMENT_3D('',#2048,#1648,#1649);
#1439=AXIS2_PLACEMENT_3D('',#2049,#1650,#1651);
#1440=AXIS2_PLACEMENT_3D('',#2052,#1654,#1655);
#1441=AXIS2_PLACEMENT_3D('',#2058,#1659,#1660);
#1442=AXIS2_PLACEMENT_3D('',#2060,#1661,#1662);
#1443=AXIS2_PLACEMENT_3D('',#2063,#1664,#1665);
#1444=AXIS2_PLACEMENT_3D('',#2064,#1666,#1667);
#1445=AXIS2_PLACEMENT_3D('',#2070,#1671,#1672);
#1446=AXIS2_PLACEMENT_3D('',#2072,#1674,#1675);
#1447=AXIS2_PLACEMENT_3D('',#2081,#1680,#1681);
#1448=AXIS2_PLACEMENT_3D('',#2083,#1682,#1683);
#1449=AXIS2_PLACEMENT_3D('',#2086,#1685,#1686);
#1450=AXIS2_PLACEMENT_3D('',#2087,#1687,#1688);
#1451=AXIS2_PLACEMENT_3D('',#2096,#1693,#1694);
#1452=AXIS2_PLACEMENT_3D('',#2099,#1697,#1698);
#1453=AXIS2_PLACEMENT_3D('',#2107,#1703,#1704);
#1454=AXIS2_PLACEMENT_3D('',#2114,#1709,#1710);
#1455=AXIS2_PLACEMENT_3D('',#2120,#1714,#1715);
#1456=AXIS2_PLACEMENT_3D('',#2122,#1716,#1717);
#1457=AXIS2_PLACEMENT_3D('',#2125,#1719,#1720);
#1458=AXIS2_PLACEMENT_3D('',#2126,#1721,#1722);
#1459=AXIS2_PLACEMENT_3D('',#2132,#1726,#1727);
#1460=AXIS2_PLACEMENT_3D('',#2134,#1729,#1730);
#1461=AXIS2_PLACEMENT_3D('',#2142,#1735,#1736);
#1462=AXIS2_PLACEMENT_3D('',#2144,#1737,#1738);
#1463=AXIS2_PLACEMENT_3D('',#2147,#1740,#1741);
#1464=AXIS2_PLACEMENT_3D('',#2148,#1742,#1743);
#1465=AXIS2_PLACEMENT_3D('',#2157,#1748,#1749);
#1466=AXIS2_PLACEMENT_3D('',#2160,#1752,#1753);
#1467=AXIS2_PLACEMENT_3D('',#2167,#1758,#1759);
#1468=AXIS2_PLACEMENT_3D('',#2169,#1760,#1761);
#1469=AXIS2_PLACEMENT_3D('',#2172,#1763,#1764);
#1470=AXIS2_PLACEMENT_3D('',#2173,#1765,#1766);
#1471=AXIS2_PLACEMENT_3D('',#2179,#1770,#1771);
#1472=AXIS2_PLACEMENT_3D('',#2181,#1772,#1773);
#1473=AXIS2_PLACEMENT_3D('',#2183,#1774,#1775);
#1474=AXIS2_PLACEMENT_3D('',#2185,#1777,#1778);
#1475=AXIS2_PLACEMENT_3D('',#2187,#1779,#1780);
#1476=AXIS2_PLACEMENT_3D('',#2190,#1782,#1783);
#1477=AXIS2_PLACEMENT_3D('',#2191,#1784,#1785);
#1478=AXIS2_PLACEMENT_3D('',#2193,#1786,#1787);
#1479=AXIS2_PLACEMENT_3D('',#2196,#1789,#1790);
#1480=AXIS2_PLACEMENT_3D('',#2197,#1791,#1792);
#1481=AXIS2_PLACEMENT_3D('',#2199,#1793,#1794);
#1482=AXIS2_PLACEMENT_3D('',#2202,#1796,#1797);
#1483=AXIS2_PLACEMENT_3D('',#2203,#1798,#1799);
#1484=AXIS2_PLACEMENT_3D('',#2205,#1800,#1801);
#1485=AXIS2_PLACEMENT_3D('',#2208,#1803,#1804);
#1486=AXIS2_PLACEMENT_3D('',#2209,#1805,#1806);
#1487=AXIS2_PLACEMENT_3D('',#2215,#1810,#1811);
#1488=AXIS2_PLACEMENT_3D('',#2221,#1815,#1816);
#1489=AXIS2_PLACEMENT_3D('',#2224,#1819,#1820);
#1490=AXIS2_PLACEMENT_3D('',#2227,#1823,#1824);
#1491=AXIS2_PLACEMENT_3D('',#2228,#1825,#1826);
#1492=AXIS2_PLACEMENT_3D('',#2233,#1828,#1829);
#1493=AXIS2_PLACEMENT_3D('',#2237,#1831,#1832);
#1494=AXIS2_PLACEMENT_3D('',#2241,#1834,#1835);
#1495=AXIS2_PLACEMENT_3D('',#2244,#1837,#1838);
#1496=AXIS2_PLACEMENT_3D('',#2246,#1839,#1840);
#1497=AXIS2_PLACEMENT_3D('',#2248,#1841,#1842);
#1498=AXIS2_PLACEMENT_3D('',#2250,#1843,#1844);
#1499=AXIS2_PLACEMENT_3D('',#2252,#1845,#1846);
#1500=AXIS2_PLACEMENT_3D('',#2254,#1848,#1849);
#1501=AXIS2_PLACEMENT_3D('',#2256,#1851,#1852);
#1502=AXIS2_PLACEMENT_3D('',#2257,#1853,#1854);
#1503=AXIS2_PLACEMENT_3D('',#2259,#1856,#1857);
#1504=AXIS2_PLACEMENT_3D('',#2261,#1858,#1859);
#1505=AXIS2_PLACEMENT_3D('',#2263,#1861,#1862);
#1506=AXIS2_PLACEMENT_3D('',#2270,#1867,#1868);
#1507=AXIS2_PLACEMENT_3D('',#2272,#1869,#1870);
#1508=AXIS2_PLACEMENT_3D('',#2274,#1872,#1873);
#1509=AXIS2_PLACEMENT_3D('',#2276,#1875,#1876);
#1510=AXIS2_PLACEMENT_3D('',#2278,#1877,#1878);
#1511=AXIS2_PLACEMENT_3D('',#2280,#1880,#1881);
#1512=AXIS2_PLACEMENT_3D('',#2284,#1884,#1885);
#1513=AXIS2_PLACEMENT_3D('',#2286,#1886,#1887);
#1514=AXIS2_PLACEMENT_3D('',#2288,#1889,#1890);
#1515=AXIS2_PLACEMENT_3D('',#2290,#1892,#1893);
#1516=AXIS2_PLACEMENT_3D('',#2292,#1894,#1895);
#1517=AXIS2_PLACEMENT_3D('',#2294,#1897,#1898);
#1518=AXIS2_PLACEMENT_3D('',#2297,#1900,#1901);
#1519=AXIS2_PLACEMENT_3D('',#2298,#1902,#1903);
#1520=AXIS2_PLACEMENT_3D('',#2300,#1905,#1906);
#1521=AXIS2_PLACEMENT_3D('',#2304,#1909,#1910);
#1522=AXIS2_PLACEMENT_3D('',#2306,#1911,#1912);
#1523=AXIS2_PLACEMENT_3D('',#2308,#1914,#1915);
#1524=AXIS2_PLACEMENT_3D('',#2312,#1918,#1919);
#1525=AXIS2_PLACEMENT_3D('',#2313,#1920,#1921);
#1526=AXIS2_PLACEMENT_3D('',#2314,#1922,#1923);
#1527=DIRECTION('axis',(0.,0.,1.));
#1528=DIRECTION('refdir',(1.,0.,0.));
#1529=DIRECTION('center_axis',(0.,0.,-1.));
#1530=DIRECTION('ref_axis',(1.,0.,0.));
#1531=DIRECTION('center_axis',(0.,0.,-1.));
#1532=DIRECTION('ref_axis',(-0.714285714285714,0.699854212223765,0.));
#1533=DIRECTION('',(0.,-1.,0.));
#1534=DIRECTION('',(1.,0.,0.));
#1535=DIRECTION('',(0.,-1.,0.));
#1536=DIRECTION('center_axis',(-0.948683298050514,0.,0.316227766016838));
#1537=DIRECTION('ref_axis',(-0.316227766016838,0.,-0.948683298050514));
#1538=DIRECTION('center_axis',(-0.948683298050514,0.,0.316227766016838));
#1539=DIRECTION('ref_axis',(-0.316227766016838,-4.0123811069448E-17,-0.948683298050514));
#1540=DIRECTION('',(-0.316227766016838,0.,-0.948683298050514));
#1541=DIRECTION('',(0.,-1.,0.));
#1542=DIRECTION('center_axis',(0.,-1.,0.));
#1543=DIRECTION('ref_axis',(0.,0.,-1.));
#1544=DIRECTION('',(-0.316227766016838,0.,0.948683298050514));
#1545=DIRECTION('center_axis',(0.948683298050514,0.,0.316227766016838));
#1546=DIRECTION('ref_axis',(-0.316227766016838,0.,0.948683298050514));
#1547=DIRECTION('center_axis',(0.948683298050514,0.,0.316227766016838));
#1548=DIRECTION('ref_axis',(-0.316227766016838,-4.0123811069448E-17,0.948683298050514));
#1549=DIRECTION('center_axis',(0.,0.948683298050514,0.316227766016838));
#1550=DIRECTION('ref_axis',(0.,0.316227766016838,-0.948683298050514));
#1551=DIRECTION('center_axis',(0.,0.948683298050514,0.316227766016838));
#1552=DIRECTION('ref_axis',(-2.0061905534724E-17,0.316227766016838,-0.948683298050514));
#1553=DIRECTION('',(-1.,0.,0.));
#1554=DIRECTION('',(0.,0.316227766016838,-0.948683298050514));
#1555=DIRECTION('',(-1.,0.,0.));
#1556=DIRECTION('center_axis',(0.,-0.948683298050514,0.316227766016838));
#1557=DIRECTION('ref_axis',(0.,0.316227766016838,0.948683298050514));
#1558=DIRECTION('center_axis',(0.,-0.948683298050514,0.316227766016838));
#1559=DIRECTION('ref_axis',(-2.0061905534724E-17,0.316227766016838,0.948683298050514));
#1560=DIRECTION('',(0.,0.316227766016838,0.948683298050514));
#1561=DIRECTION('',(-1.,0.,0.));
#1562=DIRECTION('center_axis',(-1.,0.,0.));
#1563=DIRECTION('ref_axis',(0.,0.,1.));
#1564=DIRECTION('',(0.,-1.,0.));
#1565=DIRECTION('center_axis',(0.,0.,-1.));
#1566=DIRECTION('ref_axis',(0.,-1.,0.));
#1567=DIRECTION('center_axis',(0.,0.,-1.));
#1568=DIRECTION('ref_axis',(-0.714285714285714,0.699854212223765,0.));
#1569=DIRECTION('center_axis',(0.,-0.948683298050514,0.316227766016838));
#1570=DIRECTION('ref_axis',(0.,-0.316227766016838,-0.948683298050514));
#1571=DIRECTION('center_axis',(0.,-0.948683298050514,0.316227766016838));
#1572=DIRECTION('ref_axis',(-2.0061905534724E-17,0.316227766016838,0.948683298050514));
#1573=DIRECTION('',(1.,0.,0.));
#1574=DIRECTION('',(0.,-0.316227766016838,-0.948683298050514));
#1575=DIRECTION('',(1.,0.,0.));
#1576=DIRECTION('center_axis',(0.,0.948683298050514,0.316227766016838));
#1577=DIRECTION('ref_axis',(0.,-0.316227766016838,0.948683298050514));
#1578=DIRECTION('center_axis',(0.,0.948683298050514,0.316227766016838));
#1579=DIRECTION('ref_axis',(-2.0061905534724E-17,0.316227766016838,-0.948683298050514));
#1580=DIRECTION('',(0.,-0.316227766016838,0.948683298050514));
#1581=DIRECTION('',(1.,0.,0.));
#1582=DIRECTION('center_axis',(1.,0.,0.));
#1583=DIRECTION('ref_axis',(0.,0.,-1.));
#1584=DIRECTION('',(0.,1.,0.));
#1585=DIRECTION('center_axis',(0.,0.,-1.));
#1586=DIRECTION('ref_axis',(0.,1.,0.));
#1587=DIRECTION('center_axis',(0.,0.,-1.));
#1588=DIRECTION('ref_axis',(-0.714285714285714,0.699854212223765,0.));
#1589=DIRECTION('center_axis',(0.,0.,1.));
#1590=DIRECTION('ref_axis',(0.953462589245592,-0.301511344577764,0.));
#1591=DIRECTION('center_axis',(0.,0.,1.));
#1592=DIRECTION('ref_axis',(0.953462589245592,-0.301511344577764,0.));
#1593=DIRECTION('',(0.,0.,1.));
#1594=DIRECTION('center_axis',(0.,0.,1.));
#1595=DIRECTION('ref_axis',(0.953462589245592,-0.301511344577764,0.));
#1596=DIRECTION('',(0.,0.,-1.));
#1597=DIRECTION('center_axis',(-1.,0.,0.));
#1598=DIRECTION('ref_axis',(0.,-1.,0.));
#1599=DIRECTION('',(0.,-1.,0.));
#1600=DIRECTION('',(0.,0.,1.));
#1601=DIRECTION('',(0.,1.,0.));
#1602=DIRECTION('center_axis',(0.,0.,1.));
#1603=DIRECTION('ref_axis',(-0.953462589245592,-0.301511344577763,0.));
#1604=DIRECTION('center_axis',(0.,0.,1.));
#1605=DIRECTION('ref_axis',(-0.953462589245592,-0.301511344577763,0.));
#1606=DIRECTION('',(0.,0.,1.));
#1607=DIRECTION('center_axis',(0.,0.,1.));
#1608=DIRECTION('ref_axis',(-0.953462589245592,-0.301511344577763,0.));
#1609=DIRECTION('',(0.,0.,-1.));
#1610=DIRECTION('center_axis',(0.,0.,1.));
#1611=DIRECTION('ref_axis',(-1.26882631385732E-16,-1.,0.));
#1612=DIRECTION('center_axis',(0.,0.,-1.));
#1613=DIRECTION('ref_axis',(-0.714285714285714,0.699854212223765,0.));
#1614=DIRECTION('center_axis',(0.,0.,-1.));
#1615=DIRECTION('ref_axis',(-0.714285714285714,0.699854212223765,0.));
#1616=DIRECTION('center_axis',(0.,0.,-1.));
#1617=DIRECTION('ref_axis',(-0.714285714285714,0.699854212223765,0.));
#1618=DIRECTION('center_axis',(0.,0.,-1.));
#1619=DIRECTION('ref_axis',(-0.714285714285714,0.699854212223765,0.));
#1620=DIRECTION('center_axis',(0.,0.,1.));
#1621=DIRECTION('ref_axis',(-0.714285714285714,0.699854212223765,0.));
#1622=DIRECTION('center_axis',(0.,0.,1.));
#1623=DIRECTION('ref_axis',(1.38777876010193E-16,-1.,0.));
#1624=DIRECTION('center_axis',(0.,0.,-1.));
#1625=DIRECTION('ref_axis',(-0.624999990686774,0.780624757256348,0.));
#1626=DIRECTION('',(0.,0.,1.));
#1627=DIRECTION('center_axis',(0.,0.,1.));
#1628=DIRECTION('ref_axis',(-0.624999990686774,0.780624757256348,0.));
#1629=DIRECTION('',(0.,0.,1.));
#1630=DIRECTION('center_axis',(0.,0.,1.));
#1631=DIRECTION('ref_axis',(-7.40148683083438E-17,-1.,0.));
#1632=DIRECTION('',(0.,0.,1.));
#1633=DIRECTION('center_axis',(0.,0.,-1.));
#1634=DIRECTION('ref_axis',(-0.666666666666667,0.74535599249993,0.));
#1635=DIRECTION('',(0.,0.,1.));
#1636=DIRECTION('center_axis',(0.,0.,1.));
#1637=DIRECTION('ref_axis',(-0.666666666666667,0.74535599249993,0.));
#1638=DIRECTION('',(0.,0.,1.));
#1639=DIRECTION('center_axis',(0.,0.,1.));
#1640=DIRECTION('ref_axis',(-0.666666666666667,0.74535599249993,0.));
#1641=DIRECTION('',(0.,0.,1.));
#1642=DIRECTION('center_axis',(0.,0.,-1.));
#1643=DIRECTION('ref_axis',(-0.666666666666667,0.74535599249993,0.));
#1644=DIRECTION('',(0.,0.,1.));
#1645=DIRECTION('center_axis',(0.,0.,1.));
#1646=DIRECTION('ref_axis',(-0.666666666666667,0.74535599249993,0.));
#1647=DIRECTION('',(0.,0.,1.));
#1648=DIRECTION('center_axis',(0.,0.,1.));
#1649=DIRECTION('ref_axis',(-0.666666666666667,0.74535599249993,0.));
#1650=DIRECTION('center_axis',(0.,0.,1.));
#1651=DIRECTION('ref_axis',(1.,0.,0.));
#1652=DIRECTION('',(0.,-1.,0.));
#1653=DIRECTION('',(-1.6895391092458E-8,1.,0.));
#1654=DIRECTION('center_axis',(0.,1.,0.));
#1655=DIRECTION('ref_axis',(-1.,0.,0.));
#1656=DIRECTION('',(1.,0.,0.));
#1657=DIRECTION('',(0.,0.,1.));
#1658=DIRECTION('',(-1.,0.,0.));
#1659=DIRECTION('center_axis',(0.,0.,1.));
#1660=DIRECTION('ref_axis',(1.,0.,0.));
#1661=DIRECTION('center_axis',(0.,0.,-1.));
#1662=DIRECTION('ref_axis',(1.,0.,0.));
#1663=DIRECTION('',(0.,0.,-1.));
#1664=DIRECTION('center_axis',(0.,0.,-1.));
#1665=DIRECTION('ref_axis',(1.,0.,0.));
#1666=DIRECTION('center_axis',(0.,-1.,0.));
#1667=DIRECTION('ref_axis',(1.,0.,0.));
#1668=DIRECTION('',(1.,0.,0.));
#1669=DIRECTION('',(1.,0.,0.));
#1670=DIRECTION('',(0.,0.,1.));
#1671=DIRECTION('center_axis',(0.,0.,1.));
#1672=DIRECTION('ref_axis',(1.,0.,0.));
#1673=DIRECTION('',(0.,-1.,0.));
#1674=DIRECTION('center_axis',(0.,-1.,0.));
#1675=DIRECTION('ref_axis',(1.,0.,0.));
#1676=DIRECTION('',(-1.,0.,0.));
#1677=DIRECTION('',(0.,0.,-1.));
#1678=DIRECTION('',(1.,0.,0.));
#1679=DIRECTION('',(0.,0.,1.));
#1680=DIRECTION('center_axis',(0.,0.,1.));
#1681=DIRECTION('ref_axis',(1.,0.,0.));
#1682=DIRECTION('center_axis',(0.,0.,-1.));
#1683=DIRECTION('ref_axis',(1.,0.,0.));
#1684=DIRECTION('',(0.,0.,-1.));
#1685=DIRECTION('center_axis',(0.,0.,-1.));
#1686=DIRECTION('ref_axis',(1.,0.,0.));
#1687=DIRECTION('center_axis',(0.,1.,0.));
#1688=DIRECTION('ref_axis',(-1.,0.,0.));
#1689=DIRECTION('',(1.,0.,0.));
#1690=DIRECTION('',(0.,0.,1.));
#1691=DIRECTION('',(-1.,0.,0.));
#1692=DIRECTION('',(0.,0.,1.));
#1693=DIRECTION('center_axis',(0.,0.,1.));
#1694=DIRECTION('ref_axis',(1.,0.,0.));
#1695=DIRECTION('',(0.,-1.,0.));
#1696=DIRECTION('',(0.,-1.,0.));
#1697=DIRECTION('center_axis',(0.,-1.,0.));
#1698=DIRECTION('ref_axis',(1.,0.,0.));
#1699=DIRECTION('',(0.,0.,1.));
#1700=DIRECTION('',(1.,0.,0.));
#1701=DIRECTION('',(0.,0.,-1.));
#1702=DIRECTION('',(1.,0.,0.));
#1703=DIRECTION('center_axis',(-1.,0.,0.));
#1704=DIRECTION('ref_axis',(0.,-1.,0.));
#1705=DIRECTION('',(0.,1.,0.));
#1706=DIRECTION('',(0.,-1.,0.));
#1707=DIRECTION('',(0.,0.,1.));
#1708=DIRECTION('',(0.,1.,0.));
#1709=DIRECTION('center_axis',(1.31305206490604E-16,1.,0.));
#1710=DIRECTION('ref_axis',(-1.,1.31305206490604E-16,0.));
#1711=DIRECTION('',(1.,-1.31305206490604E-16,0.));
#1712=DIRECTION('',(-1.,1.31305206490604E-16,0.));
#1713=DIRECTION('',(0.,0.,1.));
#1714=DIRECTION('center_axis',(0.,0.,1.));
#1715=DIRECTION('ref_axis',(1.,0.,0.));
#1716=DIRECTION('center_axis',(0.,0.,-1.));
#1717=DIRECTION('ref_axis',(1.,0.,0.));
#1718=DIRECTION('',(0.,0.,-1.));
#1719=DIRECTION('center_axis',(0.,0.,-1.));
#1720=DIRECTION('ref_axis',(1.,0.,0.));
#1721=DIRECTION('center_axis',(0.,-1.,0.));
#1722=DIRECTION('ref_axis',(1.,0.,0.));
#1723=DIRECTION('',(1.,0.,0.));
#1724=DIRECTION('',(0.,0.,1.));
#1725=DIRECTION('',(1.,0.,0.));
#1726=DIRECTION('center_axis',(0.,0.,1.));
#1727=DIRECTION('ref_axis',(1.,0.,0.));
#1728=DIRECTION('',(0.,1.,0.));
#1729=DIRECTION('center_axis',(0.,1.,0.));
#1730=DIRECTION('ref_axis',(-1.,0.,0.));
#1731=DIRECTION('',(1.,0.,0.));
#1732=DIRECTION('',(0.,0.,-1.));
#1733=DIRECTION('',(-1.,0.,0.));
#1734=DIRECTION('',(0.,0.,1.));
#1735=DIRECTION('center_axis',(0.,0.,1.));
#1736=DIRECTION('ref_axis',(1.,0.,0.));
#1737=DIRECTION('center_axis',(0.,0.,-1.));
#1738=DIRECTION('ref_axis',(1.,0.,0.));
#1739=DIRECTION('',(0.,0.,-1.));
#1740=DIRECTION('center_axis',(0.,0.,-1.));
#1741=DIRECTION('ref_axis',(1.,0.,0.));
#1742=DIRECTION('center_axis',(0.,-1.,0.));
#1743=DIRECTION('ref_axis',(1.,0.,0.));
#1744=DIRECTION('',(-1.,0.,0.));
#1745=DIRECTION('',(0.,0.,1.));
#1746=DIRECTION('',(1.,0.,0.));
#1747=DIRECTION('',(0.,0.,1.));
#1748=DIRECTION('center_axis',(0.,0.,1.));
#1749=DIRECTION('ref_axis',(1.,0.,0.));
#1750=DIRECTION('',(-1.6895391092458E-8,1.,0.));
#1751=DIRECTION('',(0.,1.,0.));
#1752=DIRECTION('center_axis',(1.,1.6895391092458E-8,0.));
#1753=DIRECTION('ref_axis',(-1.6895391092458E-8,1.,0.));
#1754=DIRECTION('',(1.6895391092458E-8,-1.,0.));
#1755=DIRECTION('',(0.,0.,1.));
#1756=DIRECTION('',(-1.6895391092458E-8,1.,0.));
#1757=DIRECTION('',(1.6895391092458E-8,-1.,0.));
#1758=DIRECTION('center_axis',(0.,0.,1.));
#1759=DIRECTION('ref_axis',(0.,1.,0.));
#1760=DIRECTION('center_axis',(0.,0.,1.));
#1761=DIRECTION('ref_axis',(0.,1.,0.));
#1762=DIRECTION('',(0.,0.,1.));
#1763=DIRECTION('center_axis',(0.,0.,-1.));
#1764=DIRECTION('ref_axis',(0.,1.,0.));
#1765=DIRECTION('center_axis',(1.,0.,0.));
#1766=DIRECTION('ref_axis',(0.,1.,0.));
#1767=DIRECTION('',(0.,-1.,0.));
#1768=DIRECTION('',(0.,0.,1.));
#1769=DIRECTION('',(0.,1.,0.));
#1770=DIRECTION('center_axis',(0.,0.,1.));
#1771=DIRECTION('ref_axis',(1.,0.,0.));
#1772=DIRECTION('center_axis',(0.,0.,1.));
#1773=DIRECTION('ref_axis',(1.,0.,0.));
#1774=DIRECTION('center_axis',(0.,0.,-1.));
#1775=DIRECTION('ref_axis',(1.,0.,0.));
#1776=DIRECTION('',(0.,0.,1.));
#1777=DIRECTION('center_axis',(0.,0.,1.));
#1778=DIRECTION('ref_axis',(1.,0.,0.));
#1779=DIRECTION('center_axis',(0.,0.,-1.));
#1780=DIRECTION('ref_axis',(1.,0.,0.));
#1781=DIRECTION('',(0.,0.,-1.));
#1782=DIRECTION('center_axis',(0.,0.,-1.));
#1783=DIRECTION('ref_axis',(1.,0.,0.));
#1784=DIRECTION('center_axis',(0.,0.,1.));
#1785=DIRECTION('ref_axis',(1.,0.,0.));
#1786=DIRECTION('center_axis',(0.,0.,-1.));
#1787=DIRECTION('ref_axis',(1.,0.,0.));
#1788=DIRECTION('',(0.,0.,-1.));
#1789=DIRECTION('center_axis',(0.,0.,-1.));
#1790=DIRECTION('ref_axis',(1.,0.,0.));
#1791=DIRECTION('center_axis',(0.,0.,1.));
#1792=DIRECTION('ref_axis',(1.,0.,0.));
#1793=DIRECTION('center_axis',(0.,0.,-1.));
#1794=DIRECTION('ref_axis',(1.,0.,0.));
#1795=DIRECTION('',(0.,0.,-1.));
#1796=DIRECTION('center_axis',(0.,0.,-1.));
#1797=DIRECTION('ref_axis',(1.,0.,0.));
#1798=DIRECTION('center_axis',(0.,0.,1.));
#1799=DIRECTION('ref_axis',(1.,0.,0.));
#1800=DIRECTION('center_axis',(0.,0.,-1.));
#1801=DIRECTION('ref_axis',(1.,0.,0.));
#1802=DIRECTION('',(0.,0.,-1.));
#1803=DIRECTION('center_axis',(0.,0.,-1.));
#1804=DIRECTION('ref_axis',(1.,0.,0.));
#1805=DIRECTION('center_axis',(-1.,0.,0.));
#1806=DIRECTION('ref_axis',(0.,-1.,0.));
#1807=DIRECTION('',(0.,1.,0.));
#1808=DIRECTION('',(0.,-1.,0.));
#1809=DIRECTION('',(0.,0.,1.));
#1810=DIRECTION('center_axis',(1.,0.,0.));
#1811=DIRECTION('ref_axis',(0.,1.,0.));
#1812=DIRECTION('',(0.,-1.,0.));
#1813=DIRECTION('',(0.,0.,1.));
#1814=DIRECTION('',(0.,1.,0.));
#1815=DIRECTION('center_axis',(0.,0.,1.));
#1816=DIRECTION('ref_axis',(1.,0.,0.));
#1817=DIRECTION('',(-1.,0.,0.));
#1818=DIRECTION('',(-1.,0.,0.));
#1819=DIRECTION('center_axis',(1.,0.,0.));
#1820=DIRECTION('ref_axis',(0.,1.,0.));
#1821=DIRECTION('',(0.,1.,0.));
#1822=DIRECTION('',(0.,1.,0.));
#1823=DIRECTION('center_axis',(0.,0.,1.));
#1824=DIRECTION('ref_axis',(1.,0.,0.));
#1825=DIRECTION('center_axis',(0.,0.,1.));
#1826=DIRECTION('ref_axis',(1.,0.,0.));
#1827=DIRECTION('',(0.,1.,0.));
#1828=DIRECTION('center_axis',(0.,0.,1.));
#1829=DIRECTION('ref_axis',(0.,-1.,0.));
#1830=DIRECTION('',(1.,0.,0.));
#1831=DIRECTION('center_axis',(0.,0.,1.));
#1832=DIRECTION('ref_axis',(-0.999999910593033,0.00042286395723945,0.));
#1833=DIRECTION('',(0.,-1.,0.));
#1834=DIRECTION('center_axis',(0.,0.,1.));
#1835=DIRECTION('ref_axis',(0.000386020232254819,0.999999925494187,0.));
#1836=DIRECTION('',(-1.,0.,0.));
#1837=DIRECTION('center_axis',(0.,0.,1.));
#1838=DIRECTION('ref_axis',(1.,0.,0.));
#1839=DIRECTION('center_axis',(0.,0.,-1.));
#1840=DIRECTION('ref_axis',(1.,0.,0.));
#1841=DIRECTION('center_axis',(0.,0.,-1.));
#1842=DIRECTION('ref_axis',(1.,0.,0.));
#1843=DIRECTION('center_axis',(0.,0.,-1.));
#1844=DIRECTION('ref_axis',(1.,0.,0.));
#1845=DIRECTION('center_axis',(0.,0.,-1.));
#1846=DIRECTION('ref_axis',(1.,0.,0.));
#1847=DIRECTION('',(0.,-1.,0.));
#1848=DIRECTION('center_axis',(-1.,0.,0.));
#1849=DIRECTION('ref_axis',(0.,-1.,0.));
#1850=DIRECTION('',(0.,-1.,0.));
#1851=DIRECTION('center_axis',(0.,0.,1.));
#1852=DIRECTION('ref_axis',(1.,0.,0.));
#1853=DIRECTION('center_axis',(0.,0.,1.));
#1854=DIRECTION('ref_axis',(1.,0.,0.));
#1855=DIRECTION('',(-1.,0.,0.));
#1856=DIRECTION('center_axis',(0.,0.,1.));
#1857=DIRECTION('ref_axis',(1.,0.,0.));
#1858=DIRECTION('center_axis',(0.,0.,-1.));
#1859=DIRECTION('ref_axis',(1.,0.,0.));
#1860=DIRECTION('',(0.,0.,-1.));
#1861=DIRECTION('center_axis',(0.,1.,0.));
#1862=DIRECTION('ref_axis',(-1.,0.,0.));
#1863=DIRECTION('',(0.,0.,1.));
#1864=DIRECTION('',(-1.,0.,0.));
#1865=DIRECTION('',(-1.,0.,0.));
#1866=DIRECTION('',(0.,0.,1.));
#1867=DIRECTION('center_axis',(0.,0.,1.));
#1868=DIRECTION('ref_axis',(1.,0.,0.));
#1869=DIRECTION('center_axis',(0.,0.,1.));
#1870=DIRECTION('ref_axis',(1.,0.,0.));
#1871=DIRECTION('',(0.,0.,1.));
#1872=DIRECTION('center_axis',(0.,0.,1.));
#1873=DIRECTION('ref_axis',(1.,0.,0.));
#1874=DIRECTION('',(0.,1.,0.));
#1875=DIRECTION('center_axis',(0.,0.,1.));
#1876=DIRECTION('ref_axis',(1.,0.,0.));
#1877=DIRECTION('center_axis',(0.,0.,-1.));
#1878=DIRECTION('ref_axis',(1.,0.,0.));
#1879=DIRECTION('',(0.,0.,-1.));
#1880=DIRECTION('center_axis',(1.,0.,0.));
#1881=DIRECTION('ref_axis',(0.,1.,0.));
#1882=DIRECTION('',(0.,1.,0.));
#1883=DIRECTION('',(0.,0.,1.));
#1884=DIRECTION('center_axis',(0.,0.,1.));
#1885=DIRECTION('ref_axis',(0.,-1.,0.));
#1886=DIRECTION('center_axis',(0.,0.,1.));
#1887=DIRECTION('ref_axis',(0.,-1.,0.));
#1888=DIRECTION('',(0.,0.,1.));
#1889=DIRECTION('center_axis',(0.,0.,1.));
#1890=DIRECTION('ref_axis',(1.,0.,0.));
#1891=DIRECTION('',(1.,0.,0.));
#1892=DIRECTION('center_axis',(0.,0.,1.));
#1893=DIRECTION('ref_axis',(1.,0.,0.));
#1894=DIRECTION('center_axis',(0.,0.,-1.));
#1895=DIRECTION('ref_axis',(1.,0.,0.));
#1896=DIRECTION('',(0.,0.,-1.));
#1897=DIRECTION('center_axis',(0.,0.,1.));
#1898=DIRECTION('ref_axis',(0.000386020232254819,0.999999925494187,0.));
#1899=DIRECTION('',(0.,0.,1.));
#1900=DIRECTION('center_axis',(0.,0.,1.));
#1901=DIRECTION('ref_axis',(0.000386020232254819,0.999999925494187,0.));
#1902=DIRECTION('center_axis',(0.,0.,1.));
#1903=DIRECTION('ref_axis',(1.,0.,0.));
#1904=DIRECTION('',(0.,-1.,0.));
#1905=DIRECTION('center_axis',(-1.,0.,0.));
#1906=DIRECTION('ref_axis',(0.,-1.,0.));
#1907=DIRECTION('',(0.,0.,1.));
#1908=DIRECTION('',(0.,-1.,0.));
#1909=DIRECTION('center_axis',(0.,0.,1.));
#1910=DIRECTION('ref_axis',(1.,0.,0.));
#1911=DIRECTION('center_axis',(0.,0.,-1.));
#1912=DIRECTION('ref_axis',(1.,0.,0.));
#1913=DIRECTION('',(0.,0.,-1.));
#1914=DIRECTION('center_axis',(0.,-1.,0.));
#1915=DIRECTION('ref_axis',(1.,0.,0.));
#1916=DIRECTION('',(1.,0.,0.));
#1917=DIRECTION('',(0.,0.,1.));
#1918=DIRECTION('center_axis',(0.,0.,1.));
#1919=DIRECTION('ref_axis',(-0.999999910593033,0.00042286395723945,0.));
#1920=DIRECTION('center_axis',(0.,0.,1.));
#1921=DIRECTION('ref_axis',(-0.999999910593033,0.00042286395723945,0.));
#1922=DIRECTION('center_axis',(0.,0.,1.));
#1923=DIRECTION('ref_axis',(1.,0.,0.));
#1924=CARTESIAN_POINT('',(0.,0.,0.));
#1925=CARTESIAN_POINT('Origin',(-1.00000001490116,0.,66.0000009685755));
#1926=CARTESIAN_POINT('',(1.00000001490116,-34.9857113686459,66.0000009685755));
#1927=CARTESIAN_POINT('',(-1.00000001490116,-34.9857113686459,66.0000009685755));
#1928=CARTESIAN_POINT('Origin',(0.,0.,66.0000009685755));
#1929=CARTESIAN_POINT('',(1.00000001490116,-34.5,66.0000009685755));
#1930=CARTESIAN_POINT('',(1.00000001490116,0.,66.0000009685755));
#1931=CARTESIAN_POINT('',(-1.00000001490116,-34.5,66.0000009685755));
#1932=CARTESIAN_POINT('',(-0.500000007450581,-34.5,66.0000009685755));
#1933=CARTESIAN_POINT('',(-1.00000001490116,0.,66.0000009685755));
#1934=CARTESIAN_POINT('Origin',(0.,0.,69.000001013279));
#1935=CARTESIAN_POINT('',(0.,-35.,69.000001013279));
#1936=CARTESIAN_POINT('Origin',(0.,0.,69.000001013279));
#1937=CARTESIAN_POINT('',(0.,-34.5,69.000001013279));
#1938=CARTESIAN_POINT('',(-0.225000003352761,-34.5,68.3250010032207));
#1939=CARTESIAN_POINT('',(0.,0.,69.000001013279));
#1940=CARTESIAN_POINT('Origin',(0.,-34.5,67.5000009909272));
#1941=CARTESIAN_POINT('',(0.725000010803342,-34.5,66.8250009808689));
#1942=CARTESIAN_POINT('Origin',(1.00000001490116,0.,66.0000009685755));
#1943=CARTESIAN_POINT('Origin',(0.,0.,69.000001013279));
#1944=CARTESIAN_POINT('Origin',(0.,0.,69.000001013279));
#1945=CARTESIAN_POINT('',(-34.9857113686459,1.00000001490116,66.0000009685755));
#1946=CARTESIAN_POINT('',(-35.,0.,69.000001013279));
#1947=CARTESIAN_POINT('Origin',(0.,0.,69.000001013279));
#1948=CARTESIAN_POINT('',(-34.5,1.00000001490116,66.0000009685755));
#1949=CARTESIAN_POINT('',(0.,1.00000001490116,66.0000009685755));
#1950=CARTESIAN_POINT('',(-34.5,0.,69.000001013279));
#1951=CARTESIAN_POINT('',(-34.5,0.225000003352761,68.3250010032207));
#1952=CARTESIAN_POINT('',(0.,0.,69.000001013279));
#1953=CARTESIAN_POINT('Origin',(0.,-1.00000001490116,66.0000009685755));
#1954=CARTESIAN_POINT('',(-34.9857113686459,-1.00000001490116,66.0000009685755));
#1955=CARTESIAN_POINT('Origin',(0.,0.,69.000001013279));
#1956=CARTESIAN_POINT('',(-34.5,-1.00000001490116,66.0000009685755));
#1957=CARTESIAN_POINT('',(-34.5,-0.725000010803342,66.8250009808689));
#1958=CARTESIAN_POINT('',(0.,-1.00000001490116,66.0000009685755));
#1959=CARTESIAN_POINT('Origin',(-34.5,0.,67.5000009909272));
#1960=CARTESIAN_POINT('',(-34.5,0.500000007450581,66.0000009685755));
#1961=CARTESIAN_POINT('Origin',(0.,1.00000001490116,66.0000009685755));
#1962=CARTESIAN_POINT('Origin',(0.,0.,66.0000009685755));
#1963=CARTESIAN_POINT('Origin',(0.,0.,69.000001013279));
#1964=CARTESIAN_POINT('',(34.9857113686459,-1.00000001490116,66.0000009685755));
#1965=CARTESIAN_POINT('',(35.,0.,69.000001013279));
#1966=CARTESIAN_POINT('Origin',(0.,0.,69.000001013279));
#1967=CARTESIAN_POINT('',(34.5,-1.00000001490116,66.0000009685755));
#1968=CARTESIAN_POINT('',(0.,-1.00000001490116,66.0000009685755));
#1969=CARTESIAN_POINT('',(34.5,0.,69.000001013279));
#1970=CARTESIAN_POINT('',(34.5,-0.225000003352761,68.3250010032207));
#1971=CARTESIAN_POINT('',(0.,0.,69.000001013279));
#1972=CARTESIAN_POINT('Origin',(0.,1.00000001490116,66.0000009685755));
#1973=CARTESIAN_POINT('',(34.9857113686459,1.00000001490116,66.0000009685755));
#1974=CARTESIAN_POINT('Origin',(0.,0.,69.000001013279));
#1975=CARTESIAN_POINT('',(34.5,1.00000001490116,66.0000009685755));
#1976=CARTESIAN_POINT('',(34.5,0.725000010803342,66.8250009808689));
#1977=CARTESIAN_POINT('',(0.,1.00000001490116,66.0000009685755));
#1978=CARTESIAN_POINT('Origin',(34.5,0.,67.5000009909272));
#1979=CARTESIAN_POINT('',(34.5,-0.500000007450581,66.0000009685755));
#1980=CARTESIAN_POINT('Origin',(0.,-1.00000001490116,66.0000009685755));
#1981=CARTESIAN_POINT('Origin',(0.,0.,66.0000009685755));
#1982=CARTESIAN_POINT('Origin',(-45.,31.6227766016838,0.));
#1983=CARTESIAN_POINT('',(-28.6363636363636,20.1235851101624,20.));
#1984=CARTESIAN_POINT('',(-25.,31.6227766016838,20.));
#1985=CARTESIAN_POINT('Origin',(-45.,31.6227766016838,20.));
#1986=CARTESIAN_POINT('',(-28.6363636363636,20.1235851101624,70.));
#1987=CARTESIAN_POINT('',(-28.6363636363636,20.1235851101624,0.));
#1988=CARTESIAN_POINT('',(-25.,31.6227766016838,70.));
#1989=CARTESIAN_POINT('Origin',(-45.,31.6227766016838,70.));
#1990=CARTESIAN_POINT('',(-25.,31.6227766016838,0.));
#1991=CARTESIAN_POINT('Origin',(-25.,60.,0.));
#1992=CARTESIAN_POINT('',(-25.,60.,70.));
#1993=CARTESIAN_POINT('',(-25.,24.4948974278318,70.));
#1994=CARTESIAN_POINT('',(-25.,60.,20.));
#1995=CARTESIAN_POINT('',(-25.,60.,0.));
#1996=CARTESIAN_POINT('',(-25.,24.4948974278318,20.));
#1997=CARTESIAN_POINT('Origin',(45.,31.6227766016838,0.));
#1998=CARTESIAN_POINT('',(25.,31.6227766016838,20.));
#1999=CARTESIAN_POINT('',(28.6363636363636,20.1235851101624,20.));
#2000=CARTESIAN_POINT('Origin',(45.,31.6227766016838,20.));
#2001=CARTESIAN_POINT('',(25.,31.6227766016838,70.));
#2002=CARTESIAN_POINT('',(25.,31.6227766016838,0.));
#2003=CARTESIAN_POINT('',(28.6363636363636,20.1235851101624,70.));
#2004=CARTESIAN_POINT('Origin',(45.,31.6227766016838,70.));
#2005=CARTESIAN_POINT('',(28.6363636363636,20.1235851101624,0.));
#2006=CARTESIAN_POINT('Origin',(0.,0.,0.));
#2007=CARTESIAN_POINT('',(-35.,-5.21677829823375E-7,20.));
#2008=CARTESIAN_POINT('Origin',(0.,0.,20.));
#2009=CARTESIAN_POINT('',(-5.42545652848503E-7,-35.,20.));
#2010=CARTESIAN_POINT('Origin',(0.,0.,20.));
#2011=CARTESIAN_POINT('',(35.,-6.44103731239909E-6,20.));
#2012=CARTESIAN_POINT('Origin',(0.,0.,20.));
#2013=CARTESIAN_POINT('Origin',(0.,0.,20.));
#2014=CARTESIAN_POINT('Origin',(0.,0.,70.));
#2015=CARTESIAN_POINT('Origin',(0.,0.,0.));
#2016=CARTESIAN_POINT('',(20.,24.979992604434,70.));
#2017=CARTESIAN_POINT('',(-20.,24.979992604434,70.));
#2018=CARTESIAN_POINT('Origin',(0.,0.,70.));
#2019=CARTESIAN_POINT('',(20.,24.979992604434,75.));
#2020=CARTESIAN_POINT('',(20.,24.979992604434,0.));
#2021=CARTESIAN_POINT('',(-20.,24.979992604434,75.));
#2022=CARTESIAN_POINT('Origin',(0.,0.,75.));
#2023=CARTESIAN_POINT('',(-20.,24.979992604434,0.));
#2024=CARTESIAN_POINT('Origin',(0.,0.,0.));
#2025=CARTESIAN_POINT('',(24.3669856747411,-17.5000002607703,15.));
#2026=CARTESIAN_POINT('',(24.3669856747411,-17.5000002607703,45.));
#2027=CARTESIAN_POINT('',(24.3669856747411,-17.5000002607703,0.));
#2028=CARTESIAN_POINT('',(-24.3669856747411,-17.5000002607703,15.));
#2029=CARTESIAN_POINT('Origin',(0.,0.,15.));
#2030=CARTESIAN_POINT('',(-24.3669856747411,-17.5000002607703,45.));
#2031=CARTESIAN_POINT('',(-24.3669856747411,-17.5000002607703,0.));
#2032=CARTESIAN_POINT('',(-27.9105714093051,-11.0000001639128,45.));
#2033=CARTESIAN_POINT('Origin',(0.,0.,45.));
#2034=CARTESIAN_POINT('',(-27.9105714093051,-11.0000001639128,20.));
#2035=CARTESIAN_POINT('',(-27.9105714093051,-11.0000001639128,0.));
#2036=CARTESIAN_POINT('',(-20.,22.3606797749979,20.));
#2037=CARTESIAN_POINT('Origin',(0.,0.,20.));
#2038=CARTESIAN_POINT('',(-20.,22.3606797749979,75.));
#2039=CARTESIAN_POINT('',(-20.,22.3606797749979,0.));
#2040=CARTESIAN_POINT('',(20.,22.3606797749979,75.));
#2041=CARTESIAN_POINT('Origin',(0.,0.,75.));
#2042=CARTESIAN_POINT('',(20.,22.3606797749979,20.));
#2043=CARTESIAN_POINT('',(20.,22.3606797749979,0.));
#2044=CARTESIAN_POINT('',(27.9105714093051,-11.0000001639128,20.));
#2045=CARTESIAN_POINT('Origin',(0.,0.,20.));
#2046=CARTESIAN_POINT('',(27.9105714093051,-11.0000001639128,45.));
#2047=CARTESIAN_POINT('',(27.9105714093051,-11.0000001639128,0.));
#2048=CARTESIAN_POINT('Origin',(0.,0.,45.));
#2049=CARTESIAN_POINT('Origin',(0.,-3.51000393620157,75.));
#2050=CARTESIAN_POINT('',(20.,22.3606797749979,75.));
#2051=CARTESIAN_POINT('',(-20.0000002980232,40.0000005960464,75.));
#2052=CARTESIAN_POINT('Origin',(27.9105714093051,-11.0000001639128,0.));
#2053=CARTESIAN_POINT('',(11.0000001639128,-11.0000001639128,20.));
#2054=CARTESIAN_POINT('',(27.9105714093051,-11.0000001639128,20.));
#2055=CARTESIAN_POINT('',(11.0000001639128,-11.0000001639128,45.));
#2056=CARTESIAN_POINT('',(11.0000001639128,-11.0000001639128,0.));
#2057=CARTESIAN_POINT('',(27.9105714093051,-11.0000001639128,45.));
#2058=CARTESIAN_POINT('Origin',(14.9999996647239,-14.1999996826053,0.));
#2059=CARTESIAN_POINT('',(13.0499996647239,-14.1999996826053,45.));
#2060=CARTESIAN_POINT('Origin',(14.9999996647239,-14.1999996826053,45.));
#2061=CARTESIAN_POINT('',(13.0499996647239,-14.1999996826053,15.));
#2062=CARTESIAN_POINT('',(13.0499996647239,-14.1999996826053,0.));
#2063=CARTESIAN_POINT('Origin',(14.9999996647239,-14.1999996826053,15.));
#2064=CARTESIAN_POINT('Origin',(11.0000001639128,-17.5000002607703,0.));
#2065=CARTESIAN_POINT('',(11.0000001639128,-17.5000002607703,15.));
#2066=CARTESIAN_POINT('',(15.2276429752609,-17.5000002607703,15.));
#2067=CARTESIAN_POINT('',(11.0000001639128,-17.5000002607703,45.));
#2068=CARTESIAN_POINT('',(11.0000001639128,-17.5000002607703,45.));
#2069=CARTESIAN_POINT('',(11.0000001639128,-17.5000002607703,0.));
#2070=CARTESIAN_POINT('Origin',(19.4552857866089,-14.2500002123415,45.));
#2071=CARTESIAN_POINT('',(11.0000001639128,-11.0000001639128,45.));
#2072=CARTESIAN_POINT('Origin',(11.0000001639128,30.5000004544854,0.));
#2073=CARTESIAN_POINT('',(20.,30.5000004544854,20.));
#2074=CARTESIAN_POINT('',(11.0000001639128,30.5000004544854,20.));
#2075=CARTESIAN_POINT('',(20.,30.5000004544854,20.));
#2076=CARTESIAN_POINT('',(20.,30.5000004544854,45.));
#2077=CARTESIAN_POINT('',(20.,30.5000004544854,0.));
#2078=CARTESIAN_POINT('',(11.0000001639128,30.5000004544854,45.));
#2079=CARTESIAN_POINT('',(20.,30.5000004544854,45.));
#2080=CARTESIAN_POINT('',(11.0000001639128,30.5000004544854,0.));
#2081=CARTESIAN_POINT('Origin',(14.9999996647239,33.7999992445111,0.));
#2082=CARTESIAN_POINT('',(13.0499996647239,33.7999992445111,45.));
#2083=CARTESIAN_POINT('Origin',(14.9999996647239,33.7999992445111,45.));
#2084=CARTESIAN_POINT('',(13.0499996647239,33.7999992445111,15.));
#2085=CARTESIAN_POINT('',(13.0499996647239,33.7999992445111,0.));
#2086=CARTESIAN_POINT('Origin',(14.9999996647239,33.7999992445111,15.));
#2087=CARTESIAN_POINT('Origin',(20.,37.000000551343,0.));
#2088=CARTESIAN_POINT('',(11.0000001639128,37.000000551343,20.));
#2089=CARTESIAN_POINT('',(20.,37.000000551343,20.));
#2090=CARTESIAN_POINT('',(-11.0000001639128,37.000000551343,20.));
#2091=CARTESIAN_POINT('',(11.0000001639128,37.000000551343,45.));
#2092=CARTESIAN_POINT('',(11.0000001639128,37.000000551343,0.));
#2093=CARTESIAN_POINT('',(20.,37.000000551343,45.));
#2094=CARTESIAN_POINT('',(11.0000001639128,37.000000551343,45.));
#2095=CARTESIAN_POINT('',(20.,37.000000551343,0.));
#2096=CARTESIAN_POINT('Origin',(15.5000000819564,33.7500005029142,45.));
#2097=CARTESIAN_POINT('',(20.,36.8750005494803,45.));
#2098=CARTESIAN_POINT('',(11.0000001639128,30.5000004544854,45.));
#2099=CARTESIAN_POINT('Origin',(-20.,37.000000551343,0.));
#2100=CARTESIAN_POINT('',(11.0000001639128,37.000000551343,15.));
#2101=CARTESIAN_POINT('',(11.0000001639128,37.000000551343,0.));
#2102=CARTESIAN_POINT('',(-11.0000001639128,37.000000551343,20.));
#2103=CARTESIAN_POINT('',(-11.0000001639128,37.000000551343,20.));
#2104=CARTESIAN_POINT('',(-11.0000001639128,37.000000551343,15.));
#2105=CARTESIAN_POINT('',(-11.0000001639128,37.000000551343,0.));
#2106=CARTESIAN_POINT('',(-10.,37.000000551343,15.));
#2107=CARTESIAN_POINT('Origin',(20.,40.0000005960464,0.));
#2108=CARTESIAN_POINT('',(20.,22.3606797749979,20.));
#2109=CARTESIAN_POINT('',(20.,40.0000005960464,70.));
#2110=CARTESIAN_POINT('',(20.,22.3606797749979,70.));
#2111=CARTESIAN_POINT('',(20.,40.0000005960464,20.));
#2112=CARTESIAN_POINT('',(20.,40.0000005960464,0.));
#2113=CARTESIAN_POINT('',(20.,22.3606797749979,20.));
#2114=CARTESIAN_POINT('Origin',(-11.0000001639128,-11.0000001639128,0.));
#2115=CARTESIAN_POINT('',(-11.0000001639128,-11.0000001639128,20.));
#2116=CARTESIAN_POINT('',(-11.0000001639128,-11.0000001639128,20.));
#2117=CARTESIAN_POINT('',(-11.0000001639128,-11.0000001639128,45.));
#2118=CARTESIAN_POINT('',(-11.0000001639128,-11.0000001639128,45.));
#2119=CARTESIAN_POINT('',(-11.0000001639128,-11.0000001639128,0.));
#2120=CARTESIAN_POINT('Origin',(-14.9999996647239,-14.1999996826053,0.));
#2121=CARTESIAN_POINT('',(-16.9499996647239,-14.1999996826053,45.));
#2122=CARTESIAN_POINT('Origin',(-14.9999996647239,-14.1999996826053,45.));
#2123=CARTESIAN_POINT('',(-16.9499996647239,-14.1999996826053,15.));
#2124=CARTESIAN_POINT('',(-16.9499996647239,-14.1999996826053,0.));
#2125=CARTESIAN_POINT('Origin',(-14.9999996647239,-14.1999996826053,15.));
#2126=CARTESIAN_POINT('Origin',(-24.3669856747411,-17.5000002607703,0.));
#2127=CARTESIAN_POINT('',(-11.0000001639128,-17.5000002607703,15.));
#2128=CARTESIAN_POINT('',(-21.911135730675,-17.5000002607703,15.));
#2129=CARTESIAN_POINT('',(-11.0000001639128,-17.5000002607703,45.));
#2130=CARTESIAN_POINT('',(-11.0000001639128,-17.5000002607703,0.));
#2131=CARTESIAN_POINT('',(-24.3669856747411,-17.5000002607703,45.));
#2132=CARTESIAN_POINT('Origin',(-19.4552857866089,-14.2500002123415,45.));
#2133=CARTESIAN_POINT('',(-11.0000001639128,-17.5000002607703,45.));
#2134=CARTESIAN_POINT('Origin',(-11.0000001639128,37.000000551343,0.));
#2135=CARTESIAN_POINT('',(-20.,37.000000551343,20.));
#2136=CARTESIAN_POINT('',(-11.0000001639128,37.000000551343,20.));
#2137=CARTESIAN_POINT('',(-20.,37.000000551343,45.));
#2138=CARTESIAN_POINT('',(-20.000000247337,37.000000551343,0.));
#2139=CARTESIAN_POINT('',(-11.0000001639128,37.000000551343,45.));
#2140=CARTESIAN_POINT('',(-11.0000001639128,37.000000551343,45.));
#2141=CARTESIAN_POINT('',(-11.0000001639128,37.000000551343,0.));
#2142=CARTESIAN_POINT('Origin',(-14.9999996647239,33.7999992445111,0.));
#2143=CARTESIAN_POINT('',(-16.9499996647239,33.7999992445111,45.));
#2144=CARTESIAN_POINT('Origin',(-14.9999996647239,33.7999992445111,45.));
#2145=CARTESIAN_POINT('',(-16.9499996647239,33.7999992445111,15.));
#2146=CARTESIAN_POINT('',(-16.9499996647239,33.7999992445111,0.));
#2147=CARTESIAN_POINT('Origin',(-14.9999996647239,33.7999992445111,15.));
#2148=CARTESIAN_POINT('Origin',(-20.0000002980232,30.5000004544854,0.));
#2149=CARTESIAN_POINT('',(-11.0000001639128,30.5000004544854,20.));
#2150=CARTESIAN_POINT('',(-20.0000002980232,30.5000004544854,20.));
#2151=CARTESIAN_POINT('',(-20.0000002980232,30.5000004544854,20.));
#2152=CARTESIAN_POINT('',(-11.0000001639128,30.5000004544854,45.));
#2153=CARTESIAN_POINT('',(-11.0000001639128,30.5000004544854,0.));
#2154=CARTESIAN_POINT('',(-20.0000002980232,30.5000004544854,45.));
#2155=CARTESIAN_POINT('',(-20.0000002980232,30.5000004544854,45.));
#2156=CARTESIAN_POINT('',(-20.000000137517,30.5000004544854,0.));
#2157=CARTESIAN_POINT('Origin',(-15.500000230968,33.7500005029142,45.));
#2158=CARTESIAN_POINT('',(-20.0000001183407,29.3649965156595,45.));
#2159=CARTESIAN_POINT('',(-11.0000001639128,30.5000004544854,45.));
#2160=CARTESIAN_POINT('Origin',(-20.0000000442543,24.979992604434,0.));
#2161=CARTESIAN_POINT('',(-20.0000002980232,40.0000005960464,20.));
#2162=CARTESIAN_POINT('',(-20.0000002980232,40.0000005960464,20.));
#2163=CARTESIAN_POINT('',(-20.0000002980232,40.0000005960464,70.));
#2164=CARTESIAN_POINT('',(-20.0000002980232,40.0000005960464,0.));
#2165=CARTESIAN_POINT('',(-20.0000002980232,40.0000005960464,70.));
#2166=CARTESIAN_POINT('',(-20.0000002980232,40.0000005960464,20.));
#2167=CARTESIAN_POINT('Origin',(-19.0000002831221,40.0000005960464,0.));
#2168=CARTESIAN_POINT('',(-19.0000002831221,41.0000006109476,20.));
#2169=CARTESIAN_POINT('Origin',(-19.0000002831221,40.0000005960464,20.));
#2170=CARTESIAN_POINT('',(-19.0000002831221,41.0000006109476,70.));
#2171=CARTESIAN_POINT('',(-19.0000002831221,41.0000006109476,0.));
#2172=CARTESIAN_POINT('Origin',(-19.0000002831221,40.0000005960464,70.));
#2173=CARTESIAN_POINT('Origin',(-19.0000002831221,41.0000006109476,0.));
#2174=CARTESIAN_POINT('',(-19.0000002831221,60.0000008940697,20.));
#2175=CARTESIAN_POINT('',(-19.0000002831221,41.0000006109476,20.));
#2176=CARTESIAN_POINT('',(-19.0000002831221,60.0000008940697,70.));
#2177=CARTESIAN_POINT('',(-19.0000002831221,60.0000008940697,0.));
#2178=CARTESIAN_POINT('',(-19.0000002831221,41.0000006109476,70.));
#2179=CARTESIAN_POINT('Origin',(19.0000002831221,40.0000005960464,0.));
#2180=CARTESIAN_POINT('',(19.0000002831221,41.0000003129244,20.));
#2181=CARTESIAN_POINT('Origin',(19.0000002831221,40.0000005960464,20.));
#2182=CARTESIAN_POINT('',(19.0000002831221,41.0000003129244,70.));
#2183=CARTESIAN_POINT('Origin',(19.0000002831221,40.0000005960464,70.));
#2184=CARTESIAN_POINT('',(19.0000002831221,41.0000003129244,0.));
#2185=CARTESIAN_POINT('Origin',(22.0000003278255,57.0000008493662,0.));
#2186=CARTESIAN_POINT('',(20.9500003278255,57.0000008493662,70.));
#2187=CARTESIAN_POINT('Origin',(22.0000003278255,57.0000008493662,70.));
#2188=CARTESIAN_POINT('',(20.9500003278255,57.0000008493662,15.));
#2189=CARTESIAN_POINT('',(20.9500003278255,57.0000008493662,0.));
#2190=CARTESIAN_POINT('Origin',(22.0000003278255,57.0000008493662,15.));
#2191=CARTESIAN_POINT('Origin',(22.0000003278255,43.0000006407499,0.));
#2192=CARTESIAN_POINT('',(20.9500003278255,43.0000006407499,70.));
#2193=CARTESIAN_POINT('Origin',(22.0000003278255,43.0000006407499,70.));
#2194=CARTESIAN_POINT('',(20.9500003278255,43.0000006407499,15.));
#2195=CARTESIAN_POINT('',(20.9500003278255,43.0000006407499,0.));
#2196=CARTESIAN_POINT('Origin',(22.0000003278255,43.0000006407499,15.));
#2197=CARTESIAN_POINT('Origin',(-22.0000003278255,43.0000006407499,0.));
#2198=CARTESIAN_POINT('',(-23.0500003278255,43.0000006407499,70.));
#2199=CARTESIAN_POINT('Origin',(-22.0000003278255,43.0000006407499,70.));
#2200=CARTESIAN_POINT('',(-23.0500003278255,43.0000006407499,15.));
#2201=CARTESIAN_POINT('',(-23.0500003278255,43.0000006407499,0.));
#2202=CARTESIAN_POINT('Origin',(-22.0000003278255,43.0000006407499,15.));
#2203=CARTESIAN_POINT('Origin',(-22.0000003278255,57.0000008493662,0.));
#2204=CARTESIAN_POINT('',(-23.0500003278255,57.0000008493662,70.));
#2205=CARTESIAN_POINT('Origin',(-22.0000003278255,57.0000008493662,70.));
#2206=CARTESIAN_POINT('',(-23.0500003278255,57.0000008493662,15.));
#2207=CARTESIAN_POINT('',(-23.0500003278255,57.0000008493662,0.));
#2208=CARTESIAN_POINT('Origin',(-22.0000003278255,57.0000008493662,15.));
#2209=CARTESIAN_POINT('Origin',(19.0000002831221,60.0000008940697,0.));
#2210=CARTESIAN_POINT('',(19.0000002831221,60.0000008940697,20.));
#2211=CARTESIAN_POINT('',(19.0000002831221,60.0000008940697,20.));
#2212=CARTESIAN_POINT('',(19.0000002831221,60.0000008940697,70.));
#2213=CARTESIAN_POINT('',(19.0000002831221,60.0000008940697,70.));
#2214=CARTESIAN_POINT('',(19.0000002831221,60.0000008940697,0.));
#2215=CARTESIAN_POINT('Origin',(25.,24.4948974278318,0.));
#2216=CARTESIAN_POINT('',(25.,60.,20.));
#2217=CARTESIAN_POINT('',(25.,60.,20.));
#2218=CARTESIAN_POINT('',(25.,60.,70.));
#2219=CARTESIAN_POINT('',(25.,60.,0.));
#2220=CARTESIAN_POINT('',(25.,60.,70.));
#2221=CARTESIAN_POINT('Origin',(0.,12.5000004470348,70.));
#2222=CARTESIAN_POINT('',(-30.0019305480235,60.,70.));
#2223=CARTESIAN_POINT('',(-30.0019305480235,60.,70.));
#2224=CARTESIAN_POINT('Origin',(-11.0000001639128,-11.0000001639128,0.));
#2225=CARTESIAN_POINT('',(-11.0000001639128,32.1250004786998,15.));
#2226=CARTESIAN_POINT('',(-11.0000001639128,30.5000004544854,20.));
#2227=CARTESIAN_POINT('Origin',(-20.5000000819564,9.75000014528632,20.));
#2228=CARTESIAN_POINT('Origin',(20.5000000819564,9.75000014528632,15.));
#2229=CARTESIAN_POINT('',(35.,-30.,15.));
#2230=CARTESIAN_POINT('',(35.,55.,15.));
#2231=CARTESIAN_POINT('',(35.,14.999995169222,15.));
#2232=CARTESIAN_POINT('',(30.,-35.,15.));
#2233=CARTESIAN_POINT('Origin',(30.,-30.,15.));
#2234=CARTESIAN_POINT('',(-30.0000004470348,-35.,15.));
#2235=CARTESIAN_POINT('',(8.74999959309076,-35.,15.));
#2236=CARTESIAN_POINT('',(-35.,-29.9978856802138,15.));
#2237=CARTESIAN_POINT('Origin',(-30.0000004470348,-30.,15.));
#2238=CARTESIAN_POINT('',(-35.,55.0000008195639,15.));
#2239=CARTESIAN_POINT('',(-35.,-8.75000039125838,15.));
#2240=CARTESIAN_POINT('',(-29.9980703460461,60.,15.));
#2241=CARTESIAN_POINT('Origin',(-30.0000004470348,55.0000008195639,15.));
#2242=CARTESIAN_POINT('',(30.,60.,15.));
#2243=CARTESIAN_POINT('',(-27.5,60.,15.));
#2244=CARTESIAN_POINT('Origin',(30.,55.,15.));
#2245=CARTESIAN_POINT('',(27.9999995231627,55.,15.));
#2246=CARTESIAN_POINT('Origin',(30.,55.,15.));
#2247=CARTESIAN_POINT('',(-32.000000923872,-30.,15.));
#2248=CARTESIAN_POINT('Origin',(-30.0000004470348,-30.,15.));
#2249=CARTESIAN_POINT('',(-32.0000004768372,55.0000008195639,15.));
#2250=CARTESIAN_POINT('Origin',(-30.0000004470348,55.0000008195639,15.));
#2251=CARTESIAN_POINT('',(27.9999995231628,-30.,15.));
#2252=CARTESIAN_POINT('Origin',(30.,-30.,15.));
#2253=CARTESIAN_POINT('',(11.0000001639128,-12.6250001881272,15.));
#2254=CARTESIAN_POINT('Origin',(11.0000001639128,30.5000004544854,0.));
#2255=CARTESIAN_POINT('',(11.0000001639128,-11.0000001639128,20.));
#2256=CARTESIAN_POINT('Origin',(20.5000000819564,9.75000014528632,20.));
#2257=CARTESIAN_POINT('Origin',(0.,12.5000004470348,20.));
#2258=CARTESIAN_POINT('',(-30.0019305480235,60.,20.));
#2259=CARTESIAN_POINT('Origin',(30.,55.,0.));
#2260=CARTESIAN_POINT('',(27.9999995231627,55.,20.));
#2261=CARTESIAN_POINT('Origin',(30.,55.,20.));
#2262=CARTESIAN_POINT('',(27.9999995231627,55.,0.));
#2263=CARTESIAN_POINT('Origin',(30.,60.,0.));
#2264=CARTESIAN_POINT('',(-29.9980703460461,60.,20.));
#2265=CARTESIAN_POINT('',(-29.9980703460461,60.,0.));
#2266=CARTESIAN_POINT('',(-30.0019305480235,60.,20.));
#2267=CARTESIAN_POINT('',(30.,60.,20.));
#2268=CARTESIAN_POINT('',(-30.0019305480235,60.,20.));
#2269=CARTESIAN_POINT('',(30.,60.,0.));
#2270=CARTESIAN_POINT('Origin',(30.,55.,0.));
#2271=CARTESIAN_POINT('',(35.,55.,20.));
#2272=CARTESIAN_POINT('Origin',(30.,55.,20.));
#2273=CARTESIAN_POINT('',(35.,55.,0.));
#2274=CARTESIAN_POINT('Origin',(30.,29.9999967794813,20.));
#2275=CARTESIAN_POINT('',(35.,55.,20.));
#2276=CARTESIAN_POINT('Origin',(30.,-30.,0.));
#2277=CARTESIAN_POINT('',(27.9999995231628,-30.,20.));
#2278=CARTESIAN_POINT('Origin',(30.,-30.,20.));
#2279=CARTESIAN_POINT('',(27.9999995231628,-30.,0.));
#2280=CARTESIAN_POINT('Origin',(35.,-30.,0.));
#2281=CARTESIAN_POINT('',(35.,-30.,20.));
#2282=CARTESIAN_POINT('',(35.,55.,20.));
#2283=CARTESIAN_POINT('',(35.,-30.,0.));
#2284=CARTESIAN_POINT('Origin',(30.,-30.,0.));
#2285=CARTESIAN_POINT('',(30.,-35.,20.));
#2286=CARTESIAN_POINT('Origin',(30.,-30.,20.));
#2287=CARTESIAN_POINT('',(30.,-35.,0.));
#2288=CARTESIAN_POINT('Origin',(17.4999997287272,-17.5000032205187,20.));
#2289=CARTESIAN_POINT('',(30.,-35.,20.));
#2290=CARTESIAN_POINT('Origin',(-30.0000004470348,55.0000008195639,0.));
#2291=CARTESIAN_POINT('',(-32.0000004768372,55.0000008195639,20.));
#2292=CARTESIAN_POINT('Origin',(-30.0000004470348,55.0000008195639,20.));
#2293=CARTESIAN_POINT('',(-32.0000004768372,55.0000008195639,0.));
#2294=CARTESIAN_POINT('Origin',(-30.0000004470348,55.0000008195639,0.));
#2295=CARTESIAN_POINT('',(-35.,55.0000008195639,20.));
#2296=CARTESIAN_POINT('',(-35.,55.0000008195639,0.));
#2297=CARTESIAN_POINT('Origin',(-30.0000004470348,55.0000008195639,20.));
#2298=CARTESIAN_POINT('Origin',(-30.,29.9999999254256,20.));
#2299=CARTESIAN_POINT('',(-35.,-30.0021143197862,20.));
#2300=CARTESIAN_POINT('Origin',(-35.,-5.21677829823375E-7,0.));
#2301=CARTESIAN_POINT('',(-35.,-29.9978856802138,20.));
#2302=CARTESIAN_POINT('',(-35.,-29.9978856802138,0.));
#2303=CARTESIAN_POINT('',(-35.,-30.0021143197862,20.));
#2304=CARTESIAN_POINT('Origin',(-30.0000004470348,-30.,0.));
#2305=CARTESIAN_POINT('',(-32.000000923872,-30.,20.));
#2306=CARTESIAN_POINT('Origin',(-30.0000004470348,-30.,20.));
#2307=CARTESIAN_POINT('',(-32.000000923872,-30.,0.));
#2308=CARTESIAN_POINT('Origin',(-30.0000004470348,-35.,0.));
#2309=CARTESIAN_POINT('',(-30.0000004470348,-35.,20.));
#2310=CARTESIAN_POINT('',(30.,-35.,20.));
#2311=CARTESIAN_POINT('',(-30.0000004470348,-35.,0.));
#2312=CARTESIAN_POINT('Origin',(-30.0000004470348,-30.,0.));
#2313=CARTESIAN_POINT('Origin',(-30.0000004470348,-30.,20.));
#2314=CARTESIAN_POINT('Origin',(-17.5000004947902,-17.5000002608389,20.));
#2315=UNCERTAINTY_MEASURE_WITH_UNIT(LENGTH_MEASURE(0.01),#2319,
'DISTANCE_ACCURACY_VALUE',
'Maximum model space distance between geometric entities at asserted c
onnectivities');
#2316=UNCERTAINTY_MEASURE_WITH_UNIT(LENGTH_MEASURE(0.01),#2319,
'DISTANCE_ACCURACY_VALUE',
'Maximum model space distance between geometric entities at asserted c
onnectivities');
#2317=(
GEOMETRIC_REPRESENTATION_CONTEXT(3)
GLOBAL_UNCERTAINTY_ASSIGNED_CONTEXT((#2315))
GLOBAL_UNIT_ASSIGNED_CONTEXT((#2319,#2321,#2322))
REPRESENTATION_CONTEXT('','3D')
);
#2318=(
GEOMETRIC_REPRESENTATION_CONTEXT(3)
GLOBAL_UNCERTAINTY_ASSIGNED_CONTEXT((#2316))
GLOBAL_UNIT_ASSIGNED_CONTEXT((#2319,#2321,#2322))
REPRESENTATION_CONTEXT('','3D')
);
#2319=(
LENGTH_UNIT()
NAMED_UNIT(*)
SI_UNIT(.MILLI.,.METRE.)
);
#2320=(
LENGTH_UNIT()
NAMED_UNIT(*)
SI_UNIT($,.METRE.)
);
#2321=(
NAMED_UNIT(*)
PLANE_ANGLE_UNIT()
SI_UNIT($,.RADIAN.)
);
#2322=(
NAMED_UNIT(*)
SI_UNIT($,.STERADIAN.)
SOLID_ANGLE_UNIT()
);
#2323=SHAPE_DEFINITION_REPRESENTATION(#2324,#2325);
#2324=PRODUCT_DEFINITION_SHAPE('',$,#2327);
#2325=SHAPE_REPRESENTATION('',(#1394),#2317);
#2326=PRODUCT_DEFINITION_CONTEXT('part definition',#2331,'design');
#2327=PRODUCT_DEFINITION('2025-07-29-18-40-20-230','base_2 (1)',#2328,#2326);
#2328=PRODUCT_DEFINITION_FORMATION('',$,#2333);
#2329=PRODUCT_RELATED_PRODUCT_CATEGORY('base_2 (1)','base_2 (1)',(#2333));
#2330=APPLICATION_PROTOCOL_DEFINITION('international standard',
'automotive_design',2009,#2331);
#2331=APPLICATION_CONTEXT(
'Core Data for Automotive Mechanical Design Process');
#2332=PRODUCT_CONTEXT('part definition',#2331,'mechanical');
#2333=PRODUCT('2025-07-29-18-40-20-230','base_2 (1)',$,(#2332));
#2334=PRESENTATION_STYLE_ASSIGNMENT((#2336));
#2335=PRESENTATION_STYLE_ASSIGNMENT((#2337));
#2336=SURFACE_STYLE_USAGE(.BOTH.,#2338);
#2337=SURFACE_STYLE_USAGE(.BOTH.,#2339);
#2338=SURFACE_SIDE_STYLE('',(#2340));
#2339=SURFACE_SIDE_STYLE('',(#2341));
#2340=SURFACE_STYLE_FILL_AREA(#2342);
#2341=SURFACE_STYLE_FILL_AREA(#2343);
#2342=FILL_AREA_STYLE('Steel - Satin',(#2344));
#2343=FILL_AREA_STYLE('Sunflower yellow PLA',(#2345));
#2344=FILL_AREA_STYLE_COLOUR('Steel - Satin',#2346);
#2345=FILL_AREA_STYLE_COLOUR('Sunflower yellow PLA',#2347);
#2346=COLOUR_RGB('Steel - Satin',0.627450980392157,0.627450980392157,0.627450980392157);
#2347=COLOUR_RGB('Sunflower yellow PLA',1.,0.733333333333333,0.);
ENDSEC;
END-ISO-10303-21;
